DEPTH = 65536;
WIDTH = 2;
ADDRESS_RADIX = UNS;
DATA_RADIX = UNS;
CONTENT
BEGIN
0 : 3; 
1 : 3; 
2 : 3; 
3 : 3; 
4 : 3; 
5 : 3; 
6 : 3; 
7 : 3; 
8 : 3; 
9 : 3; 
10 : 3; 
11 : 3; 
12 : 3; 
13 : 3; 
14 : 3; 
15 : 3; 
16 : 3; 
17 : 3; 
18 : 3; 
19 : 3; 
20 : 3; 
21 : 3; 
22 : 3; 
23 : 3; 
24 : 3; 
25 : 3; 
26 : 3; 
27 : 3; 
28 : 3; 
29 : 3; 
30 : 3; 
31 : 3; 
32 : 3; 
33 : 3; 
34 : 3; 
35 : 3; 
36 : 3; 
37 : 3; 
38 : 3; 
39 : 3; 
40 : 3; 
41 : 3; 
42 : 3; 
43 : 3; 
44 : 3; 
45 : 3; 
46 : 3; 
47 : 3; 
48 : 3; 
49 : 3; 
50 : 3; 
51 : 3; 
52 : 3; 
53 : 3; 
54 : 3; 
55 : 3; 
56 : 3; 
57 : 3; 
58 : 3; 
59 : 3; 
60 : 3; 
61 : 3; 
62 : 3; 
63 : 3; 
64 : 3; 
65 : 3; 
66 : 3; 
67 : 3; 
68 : 3; 
69 : 3; 
70 : 3; 
71 : 3; 
72 : 3; 
73 : 3; 
74 : 3; 
75 : 3; 
76 : 3; 
77 : 3; 
78 : 3; 
79 : 3; 
80 : 3; 
81 : 3; 
82 : 3; 
83 : 3; 
84 : 3; 
85 : 3; 
86 : 3; 
87 : 3; 
88 : 3; 
89 : 3; 
90 : 3; 
91 : 3; 
92 : 3; 
93 : 3; 
94 : 3; 
95 : 3; 
96 : 3; 
97 : 3; 
98 : 3; 
99 : 3; 
100 : 3; 
101 : 3; 
102 : 3; 
103 : 3; 
104 : 3; 
105 : 3; 
106 : 3; 
107 : 3; 
108 : 3; 
109 : 3; 
110 : 3; 
111 : 3; 
112 : 3; 
113 : 3; 
114 : 3; 
115 : 3; 
116 : 3; 
117 : 3; 
118 : 3; 
119 : 3; 
120 : 3; 
121 : 3; 
122 : 3; 
123 : 3; 
124 : 3; 
125 : 3; 
126 : 3; 
127 : 3; 
128 : 2; 
129 : 0; 
130 : 0; 
131 : 0; 
132 : 0; 
133 : 0; 
134 : 0; 
135 : 0; 
136 : 0; 
137 : 0; 
138 : 0; 
139 : 0; 
140 : 0; 
141 : 0; 
142 : 0; 
143 : 0; 
144 : 0; 
145 : 0; 
146 : 0; 
147 : 0; 
148 : 0; 
149 : 0; 
150 : 0; 
151 : 0; 
152 : 0; 
153 : 0; 
154 : 0; 
155 : 0; 
156 : 0; 
157 : 0; 
158 : 0; 
159 : 0; 
160 : 0; 
161 : 0; 
162 : 0; 
163 : 0; 
164 : 0; 
165 : 0; 
166 : 0; 
167 : 0; 
168 : 0; 
169 : 0; 
170 : 0; 
171 : 0; 
172 : 0; 
173 : 0; 
174 : 0; 
175 : 0; 
176 : 0; 
177 : 0; 
178 : 0; 
179 : 0; 
180 : 0; 
181 : 0; 
182 : 0; 
183 : 0; 
184 : 0; 
185 : 0; 
186 : 0; 
187 : 0; 
188 : 0; 
189 : 0; 
190 : 0; 
191 : 0; 
192 : 0; 
193 : 0; 
194 : 0; 
195 : 0; 
196 : 0; 
197 : 0; 
198 : 0; 
199 : 0; 
200 : 0; 
201 : 0; 
202 : 0; 
203 : 0; 
204 : 0; 
205 : 0; 
206 : 0; 
207 : 0; 
208 : 0; 
209 : 0; 
210 : 0; 
211 : 0; 
212 : 0; 
213 : 0; 
214 : 0; 
215 : 0; 
216 : 0; 
217 : 0; 
218 : 0; 
219 : 0; 
220 : 0; 
221 : 0; 
222 : 0; 
223 : 0; 
224 : 0; 
225 : 0; 
226 : 0; 
227 : 0; 
228 : 0; 
229 : 0; 
230 : 0; 
231 : 0; 
232 : 0; 
233 : 0; 
234 : 0; 
235 : 0; 
236 : 0; 
237 : 0; 
238 : 0; 
239 : 0; 
240 : 0; 
241 : 0; 
242 : 0; 
243 : 0; 
244 : 0; 
245 : 0; 
246 : 0; 
247 : 0; 
248 : 0; 
249 : 0; 
250 : 0; 
251 : 0; 
252 : 0; 
253 : 0; 
254 : 0; 
255 : 0; 
256 : 2; 
257 : 3; 
258 : 3; 
259 : 3; 
260 : 3; 
261 : 3; 
262 : 3; 
263 : 3; 
264 : 3; 
265 : 3; 
266 : 3; 
267 : 3; 
268 : 3; 
269 : 3; 
270 : 3; 
271 : 3; 
272 : 3; 
273 : 3; 
274 : 3; 
275 : 3; 
276 : 3; 
277 : 3; 
278 : 3; 
279 : 3; 
280 : 3; 
281 : 3; 
282 : 3; 
283 : 3; 
284 : 3; 
285 : 3; 
286 : 3; 
287 : 3; 
288 : 3; 
289 : 3; 
290 : 3; 
291 : 3; 
292 : 3; 
293 : 3; 
294 : 3; 
295 : 3; 
296 : 3; 
297 : 3; 
298 : 3; 
299 : 3; 
300 : 3; 
301 : 3; 
302 : 3; 
303 : 3; 
304 : 3; 
305 : 3; 
306 : 3; 
307 : 3; 
308 : 3; 
309 : 3; 
310 : 3; 
311 : 3; 
312 : 3; 
313 : 3; 
314 : 3; 
315 : 3; 
316 : 3; 
317 : 3; 
318 : 3; 
319 : 3; 
320 : 3; 
321 : 3; 
322 : 3; 
323 : 3; 
324 : 3; 
325 : 3; 
326 : 3; 
327 : 3; 
328 : 3; 
329 : 3; 
330 : 3; 
331 : 3; 
332 : 3; 
333 : 3; 
334 : 3; 
335 : 3; 
336 : 3; 
337 : 3; 
338 : 3; 
339 : 3; 
340 : 3; 
341 : 3; 
342 : 3; 
343 : 3; 
344 : 3; 
345 : 3; 
346 : 3; 
347 : 3; 
348 : 3; 
349 : 3; 
350 : 3; 
351 : 3; 
352 : 3; 
353 : 3; 
354 : 3; 
355 : 3; 
356 : 3; 
357 : 3; 
358 : 3; 
359 : 3; 
360 : 3; 
361 : 3; 
362 : 3; 
363 : 3; 
364 : 3; 
365 : 3; 
366 : 3; 
367 : 3; 
368 : 3; 
369 : 3; 
370 : 3; 
371 : 3; 
372 : 3; 
373 : 3; 
374 : 3; 
375 : 3; 
376 : 3; 
377 : 3; 
378 : 3; 
379 : 3; 
380 : 3; 
381 : 3; 
382 : 3; 
383 : 3; 
384 : 2; 
385 : 0; 
386 : 0; 
387 : 0; 
388 : 0; 
389 : 0; 
390 : 0; 
391 : 0; 
392 : 0; 
393 : 0; 
394 : 0; 
395 : 0; 
396 : 0; 
397 : 0; 
398 : 0; 
399 : 0; 
400 : 0; 
401 : 0; 
402 : 0; 
403 : 0; 
404 : 0; 
405 : 0; 
406 : 0; 
407 : 0; 
408 : 0; 
409 : 0; 
410 : 0; 
411 : 0; 
412 : 0; 
413 : 0; 
414 : 0; 
415 : 0; 
416 : 0; 
417 : 0; 
418 : 0; 
419 : 0; 
420 : 0; 
421 : 0; 
422 : 0; 
423 : 0; 
424 : 0; 
425 : 0; 
426 : 0; 
427 : 0; 
428 : 0; 
429 : 0; 
430 : 0; 
431 : 0; 
432 : 0; 
433 : 0; 
434 : 0; 
435 : 0; 
436 : 0; 
437 : 0; 
438 : 0; 
439 : 0; 
440 : 0; 
441 : 0; 
442 : 0; 
443 : 0; 
444 : 0; 
445 : 0; 
446 : 0; 
447 : 0; 
448 : 0; 
449 : 0; 
450 : 0; 
451 : 0; 
452 : 0; 
453 : 0; 
454 : 0; 
455 : 0; 
456 : 0; 
457 : 0; 
458 : 0; 
459 : 0; 
460 : 0; 
461 : 0; 
462 : 0; 
463 : 0; 
464 : 0; 
465 : 0; 
466 : 0; 
467 : 0; 
468 : 0; 
469 : 0; 
470 : 0; 
471 : 0; 
472 : 0; 
473 : 0; 
474 : 0; 
475 : 0; 
476 : 0; 
477 : 0; 
478 : 0; 
479 : 0; 
480 : 0; 
481 : 0; 
482 : 0; 
483 : 0; 
484 : 0; 
485 : 0; 
486 : 0; 
487 : 0; 
488 : 0; 
489 : 0; 
490 : 0; 
491 : 0; 
492 : 0; 
493 : 0; 
494 : 0; 
495 : 0; 
496 : 0; 
497 : 0; 
498 : 0; 
499 : 0; 
500 : 0; 
501 : 0; 
502 : 0; 
503 : 0; 
504 : 0; 
505 : 0; 
506 : 0; 
507 : 0; 
508 : 0; 
509 : 0; 
510 : 0; 
511 : 1; 
512 : 2; 
513 : 2; 
514 : 3; 
515 : 3; 
516 : 3; 
517 : 3; 
518 : 3; 
519 : 3; 
520 : 3; 
521 : 3; 
522 : 3; 
523 : 3; 
524 : 3; 
525 : 3; 
526 : 3; 
527 : 3; 
528 : 3; 
529 : 3; 
530 : 3; 
531 : 3; 
532 : 3; 
533 : 3; 
534 : 3; 
535 : 3; 
536 : 3; 
537 : 3; 
538 : 3; 
539 : 3; 
540 : 3; 
541 : 3; 
542 : 3; 
543 : 3; 
544 : 3; 
545 : 3; 
546 : 3; 
547 : 3; 
548 : 3; 
549 : 3; 
550 : 3; 
551 : 3; 
552 : 3; 
553 : 3; 
554 : 3; 
555 : 3; 
556 : 3; 
557 : 3; 
558 : 3; 
559 : 3; 
560 : 3; 
561 : 3; 
562 : 3; 
563 : 3; 
564 : 3; 
565 : 3; 
566 : 3; 
567 : 3; 
568 : 3; 
569 : 3; 
570 : 3; 
571 : 3; 
572 : 3; 
573 : 3; 
574 : 3; 
575 : 3; 
576 : 3; 
577 : 3; 
578 : 3; 
579 : 3; 
580 : 3; 
581 : 3; 
582 : 3; 
583 : 3; 
584 : 3; 
585 : 3; 
586 : 3; 
587 : 3; 
588 : 3; 
589 : 3; 
590 : 3; 
591 : 3; 
592 : 3; 
593 : 3; 
594 : 3; 
595 : 3; 
596 : 3; 
597 : 3; 
598 : 3; 
599 : 3; 
600 : 3; 
601 : 3; 
602 : 3; 
603 : 3; 
604 : 3; 
605 : 3; 
606 : 3; 
607 : 3; 
608 : 3; 
609 : 3; 
610 : 3; 
611 : 3; 
612 : 3; 
613 : 3; 
614 : 3; 
615 : 3; 
616 : 3; 
617 : 3; 
618 : 3; 
619 : 3; 
620 : 3; 
621 : 3; 
622 : 3; 
623 : 3; 
624 : 3; 
625 : 3; 
626 : 3; 
627 : 3; 
628 : 3; 
629 : 3; 
630 : 3; 
631 : 3; 
632 : 3; 
633 : 3; 
634 : 3; 
635 : 3; 
636 : 3; 
637 : 3; 
638 : 3; 
639 : 3; 
640 : 2; 
641 : 0; 
642 : 0; 
643 : 0; 
644 : 0; 
645 : 0; 
646 : 0; 
647 : 0; 
648 : 0; 
649 : 0; 
650 : 0; 
651 : 0; 
652 : 0; 
653 : 0; 
654 : 0; 
655 : 0; 
656 : 0; 
657 : 0; 
658 : 0; 
659 : 0; 
660 : 0; 
661 : 0; 
662 : 0; 
663 : 0; 
664 : 0; 
665 : 0; 
666 : 0; 
667 : 0; 
668 : 0; 
669 : 0; 
670 : 0; 
671 : 0; 
672 : 0; 
673 : 0; 
674 : 0; 
675 : 0; 
676 : 0; 
677 : 0; 
678 : 0; 
679 : 0; 
680 : 0; 
681 : 0; 
682 : 0; 
683 : 0; 
684 : 0; 
685 : 0; 
686 : 0; 
687 : 0; 
688 : 0; 
689 : 0; 
690 : 0; 
691 : 0; 
692 : 0; 
693 : 0; 
694 : 0; 
695 : 0; 
696 : 0; 
697 : 0; 
698 : 0; 
699 : 0; 
700 : 0; 
701 : 0; 
702 : 0; 
703 : 0; 
704 : 0; 
705 : 0; 
706 : 0; 
707 : 0; 
708 : 0; 
709 : 0; 
710 : 0; 
711 : 0; 
712 : 0; 
713 : 0; 
714 : 0; 
715 : 0; 
716 : 0; 
717 : 0; 
718 : 0; 
719 : 0; 
720 : 0; 
721 : 0; 
722 : 0; 
723 : 0; 
724 : 0; 
725 : 0; 
726 : 0; 
727 : 0; 
728 : 0; 
729 : 0; 
730 : 0; 
731 : 0; 
732 : 0; 
733 : 0; 
734 : 0; 
735 : 0; 
736 : 0; 
737 : 0; 
738 : 0; 
739 : 0; 
740 : 0; 
741 : 0; 
742 : 0; 
743 : 0; 
744 : 0; 
745 : 0; 
746 : 0; 
747 : 0; 
748 : 0; 
749 : 0; 
750 : 0; 
751 : 0; 
752 : 0; 
753 : 0; 
754 : 0; 
755 : 0; 
756 : 0; 
757 : 0; 
758 : 0; 
759 : 0; 
760 : 0; 
761 : 0; 
762 : 0; 
763 : 0; 
764 : 0; 
765 : 0; 
766 : 1; 
767 : 1; 
768 : 2; 
769 : 2; 
770 : 2; 
771 : 3; 
772 : 3; 
773 : 3; 
774 : 3; 
775 : 3; 
776 : 3; 
777 : 3; 
778 : 3; 
779 : 3; 
780 : 3; 
781 : 3; 
782 : 3; 
783 : 3; 
784 : 3; 
785 : 3; 
786 : 3; 
787 : 3; 
788 : 3; 
789 : 3; 
790 : 3; 
791 : 3; 
792 : 3; 
793 : 3; 
794 : 3; 
795 : 3; 
796 : 3; 
797 : 3; 
798 : 3; 
799 : 3; 
800 : 3; 
801 : 3; 
802 : 3; 
803 : 3; 
804 : 3; 
805 : 3; 
806 : 3; 
807 : 3; 
808 : 3; 
809 : 3; 
810 : 3; 
811 : 3; 
812 : 3; 
813 : 3; 
814 : 3; 
815 : 3; 
816 : 3; 
817 : 3; 
818 : 3; 
819 : 3; 
820 : 3; 
821 : 3; 
822 : 3; 
823 : 3; 
824 : 3; 
825 : 3; 
826 : 3; 
827 : 3; 
828 : 3; 
829 : 3; 
830 : 3; 
831 : 3; 
832 : 3; 
833 : 3; 
834 : 3; 
835 : 3; 
836 : 3; 
837 : 3; 
838 : 3; 
839 : 3; 
840 : 3; 
841 : 3; 
842 : 3; 
843 : 3; 
844 : 3; 
845 : 3; 
846 : 3; 
847 : 3; 
848 : 3; 
849 : 3; 
850 : 3; 
851 : 3; 
852 : 3; 
853 : 3; 
854 : 3; 
855 : 3; 
856 : 3; 
857 : 3; 
858 : 3; 
859 : 3; 
860 : 3; 
861 : 3; 
862 : 3; 
863 : 3; 
864 : 3; 
865 : 3; 
866 : 3; 
867 : 3; 
868 : 3; 
869 : 3; 
870 : 3; 
871 : 3; 
872 : 3; 
873 : 3; 
874 : 3; 
875 : 3; 
876 : 3; 
877 : 3; 
878 : 3; 
879 : 3; 
880 : 3; 
881 : 3; 
882 : 3; 
883 : 3; 
884 : 3; 
885 : 3; 
886 : 3; 
887 : 3; 
888 : 3; 
889 : 3; 
890 : 3; 
891 : 3; 
892 : 3; 
893 : 3; 
894 : 3; 
895 : 3; 
896 : 2; 
897 : 0; 
898 : 0; 
899 : 0; 
900 : 0; 
901 : 0; 
902 : 0; 
903 : 0; 
904 : 0; 
905 : 0; 
906 : 0; 
907 : 0; 
908 : 0; 
909 : 0; 
910 : 0; 
911 : 0; 
912 : 0; 
913 : 0; 
914 : 0; 
915 : 0; 
916 : 0; 
917 : 0; 
918 : 0; 
919 : 0; 
920 : 0; 
921 : 0; 
922 : 0; 
923 : 0; 
924 : 0; 
925 : 0; 
926 : 0; 
927 : 0; 
928 : 0; 
929 : 0; 
930 : 0; 
931 : 0; 
932 : 0; 
933 : 0; 
934 : 0; 
935 : 0; 
936 : 0; 
937 : 0; 
938 : 0; 
939 : 0; 
940 : 0; 
941 : 0; 
942 : 0; 
943 : 0; 
944 : 0; 
945 : 0; 
946 : 0; 
947 : 0; 
948 : 0; 
949 : 0; 
950 : 0; 
951 : 0; 
952 : 0; 
953 : 0; 
954 : 0; 
955 : 0; 
956 : 0; 
957 : 0; 
958 : 0; 
959 : 0; 
960 : 0; 
961 : 0; 
962 : 0; 
963 : 0; 
964 : 0; 
965 : 0; 
966 : 0; 
967 : 0; 
968 : 0; 
969 : 0; 
970 : 0; 
971 : 0; 
972 : 0; 
973 : 0; 
974 : 0; 
975 : 0; 
976 : 0; 
977 : 0; 
978 : 0; 
979 : 0; 
980 : 0; 
981 : 0; 
982 : 0; 
983 : 0; 
984 : 0; 
985 : 0; 
986 : 0; 
987 : 0; 
988 : 0; 
989 : 0; 
990 : 0; 
991 : 0; 
992 : 0; 
993 : 0; 
994 : 0; 
995 : 0; 
996 : 0; 
997 : 0; 
998 : 0; 
999 : 0; 
1000 : 0; 
1001 : 0; 
1002 : 0; 
1003 : 0; 
1004 : 0; 
1005 : 0; 
1006 : 0; 
1007 : 0; 
1008 : 0; 
1009 : 0; 
1010 : 0; 
1011 : 0; 
1012 : 0; 
1013 : 0; 
1014 : 0; 
1015 : 0; 
1016 : 0; 
1017 : 0; 
1018 : 0; 
1019 : 0; 
1020 : 0; 
1021 : 1; 
1022 : 1; 
1023 : 1; 
1024 : 2; 
1025 : 2; 
1026 : 2; 
1027 : 2; 
1028 : 3; 
1029 : 3; 
1030 : 3; 
1031 : 3; 
1032 : 3; 
1033 : 3; 
1034 : 3; 
1035 : 3; 
1036 : 3; 
1037 : 3; 
1038 : 3; 
1039 : 3; 
1040 : 3; 
1041 : 3; 
1042 : 3; 
1043 : 3; 
1044 : 3; 
1045 : 3; 
1046 : 3; 
1047 : 3; 
1048 : 3; 
1049 : 3; 
1050 : 3; 
1051 : 3; 
1052 : 3; 
1053 : 3; 
1054 : 3; 
1055 : 3; 
1056 : 3; 
1057 : 3; 
1058 : 3; 
1059 : 3; 
1060 : 3; 
1061 : 3; 
1062 : 3; 
1063 : 3; 
1064 : 3; 
1065 : 3; 
1066 : 3; 
1067 : 3; 
1068 : 3; 
1069 : 3; 
1070 : 3; 
1071 : 3; 
1072 : 3; 
1073 : 3; 
1074 : 3; 
1075 : 3; 
1076 : 3; 
1077 : 3; 
1078 : 3; 
1079 : 3; 
1080 : 3; 
1081 : 3; 
1082 : 3; 
1083 : 3; 
1084 : 3; 
1085 : 3; 
1086 : 3; 
1087 : 3; 
1088 : 3; 
1089 : 3; 
1090 : 3; 
1091 : 3; 
1092 : 3; 
1093 : 3; 
1094 : 3; 
1095 : 3; 
1096 : 3; 
1097 : 3; 
1098 : 3; 
1099 : 3; 
1100 : 3; 
1101 : 3; 
1102 : 3; 
1103 : 3; 
1104 : 3; 
1105 : 3; 
1106 : 3; 
1107 : 3; 
1108 : 3; 
1109 : 3; 
1110 : 3; 
1111 : 3; 
1112 : 3; 
1113 : 3; 
1114 : 3; 
1115 : 3; 
1116 : 3; 
1117 : 3; 
1118 : 3; 
1119 : 3; 
1120 : 3; 
1121 : 3; 
1122 : 3; 
1123 : 3; 
1124 : 3; 
1125 : 3; 
1126 : 3; 
1127 : 3; 
1128 : 3; 
1129 : 3; 
1130 : 3; 
1131 : 3; 
1132 : 3; 
1133 : 3; 
1134 : 3; 
1135 : 3; 
1136 : 3; 
1137 : 3; 
1138 : 3; 
1139 : 3; 
1140 : 3; 
1141 : 3; 
1142 : 3; 
1143 : 3; 
1144 : 3; 
1145 : 3; 
1146 : 3; 
1147 : 3; 
1148 : 3; 
1149 : 3; 
1150 : 3; 
1151 : 3; 
1152 : 2; 
1153 : 0; 
1154 : 0; 
1155 : 0; 
1156 : 0; 
1157 : 0; 
1158 : 0; 
1159 : 0; 
1160 : 0; 
1161 : 0; 
1162 : 0; 
1163 : 0; 
1164 : 0; 
1165 : 0; 
1166 : 0; 
1167 : 0; 
1168 : 0; 
1169 : 0; 
1170 : 0; 
1171 : 0; 
1172 : 0; 
1173 : 0; 
1174 : 0; 
1175 : 0; 
1176 : 0; 
1177 : 0; 
1178 : 0; 
1179 : 0; 
1180 : 0; 
1181 : 0; 
1182 : 0; 
1183 : 0; 
1184 : 0; 
1185 : 0; 
1186 : 0; 
1187 : 0; 
1188 : 0; 
1189 : 0; 
1190 : 0; 
1191 : 0; 
1192 : 0; 
1193 : 0; 
1194 : 0; 
1195 : 0; 
1196 : 0; 
1197 : 0; 
1198 : 0; 
1199 : 0; 
1200 : 0; 
1201 : 0; 
1202 : 0; 
1203 : 0; 
1204 : 0; 
1205 : 0; 
1206 : 0; 
1207 : 0; 
1208 : 0; 
1209 : 0; 
1210 : 0; 
1211 : 0; 
1212 : 0; 
1213 : 0; 
1214 : 0; 
1215 : 0; 
1216 : 0; 
1217 : 0; 
1218 : 0; 
1219 : 0; 
1220 : 0; 
1221 : 0; 
1222 : 0; 
1223 : 0; 
1224 : 0; 
1225 : 0; 
1226 : 0; 
1227 : 0; 
1228 : 0; 
1229 : 0; 
1230 : 0; 
1231 : 0; 
1232 : 0; 
1233 : 0; 
1234 : 0; 
1235 : 0; 
1236 : 0; 
1237 : 0; 
1238 : 0; 
1239 : 0; 
1240 : 0; 
1241 : 0; 
1242 : 0; 
1243 : 0; 
1244 : 0; 
1245 : 0; 
1246 : 0; 
1247 : 0; 
1248 : 0; 
1249 : 0; 
1250 : 0; 
1251 : 0; 
1252 : 0; 
1253 : 0; 
1254 : 0; 
1255 : 0; 
1256 : 0; 
1257 : 0; 
1258 : 0; 
1259 : 0; 
1260 : 0; 
1261 : 0; 
1262 : 0; 
1263 : 0; 
1264 : 0; 
1265 : 0; 
1266 : 0; 
1267 : 0; 
1268 : 0; 
1269 : 0; 
1270 : 0; 
1271 : 0; 
1272 : 0; 
1273 : 0; 
1274 : 0; 
1275 : 0; 
1276 : 1; 
1277 : 1; 
1278 : 1; 
1279 : 1; 
1280 : 2; 
1281 : 2; 
1282 : 2; 
1283 : 2; 
1284 : 2; 
1285 : 3; 
1286 : 3; 
1287 : 3; 
1288 : 3; 
1289 : 3; 
1290 : 3; 
1291 : 3; 
1292 : 3; 
1293 : 3; 
1294 : 3; 
1295 : 3; 
1296 : 3; 
1297 : 3; 
1298 : 3; 
1299 : 3; 
1300 : 3; 
1301 : 3; 
1302 : 3; 
1303 : 3; 
1304 : 3; 
1305 : 3; 
1306 : 3; 
1307 : 3; 
1308 : 3; 
1309 : 3; 
1310 : 3; 
1311 : 3; 
1312 : 3; 
1313 : 3; 
1314 : 3; 
1315 : 3; 
1316 : 3; 
1317 : 3; 
1318 : 3; 
1319 : 3; 
1320 : 3; 
1321 : 3; 
1322 : 3; 
1323 : 3; 
1324 : 3; 
1325 : 3; 
1326 : 3; 
1327 : 3; 
1328 : 3; 
1329 : 3; 
1330 : 3; 
1331 : 3; 
1332 : 3; 
1333 : 3; 
1334 : 3; 
1335 : 3; 
1336 : 3; 
1337 : 3; 
1338 : 3; 
1339 : 3; 
1340 : 3; 
1341 : 3; 
1342 : 3; 
1343 : 3; 
1344 : 3; 
1345 : 3; 
1346 : 3; 
1347 : 3; 
1348 : 3; 
1349 : 3; 
1350 : 3; 
1351 : 3; 
1352 : 3; 
1353 : 3; 
1354 : 3; 
1355 : 3; 
1356 : 3; 
1357 : 3; 
1358 : 3; 
1359 : 3; 
1360 : 3; 
1361 : 3; 
1362 : 3; 
1363 : 3; 
1364 : 3; 
1365 : 3; 
1366 : 3; 
1367 : 3; 
1368 : 3; 
1369 : 3; 
1370 : 3; 
1371 : 3; 
1372 : 3; 
1373 : 3; 
1374 : 3; 
1375 : 3; 
1376 : 3; 
1377 : 3; 
1378 : 3; 
1379 : 3; 
1380 : 3; 
1381 : 3; 
1382 : 3; 
1383 : 3; 
1384 : 3; 
1385 : 3; 
1386 : 3; 
1387 : 3; 
1388 : 3; 
1389 : 3; 
1390 : 3; 
1391 : 3; 
1392 : 3; 
1393 : 3; 
1394 : 3; 
1395 : 3; 
1396 : 3; 
1397 : 3; 
1398 : 3; 
1399 : 3; 
1400 : 3; 
1401 : 3; 
1402 : 3; 
1403 : 3; 
1404 : 3; 
1405 : 3; 
1406 : 3; 
1407 : 3; 
1408 : 2; 
1409 : 0; 
1410 : 0; 
1411 : 0; 
1412 : 0; 
1413 : 0; 
1414 : 0; 
1415 : 0; 
1416 : 0; 
1417 : 0; 
1418 : 0; 
1419 : 0; 
1420 : 0; 
1421 : 0; 
1422 : 0; 
1423 : 0; 
1424 : 0; 
1425 : 0; 
1426 : 0; 
1427 : 0; 
1428 : 0; 
1429 : 0; 
1430 : 0; 
1431 : 0; 
1432 : 0; 
1433 : 0; 
1434 : 0; 
1435 : 0; 
1436 : 0; 
1437 : 0; 
1438 : 0; 
1439 : 0; 
1440 : 0; 
1441 : 0; 
1442 : 0; 
1443 : 0; 
1444 : 0; 
1445 : 0; 
1446 : 0; 
1447 : 0; 
1448 : 0; 
1449 : 0; 
1450 : 0; 
1451 : 0; 
1452 : 0; 
1453 : 0; 
1454 : 0; 
1455 : 0; 
1456 : 0; 
1457 : 0; 
1458 : 0; 
1459 : 0; 
1460 : 0; 
1461 : 0; 
1462 : 0; 
1463 : 0; 
1464 : 0; 
1465 : 0; 
1466 : 0; 
1467 : 0; 
1468 : 0; 
1469 : 0; 
1470 : 0; 
1471 : 0; 
1472 : 0; 
1473 : 0; 
1474 : 0; 
1475 : 0; 
1476 : 0; 
1477 : 0; 
1478 : 0; 
1479 : 0; 
1480 : 0; 
1481 : 0; 
1482 : 0; 
1483 : 0; 
1484 : 0; 
1485 : 0; 
1486 : 0; 
1487 : 0; 
1488 : 0; 
1489 : 0; 
1490 : 0; 
1491 : 0; 
1492 : 0; 
1493 : 0; 
1494 : 0; 
1495 : 0; 
1496 : 0; 
1497 : 0; 
1498 : 0; 
1499 : 0; 
1500 : 0; 
1501 : 0; 
1502 : 0; 
1503 : 0; 
1504 : 0; 
1505 : 0; 
1506 : 0; 
1507 : 0; 
1508 : 0; 
1509 : 0; 
1510 : 0; 
1511 : 0; 
1512 : 0; 
1513 : 0; 
1514 : 0; 
1515 : 0; 
1516 : 0; 
1517 : 0; 
1518 : 0; 
1519 : 0; 
1520 : 0; 
1521 : 0; 
1522 : 0; 
1523 : 0; 
1524 : 0; 
1525 : 0; 
1526 : 0; 
1527 : 0; 
1528 : 0; 
1529 : 0; 
1530 : 0; 
1531 : 1; 
1532 : 1; 
1533 : 1; 
1534 : 1; 
1535 : 1; 
1536 : 2; 
1537 : 2; 
1538 : 2; 
1539 : 2; 
1540 : 2; 
1541 : 2; 
1542 : 3; 
1543 : 3; 
1544 : 3; 
1545 : 3; 
1546 : 3; 
1547 : 3; 
1548 : 3; 
1549 : 3; 
1550 : 3; 
1551 : 3; 
1552 : 3; 
1553 : 3; 
1554 : 3; 
1555 : 3; 
1556 : 3; 
1557 : 3; 
1558 : 3; 
1559 : 3; 
1560 : 3; 
1561 : 3; 
1562 : 3; 
1563 : 3; 
1564 : 3; 
1565 : 3; 
1566 : 3; 
1567 : 3; 
1568 : 3; 
1569 : 3; 
1570 : 3; 
1571 : 3; 
1572 : 3; 
1573 : 3; 
1574 : 3; 
1575 : 3; 
1576 : 3; 
1577 : 3; 
1578 : 3; 
1579 : 3; 
1580 : 3; 
1581 : 3; 
1582 : 3; 
1583 : 3; 
1584 : 3; 
1585 : 3; 
1586 : 3; 
1587 : 3; 
1588 : 3; 
1589 : 3; 
1590 : 3; 
1591 : 3; 
1592 : 3; 
1593 : 3; 
1594 : 3; 
1595 : 3; 
1596 : 3; 
1597 : 3; 
1598 : 3; 
1599 : 3; 
1600 : 3; 
1601 : 3; 
1602 : 3; 
1603 : 3; 
1604 : 3; 
1605 : 3; 
1606 : 3; 
1607 : 3; 
1608 : 3; 
1609 : 3; 
1610 : 3; 
1611 : 3; 
1612 : 3; 
1613 : 3; 
1614 : 3; 
1615 : 3; 
1616 : 3; 
1617 : 3; 
1618 : 3; 
1619 : 3; 
1620 : 3; 
1621 : 3; 
1622 : 3; 
1623 : 3; 
1624 : 3; 
1625 : 3; 
1626 : 3; 
1627 : 3; 
1628 : 3; 
1629 : 3; 
1630 : 3; 
1631 : 3; 
1632 : 3; 
1633 : 3; 
1634 : 3; 
1635 : 3; 
1636 : 3; 
1637 : 3; 
1638 : 3; 
1639 : 3; 
1640 : 3; 
1641 : 3; 
1642 : 3; 
1643 : 3; 
1644 : 3; 
1645 : 3; 
1646 : 3; 
1647 : 3; 
1648 : 3; 
1649 : 3; 
1650 : 3; 
1651 : 3; 
1652 : 3; 
1653 : 3; 
1654 : 3; 
1655 : 3; 
1656 : 3; 
1657 : 3; 
1658 : 3; 
1659 : 3; 
1660 : 3; 
1661 : 3; 
1662 : 3; 
1663 : 3; 
1664 : 2; 
1665 : 0; 
1666 : 0; 
1667 : 0; 
1668 : 0; 
1669 : 0; 
1670 : 0; 
1671 : 0; 
1672 : 0; 
1673 : 0; 
1674 : 0; 
1675 : 0; 
1676 : 0; 
1677 : 0; 
1678 : 0; 
1679 : 0; 
1680 : 0; 
1681 : 0; 
1682 : 0; 
1683 : 0; 
1684 : 0; 
1685 : 0; 
1686 : 0; 
1687 : 0; 
1688 : 0; 
1689 : 0; 
1690 : 0; 
1691 : 0; 
1692 : 0; 
1693 : 0; 
1694 : 0; 
1695 : 0; 
1696 : 0; 
1697 : 0; 
1698 : 0; 
1699 : 0; 
1700 : 0; 
1701 : 0; 
1702 : 0; 
1703 : 0; 
1704 : 0; 
1705 : 0; 
1706 : 0; 
1707 : 0; 
1708 : 0; 
1709 : 0; 
1710 : 0; 
1711 : 0; 
1712 : 0; 
1713 : 0; 
1714 : 0; 
1715 : 0; 
1716 : 0; 
1717 : 0; 
1718 : 0; 
1719 : 0; 
1720 : 0; 
1721 : 0; 
1722 : 0; 
1723 : 0; 
1724 : 0; 
1725 : 0; 
1726 : 0; 
1727 : 0; 
1728 : 0; 
1729 : 0; 
1730 : 0; 
1731 : 0; 
1732 : 0; 
1733 : 0; 
1734 : 0; 
1735 : 0; 
1736 : 0; 
1737 : 0; 
1738 : 0; 
1739 : 0; 
1740 : 0; 
1741 : 0; 
1742 : 0; 
1743 : 0; 
1744 : 0; 
1745 : 0; 
1746 : 0; 
1747 : 0; 
1748 : 0; 
1749 : 0; 
1750 : 0; 
1751 : 0; 
1752 : 0; 
1753 : 0; 
1754 : 0; 
1755 : 0; 
1756 : 0; 
1757 : 0; 
1758 : 0; 
1759 : 0; 
1760 : 0; 
1761 : 0; 
1762 : 0; 
1763 : 0; 
1764 : 0; 
1765 : 0; 
1766 : 0; 
1767 : 0; 
1768 : 0; 
1769 : 0; 
1770 : 0; 
1771 : 0; 
1772 : 0; 
1773 : 0; 
1774 : 0; 
1775 : 0; 
1776 : 0; 
1777 : 0; 
1778 : 0; 
1779 : 0; 
1780 : 0; 
1781 : 0; 
1782 : 0; 
1783 : 0; 
1784 : 0; 
1785 : 0; 
1786 : 1; 
1787 : 1; 
1788 : 1; 
1789 : 1; 
1790 : 1; 
1791 : 1; 
1792 : 2; 
1793 : 2; 
1794 : 2; 
1795 : 2; 
1796 : 2; 
1797 : 2; 
1798 : 2; 
1799 : 3; 
1800 : 3; 
1801 : 3; 
1802 : 3; 
1803 : 3; 
1804 : 3; 
1805 : 3; 
1806 : 3; 
1807 : 3; 
1808 : 3; 
1809 : 3; 
1810 : 3; 
1811 : 3; 
1812 : 3; 
1813 : 3; 
1814 : 3; 
1815 : 3; 
1816 : 3; 
1817 : 3; 
1818 : 3; 
1819 : 3; 
1820 : 3; 
1821 : 3; 
1822 : 3; 
1823 : 3; 
1824 : 3; 
1825 : 3; 
1826 : 3; 
1827 : 3; 
1828 : 3; 
1829 : 3; 
1830 : 3; 
1831 : 3; 
1832 : 3; 
1833 : 3; 
1834 : 3; 
1835 : 3; 
1836 : 3; 
1837 : 3; 
1838 : 3; 
1839 : 3; 
1840 : 3; 
1841 : 3; 
1842 : 3; 
1843 : 3; 
1844 : 3; 
1845 : 3; 
1846 : 3; 
1847 : 3; 
1848 : 3; 
1849 : 3; 
1850 : 3; 
1851 : 3; 
1852 : 3; 
1853 : 3; 
1854 : 3; 
1855 : 3; 
1856 : 3; 
1857 : 3; 
1858 : 3; 
1859 : 3; 
1860 : 3; 
1861 : 3; 
1862 : 3; 
1863 : 3; 
1864 : 3; 
1865 : 3; 
1866 : 3; 
1867 : 3; 
1868 : 3; 
1869 : 3; 
1870 : 3; 
1871 : 3; 
1872 : 3; 
1873 : 3; 
1874 : 3; 
1875 : 3; 
1876 : 3; 
1877 : 3; 
1878 : 3; 
1879 : 3; 
1880 : 3; 
1881 : 3; 
1882 : 3; 
1883 : 3; 
1884 : 3; 
1885 : 3; 
1886 : 3; 
1887 : 3; 
1888 : 3; 
1889 : 3; 
1890 : 3; 
1891 : 3; 
1892 : 3; 
1893 : 3; 
1894 : 3; 
1895 : 3; 
1896 : 3; 
1897 : 3; 
1898 : 3; 
1899 : 3; 
1900 : 3; 
1901 : 3; 
1902 : 3; 
1903 : 3; 
1904 : 3; 
1905 : 3; 
1906 : 3; 
1907 : 3; 
1908 : 3; 
1909 : 3; 
1910 : 3; 
1911 : 3; 
1912 : 3; 
1913 : 3; 
1914 : 3; 
1915 : 3; 
1916 : 3; 
1917 : 3; 
1918 : 3; 
1919 : 3; 
1920 : 2; 
1921 : 0; 
1922 : 0; 
1923 : 0; 
1924 : 0; 
1925 : 0; 
1926 : 0; 
1927 : 0; 
1928 : 0; 
1929 : 0; 
1930 : 0; 
1931 : 0; 
1932 : 0; 
1933 : 0; 
1934 : 0; 
1935 : 0; 
1936 : 0; 
1937 : 0; 
1938 : 0; 
1939 : 0; 
1940 : 0; 
1941 : 0; 
1942 : 0; 
1943 : 0; 
1944 : 0; 
1945 : 0; 
1946 : 0; 
1947 : 0; 
1948 : 0; 
1949 : 0; 
1950 : 0; 
1951 : 0; 
1952 : 0; 
1953 : 0; 
1954 : 0; 
1955 : 0; 
1956 : 0; 
1957 : 0; 
1958 : 0; 
1959 : 0; 
1960 : 0; 
1961 : 0; 
1962 : 0; 
1963 : 0; 
1964 : 0; 
1965 : 0; 
1966 : 0; 
1967 : 0; 
1968 : 0; 
1969 : 0; 
1970 : 0; 
1971 : 0; 
1972 : 0; 
1973 : 0; 
1974 : 0; 
1975 : 0; 
1976 : 0; 
1977 : 0; 
1978 : 0; 
1979 : 0; 
1980 : 0; 
1981 : 0; 
1982 : 0; 
1983 : 0; 
1984 : 0; 
1985 : 0; 
1986 : 0; 
1987 : 0; 
1988 : 0; 
1989 : 0; 
1990 : 0; 
1991 : 0; 
1992 : 0; 
1993 : 0; 
1994 : 0; 
1995 : 0; 
1996 : 0; 
1997 : 0; 
1998 : 0; 
1999 : 0; 
2000 : 0; 
2001 : 0; 
2002 : 0; 
2003 : 0; 
2004 : 0; 
2005 : 0; 
2006 : 0; 
2007 : 0; 
2008 : 0; 
2009 : 0; 
2010 : 0; 
2011 : 0; 
2012 : 0; 
2013 : 0; 
2014 : 0; 
2015 : 0; 
2016 : 0; 
2017 : 0; 
2018 : 0; 
2019 : 0; 
2020 : 0; 
2021 : 0; 
2022 : 0; 
2023 : 0; 
2024 : 0; 
2025 : 0; 
2026 : 0; 
2027 : 0; 
2028 : 0; 
2029 : 0; 
2030 : 0; 
2031 : 0; 
2032 : 0; 
2033 : 0; 
2034 : 0; 
2035 : 0; 
2036 : 0; 
2037 : 0; 
2038 : 0; 
2039 : 0; 
2040 : 0; 
2041 : 1; 
2042 : 1; 
2043 : 1; 
2044 : 1; 
2045 : 1; 
2046 : 1; 
2047 : 1; 
2048 : 2; 
2049 : 2; 
2050 : 2; 
2051 : 2; 
2052 : 2; 
2053 : 2; 
2054 : 2; 
2055 : 2; 
2056 : 3; 
2057 : 3; 
2058 : 3; 
2059 : 3; 
2060 : 3; 
2061 : 3; 
2062 : 3; 
2063 : 3; 
2064 : 3; 
2065 : 3; 
2066 : 3; 
2067 : 3; 
2068 : 3; 
2069 : 3; 
2070 : 3; 
2071 : 3; 
2072 : 3; 
2073 : 3; 
2074 : 3; 
2075 : 3; 
2076 : 3; 
2077 : 3; 
2078 : 3; 
2079 : 3; 
2080 : 3; 
2081 : 3; 
2082 : 3; 
2083 : 3; 
2084 : 3; 
2085 : 3; 
2086 : 3; 
2087 : 3; 
2088 : 3; 
2089 : 3; 
2090 : 3; 
2091 : 3; 
2092 : 3; 
2093 : 3; 
2094 : 3; 
2095 : 3; 
2096 : 3; 
2097 : 3; 
2098 : 3; 
2099 : 3; 
2100 : 3; 
2101 : 3; 
2102 : 3; 
2103 : 3; 
2104 : 3; 
2105 : 3; 
2106 : 3; 
2107 : 3; 
2108 : 3; 
2109 : 3; 
2110 : 3; 
2111 : 3; 
2112 : 3; 
2113 : 3; 
2114 : 3; 
2115 : 3; 
2116 : 3; 
2117 : 3; 
2118 : 3; 
2119 : 3; 
2120 : 3; 
2121 : 3; 
2122 : 3; 
2123 : 3; 
2124 : 3; 
2125 : 3; 
2126 : 3; 
2127 : 3; 
2128 : 3; 
2129 : 3; 
2130 : 3; 
2131 : 3; 
2132 : 3; 
2133 : 3; 
2134 : 3; 
2135 : 3; 
2136 : 3; 
2137 : 3; 
2138 : 3; 
2139 : 3; 
2140 : 3; 
2141 : 3; 
2142 : 3; 
2143 : 3; 
2144 : 3; 
2145 : 3; 
2146 : 3; 
2147 : 3; 
2148 : 3; 
2149 : 3; 
2150 : 3; 
2151 : 3; 
2152 : 3; 
2153 : 3; 
2154 : 3; 
2155 : 3; 
2156 : 3; 
2157 : 3; 
2158 : 3; 
2159 : 3; 
2160 : 3; 
2161 : 3; 
2162 : 3; 
2163 : 3; 
2164 : 3; 
2165 : 3; 
2166 : 3; 
2167 : 3; 
2168 : 3; 
2169 : 3; 
2170 : 3; 
2171 : 3; 
2172 : 3; 
2173 : 3; 
2174 : 3; 
2175 : 3; 
2176 : 2; 
2177 : 0; 
2178 : 0; 
2179 : 0; 
2180 : 0; 
2181 : 0; 
2182 : 0; 
2183 : 0; 
2184 : 0; 
2185 : 0; 
2186 : 0; 
2187 : 0; 
2188 : 0; 
2189 : 0; 
2190 : 0; 
2191 : 0; 
2192 : 0; 
2193 : 0; 
2194 : 0; 
2195 : 0; 
2196 : 0; 
2197 : 0; 
2198 : 0; 
2199 : 0; 
2200 : 0; 
2201 : 0; 
2202 : 0; 
2203 : 0; 
2204 : 0; 
2205 : 0; 
2206 : 0; 
2207 : 0; 
2208 : 0; 
2209 : 0; 
2210 : 0; 
2211 : 0; 
2212 : 0; 
2213 : 0; 
2214 : 0; 
2215 : 0; 
2216 : 0; 
2217 : 0; 
2218 : 0; 
2219 : 0; 
2220 : 0; 
2221 : 0; 
2222 : 0; 
2223 : 0; 
2224 : 0; 
2225 : 0; 
2226 : 0; 
2227 : 0; 
2228 : 0; 
2229 : 0; 
2230 : 0; 
2231 : 0; 
2232 : 0; 
2233 : 0; 
2234 : 0; 
2235 : 0; 
2236 : 0; 
2237 : 0; 
2238 : 0; 
2239 : 0; 
2240 : 0; 
2241 : 0; 
2242 : 0; 
2243 : 0; 
2244 : 0; 
2245 : 0; 
2246 : 0; 
2247 : 0; 
2248 : 0; 
2249 : 0; 
2250 : 0; 
2251 : 0; 
2252 : 0; 
2253 : 0; 
2254 : 0; 
2255 : 0; 
2256 : 0; 
2257 : 0; 
2258 : 0; 
2259 : 0; 
2260 : 0; 
2261 : 0; 
2262 : 0; 
2263 : 0; 
2264 : 0; 
2265 : 0; 
2266 : 0; 
2267 : 0; 
2268 : 0; 
2269 : 0; 
2270 : 0; 
2271 : 0; 
2272 : 0; 
2273 : 0; 
2274 : 0; 
2275 : 0; 
2276 : 0; 
2277 : 0; 
2278 : 0; 
2279 : 0; 
2280 : 0; 
2281 : 0; 
2282 : 0; 
2283 : 0; 
2284 : 0; 
2285 : 0; 
2286 : 0; 
2287 : 0; 
2288 : 0; 
2289 : 0; 
2290 : 0; 
2291 : 0; 
2292 : 0; 
2293 : 0; 
2294 : 0; 
2295 : 0; 
2296 : 1; 
2297 : 1; 
2298 : 1; 
2299 : 1; 
2300 : 1; 
2301 : 1; 
2302 : 1; 
2303 : 1; 
2304 : 2; 
2305 : 2; 
2306 : 2; 
2307 : 2; 
2308 : 2; 
2309 : 2; 
2310 : 2; 
2311 : 2; 
2312 : 2; 
2313 : 3; 
2314 : 3; 
2315 : 3; 
2316 : 3; 
2317 : 3; 
2318 : 3; 
2319 : 3; 
2320 : 3; 
2321 : 3; 
2322 : 3; 
2323 : 3; 
2324 : 3; 
2325 : 3; 
2326 : 3; 
2327 : 3; 
2328 : 3; 
2329 : 3; 
2330 : 3; 
2331 : 3; 
2332 : 3; 
2333 : 3; 
2334 : 3; 
2335 : 3; 
2336 : 3; 
2337 : 3; 
2338 : 3; 
2339 : 3; 
2340 : 3; 
2341 : 3; 
2342 : 3; 
2343 : 3; 
2344 : 3; 
2345 : 3; 
2346 : 3; 
2347 : 3; 
2348 : 3; 
2349 : 3; 
2350 : 3; 
2351 : 3; 
2352 : 3; 
2353 : 3; 
2354 : 3; 
2355 : 3; 
2356 : 3; 
2357 : 3; 
2358 : 3; 
2359 : 3; 
2360 : 3; 
2361 : 3; 
2362 : 3; 
2363 : 3; 
2364 : 3; 
2365 : 3; 
2366 : 3; 
2367 : 3; 
2368 : 3; 
2369 : 3; 
2370 : 3; 
2371 : 3; 
2372 : 3; 
2373 : 3; 
2374 : 3; 
2375 : 3; 
2376 : 3; 
2377 : 3; 
2378 : 3; 
2379 : 3; 
2380 : 3; 
2381 : 3; 
2382 : 3; 
2383 : 3; 
2384 : 3; 
2385 : 3; 
2386 : 3; 
2387 : 3; 
2388 : 3; 
2389 : 3; 
2390 : 3; 
2391 : 3; 
2392 : 3; 
2393 : 3; 
2394 : 3; 
2395 : 3; 
2396 : 3; 
2397 : 3; 
2398 : 3; 
2399 : 3; 
2400 : 3; 
2401 : 3; 
2402 : 3; 
2403 : 3; 
2404 : 3; 
2405 : 3; 
2406 : 3; 
2407 : 3; 
2408 : 3; 
2409 : 3; 
2410 : 3; 
2411 : 3; 
2412 : 3; 
2413 : 3; 
2414 : 3; 
2415 : 3; 
2416 : 3; 
2417 : 3; 
2418 : 3; 
2419 : 3; 
2420 : 3; 
2421 : 3; 
2422 : 3; 
2423 : 3; 
2424 : 3; 
2425 : 3; 
2426 : 3; 
2427 : 3; 
2428 : 3; 
2429 : 3; 
2430 : 3; 
2431 : 3; 
2432 : 2; 
2433 : 0; 
2434 : 0; 
2435 : 0; 
2436 : 0; 
2437 : 0; 
2438 : 0; 
2439 : 0; 
2440 : 0; 
2441 : 0; 
2442 : 0; 
2443 : 0; 
2444 : 0; 
2445 : 0; 
2446 : 0; 
2447 : 0; 
2448 : 0; 
2449 : 0; 
2450 : 0; 
2451 : 0; 
2452 : 0; 
2453 : 0; 
2454 : 0; 
2455 : 0; 
2456 : 0; 
2457 : 0; 
2458 : 0; 
2459 : 0; 
2460 : 0; 
2461 : 0; 
2462 : 0; 
2463 : 0; 
2464 : 0; 
2465 : 0; 
2466 : 0; 
2467 : 0; 
2468 : 0; 
2469 : 0; 
2470 : 0; 
2471 : 0; 
2472 : 0; 
2473 : 0; 
2474 : 0; 
2475 : 0; 
2476 : 0; 
2477 : 0; 
2478 : 0; 
2479 : 0; 
2480 : 0; 
2481 : 0; 
2482 : 0; 
2483 : 0; 
2484 : 0; 
2485 : 0; 
2486 : 0; 
2487 : 0; 
2488 : 0; 
2489 : 0; 
2490 : 0; 
2491 : 0; 
2492 : 0; 
2493 : 0; 
2494 : 0; 
2495 : 0; 
2496 : 0; 
2497 : 0; 
2498 : 0; 
2499 : 0; 
2500 : 0; 
2501 : 0; 
2502 : 0; 
2503 : 0; 
2504 : 0; 
2505 : 0; 
2506 : 0; 
2507 : 0; 
2508 : 0; 
2509 : 0; 
2510 : 0; 
2511 : 0; 
2512 : 0; 
2513 : 0; 
2514 : 0; 
2515 : 0; 
2516 : 0; 
2517 : 0; 
2518 : 0; 
2519 : 0; 
2520 : 0; 
2521 : 0; 
2522 : 0; 
2523 : 0; 
2524 : 0; 
2525 : 0; 
2526 : 0; 
2527 : 0; 
2528 : 0; 
2529 : 0; 
2530 : 0; 
2531 : 0; 
2532 : 0; 
2533 : 0; 
2534 : 0; 
2535 : 0; 
2536 : 0; 
2537 : 0; 
2538 : 0; 
2539 : 0; 
2540 : 0; 
2541 : 0; 
2542 : 0; 
2543 : 0; 
2544 : 0; 
2545 : 0; 
2546 : 0; 
2547 : 0; 
2548 : 0; 
2549 : 0; 
2550 : 0; 
2551 : 1; 
2552 : 1; 
2553 : 1; 
2554 : 1; 
2555 : 1; 
2556 : 1; 
2557 : 1; 
2558 : 1; 
2559 : 1; 
2560 : 2; 
2561 : 2; 
2562 : 2; 
2563 : 2; 
2564 : 2; 
2565 : 2; 
2566 : 2; 
2567 : 2; 
2568 : 2; 
2569 : 2; 
2570 : 3; 
2571 : 3; 
2572 : 3; 
2573 : 3; 
2574 : 3; 
2575 : 3; 
2576 : 3; 
2577 : 3; 
2578 : 3; 
2579 : 3; 
2580 : 3; 
2581 : 3; 
2582 : 3; 
2583 : 3; 
2584 : 3; 
2585 : 3; 
2586 : 3; 
2587 : 3; 
2588 : 3; 
2589 : 3; 
2590 : 3; 
2591 : 3; 
2592 : 3; 
2593 : 3; 
2594 : 3; 
2595 : 3; 
2596 : 3; 
2597 : 3; 
2598 : 3; 
2599 : 3; 
2600 : 3; 
2601 : 3; 
2602 : 3; 
2603 : 3; 
2604 : 3; 
2605 : 3; 
2606 : 3; 
2607 : 3; 
2608 : 3; 
2609 : 3; 
2610 : 3; 
2611 : 3; 
2612 : 3; 
2613 : 3; 
2614 : 3; 
2615 : 3; 
2616 : 3; 
2617 : 3; 
2618 : 3; 
2619 : 3; 
2620 : 3; 
2621 : 3; 
2622 : 3; 
2623 : 3; 
2624 : 3; 
2625 : 3; 
2626 : 3; 
2627 : 3; 
2628 : 3; 
2629 : 3; 
2630 : 3; 
2631 : 3; 
2632 : 3; 
2633 : 3; 
2634 : 3; 
2635 : 3; 
2636 : 3; 
2637 : 3; 
2638 : 3; 
2639 : 3; 
2640 : 3; 
2641 : 3; 
2642 : 3; 
2643 : 3; 
2644 : 3; 
2645 : 3; 
2646 : 3; 
2647 : 3; 
2648 : 3; 
2649 : 3; 
2650 : 3; 
2651 : 3; 
2652 : 3; 
2653 : 3; 
2654 : 3; 
2655 : 3; 
2656 : 3; 
2657 : 3; 
2658 : 3; 
2659 : 3; 
2660 : 3; 
2661 : 3; 
2662 : 3; 
2663 : 3; 
2664 : 3; 
2665 : 3; 
2666 : 3; 
2667 : 3; 
2668 : 3; 
2669 : 3; 
2670 : 3; 
2671 : 3; 
2672 : 3; 
2673 : 3; 
2674 : 3; 
2675 : 3; 
2676 : 3; 
2677 : 3; 
2678 : 3; 
2679 : 3; 
2680 : 3; 
2681 : 3; 
2682 : 3; 
2683 : 3; 
2684 : 3; 
2685 : 3; 
2686 : 3; 
2687 : 3; 
2688 : 2; 
2689 : 0; 
2690 : 0; 
2691 : 0; 
2692 : 0; 
2693 : 0; 
2694 : 0; 
2695 : 0; 
2696 : 0; 
2697 : 0; 
2698 : 0; 
2699 : 0; 
2700 : 0; 
2701 : 0; 
2702 : 0; 
2703 : 0; 
2704 : 0; 
2705 : 0; 
2706 : 0; 
2707 : 0; 
2708 : 0; 
2709 : 0; 
2710 : 0; 
2711 : 0; 
2712 : 0; 
2713 : 0; 
2714 : 0; 
2715 : 0; 
2716 : 0; 
2717 : 0; 
2718 : 0; 
2719 : 0; 
2720 : 0; 
2721 : 0; 
2722 : 0; 
2723 : 0; 
2724 : 0; 
2725 : 0; 
2726 : 0; 
2727 : 0; 
2728 : 0; 
2729 : 0; 
2730 : 0; 
2731 : 0; 
2732 : 0; 
2733 : 0; 
2734 : 0; 
2735 : 0; 
2736 : 0; 
2737 : 0; 
2738 : 0; 
2739 : 0; 
2740 : 0; 
2741 : 0; 
2742 : 0; 
2743 : 0; 
2744 : 0; 
2745 : 0; 
2746 : 0; 
2747 : 0; 
2748 : 0; 
2749 : 0; 
2750 : 0; 
2751 : 0; 
2752 : 0; 
2753 : 0; 
2754 : 0; 
2755 : 0; 
2756 : 0; 
2757 : 0; 
2758 : 0; 
2759 : 0; 
2760 : 0; 
2761 : 0; 
2762 : 0; 
2763 : 0; 
2764 : 0; 
2765 : 0; 
2766 : 0; 
2767 : 0; 
2768 : 0; 
2769 : 0; 
2770 : 0; 
2771 : 0; 
2772 : 0; 
2773 : 0; 
2774 : 0; 
2775 : 0; 
2776 : 0; 
2777 : 0; 
2778 : 0; 
2779 : 0; 
2780 : 0; 
2781 : 0; 
2782 : 0; 
2783 : 0; 
2784 : 0; 
2785 : 0; 
2786 : 0; 
2787 : 0; 
2788 : 0; 
2789 : 0; 
2790 : 0; 
2791 : 0; 
2792 : 0; 
2793 : 0; 
2794 : 0; 
2795 : 0; 
2796 : 0; 
2797 : 0; 
2798 : 0; 
2799 : 0; 
2800 : 0; 
2801 : 0; 
2802 : 0; 
2803 : 0; 
2804 : 0; 
2805 : 0; 
2806 : 1; 
2807 : 1; 
2808 : 1; 
2809 : 1; 
2810 : 1; 
2811 : 1; 
2812 : 1; 
2813 : 1; 
2814 : 1; 
2815 : 1; 
2816 : 2; 
2817 : 2; 
2818 : 2; 
2819 : 2; 
2820 : 2; 
2821 : 2; 
2822 : 2; 
2823 : 2; 
2824 : 2; 
2825 : 2; 
2826 : 2; 
2827 : 3; 
2828 : 3; 
2829 : 3; 
2830 : 3; 
2831 : 3; 
2832 : 3; 
2833 : 3; 
2834 : 3; 
2835 : 3; 
2836 : 3; 
2837 : 3; 
2838 : 3; 
2839 : 3; 
2840 : 3; 
2841 : 3; 
2842 : 3; 
2843 : 3; 
2844 : 3; 
2845 : 3; 
2846 : 3; 
2847 : 3; 
2848 : 3; 
2849 : 3; 
2850 : 3; 
2851 : 3; 
2852 : 3; 
2853 : 3; 
2854 : 3; 
2855 : 3; 
2856 : 3; 
2857 : 3; 
2858 : 3; 
2859 : 3; 
2860 : 3; 
2861 : 3; 
2862 : 3; 
2863 : 3; 
2864 : 3; 
2865 : 3; 
2866 : 3; 
2867 : 3; 
2868 : 3; 
2869 : 3; 
2870 : 3; 
2871 : 3; 
2872 : 3; 
2873 : 3; 
2874 : 3; 
2875 : 3; 
2876 : 3; 
2877 : 3; 
2878 : 3; 
2879 : 3; 
2880 : 3; 
2881 : 3; 
2882 : 3; 
2883 : 3; 
2884 : 3; 
2885 : 3; 
2886 : 3; 
2887 : 3; 
2888 : 3; 
2889 : 3; 
2890 : 3; 
2891 : 3; 
2892 : 3; 
2893 : 3; 
2894 : 3; 
2895 : 3; 
2896 : 3; 
2897 : 3; 
2898 : 3; 
2899 : 3; 
2900 : 3; 
2901 : 3; 
2902 : 3; 
2903 : 3; 
2904 : 3; 
2905 : 3; 
2906 : 3; 
2907 : 3; 
2908 : 3; 
2909 : 3; 
2910 : 3; 
2911 : 3; 
2912 : 3; 
2913 : 3; 
2914 : 3; 
2915 : 3; 
2916 : 3; 
2917 : 3; 
2918 : 3; 
2919 : 3; 
2920 : 3; 
2921 : 3; 
2922 : 3; 
2923 : 3; 
2924 : 3; 
2925 : 3; 
2926 : 3; 
2927 : 3; 
2928 : 3; 
2929 : 3; 
2930 : 3; 
2931 : 3; 
2932 : 3; 
2933 : 3; 
2934 : 3; 
2935 : 3; 
2936 : 3; 
2937 : 3; 
2938 : 3; 
2939 : 3; 
2940 : 3; 
2941 : 3; 
2942 : 3; 
2943 : 3; 
2944 : 2; 
2945 : 0; 
2946 : 0; 
2947 : 0; 
2948 : 0; 
2949 : 0; 
2950 : 0; 
2951 : 0; 
2952 : 0; 
2953 : 0; 
2954 : 0; 
2955 : 0; 
2956 : 0; 
2957 : 0; 
2958 : 0; 
2959 : 0; 
2960 : 0; 
2961 : 0; 
2962 : 0; 
2963 : 0; 
2964 : 0; 
2965 : 0; 
2966 : 0; 
2967 : 0; 
2968 : 0; 
2969 : 0; 
2970 : 0; 
2971 : 0; 
2972 : 0; 
2973 : 0; 
2974 : 0; 
2975 : 0; 
2976 : 0; 
2977 : 0; 
2978 : 0; 
2979 : 0; 
2980 : 0; 
2981 : 0; 
2982 : 0; 
2983 : 0; 
2984 : 0; 
2985 : 0; 
2986 : 0; 
2987 : 0; 
2988 : 0; 
2989 : 0; 
2990 : 0; 
2991 : 0; 
2992 : 0; 
2993 : 0; 
2994 : 0; 
2995 : 0; 
2996 : 0; 
2997 : 0; 
2998 : 0; 
2999 : 0; 
3000 : 0; 
3001 : 0; 
3002 : 0; 
3003 : 0; 
3004 : 0; 
3005 : 0; 
3006 : 0; 
3007 : 0; 
3008 : 0; 
3009 : 0; 
3010 : 0; 
3011 : 0; 
3012 : 0; 
3013 : 0; 
3014 : 0; 
3015 : 0; 
3016 : 0; 
3017 : 0; 
3018 : 0; 
3019 : 0; 
3020 : 0; 
3021 : 0; 
3022 : 0; 
3023 : 0; 
3024 : 0; 
3025 : 0; 
3026 : 0; 
3027 : 0; 
3028 : 0; 
3029 : 0; 
3030 : 0; 
3031 : 0; 
3032 : 0; 
3033 : 0; 
3034 : 0; 
3035 : 0; 
3036 : 0; 
3037 : 0; 
3038 : 0; 
3039 : 0; 
3040 : 0; 
3041 : 0; 
3042 : 0; 
3043 : 0; 
3044 : 0; 
3045 : 0; 
3046 : 0; 
3047 : 0; 
3048 : 0; 
3049 : 0; 
3050 : 0; 
3051 : 0; 
3052 : 0; 
3053 : 0; 
3054 : 0; 
3055 : 0; 
3056 : 0; 
3057 : 0; 
3058 : 0; 
3059 : 0; 
3060 : 0; 
3061 : 1; 
3062 : 1; 
3063 : 1; 
3064 : 1; 
3065 : 1; 
3066 : 1; 
3067 : 1; 
3068 : 1; 
3069 : 1; 
3070 : 1; 
3071 : 1; 
3072 : 2; 
3073 : 2; 
3074 : 2; 
3075 : 2; 
3076 : 2; 
3077 : 2; 
3078 : 2; 
3079 : 2; 
3080 : 2; 
3081 : 2; 
3082 : 2; 
3083 : 2; 
3084 : 3; 
3085 : 3; 
3086 : 3; 
3087 : 3; 
3088 : 3; 
3089 : 3; 
3090 : 3; 
3091 : 3; 
3092 : 3; 
3093 : 3; 
3094 : 3; 
3095 : 3; 
3096 : 3; 
3097 : 3; 
3098 : 3; 
3099 : 3; 
3100 : 3; 
3101 : 3; 
3102 : 3; 
3103 : 3; 
3104 : 3; 
3105 : 3; 
3106 : 3; 
3107 : 3; 
3108 : 3; 
3109 : 3; 
3110 : 3; 
3111 : 3; 
3112 : 3; 
3113 : 3; 
3114 : 3; 
3115 : 3; 
3116 : 3; 
3117 : 3; 
3118 : 3; 
3119 : 3; 
3120 : 3; 
3121 : 3; 
3122 : 3; 
3123 : 3; 
3124 : 3; 
3125 : 3; 
3126 : 3; 
3127 : 3; 
3128 : 3; 
3129 : 3; 
3130 : 3; 
3131 : 3; 
3132 : 3; 
3133 : 3; 
3134 : 3; 
3135 : 3; 
3136 : 3; 
3137 : 3; 
3138 : 3; 
3139 : 3; 
3140 : 3; 
3141 : 3; 
3142 : 3; 
3143 : 3; 
3144 : 3; 
3145 : 3; 
3146 : 3; 
3147 : 3; 
3148 : 3; 
3149 : 3; 
3150 : 3; 
3151 : 3; 
3152 : 3; 
3153 : 3; 
3154 : 3; 
3155 : 3; 
3156 : 3; 
3157 : 3; 
3158 : 3; 
3159 : 3; 
3160 : 3; 
3161 : 3; 
3162 : 3; 
3163 : 3; 
3164 : 3; 
3165 : 3; 
3166 : 3; 
3167 : 3; 
3168 : 3; 
3169 : 3; 
3170 : 3; 
3171 : 3; 
3172 : 3; 
3173 : 3; 
3174 : 3; 
3175 : 3; 
3176 : 3; 
3177 : 3; 
3178 : 3; 
3179 : 3; 
3180 : 3; 
3181 : 3; 
3182 : 3; 
3183 : 3; 
3184 : 3; 
3185 : 3; 
3186 : 3; 
3187 : 3; 
3188 : 3; 
3189 : 3; 
3190 : 3; 
3191 : 3; 
3192 : 3; 
3193 : 3; 
3194 : 3; 
3195 : 3; 
3196 : 3; 
3197 : 3; 
3198 : 3; 
3199 : 3; 
3200 : 2; 
3201 : 0; 
3202 : 0; 
3203 : 0; 
3204 : 0; 
3205 : 0; 
3206 : 0; 
3207 : 0; 
3208 : 0; 
3209 : 0; 
3210 : 0; 
3211 : 0; 
3212 : 0; 
3213 : 0; 
3214 : 0; 
3215 : 0; 
3216 : 0; 
3217 : 0; 
3218 : 0; 
3219 : 0; 
3220 : 0; 
3221 : 0; 
3222 : 0; 
3223 : 0; 
3224 : 0; 
3225 : 0; 
3226 : 0; 
3227 : 0; 
3228 : 0; 
3229 : 0; 
3230 : 0; 
3231 : 0; 
3232 : 0; 
3233 : 0; 
3234 : 0; 
3235 : 0; 
3236 : 0; 
3237 : 0; 
3238 : 0; 
3239 : 0; 
3240 : 0; 
3241 : 0; 
3242 : 0; 
3243 : 0; 
3244 : 0; 
3245 : 0; 
3246 : 0; 
3247 : 0; 
3248 : 0; 
3249 : 0; 
3250 : 0; 
3251 : 0; 
3252 : 0; 
3253 : 0; 
3254 : 0; 
3255 : 0; 
3256 : 0; 
3257 : 0; 
3258 : 0; 
3259 : 0; 
3260 : 0; 
3261 : 0; 
3262 : 0; 
3263 : 0; 
3264 : 0; 
3265 : 0; 
3266 : 0; 
3267 : 0; 
3268 : 0; 
3269 : 0; 
3270 : 0; 
3271 : 0; 
3272 : 0; 
3273 : 0; 
3274 : 0; 
3275 : 0; 
3276 : 0; 
3277 : 0; 
3278 : 0; 
3279 : 0; 
3280 : 0; 
3281 : 0; 
3282 : 0; 
3283 : 0; 
3284 : 0; 
3285 : 0; 
3286 : 0; 
3287 : 0; 
3288 : 0; 
3289 : 0; 
3290 : 0; 
3291 : 0; 
3292 : 0; 
3293 : 0; 
3294 : 0; 
3295 : 0; 
3296 : 0; 
3297 : 0; 
3298 : 0; 
3299 : 0; 
3300 : 0; 
3301 : 0; 
3302 : 0; 
3303 : 0; 
3304 : 0; 
3305 : 0; 
3306 : 0; 
3307 : 0; 
3308 : 0; 
3309 : 0; 
3310 : 0; 
3311 : 0; 
3312 : 0; 
3313 : 0; 
3314 : 0; 
3315 : 0; 
3316 : 1; 
3317 : 1; 
3318 : 1; 
3319 : 1; 
3320 : 1; 
3321 : 1; 
3322 : 1; 
3323 : 1; 
3324 : 1; 
3325 : 1; 
3326 : 1; 
3327 : 1; 
3328 : 2; 
3329 : 2; 
3330 : 2; 
3331 : 2; 
3332 : 2; 
3333 : 2; 
3334 : 2; 
3335 : 2; 
3336 : 2; 
3337 : 2; 
3338 : 2; 
3339 : 2; 
3340 : 2; 
3341 : 3; 
3342 : 3; 
3343 : 3; 
3344 : 3; 
3345 : 3; 
3346 : 3; 
3347 : 3; 
3348 : 3; 
3349 : 3; 
3350 : 3; 
3351 : 3; 
3352 : 3; 
3353 : 3; 
3354 : 3; 
3355 : 3; 
3356 : 3; 
3357 : 3; 
3358 : 3; 
3359 : 3; 
3360 : 3; 
3361 : 3; 
3362 : 3; 
3363 : 3; 
3364 : 3; 
3365 : 3; 
3366 : 3; 
3367 : 3; 
3368 : 3; 
3369 : 3; 
3370 : 3; 
3371 : 3; 
3372 : 3; 
3373 : 3; 
3374 : 3; 
3375 : 3; 
3376 : 3; 
3377 : 3; 
3378 : 3; 
3379 : 3; 
3380 : 3; 
3381 : 3; 
3382 : 3; 
3383 : 3; 
3384 : 3; 
3385 : 3; 
3386 : 3; 
3387 : 3; 
3388 : 3; 
3389 : 3; 
3390 : 3; 
3391 : 3; 
3392 : 3; 
3393 : 3; 
3394 : 3; 
3395 : 3; 
3396 : 3; 
3397 : 3; 
3398 : 3; 
3399 : 3; 
3400 : 3; 
3401 : 3; 
3402 : 3; 
3403 : 3; 
3404 : 3; 
3405 : 3; 
3406 : 3; 
3407 : 3; 
3408 : 3; 
3409 : 3; 
3410 : 3; 
3411 : 3; 
3412 : 3; 
3413 : 3; 
3414 : 3; 
3415 : 3; 
3416 : 3; 
3417 : 3; 
3418 : 3; 
3419 : 3; 
3420 : 3; 
3421 : 3; 
3422 : 3; 
3423 : 3; 
3424 : 3; 
3425 : 3; 
3426 : 3; 
3427 : 3; 
3428 : 3; 
3429 : 3; 
3430 : 3; 
3431 : 3; 
3432 : 3; 
3433 : 3; 
3434 : 3; 
3435 : 3; 
3436 : 3; 
3437 : 3; 
3438 : 3; 
3439 : 3; 
3440 : 3; 
3441 : 3; 
3442 : 3; 
3443 : 3; 
3444 : 3; 
3445 : 3; 
3446 : 3; 
3447 : 3; 
3448 : 3; 
3449 : 3; 
3450 : 3; 
3451 : 3; 
3452 : 3; 
3453 : 3; 
3454 : 3; 
3455 : 3; 
3456 : 2; 
3457 : 0; 
3458 : 0; 
3459 : 0; 
3460 : 0; 
3461 : 0; 
3462 : 0; 
3463 : 0; 
3464 : 0; 
3465 : 0; 
3466 : 0; 
3467 : 0; 
3468 : 0; 
3469 : 0; 
3470 : 0; 
3471 : 0; 
3472 : 0; 
3473 : 0; 
3474 : 0; 
3475 : 0; 
3476 : 0; 
3477 : 0; 
3478 : 0; 
3479 : 0; 
3480 : 0; 
3481 : 0; 
3482 : 0; 
3483 : 0; 
3484 : 0; 
3485 : 0; 
3486 : 0; 
3487 : 0; 
3488 : 0; 
3489 : 0; 
3490 : 0; 
3491 : 0; 
3492 : 0; 
3493 : 0; 
3494 : 0; 
3495 : 0; 
3496 : 0; 
3497 : 0; 
3498 : 0; 
3499 : 0; 
3500 : 0; 
3501 : 0; 
3502 : 0; 
3503 : 0; 
3504 : 0; 
3505 : 0; 
3506 : 0; 
3507 : 0; 
3508 : 0; 
3509 : 0; 
3510 : 0; 
3511 : 0; 
3512 : 0; 
3513 : 0; 
3514 : 0; 
3515 : 0; 
3516 : 0; 
3517 : 0; 
3518 : 0; 
3519 : 0; 
3520 : 0; 
3521 : 0; 
3522 : 0; 
3523 : 0; 
3524 : 0; 
3525 : 0; 
3526 : 0; 
3527 : 0; 
3528 : 0; 
3529 : 0; 
3530 : 0; 
3531 : 0; 
3532 : 0; 
3533 : 0; 
3534 : 0; 
3535 : 0; 
3536 : 0; 
3537 : 0; 
3538 : 0; 
3539 : 0; 
3540 : 0; 
3541 : 0; 
3542 : 0; 
3543 : 0; 
3544 : 0; 
3545 : 0; 
3546 : 0; 
3547 : 0; 
3548 : 0; 
3549 : 0; 
3550 : 0; 
3551 : 0; 
3552 : 0; 
3553 : 0; 
3554 : 0; 
3555 : 0; 
3556 : 0; 
3557 : 0; 
3558 : 0; 
3559 : 0; 
3560 : 0; 
3561 : 0; 
3562 : 0; 
3563 : 0; 
3564 : 0; 
3565 : 0; 
3566 : 0; 
3567 : 0; 
3568 : 0; 
3569 : 0; 
3570 : 0; 
3571 : 1; 
3572 : 1; 
3573 : 1; 
3574 : 1; 
3575 : 1; 
3576 : 1; 
3577 : 1; 
3578 : 1; 
3579 : 1; 
3580 : 1; 
3581 : 1; 
3582 : 1; 
3583 : 1; 
3584 : 2; 
3585 : 2; 
3586 : 2; 
3587 : 2; 
3588 : 2; 
3589 : 2; 
3590 : 2; 
3591 : 2; 
3592 : 2; 
3593 : 2; 
3594 : 2; 
3595 : 2; 
3596 : 2; 
3597 : 2; 
3598 : 3; 
3599 : 3; 
3600 : 3; 
3601 : 3; 
3602 : 3; 
3603 : 3; 
3604 : 3; 
3605 : 3; 
3606 : 3; 
3607 : 3; 
3608 : 3; 
3609 : 3; 
3610 : 3; 
3611 : 3; 
3612 : 3; 
3613 : 3; 
3614 : 3; 
3615 : 3; 
3616 : 3; 
3617 : 3; 
3618 : 3; 
3619 : 3; 
3620 : 3; 
3621 : 3; 
3622 : 3; 
3623 : 3; 
3624 : 3; 
3625 : 3; 
3626 : 3; 
3627 : 3; 
3628 : 3; 
3629 : 3; 
3630 : 3; 
3631 : 3; 
3632 : 3; 
3633 : 3; 
3634 : 3; 
3635 : 3; 
3636 : 3; 
3637 : 3; 
3638 : 3; 
3639 : 3; 
3640 : 3; 
3641 : 3; 
3642 : 3; 
3643 : 3; 
3644 : 3; 
3645 : 3; 
3646 : 3; 
3647 : 3; 
3648 : 3; 
3649 : 3; 
3650 : 3; 
3651 : 3; 
3652 : 3; 
3653 : 3; 
3654 : 3; 
3655 : 3; 
3656 : 3; 
3657 : 3; 
3658 : 3; 
3659 : 3; 
3660 : 3; 
3661 : 3; 
3662 : 3; 
3663 : 3; 
3664 : 3; 
3665 : 3; 
3666 : 3; 
3667 : 3; 
3668 : 3; 
3669 : 3; 
3670 : 3; 
3671 : 3; 
3672 : 3; 
3673 : 3; 
3674 : 3; 
3675 : 3; 
3676 : 3; 
3677 : 3; 
3678 : 3; 
3679 : 3; 
3680 : 3; 
3681 : 3; 
3682 : 3; 
3683 : 3; 
3684 : 3; 
3685 : 3; 
3686 : 3; 
3687 : 3; 
3688 : 3; 
3689 : 3; 
3690 : 3; 
3691 : 3; 
3692 : 3; 
3693 : 3; 
3694 : 3; 
3695 : 3; 
3696 : 3; 
3697 : 3; 
3698 : 3; 
3699 : 3; 
3700 : 3; 
3701 : 3; 
3702 : 3; 
3703 : 3; 
3704 : 3; 
3705 : 3; 
3706 : 3; 
3707 : 3; 
3708 : 3; 
3709 : 3; 
3710 : 3; 
3711 : 3; 
3712 : 2; 
3713 : 0; 
3714 : 0; 
3715 : 0; 
3716 : 0; 
3717 : 0; 
3718 : 0; 
3719 : 0; 
3720 : 0; 
3721 : 0; 
3722 : 0; 
3723 : 0; 
3724 : 0; 
3725 : 0; 
3726 : 0; 
3727 : 0; 
3728 : 0; 
3729 : 0; 
3730 : 0; 
3731 : 0; 
3732 : 0; 
3733 : 0; 
3734 : 0; 
3735 : 0; 
3736 : 0; 
3737 : 0; 
3738 : 0; 
3739 : 0; 
3740 : 0; 
3741 : 0; 
3742 : 0; 
3743 : 0; 
3744 : 0; 
3745 : 0; 
3746 : 0; 
3747 : 0; 
3748 : 0; 
3749 : 0; 
3750 : 0; 
3751 : 0; 
3752 : 0; 
3753 : 0; 
3754 : 0; 
3755 : 0; 
3756 : 0; 
3757 : 0; 
3758 : 0; 
3759 : 0; 
3760 : 0; 
3761 : 0; 
3762 : 0; 
3763 : 0; 
3764 : 0; 
3765 : 0; 
3766 : 0; 
3767 : 0; 
3768 : 0; 
3769 : 0; 
3770 : 0; 
3771 : 0; 
3772 : 0; 
3773 : 0; 
3774 : 0; 
3775 : 0; 
3776 : 0; 
3777 : 0; 
3778 : 0; 
3779 : 0; 
3780 : 0; 
3781 : 0; 
3782 : 0; 
3783 : 0; 
3784 : 0; 
3785 : 0; 
3786 : 0; 
3787 : 0; 
3788 : 0; 
3789 : 0; 
3790 : 0; 
3791 : 0; 
3792 : 0; 
3793 : 0; 
3794 : 0; 
3795 : 0; 
3796 : 0; 
3797 : 0; 
3798 : 0; 
3799 : 0; 
3800 : 0; 
3801 : 0; 
3802 : 0; 
3803 : 0; 
3804 : 0; 
3805 : 0; 
3806 : 0; 
3807 : 0; 
3808 : 0; 
3809 : 0; 
3810 : 0; 
3811 : 0; 
3812 : 0; 
3813 : 0; 
3814 : 0; 
3815 : 0; 
3816 : 0; 
3817 : 0; 
3818 : 0; 
3819 : 0; 
3820 : 0; 
3821 : 0; 
3822 : 0; 
3823 : 0; 
3824 : 0; 
3825 : 0; 
3826 : 1; 
3827 : 1; 
3828 : 1; 
3829 : 1; 
3830 : 1; 
3831 : 1; 
3832 : 1; 
3833 : 1; 
3834 : 1; 
3835 : 1; 
3836 : 1; 
3837 : 1; 
3838 : 1; 
3839 : 1; 
3840 : 2; 
3841 : 2; 
3842 : 2; 
3843 : 2; 
3844 : 2; 
3845 : 2; 
3846 : 2; 
3847 : 2; 
3848 : 2; 
3849 : 2; 
3850 : 2; 
3851 : 2; 
3852 : 2; 
3853 : 2; 
3854 : 2; 
3855 : 3; 
3856 : 3; 
3857 : 3; 
3858 : 3; 
3859 : 3; 
3860 : 3; 
3861 : 3; 
3862 : 3; 
3863 : 3; 
3864 : 3; 
3865 : 3; 
3866 : 3; 
3867 : 3; 
3868 : 3; 
3869 : 3; 
3870 : 3; 
3871 : 3; 
3872 : 3; 
3873 : 3; 
3874 : 3; 
3875 : 3; 
3876 : 3; 
3877 : 3; 
3878 : 3; 
3879 : 3; 
3880 : 3; 
3881 : 3; 
3882 : 3; 
3883 : 3; 
3884 : 3; 
3885 : 3; 
3886 : 3; 
3887 : 3; 
3888 : 3; 
3889 : 3; 
3890 : 3; 
3891 : 3; 
3892 : 3; 
3893 : 3; 
3894 : 3; 
3895 : 3; 
3896 : 3; 
3897 : 3; 
3898 : 3; 
3899 : 3; 
3900 : 3; 
3901 : 3; 
3902 : 3; 
3903 : 3; 
3904 : 3; 
3905 : 3; 
3906 : 3; 
3907 : 3; 
3908 : 3; 
3909 : 3; 
3910 : 3; 
3911 : 3; 
3912 : 3; 
3913 : 3; 
3914 : 3; 
3915 : 3; 
3916 : 3; 
3917 : 3; 
3918 : 3; 
3919 : 3; 
3920 : 3; 
3921 : 3; 
3922 : 3; 
3923 : 3; 
3924 : 3; 
3925 : 3; 
3926 : 3; 
3927 : 3; 
3928 : 3; 
3929 : 3; 
3930 : 3; 
3931 : 3; 
3932 : 3; 
3933 : 3; 
3934 : 3; 
3935 : 3; 
3936 : 3; 
3937 : 3; 
3938 : 3; 
3939 : 3; 
3940 : 3; 
3941 : 3; 
3942 : 3; 
3943 : 3; 
3944 : 3; 
3945 : 3; 
3946 : 3; 
3947 : 3; 
3948 : 3; 
3949 : 3; 
3950 : 3; 
3951 : 3; 
3952 : 3; 
3953 : 3; 
3954 : 3; 
3955 : 3; 
3956 : 3; 
3957 : 3; 
3958 : 3; 
3959 : 3; 
3960 : 3; 
3961 : 3; 
3962 : 3; 
3963 : 3; 
3964 : 3; 
3965 : 3; 
3966 : 3; 
3967 : 3; 
3968 : 2; 
3969 : 0; 
3970 : 0; 
3971 : 0; 
3972 : 0; 
3973 : 0; 
3974 : 0; 
3975 : 0; 
3976 : 0; 
3977 : 0; 
3978 : 0; 
3979 : 0; 
3980 : 0; 
3981 : 0; 
3982 : 0; 
3983 : 0; 
3984 : 0; 
3985 : 0; 
3986 : 0; 
3987 : 0; 
3988 : 0; 
3989 : 0; 
3990 : 0; 
3991 : 0; 
3992 : 0; 
3993 : 0; 
3994 : 0; 
3995 : 0; 
3996 : 0; 
3997 : 0; 
3998 : 0; 
3999 : 0; 
4000 : 0; 
4001 : 0; 
4002 : 0; 
4003 : 0; 
4004 : 0; 
4005 : 0; 
4006 : 0; 
4007 : 0; 
4008 : 0; 
4009 : 0; 
4010 : 0; 
4011 : 0; 
4012 : 0; 
4013 : 0; 
4014 : 0; 
4015 : 0; 
4016 : 0; 
4017 : 0; 
4018 : 0; 
4019 : 0; 
4020 : 0; 
4021 : 0; 
4022 : 0; 
4023 : 0; 
4024 : 0; 
4025 : 0; 
4026 : 0; 
4027 : 0; 
4028 : 0; 
4029 : 0; 
4030 : 0; 
4031 : 0; 
4032 : 0; 
4033 : 0; 
4034 : 0; 
4035 : 0; 
4036 : 0; 
4037 : 0; 
4038 : 0; 
4039 : 0; 
4040 : 0; 
4041 : 0; 
4042 : 0; 
4043 : 0; 
4044 : 0; 
4045 : 0; 
4046 : 0; 
4047 : 0; 
4048 : 0; 
4049 : 0; 
4050 : 0; 
4051 : 0; 
4052 : 0; 
4053 : 0; 
4054 : 0; 
4055 : 0; 
4056 : 0; 
4057 : 0; 
4058 : 0; 
4059 : 0; 
4060 : 0; 
4061 : 0; 
4062 : 0; 
4063 : 0; 
4064 : 0; 
4065 : 0; 
4066 : 0; 
4067 : 0; 
4068 : 0; 
4069 : 0; 
4070 : 0; 
4071 : 0; 
4072 : 0; 
4073 : 0; 
4074 : 0; 
4075 : 0; 
4076 : 0; 
4077 : 0; 
4078 : 0; 
4079 : 0; 
4080 : 0; 
4081 : 1; 
4082 : 1; 
4083 : 1; 
4084 : 1; 
4085 : 1; 
4086 : 1; 
4087 : 1; 
4088 : 1; 
4089 : 1; 
4090 : 1; 
4091 : 1; 
4092 : 1; 
4093 : 1; 
4094 : 1; 
4095 : 1; 
4096 : 2; 
4097 : 2; 
4098 : 2; 
4099 : 2; 
4100 : 2; 
4101 : 2; 
4102 : 2; 
4103 : 2; 
4104 : 2; 
4105 : 2; 
4106 : 2; 
4107 : 2; 
4108 : 2; 
4109 : 2; 
4110 : 2; 
4111 : 2; 
4112 : 3; 
4113 : 3; 
4114 : 3; 
4115 : 3; 
4116 : 3; 
4117 : 3; 
4118 : 3; 
4119 : 3; 
4120 : 3; 
4121 : 3; 
4122 : 3; 
4123 : 3; 
4124 : 3; 
4125 : 3; 
4126 : 3; 
4127 : 3; 
4128 : 3; 
4129 : 3; 
4130 : 3; 
4131 : 3; 
4132 : 3; 
4133 : 3; 
4134 : 3; 
4135 : 3; 
4136 : 3; 
4137 : 3; 
4138 : 3; 
4139 : 3; 
4140 : 3; 
4141 : 3; 
4142 : 3; 
4143 : 3; 
4144 : 3; 
4145 : 3; 
4146 : 3; 
4147 : 3; 
4148 : 3; 
4149 : 3; 
4150 : 3; 
4151 : 3; 
4152 : 3; 
4153 : 3; 
4154 : 3; 
4155 : 3; 
4156 : 3; 
4157 : 3; 
4158 : 3; 
4159 : 3; 
4160 : 3; 
4161 : 3; 
4162 : 3; 
4163 : 3; 
4164 : 3; 
4165 : 3; 
4166 : 3; 
4167 : 3; 
4168 : 3; 
4169 : 3; 
4170 : 3; 
4171 : 3; 
4172 : 3; 
4173 : 3; 
4174 : 3; 
4175 : 3; 
4176 : 3; 
4177 : 3; 
4178 : 3; 
4179 : 3; 
4180 : 3; 
4181 : 3; 
4182 : 3; 
4183 : 3; 
4184 : 3; 
4185 : 3; 
4186 : 3; 
4187 : 3; 
4188 : 3; 
4189 : 3; 
4190 : 3; 
4191 : 3; 
4192 : 3; 
4193 : 3; 
4194 : 3; 
4195 : 3; 
4196 : 3; 
4197 : 3; 
4198 : 3; 
4199 : 3; 
4200 : 3; 
4201 : 3; 
4202 : 3; 
4203 : 3; 
4204 : 3; 
4205 : 3; 
4206 : 3; 
4207 : 3; 
4208 : 3; 
4209 : 3; 
4210 : 3; 
4211 : 3; 
4212 : 3; 
4213 : 3; 
4214 : 3; 
4215 : 3; 
4216 : 3; 
4217 : 3; 
4218 : 3; 
4219 : 3; 
4220 : 3; 
4221 : 3; 
4222 : 3; 
4223 : 3; 
4224 : 2; 
4225 : 0; 
4226 : 0; 
4227 : 0; 
4228 : 0; 
4229 : 0; 
4230 : 0; 
4231 : 0; 
4232 : 0; 
4233 : 0; 
4234 : 0; 
4235 : 0; 
4236 : 0; 
4237 : 0; 
4238 : 0; 
4239 : 0; 
4240 : 0; 
4241 : 0; 
4242 : 0; 
4243 : 0; 
4244 : 0; 
4245 : 0; 
4246 : 0; 
4247 : 0; 
4248 : 0; 
4249 : 0; 
4250 : 0; 
4251 : 0; 
4252 : 0; 
4253 : 0; 
4254 : 0; 
4255 : 0; 
4256 : 0; 
4257 : 0; 
4258 : 0; 
4259 : 0; 
4260 : 0; 
4261 : 0; 
4262 : 0; 
4263 : 0; 
4264 : 0; 
4265 : 0; 
4266 : 0; 
4267 : 0; 
4268 : 0; 
4269 : 0; 
4270 : 0; 
4271 : 0; 
4272 : 0; 
4273 : 0; 
4274 : 0; 
4275 : 0; 
4276 : 0; 
4277 : 0; 
4278 : 0; 
4279 : 0; 
4280 : 0; 
4281 : 0; 
4282 : 0; 
4283 : 0; 
4284 : 0; 
4285 : 0; 
4286 : 0; 
4287 : 0; 
4288 : 0; 
4289 : 0; 
4290 : 0; 
4291 : 0; 
4292 : 0; 
4293 : 0; 
4294 : 0; 
4295 : 0; 
4296 : 0; 
4297 : 0; 
4298 : 0; 
4299 : 0; 
4300 : 0; 
4301 : 0; 
4302 : 0; 
4303 : 0; 
4304 : 0; 
4305 : 0; 
4306 : 0; 
4307 : 0; 
4308 : 0; 
4309 : 0; 
4310 : 0; 
4311 : 0; 
4312 : 0; 
4313 : 0; 
4314 : 0; 
4315 : 0; 
4316 : 0; 
4317 : 0; 
4318 : 0; 
4319 : 0; 
4320 : 0; 
4321 : 0; 
4322 : 0; 
4323 : 0; 
4324 : 0; 
4325 : 0; 
4326 : 0; 
4327 : 0; 
4328 : 0; 
4329 : 0; 
4330 : 0; 
4331 : 0; 
4332 : 0; 
4333 : 0; 
4334 : 0; 
4335 : 0; 
4336 : 1; 
4337 : 1; 
4338 : 1; 
4339 : 1; 
4340 : 1; 
4341 : 1; 
4342 : 1; 
4343 : 1; 
4344 : 1; 
4345 : 1; 
4346 : 1; 
4347 : 1; 
4348 : 1; 
4349 : 1; 
4350 : 1; 
4351 : 1; 
4352 : 2; 
4353 : 2; 
4354 : 2; 
4355 : 2; 
4356 : 2; 
4357 : 2; 
4358 : 2; 
4359 : 2; 
4360 : 2; 
4361 : 2; 
4362 : 2; 
4363 : 2; 
4364 : 2; 
4365 : 2; 
4366 : 2; 
4367 : 2; 
4368 : 2; 
4369 : 3; 
4370 : 3; 
4371 : 3; 
4372 : 3; 
4373 : 3; 
4374 : 3; 
4375 : 3; 
4376 : 3; 
4377 : 3; 
4378 : 3; 
4379 : 3; 
4380 : 3; 
4381 : 3; 
4382 : 3; 
4383 : 3; 
4384 : 3; 
4385 : 3; 
4386 : 3; 
4387 : 3; 
4388 : 3; 
4389 : 3; 
4390 : 3; 
4391 : 3; 
4392 : 3; 
4393 : 3; 
4394 : 3; 
4395 : 3; 
4396 : 3; 
4397 : 3; 
4398 : 3; 
4399 : 3; 
4400 : 3; 
4401 : 3; 
4402 : 3; 
4403 : 3; 
4404 : 3; 
4405 : 3; 
4406 : 3; 
4407 : 3; 
4408 : 3; 
4409 : 3; 
4410 : 3; 
4411 : 3; 
4412 : 3; 
4413 : 3; 
4414 : 3; 
4415 : 3; 
4416 : 3; 
4417 : 3; 
4418 : 3; 
4419 : 3; 
4420 : 3; 
4421 : 3; 
4422 : 3; 
4423 : 3; 
4424 : 3; 
4425 : 3; 
4426 : 3; 
4427 : 3; 
4428 : 3; 
4429 : 3; 
4430 : 3; 
4431 : 3; 
4432 : 3; 
4433 : 3; 
4434 : 3; 
4435 : 3; 
4436 : 3; 
4437 : 3; 
4438 : 3; 
4439 : 3; 
4440 : 3; 
4441 : 3; 
4442 : 3; 
4443 : 3; 
4444 : 3; 
4445 : 3; 
4446 : 3; 
4447 : 3; 
4448 : 3; 
4449 : 3; 
4450 : 3; 
4451 : 3; 
4452 : 3; 
4453 : 3; 
4454 : 3; 
4455 : 3; 
4456 : 3; 
4457 : 3; 
4458 : 3; 
4459 : 3; 
4460 : 3; 
4461 : 3; 
4462 : 3; 
4463 : 3; 
4464 : 3; 
4465 : 3; 
4466 : 3; 
4467 : 3; 
4468 : 3; 
4469 : 3; 
4470 : 3; 
4471 : 3; 
4472 : 3; 
4473 : 3; 
4474 : 3; 
4475 : 3; 
4476 : 3; 
4477 : 3; 
4478 : 3; 
4479 : 3; 
4480 : 2; 
4481 : 0; 
4482 : 0; 
4483 : 0; 
4484 : 0; 
4485 : 0; 
4486 : 0; 
4487 : 0; 
4488 : 0; 
4489 : 0; 
4490 : 0; 
4491 : 0; 
4492 : 0; 
4493 : 0; 
4494 : 0; 
4495 : 0; 
4496 : 0; 
4497 : 0; 
4498 : 0; 
4499 : 0; 
4500 : 0; 
4501 : 0; 
4502 : 0; 
4503 : 0; 
4504 : 0; 
4505 : 0; 
4506 : 0; 
4507 : 0; 
4508 : 0; 
4509 : 0; 
4510 : 0; 
4511 : 0; 
4512 : 0; 
4513 : 0; 
4514 : 0; 
4515 : 0; 
4516 : 0; 
4517 : 0; 
4518 : 0; 
4519 : 0; 
4520 : 0; 
4521 : 0; 
4522 : 0; 
4523 : 0; 
4524 : 0; 
4525 : 0; 
4526 : 0; 
4527 : 0; 
4528 : 0; 
4529 : 0; 
4530 : 0; 
4531 : 0; 
4532 : 0; 
4533 : 0; 
4534 : 0; 
4535 : 0; 
4536 : 0; 
4537 : 0; 
4538 : 0; 
4539 : 0; 
4540 : 0; 
4541 : 0; 
4542 : 0; 
4543 : 0; 
4544 : 0; 
4545 : 0; 
4546 : 0; 
4547 : 0; 
4548 : 0; 
4549 : 0; 
4550 : 0; 
4551 : 0; 
4552 : 0; 
4553 : 0; 
4554 : 0; 
4555 : 0; 
4556 : 0; 
4557 : 0; 
4558 : 0; 
4559 : 0; 
4560 : 0; 
4561 : 0; 
4562 : 0; 
4563 : 0; 
4564 : 0; 
4565 : 0; 
4566 : 0; 
4567 : 0; 
4568 : 0; 
4569 : 0; 
4570 : 0; 
4571 : 0; 
4572 : 0; 
4573 : 0; 
4574 : 0; 
4575 : 0; 
4576 : 0; 
4577 : 0; 
4578 : 0; 
4579 : 0; 
4580 : 0; 
4581 : 0; 
4582 : 0; 
4583 : 0; 
4584 : 0; 
4585 : 0; 
4586 : 0; 
4587 : 0; 
4588 : 0; 
4589 : 0; 
4590 : 0; 
4591 : 1; 
4592 : 1; 
4593 : 1; 
4594 : 1; 
4595 : 1; 
4596 : 1; 
4597 : 1; 
4598 : 1; 
4599 : 1; 
4600 : 1; 
4601 : 1; 
4602 : 1; 
4603 : 1; 
4604 : 1; 
4605 : 1; 
4606 : 1; 
4607 : 1; 
4608 : 2; 
4609 : 2; 
4610 : 2; 
4611 : 2; 
4612 : 2; 
4613 : 2; 
4614 : 2; 
4615 : 2; 
4616 : 2; 
4617 : 2; 
4618 : 2; 
4619 : 2; 
4620 : 2; 
4621 : 2; 
4622 : 2; 
4623 : 2; 
4624 : 2; 
4625 : 2; 
4626 : 3; 
4627 : 3; 
4628 : 3; 
4629 : 3; 
4630 : 3; 
4631 : 3; 
4632 : 3; 
4633 : 3; 
4634 : 3; 
4635 : 3; 
4636 : 3; 
4637 : 3; 
4638 : 3; 
4639 : 3; 
4640 : 3; 
4641 : 3; 
4642 : 3; 
4643 : 3; 
4644 : 3; 
4645 : 3; 
4646 : 3; 
4647 : 3; 
4648 : 3; 
4649 : 3; 
4650 : 3; 
4651 : 3; 
4652 : 3; 
4653 : 3; 
4654 : 3; 
4655 : 3; 
4656 : 3; 
4657 : 3; 
4658 : 3; 
4659 : 3; 
4660 : 3; 
4661 : 3; 
4662 : 3; 
4663 : 3; 
4664 : 3; 
4665 : 3; 
4666 : 3; 
4667 : 3; 
4668 : 3; 
4669 : 3; 
4670 : 3; 
4671 : 3; 
4672 : 3; 
4673 : 3; 
4674 : 3; 
4675 : 3; 
4676 : 3; 
4677 : 3; 
4678 : 3; 
4679 : 3; 
4680 : 3; 
4681 : 3; 
4682 : 3; 
4683 : 3; 
4684 : 3; 
4685 : 3; 
4686 : 3; 
4687 : 3; 
4688 : 3; 
4689 : 3; 
4690 : 3; 
4691 : 3; 
4692 : 3; 
4693 : 3; 
4694 : 3; 
4695 : 3; 
4696 : 3; 
4697 : 3; 
4698 : 3; 
4699 : 3; 
4700 : 3; 
4701 : 3; 
4702 : 3; 
4703 : 3; 
4704 : 3; 
4705 : 3; 
4706 : 3; 
4707 : 3; 
4708 : 3; 
4709 : 3; 
4710 : 3; 
4711 : 3; 
4712 : 3; 
4713 : 3; 
4714 : 3; 
4715 : 3; 
4716 : 3; 
4717 : 3; 
4718 : 3; 
4719 : 3; 
4720 : 3; 
4721 : 3; 
4722 : 3; 
4723 : 3; 
4724 : 3; 
4725 : 3; 
4726 : 3; 
4727 : 3; 
4728 : 3; 
4729 : 3; 
4730 : 3; 
4731 : 3; 
4732 : 3; 
4733 : 3; 
4734 : 3; 
4735 : 3; 
4736 : 2; 
4737 : 0; 
4738 : 0; 
4739 : 0; 
4740 : 0; 
4741 : 0; 
4742 : 0; 
4743 : 0; 
4744 : 0; 
4745 : 0; 
4746 : 0; 
4747 : 0; 
4748 : 0; 
4749 : 0; 
4750 : 0; 
4751 : 0; 
4752 : 0; 
4753 : 0; 
4754 : 0; 
4755 : 0; 
4756 : 0; 
4757 : 0; 
4758 : 0; 
4759 : 0; 
4760 : 0; 
4761 : 0; 
4762 : 0; 
4763 : 0; 
4764 : 0; 
4765 : 0; 
4766 : 0; 
4767 : 0; 
4768 : 0; 
4769 : 0; 
4770 : 0; 
4771 : 0; 
4772 : 0; 
4773 : 0; 
4774 : 0; 
4775 : 0; 
4776 : 0; 
4777 : 0; 
4778 : 0; 
4779 : 0; 
4780 : 0; 
4781 : 0; 
4782 : 0; 
4783 : 0; 
4784 : 0; 
4785 : 0; 
4786 : 0; 
4787 : 0; 
4788 : 0; 
4789 : 0; 
4790 : 0; 
4791 : 0; 
4792 : 0; 
4793 : 0; 
4794 : 0; 
4795 : 0; 
4796 : 0; 
4797 : 0; 
4798 : 0; 
4799 : 0; 
4800 : 0; 
4801 : 0; 
4802 : 0; 
4803 : 0; 
4804 : 0; 
4805 : 0; 
4806 : 0; 
4807 : 0; 
4808 : 0; 
4809 : 0; 
4810 : 0; 
4811 : 0; 
4812 : 0; 
4813 : 0; 
4814 : 0; 
4815 : 0; 
4816 : 0; 
4817 : 0; 
4818 : 0; 
4819 : 0; 
4820 : 0; 
4821 : 0; 
4822 : 0; 
4823 : 0; 
4824 : 0; 
4825 : 0; 
4826 : 0; 
4827 : 0; 
4828 : 0; 
4829 : 0; 
4830 : 0; 
4831 : 0; 
4832 : 0; 
4833 : 0; 
4834 : 0; 
4835 : 0; 
4836 : 0; 
4837 : 0; 
4838 : 0; 
4839 : 0; 
4840 : 0; 
4841 : 0; 
4842 : 0; 
4843 : 0; 
4844 : 0; 
4845 : 0; 
4846 : 1; 
4847 : 1; 
4848 : 1; 
4849 : 1; 
4850 : 1; 
4851 : 1; 
4852 : 1; 
4853 : 1; 
4854 : 1; 
4855 : 1; 
4856 : 1; 
4857 : 1; 
4858 : 1; 
4859 : 1; 
4860 : 1; 
4861 : 1; 
4862 : 1; 
4863 : 1; 
4864 : 2; 
4865 : 2; 
4866 : 2; 
4867 : 2; 
4868 : 2; 
4869 : 2; 
4870 : 2; 
4871 : 2; 
4872 : 2; 
4873 : 2; 
4874 : 2; 
4875 : 2; 
4876 : 2; 
4877 : 2; 
4878 : 2; 
4879 : 2; 
4880 : 2; 
4881 : 2; 
4882 : 2; 
4883 : 3; 
4884 : 3; 
4885 : 3; 
4886 : 3; 
4887 : 3; 
4888 : 3; 
4889 : 3; 
4890 : 3; 
4891 : 3; 
4892 : 3; 
4893 : 3; 
4894 : 3; 
4895 : 3; 
4896 : 3; 
4897 : 3; 
4898 : 3; 
4899 : 3; 
4900 : 3; 
4901 : 3; 
4902 : 3; 
4903 : 3; 
4904 : 3; 
4905 : 3; 
4906 : 3; 
4907 : 3; 
4908 : 3; 
4909 : 3; 
4910 : 3; 
4911 : 3; 
4912 : 3; 
4913 : 3; 
4914 : 3; 
4915 : 3; 
4916 : 3; 
4917 : 3; 
4918 : 3; 
4919 : 3; 
4920 : 3; 
4921 : 3; 
4922 : 3; 
4923 : 3; 
4924 : 3; 
4925 : 3; 
4926 : 3; 
4927 : 3; 
4928 : 3; 
4929 : 3; 
4930 : 3; 
4931 : 3; 
4932 : 3; 
4933 : 3; 
4934 : 3; 
4935 : 3; 
4936 : 3; 
4937 : 3; 
4938 : 3; 
4939 : 3; 
4940 : 3; 
4941 : 3; 
4942 : 3; 
4943 : 3; 
4944 : 3; 
4945 : 3; 
4946 : 3; 
4947 : 3; 
4948 : 3; 
4949 : 3; 
4950 : 3; 
4951 : 3; 
4952 : 3; 
4953 : 3; 
4954 : 3; 
4955 : 3; 
4956 : 3; 
4957 : 3; 
4958 : 3; 
4959 : 3; 
4960 : 3; 
4961 : 3; 
4962 : 3; 
4963 : 3; 
4964 : 3; 
4965 : 3; 
4966 : 3; 
4967 : 3; 
4968 : 3; 
4969 : 3; 
4970 : 3; 
4971 : 3; 
4972 : 3; 
4973 : 3; 
4974 : 3; 
4975 : 3; 
4976 : 3; 
4977 : 3; 
4978 : 3; 
4979 : 3; 
4980 : 3; 
4981 : 3; 
4982 : 3; 
4983 : 3; 
4984 : 3; 
4985 : 3; 
4986 : 3; 
4987 : 3; 
4988 : 3; 
4989 : 3; 
4990 : 3; 
4991 : 3; 
4992 : 2; 
4993 : 0; 
4994 : 0; 
4995 : 0; 
4996 : 0; 
4997 : 0; 
4998 : 0; 
4999 : 0; 
5000 : 0; 
5001 : 0; 
5002 : 0; 
5003 : 0; 
5004 : 0; 
5005 : 0; 
5006 : 0; 
5007 : 0; 
5008 : 0; 
5009 : 0; 
5010 : 0; 
5011 : 0; 
5012 : 0; 
5013 : 0; 
5014 : 0; 
5015 : 0; 
5016 : 0; 
5017 : 0; 
5018 : 0; 
5019 : 0; 
5020 : 0; 
5021 : 0; 
5022 : 0; 
5023 : 0; 
5024 : 0; 
5025 : 0; 
5026 : 0; 
5027 : 0; 
5028 : 0; 
5029 : 0; 
5030 : 0; 
5031 : 0; 
5032 : 0; 
5033 : 0; 
5034 : 0; 
5035 : 0; 
5036 : 0; 
5037 : 0; 
5038 : 0; 
5039 : 0; 
5040 : 0; 
5041 : 0; 
5042 : 0; 
5043 : 0; 
5044 : 0; 
5045 : 0; 
5046 : 0; 
5047 : 0; 
5048 : 0; 
5049 : 0; 
5050 : 0; 
5051 : 0; 
5052 : 0; 
5053 : 0; 
5054 : 0; 
5055 : 0; 
5056 : 0; 
5057 : 0; 
5058 : 0; 
5059 : 0; 
5060 : 0; 
5061 : 0; 
5062 : 0; 
5063 : 0; 
5064 : 0; 
5065 : 0; 
5066 : 0; 
5067 : 0; 
5068 : 0; 
5069 : 0; 
5070 : 0; 
5071 : 0; 
5072 : 0; 
5073 : 0; 
5074 : 0; 
5075 : 0; 
5076 : 0; 
5077 : 0; 
5078 : 0; 
5079 : 0; 
5080 : 0; 
5081 : 0; 
5082 : 0; 
5083 : 0; 
5084 : 0; 
5085 : 0; 
5086 : 0; 
5087 : 0; 
5088 : 0; 
5089 : 0; 
5090 : 0; 
5091 : 0; 
5092 : 0; 
5093 : 0; 
5094 : 0; 
5095 : 0; 
5096 : 0; 
5097 : 0; 
5098 : 0; 
5099 : 0; 
5100 : 0; 
5101 : 1; 
5102 : 1; 
5103 : 1; 
5104 : 1; 
5105 : 1; 
5106 : 1; 
5107 : 1; 
5108 : 1; 
5109 : 1; 
5110 : 1; 
5111 : 1; 
5112 : 1; 
5113 : 1; 
5114 : 1; 
5115 : 1; 
5116 : 1; 
5117 : 1; 
5118 : 1; 
5119 : 1; 
5120 : 2; 
5121 : 2; 
5122 : 2; 
5123 : 2; 
5124 : 2; 
5125 : 2; 
5126 : 2; 
5127 : 2; 
5128 : 2; 
5129 : 2; 
5130 : 2; 
5131 : 2; 
5132 : 2; 
5133 : 2; 
5134 : 2; 
5135 : 2; 
5136 : 2; 
5137 : 2; 
5138 : 2; 
5139 : 2; 
5140 : 3; 
5141 : 3; 
5142 : 3; 
5143 : 3; 
5144 : 3; 
5145 : 3; 
5146 : 3; 
5147 : 3; 
5148 : 3; 
5149 : 3; 
5150 : 3; 
5151 : 3; 
5152 : 3; 
5153 : 3; 
5154 : 3; 
5155 : 3; 
5156 : 3; 
5157 : 3; 
5158 : 3; 
5159 : 3; 
5160 : 3; 
5161 : 3; 
5162 : 3; 
5163 : 3; 
5164 : 3; 
5165 : 3; 
5166 : 3; 
5167 : 3; 
5168 : 3; 
5169 : 3; 
5170 : 3; 
5171 : 3; 
5172 : 3; 
5173 : 3; 
5174 : 3; 
5175 : 3; 
5176 : 3; 
5177 : 3; 
5178 : 3; 
5179 : 3; 
5180 : 3; 
5181 : 3; 
5182 : 3; 
5183 : 3; 
5184 : 3; 
5185 : 3; 
5186 : 3; 
5187 : 3; 
5188 : 3; 
5189 : 3; 
5190 : 3; 
5191 : 3; 
5192 : 3; 
5193 : 3; 
5194 : 3; 
5195 : 3; 
5196 : 3; 
5197 : 3; 
5198 : 3; 
5199 : 3; 
5200 : 3; 
5201 : 3; 
5202 : 3; 
5203 : 3; 
5204 : 3; 
5205 : 3; 
5206 : 3; 
5207 : 3; 
5208 : 3; 
5209 : 3; 
5210 : 3; 
5211 : 3; 
5212 : 3; 
5213 : 3; 
5214 : 3; 
5215 : 3; 
5216 : 3; 
5217 : 3; 
5218 : 3; 
5219 : 3; 
5220 : 3; 
5221 : 3; 
5222 : 3; 
5223 : 3; 
5224 : 3; 
5225 : 3; 
5226 : 3; 
5227 : 3; 
5228 : 3; 
5229 : 3; 
5230 : 3; 
5231 : 3; 
5232 : 3; 
5233 : 3; 
5234 : 3; 
5235 : 3; 
5236 : 3; 
5237 : 3; 
5238 : 3; 
5239 : 3; 
5240 : 3; 
5241 : 3; 
5242 : 3; 
5243 : 3; 
5244 : 3; 
5245 : 3; 
5246 : 3; 
5247 : 3; 
5248 : 2; 
5249 : 0; 
5250 : 0; 
5251 : 0; 
5252 : 0; 
5253 : 0; 
5254 : 0; 
5255 : 0; 
5256 : 0; 
5257 : 0; 
5258 : 0; 
5259 : 0; 
5260 : 0; 
5261 : 0; 
5262 : 0; 
5263 : 0; 
5264 : 0; 
5265 : 0; 
5266 : 0; 
5267 : 0; 
5268 : 0; 
5269 : 0; 
5270 : 0; 
5271 : 0; 
5272 : 0; 
5273 : 0; 
5274 : 0; 
5275 : 0; 
5276 : 0; 
5277 : 0; 
5278 : 0; 
5279 : 0; 
5280 : 0; 
5281 : 0; 
5282 : 0; 
5283 : 0; 
5284 : 0; 
5285 : 0; 
5286 : 0; 
5287 : 0; 
5288 : 0; 
5289 : 0; 
5290 : 0; 
5291 : 0; 
5292 : 0; 
5293 : 0; 
5294 : 0; 
5295 : 0; 
5296 : 0; 
5297 : 0; 
5298 : 0; 
5299 : 0; 
5300 : 0; 
5301 : 0; 
5302 : 0; 
5303 : 0; 
5304 : 0; 
5305 : 0; 
5306 : 0; 
5307 : 0; 
5308 : 0; 
5309 : 0; 
5310 : 0; 
5311 : 0; 
5312 : 0; 
5313 : 0; 
5314 : 0; 
5315 : 0; 
5316 : 0; 
5317 : 0; 
5318 : 0; 
5319 : 0; 
5320 : 0; 
5321 : 0; 
5322 : 0; 
5323 : 0; 
5324 : 0; 
5325 : 0; 
5326 : 0; 
5327 : 0; 
5328 : 0; 
5329 : 0; 
5330 : 0; 
5331 : 0; 
5332 : 0; 
5333 : 0; 
5334 : 0; 
5335 : 0; 
5336 : 0; 
5337 : 0; 
5338 : 0; 
5339 : 0; 
5340 : 0; 
5341 : 0; 
5342 : 0; 
5343 : 0; 
5344 : 0; 
5345 : 0; 
5346 : 0; 
5347 : 0; 
5348 : 0; 
5349 : 0; 
5350 : 0; 
5351 : 0; 
5352 : 0; 
5353 : 0; 
5354 : 0; 
5355 : 0; 
5356 : 1; 
5357 : 1; 
5358 : 1; 
5359 : 1; 
5360 : 1; 
5361 : 1; 
5362 : 1; 
5363 : 1; 
5364 : 1; 
5365 : 1; 
5366 : 1; 
5367 : 1; 
5368 : 1; 
5369 : 1; 
5370 : 1; 
5371 : 1; 
5372 : 1; 
5373 : 1; 
5374 : 1; 
5375 : 1; 
5376 : 2; 
5377 : 2; 
5378 : 2; 
5379 : 2; 
5380 : 2; 
5381 : 2; 
5382 : 2; 
5383 : 2; 
5384 : 2; 
5385 : 2; 
5386 : 2; 
5387 : 2; 
5388 : 2; 
5389 : 2; 
5390 : 2; 
5391 : 2; 
5392 : 2; 
5393 : 2; 
5394 : 2; 
5395 : 2; 
5396 : 2; 
5397 : 3; 
5398 : 3; 
5399 : 3; 
5400 : 3; 
5401 : 3; 
5402 : 3; 
5403 : 3; 
5404 : 3; 
5405 : 3; 
5406 : 3; 
5407 : 3; 
5408 : 3; 
5409 : 3; 
5410 : 3; 
5411 : 3; 
5412 : 3; 
5413 : 3; 
5414 : 3; 
5415 : 3; 
5416 : 3; 
5417 : 3; 
5418 : 3; 
5419 : 3; 
5420 : 3; 
5421 : 3; 
5422 : 3; 
5423 : 3; 
5424 : 3; 
5425 : 3; 
5426 : 3; 
5427 : 3; 
5428 : 3; 
5429 : 3; 
5430 : 3; 
5431 : 3; 
5432 : 3; 
5433 : 3; 
5434 : 3; 
5435 : 3; 
5436 : 3; 
5437 : 3; 
5438 : 3; 
5439 : 3; 
5440 : 3; 
5441 : 3; 
5442 : 3; 
5443 : 3; 
5444 : 3; 
5445 : 3; 
5446 : 3; 
5447 : 3; 
5448 : 3; 
5449 : 3; 
5450 : 3; 
5451 : 3; 
5452 : 3; 
5453 : 3; 
5454 : 3; 
5455 : 3; 
5456 : 3; 
5457 : 3; 
5458 : 3; 
5459 : 3; 
5460 : 3; 
5461 : 3; 
5462 : 3; 
5463 : 3; 
5464 : 3; 
5465 : 3; 
5466 : 3; 
5467 : 3; 
5468 : 3; 
5469 : 3; 
5470 : 3; 
5471 : 3; 
5472 : 3; 
5473 : 3; 
5474 : 3; 
5475 : 3; 
5476 : 3; 
5477 : 3; 
5478 : 3; 
5479 : 3; 
5480 : 3; 
5481 : 3; 
5482 : 3; 
5483 : 3; 
5484 : 3; 
5485 : 3; 
5486 : 3; 
5487 : 3; 
5488 : 3; 
5489 : 3; 
5490 : 3; 
5491 : 3; 
5492 : 3; 
5493 : 3; 
5494 : 3; 
5495 : 3; 
5496 : 3; 
5497 : 3; 
5498 : 3; 
5499 : 3; 
5500 : 3; 
5501 : 3; 
5502 : 3; 
5503 : 3; 
5504 : 2; 
5505 : 0; 
5506 : 0; 
5507 : 0; 
5508 : 0; 
5509 : 0; 
5510 : 0; 
5511 : 0; 
5512 : 0; 
5513 : 0; 
5514 : 0; 
5515 : 0; 
5516 : 0; 
5517 : 0; 
5518 : 0; 
5519 : 0; 
5520 : 0; 
5521 : 0; 
5522 : 0; 
5523 : 0; 
5524 : 0; 
5525 : 0; 
5526 : 0; 
5527 : 0; 
5528 : 0; 
5529 : 0; 
5530 : 0; 
5531 : 0; 
5532 : 0; 
5533 : 0; 
5534 : 0; 
5535 : 0; 
5536 : 0; 
5537 : 0; 
5538 : 0; 
5539 : 0; 
5540 : 0; 
5541 : 0; 
5542 : 0; 
5543 : 0; 
5544 : 0; 
5545 : 0; 
5546 : 0; 
5547 : 0; 
5548 : 0; 
5549 : 0; 
5550 : 0; 
5551 : 0; 
5552 : 0; 
5553 : 0; 
5554 : 0; 
5555 : 0; 
5556 : 0; 
5557 : 0; 
5558 : 0; 
5559 : 0; 
5560 : 0; 
5561 : 0; 
5562 : 0; 
5563 : 0; 
5564 : 0; 
5565 : 0; 
5566 : 0; 
5567 : 0; 
5568 : 0; 
5569 : 0; 
5570 : 0; 
5571 : 0; 
5572 : 0; 
5573 : 0; 
5574 : 0; 
5575 : 0; 
5576 : 0; 
5577 : 0; 
5578 : 0; 
5579 : 0; 
5580 : 0; 
5581 : 0; 
5582 : 0; 
5583 : 0; 
5584 : 0; 
5585 : 0; 
5586 : 0; 
5587 : 0; 
5588 : 0; 
5589 : 0; 
5590 : 0; 
5591 : 0; 
5592 : 0; 
5593 : 0; 
5594 : 0; 
5595 : 0; 
5596 : 0; 
5597 : 0; 
5598 : 0; 
5599 : 0; 
5600 : 0; 
5601 : 0; 
5602 : 0; 
5603 : 0; 
5604 : 0; 
5605 : 0; 
5606 : 0; 
5607 : 0; 
5608 : 0; 
5609 : 0; 
5610 : 0; 
5611 : 1; 
5612 : 1; 
5613 : 1; 
5614 : 1; 
5615 : 1; 
5616 : 1; 
5617 : 1; 
5618 : 1; 
5619 : 1; 
5620 : 1; 
5621 : 1; 
5622 : 1; 
5623 : 1; 
5624 : 1; 
5625 : 1; 
5626 : 1; 
5627 : 1; 
5628 : 1; 
5629 : 1; 
5630 : 1; 
5631 : 1; 
5632 : 2; 
5633 : 2; 
5634 : 2; 
5635 : 2; 
5636 : 2; 
5637 : 2; 
5638 : 2; 
5639 : 2; 
5640 : 2; 
5641 : 2; 
5642 : 2; 
5643 : 2; 
5644 : 2; 
5645 : 2; 
5646 : 2; 
5647 : 2; 
5648 : 2; 
5649 : 2; 
5650 : 2; 
5651 : 2; 
5652 : 2; 
5653 : 2; 
5654 : 3; 
5655 : 3; 
5656 : 3; 
5657 : 3; 
5658 : 3; 
5659 : 3; 
5660 : 3; 
5661 : 3; 
5662 : 3; 
5663 : 3; 
5664 : 3; 
5665 : 3; 
5666 : 3; 
5667 : 3; 
5668 : 3; 
5669 : 3; 
5670 : 3; 
5671 : 3; 
5672 : 3; 
5673 : 3; 
5674 : 3; 
5675 : 3; 
5676 : 3; 
5677 : 3; 
5678 : 3; 
5679 : 3; 
5680 : 3; 
5681 : 3; 
5682 : 3; 
5683 : 3; 
5684 : 3; 
5685 : 3; 
5686 : 3; 
5687 : 3; 
5688 : 3; 
5689 : 3; 
5690 : 3; 
5691 : 3; 
5692 : 3; 
5693 : 3; 
5694 : 3; 
5695 : 3; 
5696 : 3; 
5697 : 3; 
5698 : 3; 
5699 : 3; 
5700 : 3; 
5701 : 3; 
5702 : 3; 
5703 : 3; 
5704 : 3; 
5705 : 3; 
5706 : 3; 
5707 : 3; 
5708 : 3; 
5709 : 3; 
5710 : 3; 
5711 : 3; 
5712 : 3; 
5713 : 3; 
5714 : 3; 
5715 : 3; 
5716 : 3; 
5717 : 3; 
5718 : 3; 
5719 : 3; 
5720 : 3; 
5721 : 3; 
5722 : 3; 
5723 : 3; 
5724 : 3; 
5725 : 3; 
5726 : 3; 
5727 : 3; 
5728 : 3; 
5729 : 3; 
5730 : 3; 
5731 : 3; 
5732 : 3; 
5733 : 3; 
5734 : 3; 
5735 : 3; 
5736 : 3; 
5737 : 3; 
5738 : 3; 
5739 : 3; 
5740 : 3; 
5741 : 3; 
5742 : 3; 
5743 : 3; 
5744 : 3; 
5745 : 3; 
5746 : 3; 
5747 : 3; 
5748 : 3; 
5749 : 3; 
5750 : 3; 
5751 : 3; 
5752 : 3; 
5753 : 3; 
5754 : 3; 
5755 : 3; 
5756 : 3; 
5757 : 3; 
5758 : 3; 
5759 : 3; 
5760 : 2; 
5761 : 0; 
5762 : 0; 
5763 : 0; 
5764 : 0; 
5765 : 0; 
5766 : 0; 
5767 : 0; 
5768 : 0; 
5769 : 0; 
5770 : 0; 
5771 : 0; 
5772 : 0; 
5773 : 0; 
5774 : 0; 
5775 : 0; 
5776 : 0; 
5777 : 0; 
5778 : 0; 
5779 : 0; 
5780 : 0; 
5781 : 0; 
5782 : 0; 
5783 : 0; 
5784 : 0; 
5785 : 0; 
5786 : 0; 
5787 : 0; 
5788 : 0; 
5789 : 0; 
5790 : 0; 
5791 : 0; 
5792 : 0; 
5793 : 0; 
5794 : 0; 
5795 : 0; 
5796 : 0; 
5797 : 0; 
5798 : 0; 
5799 : 0; 
5800 : 0; 
5801 : 0; 
5802 : 0; 
5803 : 0; 
5804 : 0; 
5805 : 0; 
5806 : 0; 
5807 : 0; 
5808 : 0; 
5809 : 0; 
5810 : 0; 
5811 : 0; 
5812 : 0; 
5813 : 0; 
5814 : 0; 
5815 : 0; 
5816 : 0; 
5817 : 0; 
5818 : 0; 
5819 : 0; 
5820 : 0; 
5821 : 0; 
5822 : 0; 
5823 : 0; 
5824 : 0; 
5825 : 0; 
5826 : 0; 
5827 : 0; 
5828 : 0; 
5829 : 0; 
5830 : 0; 
5831 : 0; 
5832 : 0; 
5833 : 0; 
5834 : 0; 
5835 : 0; 
5836 : 0; 
5837 : 0; 
5838 : 0; 
5839 : 0; 
5840 : 0; 
5841 : 0; 
5842 : 0; 
5843 : 0; 
5844 : 0; 
5845 : 0; 
5846 : 0; 
5847 : 0; 
5848 : 0; 
5849 : 0; 
5850 : 0; 
5851 : 0; 
5852 : 0; 
5853 : 0; 
5854 : 0; 
5855 : 0; 
5856 : 0; 
5857 : 0; 
5858 : 0; 
5859 : 0; 
5860 : 0; 
5861 : 0; 
5862 : 0; 
5863 : 0; 
5864 : 0; 
5865 : 0; 
5866 : 1; 
5867 : 1; 
5868 : 1; 
5869 : 1; 
5870 : 1; 
5871 : 1; 
5872 : 1; 
5873 : 1; 
5874 : 1; 
5875 : 1; 
5876 : 1; 
5877 : 1; 
5878 : 1; 
5879 : 1; 
5880 : 1; 
5881 : 1; 
5882 : 1; 
5883 : 1; 
5884 : 1; 
5885 : 1; 
5886 : 1; 
5887 : 1; 
5888 : 2; 
5889 : 2; 
5890 : 2; 
5891 : 2; 
5892 : 2; 
5893 : 2; 
5894 : 2; 
5895 : 2; 
5896 : 2; 
5897 : 2; 
5898 : 2; 
5899 : 2; 
5900 : 2; 
5901 : 2; 
5902 : 2; 
5903 : 2; 
5904 : 2; 
5905 : 2; 
5906 : 2; 
5907 : 2; 
5908 : 2; 
5909 : 2; 
5910 : 2; 
5911 : 3; 
5912 : 3; 
5913 : 3; 
5914 : 3; 
5915 : 3; 
5916 : 3; 
5917 : 3; 
5918 : 3; 
5919 : 3; 
5920 : 3; 
5921 : 3; 
5922 : 3; 
5923 : 3; 
5924 : 3; 
5925 : 3; 
5926 : 3; 
5927 : 3; 
5928 : 3; 
5929 : 3; 
5930 : 3; 
5931 : 3; 
5932 : 3; 
5933 : 3; 
5934 : 3; 
5935 : 3; 
5936 : 3; 
5937 : 3; 
5938 : 3; 
5939 : 3; 
5940 : 3; 
5941 : 3; 
5942 : 3; 
5943 : 3; 
5944 : 3; 
5945 : 3; 
5946 : 3; 
5947 : 3; 
5948 : 3; 
5949 : 3; 
5950 : 3; 
5951 : 3; 
5952 : 3; 
5953 : 3; 
5954 : 3; 
5955 : 3; 
5956 : 3; 
5957 : 3; 
5958 : 3; 
5959 : 3; 
5960 : 3; 
5961 : 3; 
5962 : 3; 
5963 : 3; 
5964 : 3; 
5965 : 3; 
5966 : 3; 
5967 : 3; 
5968 : 3; 
5969 : 3; 
5970 : 3; 
5971 : 3; 
5972 : 3; 
5973 : 3; 
5974 : 3; 
5975 : 3; 
5976 : 3; 
5977 : 3; 
5978 : 3; 
5979 : 3; 
5980 : 3; 
5981 : 3; 
5982 : 3; 
5983 : 3; 
5984 : 3; 
5985 : 3; 
5986 : 3; 
5987 : 3; 
5988 : 3; 
5989 : 3; 
5990 : 3; 
5991 : 3; 
5992 : 3; 
5993 : 3; 
5994 : 3; 
5995 : 3; 
5996 : 3; 
5997 : 3; 
5998 : 3; 
5999 : 3; 
6000 : 3; 
6001 : 3; 
6002 : 3; 
6003 : 3; 
6004 : 3; 
6005 : 3; 
6006 : 3; 
6007 : 3; 
6008 : 3; 
6009 : 3; 
6010 : 3; 
6011 : 3; 
6012 : 3; 
6013 : 3; 
6014 : 3; 
6015 : 3; 
6016 : 2; 
6017 : 0; 
6018 : 0; 
6019 : 0; 
6020 : 0; 
6021 : 0; 
6022 : 0; 
6023 : 0; 
6024 : 0; 
6025 : 0; 
6026 : 0; 
6027 : 0; 
6028 : 0; 
6029 : 0; 
6030 : 0; 
6031 : 0; 
6032 : 0; 
6033 : 0; 
6034 : 0; 
6035 : 0; 
6036 : 0; 
6037 : 0; 
6038 : 0; 
6039 : 0; 
6040 : 0; 
6041 : 0; 
6042 : 0; 
6043 : 0; 
6044 : 0; 
6045 : 0; 
6046 : 0; 
6047 : 0; 
6048 : 0; 
6049 : 0; 
6050 : 0; 
6051 : 0; 
6052 : 0; 
6053 : 0; 
6054 : 0; 
6055 : 0; 
6056 : 0; 
6057 : 0; 
6058 : 0; 
6059 : 0; 
6060 : 0; 
6061 : 0; 
6062 : 0; 
6063 : 0; 
6064 : 0; 
6065 : 0; 
6066 : 0; 
6067 : 0; 
6068 : 0; 
6069 : 0; 
6070 : 0; 
6071 : 0; 
6072 : 0; 
6073 : 0; 
6074 : 0; 
6075 : 0; 
6076 : 0; 
6077 : 0; 
6078 : 0; 
6079 : 0; 
6080 : 0; 
6081 : 0; 
6082 : 0; 
6083 : 0; 
6084 : 0; 
6085 : 0; 
6086 : 0; 
6087 : 0; 
6088 : 0; 
6089 : 0; 
6090 : 0; 
6091 : 0; 
6092 : 0; 
6093 : 0; 
6094 : 0; 
6095 : 0; 
6096 : 0; 
6097 : 0; 
6098 : 0; 
6099 : 0; 
6100 : 0; 
6101 : 0; 
6102 : 0; 
6103 : 0; 
6104 : 0; 
6105 : 0; 
6106 : 0; 
6107 : 0; 
6108 : 0; 
6109 : 0; 
6110 : 0; 
6111 : 0; 
6112 : 0; 
6113 : 0; 
6114 : 0; 
6115 : 0; 
6116 : 0; 
6117 : 0; 
6118 : 0; 
6119 : 0; 
6120 : 0; 
6121 : 1; 
6122 : 1; 
6123 : 1; 
6124 : 1; 
6125 : 1; 
6126 : 1; 
6127 : 1; 
6128 : 1; 
6129 : 1; 
6130 : 1; 
6131 : 1; 
6132 : 1; 
6133 : 1; 
6134 : 1; 
6135 : 1; 
6136 : 1; 
6137 : 1; 
6138 : 1; 
6139 : 1; 
6140 : 1; 
6141 : 1; 
6142 : 1; 
6143 : 1; 
6144 : 2; 
6145 : 2; 
6146 : 2; 
6147 : 2; 
6148 : 2; 
6149 : 2; 
6150 : 2; 
6151 : 2; 
6152 : 2; 
6153 : 2; 
6154 : 2; 
6155 : 2; 
6156 : 2; 
6157 : 2; 
6158 : 2; 
6159 : 2; 
6160 : 2; 
6161 : 2; 
6162 : 2; 
6163 : 2; 
6164 : 2; 
6165 : 2; 
6166 : 2; 
6167 : 2; 
6168 : 3; 
6169 : 3; 
6170 : 3; 
6171 : 3; 
6172 : 3; 
6173 : 3; 
6174 : 3; 
6175 : 3; 
6176 : 3; 
6177 : 3; 
6178 : 3; 
6179 : 3; 
6180 : 3; 
6181 : 3; 
6182 : 3; 
6183 : 3; 
6184 : 3; 
6185 : 3; 
6186 : 3; 
6187 : 3; 
6188 : 3; 
6189 : 3; 
6190 : 3; 
6191 : 3; 
6192 : 3; 
6193 : 3; 
6194 : 3; 
6195 : 3; 
6196 : 3; 
6197 : 3; 
6198 : 3; 
6199 : 3; 
6200 : 3; 
6201 : 3; 
6202 : 3; 
6203 : 3; 
6204 : 3; 
6205 : 3; 
6206 : 3; 
6207 : 3; 
6208 : 3; 
6209 : 3; 
6210 : 3; 
6211 : 3; 
6212 : 3; 
6213 : 3; 
6214 : 3; 
6215 : 3; 
6216 : 3; 
6217 : 3; 
6218 : 3; 
6219 : 3; 
6220 : 3; 
6221 : 3; 
6222 : 3; 
6223 : 3; 
6224 : 3; 
6225 : 3; 
6226 : 3; 
6227 : 3; 
6228 : 3; 
6229 : 3; 
6230 : 3; 
6231 : 3; 
6232 : 3; 
6233 : 3; 
6234 : 3; 
6235 : 3; 
6236 : 3; 
6237 : 3; 
6238 : 3; 
6239 : 3; 
6240 : 3; 
6241 : 3; 
6242 : 3; 
6243 : 3; 
6244 : 3; 
6245 : 3; 
6246 : 3; 
6247 : 3; 
6248 : 3; 
6249 : 3; 
6250 : 3; 
6251 : 3; 
6252 : 3; 
6253 : 3; 
6254 : 3; 
6255 : 3; 
6256 : 3; 
6257 : 3; 
6258 : 3; 
6259 : 3; 
6260 : 3; 
6261 : 3; 
6262 : 3; 
6263 : 3; 
6264 : 3; 
6265 : 3; 
6266 : 3; 
6267 : 3; 
6268 : 3; 
6269 : 3; 
6270 : 3; 
6271 : 3; 
6272 : 2; 
6273 : 0; 
6274 : 0; 
6275 : 0; 
6276 : 0; 
6277 : 0; 
6278 : 0; 
6279 : 0; 
6280 : 0; 
6281 : 0; 
6282 : 0; 
6283 : 0; 
6284 : 0; 
6285 : 0; 
6286 : 0; 
6287 : 0; 
6288 : 0; 
6289 : 0; 
6290 : 0; 
6291 : 0; 
6292 : 0; 
6293 : 0; 
6294 : 0; 
6295 : 0; 
6296 : 0; 
6297 : 0; 
6298 : 0; 
6299 : 0; 
6300 : 0; 
6301 : 0; 
6302 : 0; 
6303 : 0; 
6304 : 0; 
6305 : 0; 
6306 : 0; 
6307 : 0; 
6308 : 0; 
6309 : 0; 
6310 : 0; 
6311 : 0; 
6312 : 0; 
6313 : 0; 
6314 : 0; 
6315 : 0; 
6316 : 0; 
6317 : 0; 
6318 : 0; 
6319 : 0; 
6320 : 0; 
6321 : 0; 
6322 : 0; 
6323 : 0; 
6324 : 0; 
6325 : 0; 
6326 : 0; 
6327 : 0; 
6328 : 0; 
6329 : 0; 
6330 : 0; 
6331 : 0; 
6332 : 0; 
6333 : 0; 
6334 : 0; 
6335 : 0; 
6336 : 0; 
6337 : 0; 
6338 : 0; 
6339 : 0; 
6340 : 0; 
6341 : 0; 
6342 : 0; 
6343 : 0; 
6344 : 0; 
6345 : 0; 
6346 : 0; 
6347 : 0; 
6348 : 0; 
6349 : 0; 
6350 : 0; 
6351 : 0; 
6352 : 0; 
6353 : 0; 
6354 : 0; 
6355 : 0; 
6356 : 0; 
6357 : 0; 
6358 : 0; 
6359 : 0; 
6360 : 0; 
6361 : 0; 
6362 : 0; 
6363 : 0; 
6364 : 0; 
6365 : 0; 
6366 : 0; 
6367 : 0; 
6368 : 0; 
6369 : 0; 
6370 : 0; 
6371 : 0; 
6372 : 0; 
6373 : 0; 
6374 : 0; 
6375 : 0; 
6376 : 1; 
6377 : 1; 
6378 : 1; 
6379 : 1; 
6380 : 1; 
6381 : 1; 
6382 : 1; 
6383 : 1; 
6384 : 1; 
6385 : 1; 
6386 : 1; 
6387 : 1; 
6388 : 1; 
6389 : 1; 
6390 : 1; 
6391 : 1; 
6392 : 1; 
6393 : 1; 
6394 : 1; 
6395 : 1; 
6396 : 1; 
6397 : 1; 
6398 : 1; 
6399 : 1; 
6400 : 2; 
6401 : 2; 
6402 : 2; 
6403 : 2; 
6404 : 2; 
6405 : 2; 
6406 : 2; 
6407 : 2; 
6408 : 2; 
6409 : 2; 
6410 : 2; 
6411 : 2; 
6412 : 2; 
6413 : 2; 
6414 : 2; 
6415 : 2; 
6416 : 2; 
6417 : 2; 
6418 : 2; 
6419 : 2; 
6420 : 2; 
6421 : 2; 
6422 : 2; 
6423 : 2; 
6424 : 2; 
6425 : 3; 
6426 : 3; 
6427 : 3; 
6428 : 3; 
6429 : 3; 
6430 : 3; 
6431 : 3; 
6432 : 3; 
6433 : 3; 
6434 : 3; 
6435 : 3; 
6436 : 3; 
6437 : 3; 
6438 : 3; 
6439 : 3; 
6440 : 3; 
6441 : 3; 
6442 : 3; 
6443 : 3; 
6444 : 3; 
6445 : 3; 
6446 : 3; 
6447 : 3; 
6448 : 3; 
6449 : 3; 
6450 : 3; 
6451 : 3; 
6452 : 3; 
6453 : 3; 
6454 : 3; 
6455 : 3; 
6456 : 3; 
6457 : 3; 
6458 : 3; 
6459 : 3; 
6460 : 3; 
6461 : 3; 
6462 : 3; 
6463 : 3; 
6464 : 3; 
6465 : 3; 
6466 : 3; 
6467 : 3; 
6468 : 3; 
6469 : 3; 
6470 : 3; 
6471 : 3; 
6472 : 3; 
6473 : 3; 
6474 : 3; 
6475 : 3; 
6476 : 3; 
6477 : 3; 
6478 : 3; 
6479 : 3; 
6480 : 3; 
6481 : 3; 
6482 : 3; 
6483 : 3; 
6484 : 3; 
6485 : 3; 
6486 : 3; 
6487 : 3; 
6488 : 3; 
6489 : 3; 
6490 : 3; 
6491 : 3; 
6492 : 3; 
6493 : 3; 
6494 : 3; 
6495 : 3; 
6496 : 3; 
6497 : 3; 
6498 : 3; 
6499 : 3; 
6500 : 3; 
6501 : 3; 
6502 : 3; 
6503 : 3; 
6504 : 3; 
6505 : 3; 
6506 : 3; 
6507 : 3; 
6508 : 3; 
6509 : 3; 
6510 : 3; 
6511 : 3; 
6512 : 3; 
6513 : 3; 
6514 : 3; 
6515 : 3; 
6516 : 3; 
6517 : 3; 
6518 : 3; 
6519 : 3; 
6520 : 3; 
6521 : 3; 
6522 : 3; 
6523 : 3; 
6524 : 3; 
6525 : 3; 
6526 : 3; 
6527 : 3; 
6528 : 2; 
6529 : 0; 
6530 : 0; 
6531 : 0; 
6532 : 0; 
6533 : 0; 
6534 : 0; 
6535 : 0; 
6536 : 0; 
6537 : 0; 
6538 : 0; 
6539 : 0; 
6540 : 0; 
6541 : 0; 
6542 : 0; 
6543 : 0; 
6544 : 0; 
6545 : 0; 
6546 : 0; 
6547 : 0; 
6548 : 0; 
6549 : 0; 
6550 : 0; 
6551 : 0; 
6552 : 0; 
6553 : 0; 
6554 : 0; 
6555 : 0; 
6556 : 0; 
6557 : 0; 
6558 : 0; 
6559 : 0; 
6560 : 0; 
6561 : 0; 
6562 : 0; 
6563 : 0; 
6564 : 0; 
6565 : 0; 
6566 : 0; 
6567 : 0; 
6568 : 0; 
6569 : 0; 
6570 : 0; 
6571 : 0; 
6572 : 0; 
6573 : 0; 
6574 : 0; 
6575 : 0; 
6576 : 0; 
6577 : 0; 
6578 : 0; 
6579 : 0; 
6580 : 0; 
6581 : 0; 
6582 : 0; 
6583 : 0; 
6584 : 0; 
6585 : 0; 
6586 : 0; 
6587 : 0; 
6588 : 0; 
6589 : 0; 
6590 : 0; 
6591 : 0; 
6592 : 0; 
6593 : 0; 
6594 : 0; 
6595 : 0; 
6596 : 0; 
6597 : 0; 
6598 : 0; 
6599 : 0; 
6600 : 0; 
6601 : 0; 
6602 : 0; 
6603 : 0; 
6604 : 0; 
6605 : 0; 
6606 : 0; 
6607 : 0; 
6608 : 0; 
6609 : 0; 
6610 : 0; 
6611 : 0; 
6612 : 0; 
6613 : 0; 
6614 : 0; 
6615 : 0; 
6616 : 0; 
6617 : 0; 
6618 : 0; 
6619 : 0; 
6620 : 0; 
6621 : 0; 
6622 : 0; 
6623 : 0; 
6624 : 0; 
6625 : 0; 
6626 : 0; 
6627 : 0; 
6628 : 0; 
6629 : 0; 
6630 : 0; 
6631 : 1; 
6632 : 1; 
6633 : 1; 
6634 : 1; 
6635 : 1; 
6636 : 1; 
6637 : 1; 
6638 : 1; 
6639 : 1; 
6640 : 1; 
6641 : 1; 
6642 : 1; 
6643 : 1; 
6644 : 1; 
6645 : 1; 
6646 : 1; 
6647 : 1; 
6648 : 1; 
6649 : 1; 
6650 : 1; 
6651 : 1; 
6652 : 1; 
6653 : 1; 
6654 : 1; 
6655 : 1; 
6656 : 2; 
6657 : 2; 
6658 : 2; 
6659 : 2; 
6660 : 2; 
6661 : 2; 
6662 : 2; 
6663 : 2; 
6664 : 2; 
6665 : 2; 
6666 : 2; 
6667 : 2; 
6668 : 2; 
6669 : 2; 
6670 : 2; 
6671 : 2; 
6672 : 2; 
6673 : 2; 
6674 : 2; 
6675 : 2; 
6676 : 2; 
6677 : 2; 
6678 : 2; 
6679 : 2; 
6680 : 2; 
6681 : 2; 
6682 : 3; 
6683 : 3; 
6684 : 3; 
6685 : 3; 
6686 : 3; 
6687 : 3; 
6688 : 3; 
6689 : 3; 
6690 : 3; 
6691 : 3; 
6692 : 3; 
6693 : 3; 
6694 : 3; 
6695 : 3; 
6696 : 3; 
6697 : 3; 
6698 : 3; 
6699 : 3; 
6700 : 3; 
6701 : 3; 
6702 : 3; 
6703 : 3; 
6704 : 3; 
6705 : 3; 
6706 : 3; 
6707 : 3; 
6708 : 3; 
6709 : 3; 
6710 : 3; 
6711 : 3; 
6712 : 3; 
6713 : 3; 
6714 : 3; 
6715 : 3; 
6716 : 3; 
6717 : 3; 
6718 : 3; 
6719 : 3; 
6720 : 3; 
6721 : 3; 
6722 : 3; 
6723 : 3; 
6724 : 3; 
6725 : 3; 
6726 : 3; 
6727 : 3; 
6728 : 3; 
6729 : 3; 
6730 : 3; 
6731 : 3; 
6732 : 3; 
6733 : 3; 
6734 : 3; 
6735 : 3; 
6736 : 3; 
6737 : 3; 
6738 : 3; 
6739 : 3; 
6740 : 3; 
6741 : 3; 
6742 : 3; 
6743 : 3; 
6744 : 3; 
6745 : 3; 
6746 : 3; 
6747 : 3; 
6748 : 3; 
6749 : 3; 
6750 : 3; 
6751 : 3; 
6752 : 3; 
6753 : 3; 
6754 : 3; 
6755 : 3; 
6756 : 3; 
6757 : 3; 
6758 : 3; 
6759 : 3; 
6760 : 3; 
6761 : 3; 
6762 : 3; 
6763 : 3; 
6764 : 3; 
6765 : 3; 
6766 : 3; 
6767 : 3; 
6768 : 3; 
6769 : 3; 
6770 : 3; 
6771 : 3; 
6772 : 3; 
6773 : 3; 
6774 : 3; 
6775 : 3; 
6776 : 3; 
6777 : 3; 
6778 : 3; 
6779 : 3; 
6780 : 3; 
6781 : 3; 
6782 : 3; 
6783 : 3; 
6784 : 2; 
6785 : 0; 
6786 : 0; 
6787 : 0; 
6788 : 0; 
6789 : 0; 
6790 : 0; 
6791 : 0; 
6792 : 0; 
6793 : 0; 
6794 : 0; 
6795 : 0; 
6796 : 0; 
6797 : 0; 
6798 : 0; 
6799 : 0; 
6800 : 0; 
6801 : 0; 
6802 : 0; 
6803 : 0; 
6804 : 0; 
6805 : 0; 
6806 : 0; 
6807 : 0; 
6808 : 0; 
6809 : 0; 
6810 : 0; 
6811 : 0; 
6812 : 0; 
6813 : 0; 
6814 : 0; 
6815 : 0; 
6816 : 0; 
6817 : 0; 
6818 : 0; 
6819 : 0; 
6820 : 0; 
6821 : 0; 
6822 : 0; 
6823 : 0; 
6824 : 0; 
6825 : 0; 
6826 : 0; 
6827 : 0; 
6828 : 0; 
6829 : 0; 
6830 : 0; 
6831 : 0; 
6832 : 0; 
6833 : 0; 
6834 : 0; 
6835 : 0; 
6836 : 0; 
6837 : 0; 
6838 : 0; 
6839 : 0; 
6840 : 0; 
6841 : 0; 
6842 : 0; 
6843 : 0; 
6844 : 0; 
6845 : 0; 
6846 : 0; 
6847 : 0; 
6848 : 0; 
6849 : 0; 
6850 : 0; 
6851 : 0; 
6852 : 0; 
6853 : 0; 
6854 : 0; 
6855 : 0; 
6856 : 0; 
6857 : 0; 
6858 : 0; 
6859 : 0; 
6860 : 0; 
6861 : 0; 
6862 : 0; 
6863 : 0; 
6864 : 0; 
6865 : 0; 
6866 : 0; 
6867 : 0; 
6868 : 0; 
6869 : 0; 
6870 : 0; 
6871 : 0; 
6872 : 0; 
6873 : 0; 
6874 : 0; 
6875 : 0; 
6876 : 0; 
6877 : 0; 
6878 : 0; 
6879 : 0; 
6880 : 0; 
6881 : 0; 
6882 : 0; 
6883 : 0; 
6884 : 0; 
6885 : 0; 
6886 : 1; 
6887 : 1; 
6888 : 1; 
6889 : 1; 
6890 : 1; 
6891 : 1; 
6892 : 1; 
6893 : 1; 
6894 : 1; 
6895 : 1; 
6896 : 1; 
6897 : 1; 
6898 : 1; 
6899 : 1; 
6900 : 1; 
6901 : 1; 
6902 : 1; 
6903 : 1; 
6904 : 1; 
6905 : 1; 
6906 : 1; 
6907 : 1; 
6908 : 1; 
6909 : 1; 
6910 : 1; 
6911 : 1; 
6912 : 2; 
6913 : 2; 
6914 : 2; 
6915 : 2; 
6916 : 2; 
6917 : 2; 
6918 : 2; 
6919 : 2; 
6920 : 2; 
6921 : 2; 
6922 : 2; 
6923 : 2; 
6924 : 2; 
6925 : 2; 
6926 : 2; 
6927 : 2; 
6928 : 2; 
6929 : 2; 
6930 : 2; 
6931 : 2; 
6932 : 2; 
6933 : 2; 
6934 : 2; 
6935 : 2; 
6936 : 2; 
6937 : 2; 
6938 : 2; 
6939 : 3; 
6940 : 3; 
6941 : 3; 
6942 : 3; 
6943 : 3; 
6944 : 3; 
6945 : 3; 
6946 : 3; 
6947 : 3; 
6948 : 3; 
6949 : 3; 
6950 : 3; 
6951 : 3; 
6952 : 3; 
6953 : 3; 
6954 : 3; 
6955 : 3; 
6956 : 3; 
6957 : 3; 
6958 : 3; 
6959 : 3; 
6960 : 3; 
6961 : 3; 
6962 : 3; 
6963 : 3; 
6964 : 3; 
6965 : 3; 
6966 : 3; 
6967 : 3; 
6968 : 3; 
6969 : 3; 
6970 : 3; 
6971 : 3; 
6972 : 3; 
6973 : 3; 
6974 : 3; 
6975 : 3; 
6976 : 3; 
6977 : 3; 
6978 : 3; 
6979 : 3; 
6980 : 3; 
6981 : 3; 
6982 : 3; 
6983 : 3; 
6984 : 3; 
6985 : 3; 
6986 : 3; 
6987 : 3; 
6988 : 3; 
6989 : 3; 
6990 : 3; 
6991 : 3; 
6992 : 3; 
6993 : 3; 
6994 : 3; 
6995 : 3; 
6996 : 3; 
6997 : 3; 
6998 : 3; 
6999 : 3; 
7000 : 3; 
7001 : 3; 
7002 : 3; 
7003 : 3; 
7004 : 3; 
7005 : 3; 
7006 : 3; 
7007 : 3; 
7008 : 3; 
7009 : 3; 
7010 : 3; 
7011 : 3; 
7012 : 3; 
7013 : 3; 
7014 : 3; 
7015 : 3; 
7016 : 3; 
7017 : 3; 
7018 : 3; 
7019 : 3; 
7020 : 3; 
7021 : 3; 
7022 : 3; 
7023 : 3; 
7024 : 3; 
7025 : 3; 
7026 : 3; 
7027 : 3; 
7028 : 3; 
7029 : 3; 
7030 : 3; 
7031 : 3; 
7032 : 3; 
7033 : 3; 
7034 : 3; 
7035 : 3; 
7036 : 3; 
7037 : 3; 
7038 : 3; 
7039 : 3; 
7040 : 2; 
7041 : 0; 
7042 : 0; 
7043 : 0; 
7044 : 0; 
7045 : 0; 
7046 : 0; 
7047 : 0; 
7048 : 0; 
7049 : 0; 
7050 : 0; 
7051 : 0; 
7052 : 0; 
7053 : 0; 
7054 : 0; 
7055 : 0; 
7056 : 0; 
7057 : 0; 
7058 : 0; 
7059 : 0; 
7060 : 0; 
7061 : 0; 
7062 : 0; 
7063 : 0; 
7064 : 0; 
7065 : 0; 
7066 : 0; 
7067 : 0; 
7068 : 0; 
7069 : 0; 
7070 : 0; 
7071 : 0; 
7072 : 0; 
7073 : 0; 
7074 : 0; 
7075 : 0; 
7076 : 0; 
7077 : 0; 
7078 : 0; 
7079 : 0; 
7080 : 0; 
7081 : 0; 
7082 : 0; 
7083 : 0; 
7084 : 0; 
7085 : 0; 
7086 : 0; 
7087 : 0; 
7088 : 0; 
7089 : 0; 
7090 : 0; 
7091 : 0; 
7092 : 0; 
7093 : 0; 
7094 : 0; 
7095 : 0; 
7096 : 0; 
7097 : 0; 
7098 : 0; 
7099 : 0; 
7100 : 0; 
7101 : 0; 
7102 : 0; 
7103 : 0; 
7104 : 0; 
7105 : 0; 
7106 : 0; 
7107 : 0; 
7108 : 0; 
7109 : 0; 
7110 : 0; 
7111 : 0; 
7112 : 0; 
7113 : 0; 
7114 : 0; 
7115 : 0; 
7116 : 0; 
7117 : 0; 
7118 : 0; 
7119 : 0; 
7120 : 0; 
7121 : 0; 
7122 : 0; 
7123 : 0; 
7124 : 0; 
7125 : 0; 
7126 : 0; 
7127 : 0; 
7128 : 0; 
7129 : 0; 
7130 : 0; 
7131 : 0; 
7132 : 0; 
7133 : 0; 
7134 : 0; 
7135 : 0; 
7136 : 0; 
7137 : 0; 
7138 : 0; 
7139 : 0; 
7140 : 0; 
7141 : 1; 
7142 : 1; 
7143 : 1; 
7144 : 1; 
7145 : 1; 
7146 : 1; 
7147 : 1; 
7148 : 1; 
7149 : 1; 
7150 : 1; 
7151 : 1; 
7152 : 1; 
7153 : 1; 
7154 : 1; 
7155 : 1; 
7156 : 1; 
7157 : 1; 
7158 : 1; 
7159 : 1; 
7160 : 1; 
7161 : 1; 
7162 : 1; 
7163 : 1; 
7164 : 1; 
7165 : 1; 
7166 : 1; 
7167 : 1; 
7168 : 2; 
7169 : 2; 
7170 : 2; 
7171 : 2; 
7172 : 2; 
7173 : 2; 
7174 : 2; 
7175 : 2; 
7176 : 2; 
7177 : 2; 
7178 : 2; 
7179 : 2; 
7180 : 2; 
7181 : 2; 
7182 : 2; 
7183 : 2; 
7184 : 2; 
7185 : 2; 
7186 : 2; 
7187 : 2; 
7188 : 2; 
7189 : 2; 
7190 : 2; 
7191 : 2; 
7192 : 2; 
7193 : 2; 
7194 : 2; 
7195 : 2; 
7196 : 3; 
7197 : 3; 
7198 : 3; 
7199 : 3; 
7200 : 3; 
7201 : 3; 
7202 : 3; 
7203 : 3; 
7204 : 3; 
7205 : 3; 
7206 : 3; 
7207 : 3; 
7208 : 3; 
7209 : 3; 
7210 : 3; 
7211 : 3; 
7212 : 3; 
7213 : 3; 
7214 : 3; 
7215 : 3; 
7216 : 3; 
7217 : 3; 
7218 : 3; 
7219 : 3; 
7220 : 3; 
7221 : 3; 
7222 : 3; 
7223 : 3; 
7224 : 3; 
7225 : 3; 
7226 : 3; 
7227 : 3; 
7228 : 3; 
7229 : 3; 
7230 : 3; 
7231 : 3; 
7232 : 3; 
7233 : 3; 
7234 : 3; 
7235 : 3; 
7236 : 3; 
7237 : 3; 
7238 : 3; 
7239 : 3; 
7240 : 3; 
7241 : 3; 
7242 : 3; 
7243 : 3; 
7244 : 3; 
7245 : 3; 
7246 : 3; 
7247 : 3; 
7248 : 3; 
7249 : 3; 
7250 : 3; 
7251 : 3; 
7252 : 3; 
7253 : 3; 
7254 : 3; 
7255 : 3; 
7256 : 3; 
7257 : 3; 
7258 : 3; 
7259 : 3; 
7260 : 3; 
7261 : 3; 
7262 : 3; 
7263 : 3; 
7264 : 3; 
7265 : 3; 
7266 : 3; 
7267 : 3; 
7268 : 3; 
7269 : 3; 
7270 : 3; 
7271 : 3; 
7272 : 3; 
7273 : 3; 
7274 : 3; 
7275 : 3; 
7276 : 3; 
7277 : 3; 
7278 : 3; 
7279 : 3; 
7280 : 3; 
7281 : 3; 
7282 : 3; 
7283 : 3; 
7284 : 3; 
7285 : 3; 
7286 : 3; 
7287 : 3; 
7288 : 3; 
7289 : 3; 
7290 : 3; 
7291 : 3; 
7292 : 3; 
7293 : 3; 
7294 : 3; 
7295 : 3; 
7296 : 2; 
7297 : 0; 
7298 : 0; 
7299 : 0; 
7300 : 0; 
7301 : 0; 
7302 : 0; 
7303 : 0; 
7304 : 0; 
7305 : 0; 
7306 : 0; 
7307 : 0; 
7308 : 0; 
7309 : 0; 
7310 : 0; 
7311 : 0; 
7312 : 0; 
7313 : 0; 
7314 : 0; 
7315 : 0; 
7316 : 0; 
7317 : 0; 
7318 : 0; 
7319 : 0; 
7320 : 0; 
7321 : 0; 
7322 : 0; 
7323 : 0; 
7324 : 0; 
7325 : 0; 
7326 : 0; 
7327 : 0; 
7328 : 0; 
7329 : 0; 
7330 : 0; 
7331 : 0; 
7332 : 0; 
7333 : 0; 
7334 : 0; 
7335 : 0; 
7336 : 0; 
7337 : 0; 
7338 : 0; 
7339 : 0; 
7340 : 0; 
7341 : 0; 
7342 : 0; 
7343 : 0; 
7344 : 0; 
7345 : 0; 
7346 : 0; 
7347 : 0; 
7348 : 0; 
7349 : 0; 
7350 : 0; 
7351 : 0; 
7352 : 0; 
7353 : 0; 
7354 : 0; 
7355 : 0; 
7356 : 0; 
7357 : 0; 
7358 : 0; 
7359 : 0; 
7360 : 0; 
7361 : 0; 
7362 : 0; 
7363 : 0; 
7364 : 0; 
7365 : 0; 
7366 : 0; 
7367 : 0; 
7368 : 0; 
7369 : 0; 
7370 : 0; 
7371 : 0; 
7372 : 0; 
7373 : 0; 
7374 : 0; 
7375 : 0; 
7376 : 0; 
7377 : 0; 
7378 : 0; 
7379 : 0; 
7380 : 0; 
7381 : 0; 
7382 : 0; 
7383 : 0; 
7384 : 0; 
7385 : 0; 
7386 : 0; 
7387 : 0; 
7388 : 0; 
7389 : 0; 
7390 : 0; 
7391 : 0; 
7392 : 0; 
7393 : 0; 
7394 : 0; 
7395 : 0; 
7396 : 1; 
7397 : 1; 
7398 : 1; 
7399 : 1; 
7400 : 1; 
7401 : 1; 
7402 : 1; 
7403 : 1; 
7404 : 1; 
7405 : 1; 
7406 : 1; 
7407 : 1; 
7408 : 1; 
7409 : 1; 
7410 : 1; 
7411 : 1; 
7412 : 1; 
7413 : 1; 
7414 : 1; 
7415 : 1; 
7416 : 1; 
7417 : 1; 
7418 : 1; 
7419 : 1; 
7420 : 1; 
7421 : 1; 
7422 : 1; 
7423 : 1; 
7424 : 2; 
7425 : 2; 
7426 : 2; 
7427 : 2; 
7428 : 2; 
7429 : 2; 
7430 : 2; 
7431 : 2; 
7432 : 2; 
7433 : 2; 
7434 : 2; 
7435 : 2; 
7436 : 2; 
7437 : 2; 
7438 : 2; 
7439 : 2; 
7440 : 2; 
7441 : 2; 
7442 : 2; 
7443 : 2; 
7444 : 2; 
7445 : 2; 
7446 : 2; 
7447 : 2; 
7448 : 2; 
7449 : 2; 
7450 : 2; 
7451 : 2; 
7452 : 2; 
7453 : 3; 
7454 : 3; 
7455 : 3; 
7456 : 3; 
7457 : 3; 
7458 : 3; 
7459 : 3; 
7460 : 3; 
7461 : 3; 
7462 : 3; 
7463 : 3; 
7464 : 3; 
7465 : 3; 
7466 : 3; 
7467 : 3; 
7468 : 3; 
7469 : 3; 
7470 : 3; 
7471 : 3; 
7472 : 3; 
7473 : 3; 
7474 : 3; 
7475 : 3; 
7476 : 3; 
7477 : 3; 
7478 : 3; 
7479 : 3; 
7480 : 3; 
7481 : 3; 
7482 : 3; 
7483 : 3; 
7484 : 3; 
7485 : 3; 
7486 : 3; 
7487 : 3; 
7488 : 3; 
7489 : 3; 
7490 : 3; 
7491 : 3; 
7492 : 3; 
7493 : 3; 
7494 : 3; 
7495 : 3; 
7496 : 3; 
7497 : 3; 
7498 : 3; 
7499 : 3; 
7500 : 3; 
7501 : 3; 
7502 : 3; 
7503 : 3; 
7504 : 3; 
7505 : 3; 
7506 : 3; 
7507 : 3; 
7508 : 3; 
7509 : 3; 
7510 : 3; 
7511 : 3; 
7512 : 3; 
7513 : 3; 
7514 : 3; 
7515 : 3; 
7516 : 3; 
7517 : 3; 
7518 : 3; 
7519 : 3; 
7520 : 3; 
7521 : 3; 
7522 : 3; 
7523 : 3; 
7524 : 3; 
7525 : 3; 
7526 : 3; 
7527 : 3; 
7528 : 3; 
7529 : 3; 
7530 : 3; 
7531 : 3; 
7532 : 3; 
7533 : 3; 
7534 : 3; 
7535 : 3; 
7536 : 3; 
7537 : 3; 
7538 : 3; 
7539 : 3; 
7540 : 3; 
7541 : 3; 
7542 : 3; 
7543 : 3; 
7544 : 3; 
7545 : 3; 
7546 : 3; 
7547 : 3; 
7548 : 3; 
7549 : 3; 
7550 : 3; 
7551 : 3; 
7552 : 2; 
7553 : 0; 
7554 : 0; 
7555 : 0; 
7556 : 0; 
7557 : 0; 
7558 : 0; 
7559 : 0; 
7560 : 0; 
7561 : 0; 
7562 : 0; 
7563 : 0; 
7564 : 0; 
7565 : 0; 
7566 : 0; 
7567 : 0; 
7568 : 0; 
7569 : 0; 
7570 : 0; 
7571 : 0; 
7572 : 0; 
7573 : 0; 
7574 : 0; 
7575 : 0; 
7576 : 0; 
7577 : 0; 
7578 : 0; 
7579 : 0; 
7580 : 0; 
7581 : 0; 
7582 : 0; 
7583 : 0; 
7584 : 0; 
7585 : 0; 
7586 : 0; 
7587 : 0; 
7588 : 0; 
7589 : 0; 
7590 : 0; 
7591 : 0; 
7592 : 0; 
7593 : 0; 
7594 : 0; 
7595 : 0; 
7596 : 0; 
7597 : 0; 
7598 : 0; 
7599 : 0; 
7600 : 0; 
7601 : 0; 
7602 : 0; 
7603 : 0; 
7604 : 0; 
7605 : 0; 
7606 : 0; 
7607 : 0; 
7608 : 0; 
7609 : 0; 
7610 : 0; 
7611 : 0; 
7612 : 0; 
7613 : 0; 
7614 : 0; 
7615 : 0; 
7616 : 0; 
7617 : 0; 
7618 : 0; 
7619 : 0; 
7620 : 0; 
7621 : 0; 
7622 : 0; 
7623 : 0; 
7624 : 0; 
7625 : 0; 
7626 : 0; 
7627 : 0; 
7628 : 0; 
7629 : 0; 
7630 : 0; 
7631 : 0; 
7632 : 0; 
7633 : 0; 
7634 : 0; 
7635 : 0; 
7636 : 0; 
7637 : 0; 
7638 : 0; 
7639 : 0; 
7640 : 0; 
7641 : 0; 
7642 : 0; 
7643 : 0; 
7644 : 0; 
7645 : 0; 
7646 : 0; 
7647 : 0; 
7648 : 0; 
7649 : 0; 
7650 : 0; 
7651 : 1; 
7652 : 1; 
7653 : 1; 
7654 : 1; 
7655 : 1; 
7656 : 1; 
7657 : 1; 
7658 : 1; 
7659 : 1; 
7660 : 1; 
7661 : 1; 
7662 : 1; 
7663 : 1; 
7664 : 1; 
7665 : 1; 
7666 : 1; 
7667 : 1; 
7668 : 1; 
7669 : 1; 
7670 : 1; 
7671 : 1; 
7672 : 1; 
7673 : 1; 
7674 : 1; 
7675 : 1; 
7676 : 1; 
7677 : 1; 
7678 : 1; 
7679 : 1; 
7680 : 2; 
7681 : 2; 
7682 : 2; 
7683 : 2; 
7684 : 2; 
7685 : 2; 
7686 : 2; 
7687 : 2; 
7688 : 2; 
7689 : 2; 
7690 : 2; 
7691 : 2; 
7692 : 2; 
7693 : 2; 
7694 : 2; 
7695 : 2; 
7696 : 2; 
7697 : 2; 
7698 : 2; 
7699 : 2; 
7700 : 2; 
7701 : 2; 
7702 : 2; 
7703 : 2; 
7704 : 2; 
7705 : 2; 
7706 : 2; 
7707 : 2; 
7708 : 2; 
7709 : 2; 
7710 : 3; 
7711 : 3; 
7712 : 3; 
7713 : 3; 
7714 : 3; 
7715 : 3; 
7716 : 3; 
7717 : 3; 
7718 : 3; 
7719 : 3; 
7720 : 3; 
7721 : 3; 
7722 : 3; 
7723 : 3; 
7724 : 3; 
7725 : 3; 
7726 : 3; 
7727 : 3; 
7728 : 3; 
7729 : 3; 
7730 : 3; 
7731 : 3; 
7732 : 3; 
7733 : 3; 
7734 : 3; 
7735 : 3; 
7736 : 3; 
7737 : 3; 
7738 : 3; 
7739 : 3; 
7740 : 3; 
7741 : 3; 
7742 : 3; 
7743 : 3; 
7744 : 3; 
7745 : 3; 
7746 : 3; 
7747 : 3; 
7748 : 3; 
7749 : 3; 
7750 : 3; 
7751 : 3; 
7752 : 3; 
7753 : 3; 
7754 : 3; 
7755 : 3; 
7756 : 3; 
7757 : 3; 
7758 : 3; 
7759 : 3; 
7760 : 3; 
7761 : 3; 
7762 : 3; 
7763 : 3; 
7764 : 3; 
7765 : 3; 
7766 : 3; 
7767 : 3; 
7768 : 3; 
7769 : 3; 
7770 : 3; 
7771 : 3; 
7772 : 3; 
7773 : 3; 
7774 : 3; 
7775 : 3; 
7776 : 3; 
7777 : 3; 
7778 : 3; 
7779 : 3; 
7780 : 3; 
7781 : 3; 
7782 : 3; 
7783 : 3; 
7784 : 3; 
7785 : 3; 
7786 : 3; 
7787 : 3; 
7788 : 3; 
7789 : 3; 
7790 : 3; 
7791 : 3; 
7792 : 3; 
7793 : 3; 
7794 : 3; 
7795 : 3; 
7796 : 3; 
7797 : 3; 
7798 : 3; 
7799 : 3; 
7800 : 3; 
7801 : 3; 
7802 : 3; 
7803 : 3; 
7804 : 3; 
7805 : 3; 
7806 : 3; 
7807 : 3; 
7808 : 2; 
7809 : 0; 
7810 : 0; 
7811 : 0; 
7812 : 0; 
7813 : 0; 
7814 : 0; 
7815 : 0; 
7816 : 0; 
7817 : 0; 
7818 : 0; 
7819 : 0; 
7820 : 0; 
7821 : 0; 
7822 : 0; 
7823 : 0; 
7824 : 0; 
7825 : 0; 
7826 : 0; 
7827 : 0; 
7828 : 0; 
7829 : 0; 
7830 : 0; 
7831 : 0; 
7832 : 0; 
7833 : 0; 
7834 : 0; 
7835 : 0; 
7836 : 0; 
7837 : 0; 
7838 : 0; 
7839 : 0; 
7840 : 0; 
7841 : 0; 
7842 : 0; 
7843 : 0; 
7844 : 0; 
7845 : 0; 
7846 : 0; 
7847 : 0; 
7848 : 0; 
7849 : 0; 
7850 : 0; 
7851 : 0; 
7852 : 0; 
7853 : 0; 
7854 : 0; 
7855 : 0; 
7856 : 0; 
7857 : 0; 
7858 : 0; 
7859 : 0; 
7860 : 0; 
7861 : 0; 
7862 : 0; 
7863 : 0; 
7864 : 0; 
7865 : 0; 
7866 : 0; 
7867 : 0; 
7868 : 0; 
7869 : 0; 
7870 : 0; 
7871 : 0; 
7872 : 0; 
7873 : 0; 
7874 : 0; 
7875 : 0; 
7876 : 0; 
7877 : 0; 
7878 : 0; 
7879 : 0; 
7880 : 0; 
7881 : 0; 
7882 : 0; 
7883 : 0; 
7884 : 0; 
7885 : 0; 
7886 : 0; 
7887 : 0; 
7888 : 0; 
7889 : 0; 
7890 : 0; 
7891 : 0; 
7892 : 0; 
7893 : 0; 
7894 : 0; 
7895 : 0; 
7896 : 0; 
7897 : 0; 
7898 : 0; 
7899 : 0; 
7900 : 0; 
7901 : 0; 
7902 : 0; 
7903 : 0; 
7904 : 0; 
7905 : 0; 
7906 : 1; 
7907 : 1; 
7908 : 1; 
7909 : 1; 
7910 : 1; 
7911 : 1; 
7912 : 1; 
7913 : 1; 
7914 : 1; 
7915 : 1; 
7916 : 1; 
7917 : 1; 
7918 : 1; 
7919 : 1; 
7920 : 1; 
7921 : 1; 
7922 : 1; 
7923 : 1; 
7924 : 1; 
7925 : 1; 
7926 : 1; 
7927 : 1; 
7928 : 1; 
7929 : 1; 
7930 : 1; 
7931 : 1; 
7932 : 1; 
7933 : 1; 
7934 : 1; 
7935 : 1; 
7936 : 2; 
7937 : 2; 
7938 : 2; 
7939 : 2; 
7940 : 2; 
7941 : 2; 
7942 : 2; 
7943 : 2; 
7944 : 2; 
7945 : 2; 
7946 : 2; 
7947 : 2; 
7948 : 2; 
7949 : 2; 
7950 : 2; 
7951 : 2; 
7952 : 2; 
7953 : 2; 
7954 : 2; 
7955 : 2; 
7956 : 2; 
7957 : 2; 
7958 : 2; 
7959 : 2; 
7960 : 2; 
7961 : 2; 
7962 : 2; 
7963 : 2; 
7964 : 2; 
7965 : 2; 
7966 : 2; 
7967 : 3; 
7968 : 3; 
7969 : 3; 
7970 : 3; 
7971 : 3; 
7972 : 3; 
7973 : 3; 
7974 : 3; 
7975 : 3; 
7976 : 3; 
7977 : 3; 
7978 : 3; 
7979 : 3; 
7980 : 3; 
7981 : 3; 
7982 : 3; 
7983 : 3; 
7984 : 3; 
7985 : 3; 
7986 : 3; 
7987 : 3; 
7988 : 3; 
7989 : 3; 
7990 : 3; 
7991 : 3; 
7992 : 3; 
7993 : 3; 
7994 : 3; 
7995 : 3; 
7996 : 3; 
7997 : 3; 
7998 : 3; 
7999 : 3; 
8000 : 3; 
8001 : 3; 
8002 : 3; 
8003 : 3; 
8004 : 3; 
8005 : 3; 
8006 : 3; 
8007 : 3; 
8008 : 3; 
8009 : 3; 
8010 : 3; 
8011 : 3; 
8012 : 3; 
8013 : 3; 
8014 : 3; 
8015 : 3; 
8016 : 3; 
8017 : 3; 
8018 : 3; 
8019 : 3; 
8020 : 3; 
8021 : 3; 
8022 : 3; 
8023 : 3; 
8024 : 3; 
8025 : 3; 
8026 : 3; 
8027 : 3; 
8028 : 3; 
8029 : 3; 
8030 : 3; 
8031 : 3; 
8032 : 3; 
8033 : 3; 
8034 : 3; 
8035 : 3; 
8036 : 3; 
8037 : 3; 
8038 : 3; 
8039 : 3; 
8040 : 3; 
8041 : 3; 
8042 : 3; 
8043 : 3; 
8044 : 3; 
8045 : 3; 
8046 : 3; 
8047 : 3; 
8048 : 3; 
8049 : 3; 
8050 : 3; 
8051 : 3; 
8052 : 3; 
8053 : 3; 
8054 : 3; 
8055 : 3; 
8056 : 3; 
8057 : 3; 
8058 : 3; 
8059 : 3; 
8060 : 3; 
8061 : 3; 
8062 : 3; 
8063 : 3; 
8064 : 2; 
8065 : 0; 
8066 : 0; 
8067 : 0; 
8068 : 0; 
8069 : 0; 
8070 : 0; 
8071 : 0; 
8072 : 0; 
8073 : 0; 
8074 : 0; 
8075 : 0; 
8076 : 0; 
8077 : 0; 
8078 : 0; 
8079 : 0; 
8080 : 0; 
8081 : 0; 
8082 : 0; 
8083 : 0; 
8084 : 0; 
8085 : 0; 
8086 : 0; 
8087 : 0; 
8088 : 0; 
8089 : 0; 
8090 : 0; 
8091 : 0; 
8092 : 0; 
8093 : 0; 
8094 : 0; 
8095 : 0; 
8096 : 0; 
8097 : 0; 
8098 : 0; 
8099 : 0; 
8100 : 0; 
8101 : 0; 
8102 : 0; 
8103 : 0; 
8104 : 0; 
8105 : 0; 
8106 : 0; 
8107 : 0; 
8108 : 0; 
8109 : 0; 
8110 : 0; 
8111 : 0; 
8112 : 0; 
8113 : 0; 
8114 : 0; 
8115 : 0; 
8116 : 0; 
8117 : 0; 
8118 : 0; 
8119 : 0; 
8120 : 0; 
8121 : 0; 
8122 : 0; 
8123 : 0; 
8124 : 0; 
8125 : 0; 
8126 : 0; 
8127 : 0; 
8128 : 0; 
8129 : 0; 
8130 : 0; 
8131 : 0; 
8132 : 0; 
8133 : 0; 
8134 : 0; 
8135 : 0; 
8136 : 0; 
8137 : 0; 
8138 : 0; 
8139 : 0; 
8140 : 0; 
8141 : 0; 
8142 : 0; 
8143 : 0; 
8144 : 0; 
8145 : 0; 
8146 : 0; 
8147 : 0; 
8148 : 0; 
8149 : 0; 
8150 : 0; 
8151 : 0; 
8152 : 0; 
8153 : 0; 
8154 : 0; 
8155 : 0; 
8156 : 0; 
8157 : 0; 
8158 : 0; 
8159 : 0; 
8160 : 0; 
8161 : 1; 
8162 : 1; 
8163 : 1; 
8164 : 1; 
8165 : 1; 
8166 : 1; 
8167 : 1; 
8168 : 1; 
8169 : 1; 
8170 : 1; 
8171 : 1; 
8172 : 1; 
8173 : 1; 
8174 : 1; 
8175 : 1; 
8176 : 1; 
8177 : 1; 
8178 : 1; 
8179 : 1; 
8180 : 1; 
8181 : 1; 
8182 : 1; 
8183 : 1; 
8184 : 1; 
8185 : 1; 
8186 : 1; 
8187 : 1; 
8188 : 1; 
8189 : 1; 
8190 : 1; 
8191 : 1; 
8192 : 2; 
8193 : 2; 
8194 : 2; 
8195 : 2; 
8196 : 2; 
8197 : 2; 
8198 : 2; 
8199 : 2; 
8200 : 2; 
8201 : 2; 
8202 : 2; 
8203 : 2; 
8204 : 2; 
8205 : 2; 
8206 : 2; 
8207 : 2; 
8208 : 2; 
8209 : 2; 
8210 : 2; 
8211 : 2; 
8212 : 2; 
8213 : 2; 
8214 : 2; 
8215 : 2; 
8216 : 2; 
8217 : 2; 
8218 : 2; 
8219 : 2; 
8220 : 2; 
8221 : 2; 
8222 : 2; 
8223 : 2; 
8224 : 3; 
8225 : 3; 
8226 : 3; 
8227 : 3; 
8228 : 3; 
8229 : 3; 
8230 : 3; 
8231 : 3; 
8232 : 3; 
8233 : 3; 
8234 : 3; 
8235 : 3; 
8236 : 3; 
8237 : 3; 
8238 : 3; 
8239 : 3; 
8240 : 3; 
8241 : 3; 
8242 : 3; 
8243 : 3; 
8244 : 3; 
8245 : 3; 
8246 : 3; 
8247 : 3; 
8248 : 3; 
8249 : 3; 
8250 : 3; 
8251 : 3; 
8252 : 3; 
8253 : 3; 
8254 : 3; 
8255 : 3; 
8256 : 3; 
8257 : 3; 
8258 : 3; 
8259 : 3; 
8260 : 3; 
8261 : 3; 
8262 : 3; 
8263 : 3; 
8264 : 3; 
8265 : 3; 
8266 : 3; 
8267 : 3; 
8268 : 3; 
8269 : 3; 
8270 : 3; 
8271 : 3; 
8272 : 3; 
8273 : 3; 
8274 : 3; 
8275 : 3; 
8276 : 3; 
8277 : 3; 
8278 : 3; 
8279 : 3; 
8280 : 3; 
8281 : 3; 
8282 : 3; 
8283 : 3; 
8284 : 3; 
8285 : 3; 
8286 : 3; 
8287 : 3; 
8288 : 3; 
8289 : 3; 
8290 : 3; 
8291 : 3; 
8292 : 3; 
8293 : 3; 
8294 : 3; 
8295 : 3; 
8296 : 3; 
8297 : 3; 
8298 : 3; 
8299 : 3; 
8300 : 3; 
8301 : 3; 
8302 : 3; 
8303 : 3; 
8304 : 3; 
8305 : 3; 
8306 : 3; 
8307 : 3; 
8308 : 3; 
8309 : 3; 
8310 : 3; 
8311 : 3; 
8312 : 3; 
8313 : 3; 
8314 : 3; 
8315 : 3; 
8316 : 3; 
8317 : 3; 
8318 : 3; 
8319 : 3; 
8320 : 2; 
8321 : 0; 
8322 : 0; 
8323 : 0; 
8324 : 0; 
8325 : 0; 
8326 : 0; 
8327 : 0; 
8328 : 0; 
8329 : 0; 
8330 : 0; 
8331 : 0; 
8332 : 0; 
8333 : 0; 
8334 : 0; 
8335 : 0; 
8336 : 0; 
8337 : 0; 
8338 : 0; 
8339 : 0; 
8340 : 0; 
8341 : 0; 
8342 : 0; 
8343 : 0; 
8344 : 0; 
8345 : 0; 
8346 : 0; 
8347 : 0; 
8348 : 0; 
8349 : 0; 
8350 : 0; 
8351 : 0; 
8352 : 0; 
8353 : 0; 
8354 : 0; 
8355 : 0; 
8356 : 0; 
8357 : 0; 
8358 : 0; 
8359 : 0; 
8360 : 0; 
8361 : 0; 
8362 : 0; 
8363 : 0; 
8364 : 0; 
8365 : 0; 
8366 : 0; 
8367 : 0; 
8368 : 0; 
8369 : 0; 
8370 : 0; 
8371 : 0; 
8372 : 0; 
8373 : 0; 
8374 : 0; 
8375 : 0; 
8376 : 0; 
8377 : 0; 
8378 : 0; 
8379 : 0; 
8380 : 0; 
8381 : 0; 
8382 : 0; 
8383 : 0; 
8384 : 0; 
8385 : 0; 
8386 : 0; 
8387 : 0; 
8388 : 0; 
8389 : 0; 
8390 : 0; 
8391 : 0; 
8392 : 0; 
8393 : 0; 
8394 : 0; 
8395 : 0; 
8396 : 0; 
8397 : 0; 
8398 : 0; 
8399 : 0; 
8400 : 0; 
8401 : 0; 
8402 : 0; 
8403 : 0; 
8404 : 0; 
8405 : 0; 
8406 : 0; 
8407 : 0; 
8408 : 0; 
8409 : 0; 
8410 : 0; 
8411 : 0; 
8412 : 0; 
8413 : 0; 
8414 : 0; 
8415 : 0; 
8416 : 1; 
8417 : 1; 
8418 : 1; 
8419 : 1; 
8420 : 1; 
8421 : 1; 
8422 : 1; 
8423 : 1; 
8424 : 1; 
8425 : 1; 
8426 : 1; 
8427 : 1; 
8428 : 1; 
8429 : 1; 
8430 : 1; 
8431 : 1; 
8432 : 1; 
8433 : 1; 
8434 : 1; 
8435 : 1; 
8436 : 1; 
8437 : 1; 
8438 : 1; 
8439 : 1; 
8440 : 1; 
8441 : 1; 
8442 : 1; 
8443 : 1; 
8444 : 1; 
8445 : 1; 
8446 : 1; 
8447 : 1; 
8448 : 2; 
8449 : 2; 
8450 : 2; 
8451 : 2; 
8452 : 2; 
8453 : 2; 
8454 : 2; 
8455 : 2; 
8456 : 2; 
8457 : 2; 
8458 : 2; 
8459 : 2; 
8460 : 2; 
8461 : 2; 
8462 : 2; 
8463 : 2; 
8464 : 2; 
8465 : 2; 
8466 : 2; 
8467 : 2; 
8468 : 2; 
8469 : 2; 
8470 : 2; 
8471 : 2; 
8472 : 2; 
8473 : 2; 
8474 : 2; 
8475 : 2; 
8476 : 2; 
8477 : 2; 
8478 : 2; 
8479 : 2; 
8480 : 2; 
8481 : 3; 
8482 : 3; 
8483 : 3; 
8484 : 3; 
8485 : 3; 
8486 : 3; 
8487 : 3; 
8488 : 3; 
8489 : 3; 
8490 : 3; 
8491 : 3; 
8492 : 3; 
8493 : 3; 
8494 : 3; 
8495 : 3; 
8496 : 3; 
8497 : 3; 
8498 : 3; 
8499 : 3; 
8500 : 3; 
8501 : 3; 
8502 : 3; 
8503 : 3; 
8504 : 3; 
8505 : 3; 
8506 : 3; 
8507 : 3; 
8508 : 3; 
8509 : 3; 
8510 : 3; 
8511 : 3; 
8512 : 3; 
8513 : 3; 
8514 : 3; 
8515 : 3; 
8516 : 3; 
8517 : 3; 
8518 : 3; 
8519 : 3; 
8520 : 3; 
8521 : 3; 
8522 : 3; 
8523 : 3; 
8524 : 3; 
8525 : 3; 
8526 : 3; 
8527 : 3; 
8528 : 3; 
8529 : 3; 
8530 : 3; 
8531 : 3; 
8532 : 3; 
8533 : 3; 
8534 : 3; 
8535 : 3; 
8536 : 3; 
8537 : 3; 
8538 : 3; 
8539 : 3; 
8540 : 3; 
8541 : 3; 
8542 : 3; 
8543 : 3; 
8544 : 3; 
8545 : 3; 
8546 : 3; 
8547 : 3; 
8548 : 3; 
8549 : 3; 
8550 : 3; 
8551 : 3; 
8552 : 3; 
8553 : 3; 
8554 : 3; 
8555 : 3; 
8556 : 3; 
8557 : 3; 
8558 : 3; 
8559 : 3; 
8560 : 3; 
8561 : 3; 
8562 : 3; 
8563 : 3; 
8564 : 3; 
8565 : 3; 
8566 : 3; 
8567 : 3; 
8568 : 3; 
8569 : 3; 
8570 : 3; 
8571 : 3; 
8572 : 3; 
8573 : 3; 
8574 : 3; 
8575 : 3; 
8576 : 2; 
8577 : 0; 
8578 : 0; 
8579 : 0; 
8580 : 0; 
8581 : 0; 
8582 : 0; 
8583 : 0; 
8584 : 0; 
8585 : 0; 
8586 : 0; 
8587 : 0; 
8588 : 0; 
8589 : 0; 
8590 : 0; 
8591 : 0; 
8592 : 0; 
8593 : 0; 
8594 : 0; 
8595 : 0; 
8596 : 0; 
8597 : 0; 
8598 : 0; 
8599 : 0; 
8600 : 0; 
8601 : 0; 
8602 : 0; 
8603 : 0; 
8604 : 0; 
8605 : 0; 
8606 : 0; 
8607 : 0; 
8608 : 0; 
8609 : 0; 
8610 : 0; 
8611 : 0; 
8612 : 0; 
8613 : 0; 
8614 : 0; 
8615 : 0; 
8616 : 0; 
8617 : 0; 
8618 : 0; 
8619 : 0; 
8620 : 0; 
8621 : 0; 
8622 : 0; 
8623 : 0; 
8624 : 0; 
8625 : 0; 
8626 : 0; 
8627 : 0; 
8628 : 0; 
8629 : 0; 
8630 : 0; 
8631 : 0; 
8632 : 0; 
8633 : 0; 
8634 : 0; 
8635 : 0; 
8636 : 0; 
8637 : 0; 
8638 : 0; 
8639 : 0; 
8640 : 0; 
8641 : 0; 
8642 : 0; 
8643 : 0; 
8644 : 0; 
8645 : 0; 
8646 : 0; 
8647 : 0; 
8648 : 0; 
8649 : 0; 
8650 : 0; 
8651 : 0; 
8652 : 0; 
8653 : 0; 
8654 : 0; 
8655 : 0; 
8656 : 0; 
8657 : 0; 
8658 : 0; 
8659 : 0; 
8660 : 0; 
8661 : 0; 
8662 : 0; 
8663 : 0; 
8664 : 0; 
8665 : 0; 
8666 : 0; 
8667 : 0; 
8668 : 0; 
8669 : 0; 
8670 : 0; 
8671 : 1; 
8672 : 1; 
8673 : 1; 
8674 : 1; 
8675 : 1; 
8676 : 1; 
8677 : 1; 
8678 : 1; 
8679 : 1; 
8680 : 1; 
8681 : 1; 
8682 : 1; 
8683 : 1; 
8684 : 1; 
8685 : 1; 
8686 : 1; 
8687 : 1; 
8688 : 1; 
8689 : 1; 
8690 : 1; 
8691 : 1; 
8692 : 1; 
8693 : 1; 
8694 : 1; 
8695 : 1; 
8696 : 1; 
8697 : 1; 
8698 : 1; 
8699 : 1; 
8700 : 1; 
8701 : 1; 
8702 : 1; 
8703 : 1; 
8704 : 2; 
8705 : 2; 
8706 : 2; 
8707 : 2; 
8708 : 2; 
8709 : 2; 
8710 : 2; 
8711 : 2; 
8712 : 2; 
8713 : 2; 
8714 : 2; 
8715 : 2; 
8716 : 2; 
8717 : 2; 
8718 : 2; 
8719 : 2; 
8720 : 2; 
8721 : 2; 
8722 : 2; 
8723 : 2; 
8724 : 2; 
8725 : 2; 
8726 : 2; 
8727 : 2; 
8728 : 2; 
8729 : 2; 
8730 : 2; 
8731 : 2; 
8732 : 2; 
8733 : 2; 
8734 : 2; 
8735 : 2; 
8736 : 2; 
8737 : 2; 
8738 : 3; 
8739 : 3; 
8740 : 3; 
8741 : 3; 
8742 : 3; 
8743 : 3; 
8744 : 3; 
8745 : 3; 
8746 : 3; 
8747 : 3; 
8748 : 3; 
8749 : 3; 
8750 : 3; 
8751 : 3; 
8752 : 3; 
8753 : 3; 
8754 : 3; 
8755 : 3; 
8756 : 3; 
8757 : 3; 
8758 : 3; 
8759 : 3; 
8760 : 3; 
8761 : 3; 
8762 : 3; 
8763 : 3; 
8764 : 3; 
8765 : 3; 
8766 : 3; 
8767 : 3; 
8768 : 3; 
8769 : 3; 
8770 : 3; 
8771 : 3; 
8772 : 3; 
8773 : 3; 
8774 : 3; 
8775 : 3; 
8776 : 3; 
8777 : 3; 
8778 : 3; 
8779 : 3; 
8780 : 3; 
8781 : 3; 
8782 : 3; 
8783 : 3; 
8784 : 3; 
8785 : 3; 
8786 : 3; 
8787 : 3; 
8788 : 3; 
8789 : 3; 
8790 : 3; 
8791 : 3; 
8792 : 3; 
8793 : 3; 
8794 : 3; 
8795 : 3; 
8796 : 3; 
8797 : 3; 
8798 : 3; 
8799 : 3; 
8800 : 3; 
8801 : 3; 
8802 : 3; 
8803 : 3; 
8804 : 3; 
8805 : 3; 
8806 : 3; 
8807 : 3; 
8808 : 3; 
8809 : 3; 
8810 : 3; 
8811 : 3; 
8812 : 3; 
8813 : 3; 
8814 : 3; 
8815 : 3; 
8816 : 3; 
8817 : 3; 
8818 : 3; 
8819 : 3; 
8820 : 3; 
8821 : 3; 
8822 : 3; 
8823 : 3; 
8824 : 3; 
8825 : 3; 
8826 : 3; 
8827 : 3; 
8828 : 3; 
8829 : 3; 
8830 : 3; 
8831 : 3; 
8832 : 2; 
8833 : 0; 
8834 : 0; 
8835 : 0; 
8836 : 0; 
8837 : 0; 
8838 : 0; 
8839 : 0; 
8840 : 0; 
8841 : 0; 
8842 : 0; 
8843 : 0; 
8844 : 0; 
8845 : 0; 
8846 : 0; 
8847 : 0; 
8848 : 0; 
8849 : 0; 
8850 : 0; 
8851 : 0; 
8852 : 0; 
8853 : 0; 
8854 : 0; 
8855 : 0; 
8856 : 0; 
8857 : 0; 
8858 : 0; 
8859 : 0; 
8860 : 0; 
8861 : 0; 
8862 : 0; 
8863 : 0; 
8864 : 0; 
8865 : 0; 
8866 : 0; 
8867 : 0; 
8868 : 0; 
8869 : 0; 
8870 : 0; 
8871 : 0; 
8872 : 0; 
8873 : 0; 
8874 : 0; 
8875 : 0; 
8876 : 0; 
8877 : 0; 
8878 : 0; 
8879 : 0; 
8880 : 0; 
8881 : 0; 
8882 : 0; 
8883 : 0; 
8884 : 0; 
8885 : 0; 
8886 : 0; 
8887 : 0; 
8888 : 0; 
8889 : 0; 
8890 : 0; 
8891 : 0; 
8892 : 0; 
8893 : 0; 
8894 : 0; 
8895 : 0; 
8896 : 0; 
8897 : 0; 
8898 : 0; 
8899 : 0; 
8900 : 0; 
8901 : 0; 
8902 : 0; 
8903 : 0; 
8904 : 0; 
8905 : 0; 
8906 : 0; 
8907 : 0; 
8908 : 0; 
8909 : 0; 
8910 : 0; 
8911 : 0; 
8912 : 0; 
8913 : 0; 
8914 : 0; 
8915 : 0; 
8916 : 0; 
8917 : 0; 
8918 : 0; 
8919 : 0; 
8920 : 0; 
8921 : 0; 
8922 : 0; 
8923 : 0; 
8924 : 0; 
8925 : 0; 
8926 : 1; 
8927 : 1; 
8928 : 1; 
8929 : 1; 
8930 : 1; 
8931 : 1; 
8932 : 1; 
8933 : 1; 
8934 : 1; 
8935 : 1; 
8936 : 1; 
8937 : 1; 
8938 : 1; 
8939 : 1; 
8940 : 1; 
8941 : 1; 
8942 : 1; 
8943 : 1; 
8944 : 1; 
8945 : 1; 
8946 : 1; 
8947 : 1; 
8948 : 1; 
8949 : 1; 
8950 : 1; 
8951 : 1; 
8952 : 1; 
8953 : 1; 
8954 : 1; 
8955 : 1; 
8956 : 1; 
8957 : 1; 
8958 : 1; 
8959 : 1; 
8960 : 2; 
8961 : 2; 
8962 : 2; 
8963 : 2; 
8964 : 2; 
8965 : 2; 
8966 : 2; 
8967 : 2; 
8968 : 2; 
8969 : 2; 
8970 : 2; 
8971 : 2; 
8972 : 2; 
8973 : 2; 
8974 : 2; 
8975 : 2; 
8976 : 2; 
8977 : 2; 
8978 : 2; 
8979 : 2; 
8980 : 2; 
8981 : 2; 
8982 : 2; 
8983 : 2; 
8984 : 2; 
8985 : 2; 
8986 : 2; 
8987 : 2; 
8988 : 2; 
8989 : 2; 
8990 : 2; 
8991 : 2; 
8992 : 2; 
8993 : 2; 
8994 : 2; 
8995 : 3; 
8996 : 3; 
8997 : 3; 
8998 : 3; 
8999 : 3; 
9000 : 3; 
9001 : 3; 
9002 : 3; 
9003 : 3; 
9004 : 3; 
9005 : 3; 
9006 : 3; 
9007 : 3; 
9008 : 3; 
9009 : 3; 
9010 : 3; 
9011 : 3; 
9012 : 3; 
9013 : 3; 
9014 : 3; 
9015 : 3; 
9016 : 3; 
9017 : 3; 
9018 : 3; 
9019 : 3; 
9020 : 3; 
9021 : 3; 
9022 : 3; 
9023 : 3; 
9024 : 3; 
9025 : 3; 
9026 : 3; 
9027 : 3; 
9028 : 3; 
9029 : 3; 
9030 : 3; 
9031 : 3; 
9032 : 3; 
9033 : 3; 
9034 : 3; 
9035 : 3; 
9036 : 3; 
9037 : 3; 
9038 : 3; 
9039 : 3; 
9040 : 3; 
9041 : 3; 
9042 : 3; 
9043 : 3; 
9044 : 3; 
9045 : 3; 
9046 : 3; 
9047 : 3; 
9048 : 3; 
9049 : 3; 
9050 : 3; 
9051 : 3; 
9052 : 3; 
9053 : 3; 
9054 : 3; 
9055 : 3; 
9056 : 3; 
9057 : 3; 
9058 : 3; 
9059 : 3; 
9060 : 3; 
9061 : 3; 
9062 : 3; 
9063 : 3; 
9064 : 3; 
9065 : 3; 
9066 : 3; 
9067 : 3; 
9068 : 3; 
9069 : 3; 
9070 : 3; 
9071 : 3; 
9072 : 3; 
9073 : 3; 
9074 : 3; 
9075 : 3; 
9076 : 3; 
9077 : 3; 
9078 : 3; 
9079 : 3; 
9080 : 3; 
9081 : 3; 
9082 : 3; 
9083 : 3; 
9084 : 3; 
9085 : 3; 
9086 : 3; 
9087 : 3; 
9088 : 2; 
9089 : 0; 
9090 : 0; 
9091 : 0; 
9092 : 0; 
9093 : 0; 
9094 : 0; 
9095 : 0; 
9096 : 0; 
9097 : 0; 
9098 : 0; 
9099 : 0; 
9100 : 0; 
9101 : 0; 
9102 : 0; 
9103 : 0; 
9104 : 0; 
9105 : 0; 
9106 : 0; 
9107 : 0; 
9108 : 0; 
9109 : 0; 
9110 : 0; 
9111 : 0; 
9112 : 0; 
9113 : 0; 
9114 : 0; 
9115 : 0; 
9116 : 0; 
9117 : 0; 
9118 : 0; 
9119 : 0; 
9120 : 0; 
9121 : 0; 
9122 : 0; 
9123 : 0; 
9124 : 0; 
9125 : 0; 
9126 : 0; 
9127 : 0; 
9128 : 0; 
9129 : 0; 
9130 : 0; 
9131 : 0; 
9132 : 0; 
9133 : 0; 
9134 : 0; 
9135 : 0; 
9136 : 0; 
9137 : 0; 
9138 : 0; 
9139 : 0; 
9140 : 0; 
9141 : 0; 
9142 : 0; 
9143 : 0; 
9144 : 0; 
9145 : 0; 
9146 : 0; 
9147 : 0; 
9148 : 0; 
9149 : 0; 
9150 : 0; 
9151 : 0; 
9152 : 0; 
9153 : 0; 
9154 : 0; 
9155 : 0; 
9156 : 0; 
9157 : 0; 
9158 : 0; 
9159 : 0; 
9160 : 0; 
9161 : 0; 
9162 : 0; 
9163 : 0; 
9164 : 0; 
9165 : 0; 
9166 : 0; 
9167 : 0; 
9168 : 0; 
9169 : 0; 
9170 : 0; 
9171 : 0; 
9172 : 0; 
9173 : 0; 
9174 : 0; 
9175 : 0; 
9176 : 0; 
9177 : 0; 
9178 : 0; 
9179 : 0; 
9180 : 0; 
9181 : 1; 
9182 : 1; 
9183 : 1; 
9184 : 1; 
9185 : 1; 
9186 : 1; 
9187 : 1; 
9188 : 1; 
9189 : 1; 
9190 : 1; 
9191 : 1; 
9192 : 1; 
9193 : 1; 
9194 : 1; 
9195 : 1; 
9196 : 1; 
9197 : 1; 
9198 : 1; 
9199 : 1; 
9200 : 1; 
9201 : 1; 
9202 : 1; 
9203 : 1; 
9204 : 1; 
9205 : 1; 
9206 : 1; 
9207 : 1; 
9208 : 1; 
9209 : 1; 
9210 : 1; 
9211 : 1; 
9212 : 1; 
9213 : 1; 
9214 : 1; 
9215 : 1; 
9216 : 2; 
9217 : 2; 
9218 : 2; 
9219 : 2; 
9220 : 2; 
9221 : 2; 
9222 : 2; 
9223 : 2; 
9224 : 2; 
9225 : 2; 
9226 : 2; 
9227 : 2; 
9228 : 2; 
9229 : 2; 
9230 : 2; 
9231 : 2; 
9232 : 2; 
9233 : 2; 
9234 : 2; 
9235 : 2; 
9236 : 2; 
9237 : 2; 
9238 : 2; 
9239 : 2; 
9240 : 2; 
9241 : 2; 
9242 : 2; 
9243 : 2; 
9244 : 2; 
9245 : 2; 
9246 : 2; 
9247 : 2; 
9248 : 2; 
9249 : 2; 
9250 : 2; 
9251 : 2; 
9252 : 3; 
9253 : 3; 
9254 : 3; 
9255 : 3; 
9256 : 3; 
9257 : 3; 
9258 : 3; 
9259 : 3; 
9260 : 3; 
9261 : 3; 
9262 : 3; 
9263 : 3; 
9264 : 3; 
9265 : 3; 
9266 : 3; 
9267 : 3; 
9268 : 3; 
9269 : 3; 
9270 : 3; 
9271 : 3; 
9272 : 3; 
9273 : 3; 
9274 : 3; 
9275 : 3; 
9276 : 3; 
9277 : 3; 
9278 : 3; 
9279 : 3; 
9280 : 3; 
9281 : 3; 
9282 : 3; 
9283 : 3; 
9284 : 3; 
9285 : 3; 
9286 : 3; 
9287 : 3; 
9288 : 3; 
9289 : 3; 
9290 : 3; 
9291 : 3; 
9292 : 3; 
9293 : 3; 
9294 : 3; 
9295 : 3; 
9296 : 3; 
9297 : 3; 
9298 : 3; 
9299 : 3; 
9300 : 3; 
9301 : 3; 
9302 : 3; 
9303 : 3; 
9304 : 3; 
9305 : 3; 
9306 : 3; 
9307 : 3; 
9308 : 3; 
9309 : 3; 
9310 : 3; 
9311 : 3; 
9312 : 3; 
9313 : 3; 
9314 : 3; 
9315 : 3; 
9316 : 3; 
9317 : 3; 
9318 : 3; 
9319 : 3; 
9320 : 3; 
9321 : 3; 
9322 : 3; 
9323 : 3; 
9324 : 3; 
9325 : 3; 
9326 : 3; 
9327 : 3; 
9328 : 3; 
9329 : 3; 
9330 : 3; 
9331 : 3; 
9332 : 3; 
9333 : 3; 
9334 : 3; 
9335 : 3; 
9336 : 3; 
9337 : 3; 
9338 : 3; 
9339 : 3; 
9340 : 3; 
9341 : 3; 
9342 : 3; 
9343 : 3; 
9344 : 2; 
9345 : 0; 
9346 : 0; 
9347 : 0; 
9348 : 0; 
9349 : 0; 
9350 : 0; 
9351 : 0; 
9352 : 0; 
9353 : 0; 
9354 : 0; 
9355 : 0; 
9356 : 0; 
9357 : 0; 
9358 : 0; 
9359 : 0; 
9360 : 0; 
9361 : 0; 
9362 : 0; 
9363 : 0; 
9364 : 0; 
9365 : 0; 
9366 : 0; 
9367 : 0; 
9368 : 0; 
9369 : 0; 
9370 : 0; 
9371 : 0; 
9372 : 0; 
9373 : 0; 
9374 : 0; 
9375 : 0; 
9376 : 0; 
9377 : 0; 
9378 : 0; 
9379 : 0; 
9380 : 0; 
9381 : 0; 
9382 : 0; 
9383 : 0; 
9384 : 0; 
9385 : 0; 
9386 : 0; 
9387 : 0; 
9388 : 0; 
9389 : 0; 
9390 : 0; 
9391 : 0; 
9392 : 0; 
9393 : 0; 
9394 : 0; 
9395 : 0; 
9396 : 0; 
9397 : 0; 
9398 : 0; 
9399 : 0; 
9400 : 0; 
9401 : 0; 
9402 : 0; 
9403 : 0; 
9404 : 0; 
9405 : 0; 
9406 : 0; 
9407 : 0; 
9408 : 0; 
9409 : 0; 
9410 : 0; 
9411 : 0; 
9412 : 0; 
9413 : 0; 
9414 : 0; 
9415 : 0; 
9416 : 0; 
9417 : 0; 
9418 : 0; 
9419 : 0; 
9420 : 0; 
9421 : 0; 
9422 : 0; 
9423 : 0; 
9424 : 0; 
9425 : 0; 
9426 : 0; 
9427 : 0; 
9428 : 0; 
9429 : 0; 
9430 : 0; 
9431 : 0; 
9432 : 0; 
9433 : 0; 
9434 : 0; 
9435 : 0; 
9436 : 1; 
9437 : 1; 
9438 : 1; 
9439 : 1; 
9440 : 1; 
9441 : 1; 
9442 : 1; 
9443 : 1; 
9444 : 1; 
9445 : 1; 
9446 : 1; 
9447 : 1; 
9448 : 1; 
9449 : 1; 
9450 : 1; 
9451 : 1; 
9452 : 1; 
9453 : 1; 
9454 : 1; 
9455 : 1; 
9456 : 1; 
9457 : 1; 
9458 : 1; 
9459 : 1; 
9460 : 1; 
9461 : 1; 
9462 : 1; 
9463 : 1; 
9464 : 1; 
9465 : 1; 
9466 : 1; 
9467 : 1; 
9468 : 1; 
9469 : 1; 
9470 : 1; 
9471 : 1; 
9472 : 2; 
9473 : 2; 
9474 : 2; 
9475 : 2; 
9476 : 2; 
9477 : 2; 
9478 : 2; 
9479 : 2; 
9480 : 2; 
9481 : 2; 
9482 : 2; 
9483 : 2; 
9484 : 2; 
9485 : 2; 
9486 : 2; 
9487 : 2; 
9488 : 2; 
9489 : 2; 
9490 : 2; 
9491 : 2; 
9492 : 2; 
9493 : 2; 
9494 : 2; 
9495 : 2; 
9496 : 2; 
9497 : 2; 
9498 : 2; 
9499 : 2; 
9500 : 2; 
9501 : 2; 
9502 : 2; 
9503 : 2; 
9504 : 2; 
9505 : 2; 
9506 : 2; 
9507 : 2; 
9508 : 2; 
9509 : 3; 
9510 : 3; 
9511 : 3; 
9512 : 3; 
9513 : 3; 
9514 : 3; 
9515 : 3; 
9516 : 3; 
9517 : 3; 
9518 : 3; 
9519 : 3; 
9520 : 3; 
9521 : 3; 
9522 : 3; 
9523 : 3; 
9524 : 3; 
9525 : 3; 
9526 : 3; 
9527 : 3; 
9528 : 3; 
9529 : 3; 
9530 : 3; 
9531 : 3; 
9532 : 3; 
9533 : 3; 
9534 : 3; 
9535 : 3; 
9536 : 3; 
9537 : 3; 
9538 : 3; 
9539 : 3; 
9540 : 3; 
9541 : 3; 
9542 : 3; 
9543 : 3; 
9544 : 3; 
9545 : 3; 
9546 : 3; 
9547 : 3; 
9548 : 3; 
9549 : 3; 
9550 : 3; 
9551 : 3; 
9552 : 3; 
9553 : 3; 
9554 : 3; 
9555 : 3; 
9556 : 3; 
9557 : 3; 
9558 : 3; 
9559 : 3; 
9560 : 3; 
9561 : 3; 
9562 : 3; 
9563 : 3; 
9564 : 3; 
9565 : 3; 
9566 : 3; 
9567 : 3; 
9568 : 3; 
9569 : 3; 
9570 : 3; 
9571 : 3; 
9572 : 3; 
9573 : 3; 
9574 : 3; 
9575 : 3; 
9576 : 3; 
9577 : 3; 
9578 : 3; 
9579 : 3; 
9580 : 3; 
9581 : 3; 
9582 : 3; 
9583 : 3; 
9584 : 3; 
9585 : 3; 
9586 : 3; 
9587 : 3; 
9588 : 3; 
9589 : 3; 
9590 : 3; 
9591 : 3; 
9592 : 3; 
9593 : 3; 
9594 : 3; 
9595 : 3; 
9596 : 3; 
9597 : 3; 
9598 : 3; 
9599 : 3; 
9600 : 2; 
9601 : 0; 
9602 : 0; 
9603 : 0; 
9604 : 0; 
9605 : 0; 
9606 : 0; 
9607 : 0; 
9608 : 0; 
9609 : 0; 
9610 : 0; 
9611 : 0; 
9612 : 0; 
9613 : 0; 
9614 : 0; 
9615 : 0; 
9616 : 0; 
9617 : 0; 
9618 : 0; 
9619 : 0; 
9620 : 0; 
9621 : 0; 
9622 : 0; 
9623 : 0; 
9624 : 0; 
9625 : 0; 
9626 : 0; 
9627 : 0; 
9628 : 0; 
9629 : 0; 
9630 : 0; 
9631 : 0; 
9632 : 0; 
9633 : 0; 
9634 : 0; 
9635 : 0; 
9636 : 0; 
9637 : 0; 
9638 : 0; 
9639 : 0; 
9640 : 0; 
9641 : 0; 
9642 : 0; 
9643 : 0; 
9644 : 0; 
9645 : 0; 
9646 : 0; 
9647 : 0; 
9648 : 0; 
9649 : 0; 
9650 : 0; 
9651 : 0; 
9652 : 0; 
9653 : 0; 
9654 : 0; 
9655 : 0; 
9656 : 0; 
9657 : 0; 
9658 : 0; 
9659 : 0; 
9660 : 0; 
9661 : 0; 
9662 : 0; 
9663 : 0; 
9664 : 0; 
9665 : 0; 
9666 : 0; 
9667 : 0; 
9668 : 0; 
9669 : 0; 
9670 : 0; 
9671 : 0; 
9672 : 0; 
9673 : 0; 
9674 : 0; 
9675 : 0; 
9676 : 0; 
9677 : 0; 
9678 : 0; 
9679 : 0; 
9680 : 0; 
9681 : 0; 
9682 : 0; 
9683 : 0; 
9684 : 0; 
9685 : 0; 
9686 : 0; 
9687 : 0; 
9688 : 0; 
9689 : 0; 
9690 : 0; 
9691 : 1; 
9692 : 1; 
9693 : 1; 
9694 : 1; 
9695 : 1; 
9696 : 1; 
9697 : 1; 
9698 : 1; 
9699 : 1; 
9700 : 1; 
9701 : 1; 
9702 : 1; 
9703 : 1; 
9704 : 1; 
9705 : 1; 
9706 : 1; 
9707 : 1; 
9708 : 1; 
9709 : 1; 
9710 : 1; 
9711 : 1; 
9712 : 1; 
9713 : 1; 
9714 : 1; 
9715 : 1; 
9716 : 1; 
9717 : 1; 
9718 : 1; 
9719 : 1; 
9720 : 1; 
9721 : 1; 
9722 : 1; 
9723 : 1; 
9724 : 1; 
9725 : 1; 
9726 : 1; 
9727 : 1; 
9728 : 2; 
9729 : 2; 
9730 : 2; 
9731 : 2; 
9732 : 2; 
9733 : 2; 
9734 : 2; 
9735 : 2; 
9736 : 2; 
9737 : 2; 
9738 : 2; 
9739 : 2; 
9740 : 2; 
9741 : 2; 
9742 : 2; 
9743 : 2; 
9744 : 2; 
9745 : 2; 
9746 : 2; 
9747 : 2; 
9748 : 2; 
9749 : 2; 
9750 : 2; 
9751 : 2; 
9752 : 2; 
9753 : 2; 
9754 : 2; 
9755 : 2; 
9756 : 2; 
9757 : 2; 
9758 : 2; 
9759 : 2; 
9760 : 2; 
9761 : 2; 
9762 : 2; 
9763 : 2; 
9764 : 2; 
9765 : 2; 
9766 : 3; 
9767 : 3; 
9768 : 3; 
9769 : 3; 
9770 : 3; 
9771 : 3; 
9772 : 3; 
9773 : 3; 
9774 : 3; 
9775 : 3; 
9776 : 3; 
9777 : 3; 
9778 : 3; 
9779 : 3; 
9780 : 3; 
9781 : 3; 
9782 : 3; 
9783 : 3; 
9784 : 3; 
9785 : 3; 
9786 : 3; 
9787 : 3; 
9788 : 3; 
9789 : 3; 
9790 : 3; 
9791 : 3; 
9792 : 3; 
9793 : 3; 
9794 : 3; 
9795 : 3; 
9796 : 3; 
9797 : 3; 
9798 : 3; 
9799 : 3; 
9800 : 3; 
9801 : 3; 
9802 : 3; 
9803 : 3; 
9804 : 3; 
9805 : 3; 
9806 : 3; 
9807 : 3; 
9808 : 3; 
9809 : 3; 
9810 : 3; 
9811 : 3; 
9812 : 3; 
9813 : 3; 
9814 : 3; 
9815 : 3; 
9816 : 3; 
9817 : 3; 
9818 : 3; 
9819 : 3; 
9820 : 3; 
9821 : 3; 
9822 : 3; 
9823 : 3; 
9824 : 3; 
9825 : 3; 
9826 : 3; 
9827 : 3; 
9828 : 3; 
9829 : 3; 
9830 : 3; 
9831 : 3; 
9832 : 3; 
9833 : 3; 
9834 : 3; 
9835 : 3; 
9836 : 3; 
9837 : 3; 
9838 : 3; 
9839 : 3; 
9840 : 3; 
9841 : 3; 
9842 : 3; 
9843 : 3; 
9844 : 3; 
9845 : 3; 
9846 : 3; 
9847 : 3; 
9848 : 3; 
9849 : 3; 
9850 : 3; 
9851 : 3; 
9852 : 3; 
9853 : 3; 
9854 : 3; 
9855 : 3; 
9856 : 2; 
9857 : 0; 
9858 : 0; 
9859 : 0; 
9860 : 0; 
9861 : 0; 
9862 : 0; 
9863 : 0; 
9864 : 0; 
9865 : 0; 
9866 : 0; 
9867 : 0; 
9868 : 0; 
9869 : 0; 
9870 : 0; 
9871 : 0; 
9872 : 0; 
9873 : 0; 
9874 : 0; 
9875 : 0; 
9876 : 0; 
9877 : 0; 
9878 : 0; 
9879 : 0; 
9880 : 0; 
9881 : 0; 
9882 : 0; 
9883 : 0; 
9884 : 0; 
9885 : 0; 
9886 : 0; 
9887 : 0; 
9888 : 0; 
9889 : 0; 
9890 : 0; 
9891 : 0; 
9892 : 0; 
9893 : 0; 
9894 : 0; 
9895 : 0; 
9896 : 0; 
9897 : 0; 
9898 : 0; 
9899 : 0; 
9900 : 0; 
9901 : 0; 
9902 : 0; 
9903 : 0; 
9904 : 0; 
9905 : 0; 
9906 : 0; 
9907 : 0; 
9908 : 0; 
9909 : 0; 
9910 : 0; 
9911 : 0; 
9912 : 0; 
9913 : 0; 
9914 : 0; 
9915 : 0; 
9916 : 0; 
9917 : 0; 
9918 : 0; 
9919 : 0; 
9920 : 0; 
9921 : 0; 
9922 : 0; 
9923 : 0; 
9924 : 0; 
9925 : 0; 
9926 : 0; 
9927 : 0; 
9928 : 0; 
9929 : 0; 
9930 : 0; 
9931 : 0; 
9932 : 0; 
9933 : 0; 
9934 : 0; 
9935 : 0; 
9936 : 0; 
9937 : 0; 
9938 : 0; 
9939 : 0; 
9940 : 0; 
9941 : 0; 
9942 : 0; 
9943 : 0; 
9944 : 0; 
9945 : 0; 
9946 : 1; 
9947 : 1; 
9948 : 1; 
9949 : 1; 
9950 : 1; 
9951 : 1; 
9952 : 1; 
9953 : 1; 
9954 : 1; 
9955 : 1; 
9956 : 1; 
9957 : 1; 
9958 : 1; 
9959 : 1; 
9960 : 1; 
9961 : 1; 
9962 : 1; 
9963 : 1; 
9964 : 1; 
9965 : 1; 
9966 : 1; 
9967 : 1; 
9968 : 1; 
9969 : 1; 
9970 : 1; 
9971 : 1; 
9972 : 1; 
9973 : 1; 
9974 : 1; 
9975 : 1; 
9976 : 1; 
9977 : 1; 
9978 : 1; 
9979 : 1; 
9980 : 1; 
9981 : 1; 
9982 : 1; 
9983 : 1; 
9984 : 2; 
9985 : 2; 
9986 : 2; 
9987 : 2; 
9988 : 2; 
9989 : 2; 
9990 : 2; 
9991 : 2; 
9992 : 2; 
9993 : 2; 
9994 : 2; 
9995 : 2; 
9996 : 2; 
9997 : 2; 
9998 : 2; 
9999 : 2; 
10000 : 2; 
10001 : 2; 
10002 : 2; 
10003 : 2; 
10004 : 2; 
10005 : 2; 
10006 : 2; 
10007 : 2; 
10008 : 2; 
10009 : 2; 
10010 : 2; 
10011 : 2; 
10012 : 2; 
10013 : 2; 
10014 : 2; 
10015 : 2; 
10016 : 2; 
10017 : 2; 
10018 : 2; 
10019 : 2; 
10020 : 2; 
10021 : 2; 
10022 : 2; 
10023 : 3; 
10024 : 3; 
10025 : 3; 
10026 : 3; 
10027 : 3; 
10028 : 3; 
10029 : 3; 
10030 : 3; 
10031 : 3; 
10032 : 3; 
10033 : 3; 
10034 : 3; 
10035 : 3; 
10036 : 3; 
10037 : 3; 
10038 : 3; 
10039 : 3; 
10040 : 3; 
10041 : 3; 
10042 : 3; 
10043 : 3; 
10044 : 3; 
10045 : 3; 
10046 : 3; 
10047 : 3; 
10048 : 3; 
10049 : 3; 
10050 : 3; 
10051 : 3; 
10052 : 3; 
10053 : 3; 
10054 : 3; 
10055 : 3; 
10056 : 3; 
10057 : 3; 
10058 : 3; 
10059 : 3; 
10060 : 3; 
10061 : 3; 
10062 : 3; 
10063 : 3; 
10064 : 3; 
10065 : 3; 
10066 : 3; 
10067 : 3; 
10068 : 3; 
10069 : 3; 
10070 : 3; 
10071 : 3; 
10072 : 3; 
10073 : 3; 
10074 : 3; 
10075 : 3; 
10076 : 3; 
10077 : 3; 
10078 : 3; 
10079 : 3; 
10080 : 3; 
10081 : 3; 
10082 : 3; 
10083 : 3; 
10084 : 3; 
10085 : 3; 
10086 : 3; 
10087 : 3; 
10088 : 3; 
10089 : 3; 
10090 : 3; 
10091 : 3; 
10092 : 3; 
10093 : 3; 
10094 : 3; 
10095 : 3; 
10096 : 3; 
10097 : 3; 
10098 : 3; 
10099 : 3; 
10100 : 3; 
10101 : 3; 
10102 : 3; 
10103 : 3; 
10104 : 3; 
10105 : 3; 
10106 : 3; 
10107 : 3; 
10108 : 3; 
10109 : 3; 
10110 : 3; 
10111 : 3; 
10112 : 2; 
10113 : 0; 
10114 : 0; 
10115 : 0; 
10116 : 0; 
10117 : 0; 
10118 : 0; 
10119 : 0; 
10120 : 0; 
10121 : 0; 
10122 : 0; 
10123 : 0; 
10124 : 0; 
10125 : 0; 
10126 : 0; 
10127 : 0; 
10128 : 0; 
10129 : 0; 
10130 : 0; 
10131 : 0; 
10132 : 0; 
10133 : 0; 
10134 : 0; 
10135 : 0; 
10136 : 0; 
10137 : 0; 
10138 : 0; 
10139 : 0; 
10140 : 0; 
10141 : 0; 
10142 : 0; 
10143 : 0; 
10144 : 0; 
10145 : 0; 
10146 : 0; 
10147 : 0; 
10148 : 0; 
10149 : 0; 
10150 : 0; 
10151 : 0; 
10152 : 0; 
10153 : 0; 
10154 : 0; 
10155 : 0; 
10156 : 0; 
10157 : 0; 
10158 : 0; 
10159 : 0; 
10160 : 0; 
10161 : 0; 
10162 : 0; 
10163 : 0; 
10164 : 0; 
10165 : 0; 
10166 : 0; 
10167 : 0; 
10168 : 0; 
10169 : 0; 
10170 : 0; 
10171 : 0; 
10172 : 0; 
10173 : 0; 
10174 : 0; 
10175 : 0; 
10176 : 0; 
10177 : 0; 
10178 : 0; 
10179 : 0; 
10180 : 0; 
10181 : 0; 
10182 : 0; 
10183 : 0; 
10184 : 0; 
10185 : 0; 
10186 : 0; 
10187 : 0; 
10188 : 0; 
10189 : 0; 
10190 : 0; 
10191 : 0; 
10192 : 0; 
10193 : 0; 
10194 : 0; 
10195 : 0; 
10196 : 0; 
10197 : 0; 
10198 : 0; 
10199 : 0; 
10200 : 0; 
10201 : 1; 
10202 : 1; 
10203 : 1; 
10204 : 1; 
10205 : 1; 
10206 : 1; 
10207 : 1; 
10208 : 1; 
10209 : 1; 
10210 : 1; 
10211 : 1; 
10212 : 1; 
10213 : 1; 
10214 : 1; 
10215 : 1; 
10216 : 1; 
10217 : 1; 
10218 : 1; 
10219 : 1; 
10220 : 1; 
10221 : 1; 
10222 : 1; 
10223 : 1; 
10224 : 1; 
10225 : 1; 
10226 : 1; 
10227 : 1; 
10228 : 1; 
10229 : 1; 
10230 : 1; 
10231 : 1; 
10232 : 1; 
10233 : 1; 
10234 : 1; 
10235 : 1; 
10236 : 1; 
10237 : 1; 
10238 : 1; 
10239 : 1; 
10240 : 2; 
10241 : 2; 
10242 : 2; 
10243 : 2; 
10244 : 2; 
10245 : 2; 
10246 : 2; 
10247 : 2; 
10248 : 2; 
10249 : 2; 
10250 : 2; 
10251 : 2; 
10252 : 2; 
10253 : 2; 
10254 : 2; 
10255 : 2; 
10256 : 2; 
10257 : 2; 
10258 : 2; 
10259 : 2; 
10260 : 2; 
10261 : 2; 
10262 : 2; 
10263 : 2; 
10264 : 2; 
10265 : 2; 
10266 : 2; 
10267 : 2; 
10268 : 2; 
10269 : 2; 
10270 : 2; 
10271 : 2; 
10272 : 2; 
10273 : 2; 
10274 : 2; 
10275 : 2; 
10276 : 2; 
10277 : 2; 
10278 : 2; 
10279 : 2; 
10280 : 3; 
10281 : 3; 
10282 : 3; 
10283 : 3; 
10284 : 3; 
10285 : 3; 
10286 : 3; 
10287 : 3; 
10288 : 3; 
10289 : 3; 
10290 : 3; 
10291 : 3; 
10292 : 3; 
10293 : 3; 
10294 : 3; 
10295 : 3; 
10296 : 3; 
10297 : 3; 
10298 : 3; 
10299 : 3; 
10300 : 3; 
10301 : 3; 
10302 : 3; 
10303 : 3; 
10304 : 3; 
10305 : 3; 
10306 : 3; 
10307 : 3; 
10308 : 3; 
10309 : 3; 
10310 : 3; 
10311 : 3; 
10312 : 3; 
10313 : 3; 
10314 : 3; 
10315 : 3; 
10316 : 3; 
10317 : 3; 
10318 : 3; 
10319 : 3; 
10320 : 3; 
10321 : 3; 
10322 : 3; 
10323 : 3; 
10324 : 3; 
10325 : 3; 
10326 : 3; 
10327 : 3; 
10328 : 3; 
10329 : 3; 
10330 : 3; 
10331 : 3; 
10332 : 3; 
10333 : 3; 
10334 : 3; 
10335 : 3; 
10336 : 3; 
10337 : 3; 
10338 : 3; 
10339 : 3; 
10340 : 3; 
10341 : 3; 
10342 : 3; 
10343 : 3; 
10344 : 3; 
10345 : 3; 
10346 : 3; 
10347 : 3; 
10348 : 3; 
10349 : 3; 
10350 : 3; 
10351 : 3; 
10352 : 3; 
10353 : 3; 
10354 : 3; 
10355 : 3; 
10356 : 3; 
10357 : 3; 
10358 : 3; 
10359 : 3; 
10360 : 3; 
10361 : 3; 
10362 : 3; 
10363 : 3; 
10364 : 3; 
10365 : 3; 
10366 : 3; 
10367 : 3; 
10368 : 2; 
10369 : 0; 
10370 : 0; 
10371 : 0; 
10372 : 0; 
10373 : 0; 
10374 : 0; 
10375 : 0; 
10376 : 0; 
10377 : 0; 
10378 : 0; 
10379 : 0; 
10380 : 0; 
10381 : 0; 
10382 : 0; 
10383 : 0; 
10384 : 0; 
10385 : 0; 
10386 : 0; 
10387 : 0; 
10388 : 0; 
10389 : 0; 
10390 : 0; 
10391 : 0; 
10392 : 0; 
10393 : 0; 
10394 : 0; 
10395 : 0; 
10396 : 0; 
10397 : 0; 
10398 : 0; 
10399 : 0; 
10400 : 0; 
10401 : 0; 
10402 : 0; 
10403 : 0; 
10404 : 0; 
10405 : 0; 
10406 : 0; 
10407 : 0; 
10408 : 0; 
10409 : 0; 
10410 : 0; 
10411 : 0; 
10412 : 0; 
10413 : 0; 
10414 : 0; 
10415 : 0; 
10416 : 0; 
10417 : 0; 
10418 : 0; 
10419 : 0; 
10420 : 0; 
10421 : 0; 
10422 : 0; 
10423 : 0; 
10424 : 0; 
10425 : 0; 
10426 : 0; 
10427 : 0; 
10428 : 0; 
10429 : 0; 
10430 : 0; 
10431 : 0; 
10432 : 0; 
10433 : 0; 
10434 : 0; 
10435 : 0; 
10436 : 0; 
10437 : 0; 
10438 : 0; 
10439 : 0; 
10440 : 0; 
10441 : 0; 
10442 : 0; 
10443 : 0; 
10444 : 0; 
10445 : 0; 
10446 : 0; 
10447 : 0; 
10448 : 0; 
10449 : 0; 
10450 : 0; 
10451 : 0; 
10452 : 0; 
10453 : 0; 
10454 : 0; 
10455 : 0; 
10456 : 1; 
10457 : 1; 
10458 : 1; 
10459 : 1; 
10460 : 1; 
10461 : 1; 
10462 : 1; 
10463 : 1; 
10464 : 1; 
10465 : 1; 
10466 : 1; 
10467 : 1; 
10468 : 1; 
10469 : 1; 
10470 : 1; 
10471 : 1; 
10472 : 1; 
10473 : 1; 
10474 : 1; 
10475 : 1; 
10476 : 1; 
10477 : 1; 
10478 : 1; 
10479 : 1; 
10480 : 1; 
10481 : 1; 
10482 : 1; 
10483 : 1; 
10484 : 1; 
10485 : 1; 
10486 : 1; 
10487 : 1; 
10488 : 1; 
10489 : 1; 
10490 : 1; 
10491 : 1; 
10492 : 1; 
10493 : 1; 
10494 : 1; 
10495 : 1; 
10496 : 2; 
10497 : 2; 
10498 : 2; 
10499 : 2; 
10500 : 2; 
10501 : 2; 
10502 : 2; 
10503 : 2; 
10504 : 2; 
10505 : 2; 
10506 : 2; 
10507 : 2; 
10508 : 2; 
10509 : 2; 
10510 : 2; 
10511 : 2; 
10512 : 2; 
10513 : 2; 
10514 : 2; 
10515 : 2; 
10516 : 2; 
10517 : 2; 
10518 : 2; 
10519 : 2; 
10520 : 2; 
10521 : 2; 
10522 : 2; 
10523 : 2; 
10524 : 2; 
10525 : 2; 
10526 : 2; 
10527 : 2; 
10528 : 2; 
10529 : 2; 
10530 : 2; 
10531 : 2; 
10532 : 2; 
10533 : 2; 
10534 : 2; 
10535 : 2; 
10536 : 2; 
10537 : 3; 
10538 : 3; 
10539 : 3; 
10540 : 3; 
10541 : 3; 
10542 : 3; 
10543 : 3; 
10544 : 3; 
10545 : 3; 
10546 : 3; 
10547 : 3; 
10548 : 3; 
10549 : 3; 
10550 : 3; 
10551 : 3; 
10552 : 3; 
10553 : 3; 
10554 : 3; 
10555 : 3; 
10556 : 3; 
10557 : 3; 
10558 : 3; 
10559 : 3; 
10560 : 3; 
10561 : 3; 
10562 : 3; 
10563 : 3; 
10564 : 3; 
10565 : 3; 
10566 : 3; 
10567 : 3; 
10568 : 3; 
10569 : 3; 
10570 : 3; 
10571 : 3; 
10572 : 3; 
10573 : 3; 
10574 : 3; 
10575 : 3; 
10576 : 3; 
10577 : 3; 
10578 : 3; 
10579 : 3; 
10580 : 3; 
10581 : 3; 
10582 : 3; 
10583 : 3; 
10584 : 3; 
10585 : 3; 
10586 : 3; 
10587 : 3; 
10588 : 3; 
10589 : 3; 
10590 : 3; 
10591 : 3; 
10592 : 3; 
10593 : 3; 
10594 : 3; 
10595 : 3; 
10596 : 3; 
10597 : 3; 
10598 : 3; 
10599 : 3; 
10600 : 3; 
10601 : 3; 
10602 : 3; 
10603 : 3; 
10604 : 3; 
10605 : 3; 
10606 : 3; 
10607 : 3; 
10608 : 3; 
10609 : 3; 
10610 : 3; 
10611 : 3; 
10612 : 3; 
10613 : 3; 
10614 : 3; 
10615 : 3; 
10616 : 3; 
10617 : 3; 
10618 : 3; 
10619 : 3; 
10620 : 3; 
10621 : 3; 
10622 : 3; 
10623 : 3; 
10624 : 2; 
10625 : 0; 
10626 : 0; 
10627 : 0; 
10628 : 0; 
10629 : 0; 
10630 : 0; 
10631 : 0; 
10632 : 0; 
10633 : 0; 
10634 : 0; 
10635 : 0; 
10636 : 0; 
10637 : 0; 
10638 : 0; 
10639 : 0; 
10640 : 0; 
10641 : 0; 
10642 : 0; 
10643 : 0; 
10644 : 0; 
10645 : 0; 
10646 : 0; 
10647 : 0; 
10648 : 0; 
10649 : 0; 
10650 : 0; 
10651 : 0; 
10652 : 0; 
10653 : 0; 
10654 : 0; 
10655 : 0; 
10656 : 0; 
10657 : 0; 
10658 : 0; 
10659 : 0; 
10660 : 0; 
10661 : 0; 
10662 : 0; 
10663 : 0; 
10664 : 0; 
10665 : 0; 
10666 : 0; 
10667 : 0; 
10668 : 0; 
10669 : 0; 
10670 : 0; 
10671 : 0; 
10672 : 0; 
10673 : 0; 
10674 : 0; 
10675 : 0; 
10676 : 0; 
10677 : 0; 
10678 : 0; 
10679 : 0; 
10680 : 0; 
10681 : 0; 
10682 : 0; 
10683 : 0; 
10684 : 0; 
10685 : 0; 
10686 : 0; 
10687 : 0; 
10688 : 0; 
10689 : 0; 
10690 : 0; 
10691 : 0; 
10692 : 0; 
10693 : 0; 
10694 : 0; 
10695 : 0; 
10696 : 0; 
10697 : 0; 
10698 : 0; 
10699 : 0; 
10700 : 0; 
10701 : 0; 
10702 : 0; 
10703 : 0; 
10704 : 0; 
10705 : 0; 
10706 : 0; 
10707 : 0; 
10708 : 0; 
10709 : 0; 
10710 : 0; 
10711 : 1; 
10712 : 1; 
10713 : 1; 
10714 : 1; 
10715 : 1; 
10716 : 1; 
10717 : 1; 
10718 : 1; 
10719 : 1; 
10720 : 1; 
10721 : 1; 
10722 : 1; 
10723 : 1; 
10724 : 1; 
10725 : 1; 
10726 : 1; 
10727 : 1; 
10728 : 1; 
10729 : 1; 
10730 : 1; 
10731 : 1; 
10732 : 1; 
10733 : 1; 
10734 : 1; 
10735 : 1; 
10736 : 1; 
10737 : 1; 
10738 : 1; 
10739 : 1; 
10740 : 1; 
10741 : 1; 
10742 : 1; 
10743 : 1; 
10744 : 1; 
10745 : 1; 
10746 : 1; 
10747 : 1; 
10748 : 1; 
10749 : 1; 
10750 : 1; 
10751 : 1; 
10752 : 2; 
10753 : 2; 
10754 : 2; 
10755 : 2; 
10756 : 2; 
10757 : 2; 
10758 : 2; 
10759 : 2; 
10760 : 2; 
10761 : 2; 
10762 : 2; 
10763 : 2; 
10764 : 2; 
10765 : 2; 
10766 : 2; 
10767 : 2; 
10768 : 2; 
10769 : 2; 
10770 : 2; 
10771 : 2; 
10772 : 2; 
10773 : 2; 
10774 : 2; 
10775 : 2; 
10776 : 2; 
10777 : 2; 
10778 : 2; 
10779 : 2; 
10780 : 2; 
10781 : 2; 
10782 : 2; 
10783 : 2; 
10784 : 2; 
10785 : 2; 
10786 : 2; 
10787 : 2; 
10788 : 2; 
10789 : 2; 
10790 : 2; 
10791 : 2; 
10792 : 2; 
10793 : 2; 
10794 : 3; 
10795 : 3; 
10796 : 3; 
10797 : 3; 
10798 : 3; 
10799 : 3; 
10800 : 3; 
10801 : 3; 
10802 : 3; 
10803 : 3; 
10804 : 3; 
10805 : 3; 
10806 : 3; 
10807 : 3; 
10808 : 3; 
10809 : 3; 
10810 : 3; 
10811 : 3; 
10812 : 3; 
10813 : 3; 
10814 : 3; 
10815 : 3; 
10816 : 3; 
10817 : 3; 
10818 : 3; 
10819 : 3; 
10820 : 3; 
10821 : 3; 
10822 : 3; 
10823 : 3; 
10824 : 3; 
10825 : 3; 
10826 : 3; 
10827 : 3; 
10828 : 3; 
10829 : 3; 
10830 : 3; 
10831 : 3; 
10832 : 3; 
10833 : 3; 
10834 : 3; 
10835 : 3; 
10836 : 3; 
10837 : 3; 
10838 : 3; 
10839 : 3; 
10840 : 3; 
10841 : 3; 
10842 : 3; 
10843 : 3; 
10844 : 3; 
10845 : 3; 
10846 : 3; 
10847 : 3; 
10848 : 3; 
10849 : 3; 
10850 : 3; 
10851 : 3; 
10852 : 3; 
10853 : 3; 
10854 : 3; 
10855 : 3; 
10856 : 3; 
10857 : 3; 
10858 : 3; 
10859 : 3; 
10860 : 3; 
10861 : 3; 
10862 : 3; 
10863 : 3; 
10864 : 3; 
10865 : 3; 
10866 : 3; 
10867 : 3; 
10868 : 3; 
10869 : 3; 
10870 : 3; 
10871 : 3; 
10872 : 3; 
10873 : 3; 
10874 : 3; 
10875 : 3; 
10876 : 3; 
10877 : 3; 
10878 : 3; 
10879 : 3; 
10880 : 2; 
10881 : 0; 
10882 : 0; 
10883 : 0; 
10884 : 0; 
10885 : 0; 
10886 : 0; 
10887 : 0; 
10888 : 0; 
10889 : 0; 
10890 : 0; 
10891 : 0; 
10892 : 0; 
10893 : 0; 
10894 : 0; 
10895 : 0; 
10896 : 0; 
10897 : 0; 
10898 : 0; 
10899 : 0; 
10900 : 0; 
10901 : 0; 
10902 : 0; 
10903 : 0; 
10904 : 0; 
10905 : 0; 
10906 : 0; 
10907 : 0; 
10908 : 0; 
10909 : 0; 
10910 : 0; 
10911 : 0; 
10912 : 0; 
10913 : 0; 
10914 : 0; 
10915 : 0; 
10916 : 0; 
10917 : 0; 
10918 : 0; 
10919 : 0; 
10920 : 0; 
10921 : 0; 
10922 : 0; 
10923 : 0; 
10924 : 0; 
10925 : 0; 
10926 : 0; 
10927 : 0; 
10928 : 0; 
10929 : 0; 
10930 : 0; 
10931 : 0; 
10932 : 0; 
10933 : 0; 
10934 : 0; 
10935 : 0; 
10936 : 0; 
10937 : 0; 
10938 : 0; 
10939 : 0; 
10940 : 0; 
10941 : 0; 
10942 : 0; 
10943 : 0; 
10944 : 0; 
10945 : 0; 
10946 : 0; 
10947 : 0; 
10948 : 0; 
10949 : 0; 
10950 : 0; 
10951 : 0; 
10952 : 0; 
10953 : 0; 
10954 : 0; 
10955 : 0; 
10956 : 0; 
10957 : 0; 
10958 : 0; 
10959 : 0; 
10960 : 0; 
10961 : 0; 
10962 : 0; 
10963 : 0; 
10964 : 0; 
10965 : 0; 
10966 : 1; 
10967 : 1; 
10968 : 1; 
10969 : 1; 
10970 : 1; 
10971 : 1; 
10972 : 1; 
10973 : 1; 
10974 : 1; 
10975 : 1; 
10976 : 1; 
10977 : 1; 
10978 : 1; 
10979 : 1; 
10980 : 1; 
10981 : 1; 
10982 : 1; 
10983 : 1; 
10984 : 1; 
10985 : 1; 
10986 : 1; 
10987 : 1; 
10988 : 1; 
10989 : 1; 
10990 : 1; 
10991 : 1; 
10992 : 1; 
10993 : 1; 
10994 : 1; 
10995 : 1; 
10996 : 1; 
10997 : 1; 
10998 : 1; 
10999 : 1; 
11000 : 1; 
11001 : 1; 
11002 : 1; 
11003 : 1; 
11004 : 1; 
11005 : 1; 
11006 : 1; 
11007 : 1; 
11008 : 2; 
11009 : 2; 
11010 : 2; 
11011 : 2; 
11012 : 2; 
11013 : 2; 
11014 : 2; 
11015 : 2; 
11016 : 2; 
11017 : 2; 
11018 : 2; 
11019 : 2; 
11020 : 2; 
11021 : 2; 
11022 : 2; 
11023 : 2; 
11024 : 2; 
11025 : 2; 
11026 : 2; 
11027 : 2; 
11028 : 2; 
11029 : 2; 
11030 : 2; 
11031 : 2; 
11032 : 2; 
11033 : 2; 
11034 : 2; 
11035 : 2; 
11036 : 2; 
11037 : 2; 
11038 : 2; 
11039 : 2; 
11040 : 2; 
11041 : 2; 
11042 : 2; 
11043 : 2; 
11044 : 2; 
11045 : 2; 
11046 : 2; 
11047 : 2; 
11048 : 2; 
11049 : 2; 
11050 : 2; 
11051 : 3; 
11052 : 3; 
11053 : 3; 
11054 : 3; 
11055 : 3; 
11056 : 3; 
11057 : 3; 
11058 : 3; 
11059 : 3; 
11060 : 3; 
11061 : 3; 
11062 : 3; 
11063 : 3; 
11064 : 3; 
11065 : 3; 
11066 : 3; 
11067 : 3; 
11068 : 3; 
11069 : 3; 
11070 : 3; 
11071 : 3; 
11072 : 3; 
11073 : 3; 
11074 : 3; 
11075 : 3; 
11076 : 3; 
11077 : 3; 
11078 : 3; 
11079 : 3; 
11080 : 3; 
11081 : 3; 
11082 : 3; 
11083 : 3; 
11084 : 3; 
11085 : 3; 
11086 : 3; 
11087 : 3; 
11088 : 3; 
11089 : 3; 
11090 : 3; 
11091 : 3; 
11092 : 3; 
11093 : 3; 
11094 : 3; 
11095 : 3; 
11096 : 3; 
11097 : 3; 
11098 : 3; 
11099 : 3; 
11100 : 3; 
11101 : 3; 
11102 : 3; 
11103 : 3; 
11104 : 3; 
11105 : 3; 
11106 : 3; 
11107 : 3; 
11108 : 3; 
11109 : 3; 
11110 : 3; 
11111 : 3; 
11112 : 3; 
11113 : 3; 
11114 : 3; 
11115 : 3; 
11116 : 3; 
11117 : 3; 
11118 : 3; 
11119 : 3; 
11120 : 3; 
11121 : 3; 
11122 : 3; 
11123 : 3; 
11124 : 3; 
11125 : 3; 
11126 : 3; 
11127 : 3; 
11128 : 3; 
11129 : 3; 
11130 : 3; 
11131 : 3; 
11132 : 3; 
11133 : 3; 
11134 : 3; 
11135 : 3; 
11136 : 2; 
11137 : 0; 
11138 : 0; 
11139 : 0; 
11140 : 0; 
11141 : 0; 
11142 : 0; 
11143 : 0; 
11144 : 0; 
11145 : 0; 
11146 : 0; 
11147 : 0; 
11148 : 0; 
11149 : 0; 
11150 : 0; 
11151 : 0; 
11152 : 0; 
11153 : 0; 
11154 : 0; 
11155 : 0; 
11156 : 0; 
11157 : 0; 
11158 : 0; 
11159 : 0; 
11160 : 0; 
11161 : 0; 
11162 : 0; 
11163 : 0; 
11164 : 0; 
11165 : 0; 
11166 : 0; 
11167 : 0; 
11168 : 0; 
11169 : 0; 
11170 : 0; 
11171 : 0; 
11172 : 0; 
11173 : 0; 
11174 : 0; 
11175 : 0; 
11176 : 0; 
11177 : 0; 
11178 : 0; 
11179 : 0; 
11180 : 0; 
11181 : 0; 
11182 : 0; 
11183 : 0; 
11184 : 0; 
11185 : 0; 
11186 : 0; 
11187 : 0; 
11188 : 0; 
11189 : 0; 
11190 : 0; 
11191 : 0; 
11192 : 0; 
11193 : 0; 
11194 : 0; 
11195 : 0; 
11196 : 0; 
11197 : 0; 
11198 : 0; 
11199 : 0; 
11200 : 0; 
11201 : 0; 
11202 : 0; 
11203 : 0; 
11204 : 0; 
11205 : 0; 
11206 : 0; 
11207 : 0; 
11208 : 0; 
11209 : 0; 
11210 : 0; 
11211 : 0; 
11212 : 0; 
11213 : 0; 
11214 : 0; 
11215 : 0; 
11216 : 0; 
11217 : 0; 
11218 : 0; 
11219 : 0; 
11220 : 0; 
11221 : 1; 
11222 : 1; 
11223 : 1; 
11224 : 1; 
11225 : 1; 
11226 : 1; 
11227 : 1; 
11228 : 1; 
11229 : 1; 
11230 : 1; 
11231 : 1; 
11232 : 1; 
11233 : 1; 
11234 : 1; 
11235 : 1; 
11236 : 1; 
11237 : 1; 
11238 : 1; 
11239 : 1; 
11240 : 1; 
11241 : 1; 
11242 : 1; 
11243 : 1; 
11244 : 1; 
11245 : 1; 
11246 : 1; 
11247 : 1; 
11248 : 1; 
11249 : 1; 
11250 : 1; 
11251 : 1; 
11252 : 1; 
11253 : 1; 
11254 : 1; 
11255 : 1; 
11256 : 1; 
11257 : 1; 
11258 : 1; 
11259 : 1; 
11260 : 1; 
11261 : 1; 
11262 : 1; 
11263 : 1; 
11264 : 2; 
11265 : 2; 
11266 : 2; 
11267 : 2; 
11268 : 2; 
11269 : 2; 
11270 : 2; 
11271 : 2; 
11272 : 2; 
11273 : 2; 
11274 : 2; 
11275 : 2; 
11276 : 2; 
11277 : 2; 
11278 : 2; 
11279 : 2; 
11280 : 2; 
11281 : 2; 
11282 : 2; 
11283 : 2; 
11284 : 2; 
11285 : 2; 
11286 : 2; 
11287 : 2; 
11288 : 2; 
11289 : 2; 
11290 : 2; 
11291 : 2; 
11292 : 2; 
11293 : 2; 
11294 : 2; 
11295 : 2; 
11296 : 2; 
11297 : 2; 
11298 : 2; 
11299 : 2; 
11300 : 2; 
11301 : 2; 
11302 : 2; 
11303 : 2; 
11304 : 2; 
11305 : 2; 
11306 : 2; 
11307 : 2; 
11308 : 3; 
11309 : 3; 
11310 : 3; 
11311 : 3; 
11312 : 3; 
11313 : 3; 
11314 : 3; 
11315 : 3; 
11316 : 3; 
11317 : 3; 
11318 : 3; 
11319 : 3; 
11320 : 3; 
11321 : 3; 
11322 : 3; 
11323 : 3; 
11324 : 3; 
11325 : 3; 
11326 : 3; 
11327 : 3; 
11328 : 3; 
11329 : 3; 
11330 : 3; 
11331 : 3; 
11332 : 3; 
11333 : 3; 
11334 : 3; 
11335 : 3; 
11336 : 3; 
11337 : 3; 
11338 : 3; 
11339 : 3; 
11340 : 3; 
11341 : 3; 
11342 : 3; 
11343 : 3; 
11344 : 3; 
11345 : 3; 
11346 : 3; 
11347 : 3; 
11348 : 3; 
11349 : 3; 
11350 : 3; 
11351 : 3; 
11352 : 3; 
11353 : 3; 
11354 : 3; 
11355 : 3; 
11356 : 3; 
11357 : 3; 
11358 : 3; 
11359 : 3; 
11360 : 3; 
11361 : 3; 
11362 : 3; 
11363 : 3; 
11364 : 3; 
11365 : 3; 
11366 : 3; 
11367 : 3; 
11368 : 3; 
11369 : 3; 
11370 : 3; 
11371 : 3; 
11372 : 3; 
11373 : 3; 
11374 : 3; 
11375 : 3; 
11376 : 3; 
11377 : 3; 
11378 : 3; 
11379 : 3; 
11380 : 3; 
11381 : 3; 
11382 : 3; 
11383 : 3; 
11384 : 3; 
11385 : 3; 
11386 : 3; 
11387 : 3; 
11388 : 3; 
11389 : 3; 
11390 : 3; 
11391 : 3; 
11392 : 2; 
11393 : 0; 
11394 : 0; 
11395 : 0; 
11396 : 0; 
11397 : 0; 
11398 : 0; 
11399 : 0; 
11400 : 0; 
11401 : 0; 
11402 : 0; 
11403 : 0; 
11404 : 0; 
11405 : 0; 
11406 : 0; 
11407 : 0; 
11408 : 0; 
11409 : 0; 
11410 : 0; 
11411 : 0; 
11412 : 0; 
11413 : 0; 
11414 : 0; 
11415 : 0; 
11416 : 0; 
11417 : 0; 
11418 : 0; 
11419 : 0; 
11420 : 0; 
11421 : 0; 
11422 : 0; 
11423 : 0; 
11424 : 0; 
11425 : 0; 
11426 : 0; 
11427 : 0; 
11428 : 0; 
11429 : 0; 
11430 : 0; 
11431 : 0; 
11432 : 0; 
11433 : 0; 
11434 : 0; 
11435 : 0; 
11436 : 0; 
11437 : 0; 
11438 : 0; 
11439 : 0; 
11440 : 0; 
11441 : 0; 
11442 : 0; 
11443 : 0; 
11444 : 0; 
11445 : 0; 
11446 : 0; 
11447 : 0; 
11448 : 0; 
11449 : 0; 
11450 : 0; 
11451 : 0; 
11452 : 0; 
11453 : 0; 
11454 : 0; 
11455 : 0; 
11456 : 0; 
11457 : 0; 
11458 : 0; 
11459 : 0; 
11460 : 0; 
11461 : 0; 
11462 : 0; 
11463 : 0; 
11464 : 0; 
11465 : 0; 
11466 : 0; 
11467 : 0; 
11468 : 0; 
11469 : 0; 
11470 : 0; 
11471 : 0; 
11472 : 0; 
11473 : 0; 
11474 : 0; 
11475 : 0; 
11476 : 1; 
11477 : 1; 
11478 : 1; 
11479 : 1; 
11480 : 1; 
11481 : 1; 
11482 : 1; 
11483 : 1; 
11484 : 1; 
11485 : 1; 
11486 : 1; 
11487 : 1; 
11488 : 1; 
11489 : 1; 
11490 : 1; 
11491 : 1; 
11492 : 1; 
11493 : 1; 
11494 : 1; 
11495 : 1; 
11496 : 1; 
11497 : 1; 
11498 : 1; 
11499 : 1; 
11500 : 1; 
11501 : 1; 
11502 : 1; 
11503 : 1; 
11504 : 1; 
11505 : 1; 
11506 : 1; 
11507 : 1; 
11508 : 1; 
11509 : 1; 
11510 : 1; 
11511 : 1; 
11512 : 1; 
11513 : 1; 
11514 : 1; 
11515 : 1; 
11516 : 1; 
11517 : 1; 
11518 : 1; 
11519 : 1; 
11520 : 2; 
11521 : 2; 
11522 : 2; 
11523 : 2; 
11524 : 2; 
11525 : 2; 
11526 : 2; 
11527 : 2; 
11528 : 2; 
11529 : 2; 
11530 : 2; 
11531 : 2; 
11532 : 2; 
11533 : 2; 
11534 : 2; 
11535 : 2; 
11536 : 2; 
11537 : 2; 
11538 : 2; 
11539 : 2; 
11540 : 2; 
11541 : 2; 
11542 : 2; 
11543 : 2; 
11544 : 2; 
11545 : 2; 
11546 : 2; 
11547 : 2; 
11548 : 2; 
11549 : 2; 
11550 : 2; 
11551 : 2; 
11552 : 2; 
11553 : 2; 
11554 : 2; 
11555 : 2; 
11556 : 2; 
11557 : 2; 
11558 : 2; 
11559 : 2; 
11560 : 2; 
11561 : 2; 
11562 : 2; 
11563 : 2; 
11564 : 2; 
11565 : 3; 
11566 : 3; 
11567 : 3; 
11568 : 3; 
11569 : 3; 
11570 : 3; 
11571 : 3; 
11572 : 3; 
11573 : 3; 
11574 : 3; 
11575 : 3; 
11576 : 3; 
11577 : 3; 
11578 : 3; 
11579 : 3; 
11580 : 3; 
11581 : 3; 
11582 : 3; 
11583 : 3; 
11584 : 3; 
11585 : 3; 
11586 : 3; 
11587 : 3; 
11588 : 3; 
11589 : 3; 
11590 : 3; 
11591 : 3; 
11592 : 3; 
11593 : 3; 
11594 : 3; 
11595 : 3; 
11596 : 3; 
11597 : 3; 
11598 : 3; 
11599 : 3; 
11600 : 3; 
11601 : 3; 
11602 : 3; 
11603 : 3; 
11604 : 3; 
11605 : 3; 
11606 : 3; 
11607 : 3; 
11608 : 3; 
11609 : 3; 
11610 : 3; 
11611 : 3; 
11612 : 3; 
11613 : 3; 
11614 : 3; 
11615 : 3; 
11616 : 3; 
11617 : 3; 
11618 : 3; 
11619 : 3; 
11620 : 3; 
11621 : 3; 
11622 : 3; 
11623 : 3; 
11624 : 3; 
11625 : 3; 
11626 : 3; 
11627 : 3; 
11628 : 3; 
11629 : 3; 
11630 : 3; 
11631 : 3; 
11632 : 3; 
11633 : 3; 
11634 : 3; 
11635 : 3; 
11636 : 3; 
11637 : 3; 
11638 : 3; 
11639 : 3; 
11640 : 3; 
11641 : 3; 
11642 : 3; 
11643 : 3; 
11644 : 3; 
11645 : 3; 
11646 : 3; 
11647 : 3; 
11648 : 2; 
11649 : 0; 
11650 : 0; 
11651 : 0; 
11652 : 0; 
11653 : 0; 
11654 : 0; 
11655 : 0; 
11656 : 0; 
11657 : 0; 
11658 : 0; 
11659 : 0; 
11660 : 0; 
11661 : 0; 
11662 : 0; 
11663 : 0; 
11664 : 0; 
11665 : 0; 
11666 : 0; 
11667 : 0; 
11668 : 0; 
11669 : 0; 
11670 : 0; 
11671 : 0; 
11672 : 0; 
11673 : 0; 
11674 : 0; 
11675 : 0; 
11676 : 0; 
11677 : 0; 
11678 : 0; 
11679 : 0; 
11680 : 0; 
11681 : 0; 
11682 : 0; 
11683 : 0; 
11684 : 0; 
11685 : 0; 
11686 : 0; 
11687 : 0; 
11688 : 0; 
11689 : 0; 
11690 : 0; 
11691 : 0; 
11692 : 0; 
11693 : 0; 
11694 : 0; 
11695 : 0; 
11696 : 0; 
11697 : 0; 
11698 : 0; 
11699 : 0; 
11700 : 0; 
11701 : 0; 
11702 : 0; 
11703 : 0; 
11704 : 0; 
11705 : 0; 
11706 : 0; 
11707 : 0; 
11708 : 0; 
11709 : 0; 
11710 : 0; 
11711 : 0; 
11712 : 0; 
11713 : 0; 
11714 : 0; 
11715 : 0; 
11716 : 0; 
11717 : 0; 
11718 : 0; 
11719 : 0; 
11720 : 0; 
11721 : 0; 
11722 : 0; 
11723 : 0; 
11724 : 0; 
11725 : 0; 
11726 : 0; 
11727 : 0; 
11728 : 0; 
11729 : 0; 
11730 : 0; 
11731 : 1; 
11732 : 1; 
11733 : 1; 
11734 : 1; 
11735 : 1; 
11736 : 1; 
11737 : 1; 
11738 : 1; 
11739 : 1; 
11740 : 1; 
11741 : 1; 
11742 : 1; 
11743 : 1; 
11744 : 1; 
11745 : 1; 
11746 : 1; 
11747 : 1; 
11748 : 1; 
11749 : 1; 
11750 : 1; 
11751 : 1; 
11752 : 1; 
11753 : 1; 
11754 : 1; 
11755 : 1; 
11756 : 1; 
11757 : 1; 
11758 : 1; 
11759 : 1; 
11760 : 1; 
11761 : 1; 
11762 : 1; 
11763 : 1; 
11764 : 1; 
11765 : 1; 
11766 : 1; 
11767 : 1; 
11768 : 1; 
11769 : 1; 
11770 : 1; 
11771 : 1; 
11772 : 1; 
11773 : 1; 
11774 : 1; 
11775 : 1; 
11776 : 2; 
11777 : 2; 
11778 : 2; 
11779 : 2; 
11780 : 2; 
11781 : 2; 
11782 : 2; 
11783 : 2; 
11784 : 2; 
11785 : 2; 
11786 : 2; 
11787 : 2; 
11788 : 2; 
11789 : 2; 
11790 : 2; 
11791 : 2; 
11792 : 2; 
11793 : 2; 
11794 : 2; 
11795 : 2; 
11796 : 2; 
11797 : 2; 
11798 : 2; 
11799 : 2; 
11800 : 2; 
11801 : 2; 
11802 : 2; 
11803 : 2; 
11804 : 2; 
11805 : 2; 
11806 : 2; 
11807 : 2; 
11808 : 2; 
11809 : 2; 
11810 : 2; 
11811 : 2; 
11812 : 2; 
11813 : 2; 
11814 : 2; 
11815 : 2; 
11816 : 2; 
11817 : 2; 
11818 : 2; 
11819 : 2; 
11820 : 2; 
11821 : 2; 
11822 : 3; 
11823 : 3; 
11824 : 3; 
11825 : 3; 
11826 : 3; 
11827 : 3; 
11828 : 3; 
11829 : 3; 
11830 : 3; 
11831 : 3; 
11832 : 3; 
11833 : 3; 
11834 : 3; 
11835 : 3; 
11836 : 3; 
11837 : 3; 
11838 : 3; 
11839 : 3; 
11840 : 3; 
11841 : 3; 
11842 : 3; 
11843 : 3; 
11844 : 3; 
11845 : 3; 
11846 : 3; 
11847 : 3; 
11848 : 3; 
11849 : 3; 
11850 : 3; 
11851 : 3; 
11852 : 3; 
11853 : 3; 
11854 : 3; 
11855 : 3; 
11856 : 3; 
11857 : 3; 
11858 : 3; 
11859 : 3; 
11860 : 3; 
11861 : 3; 
11862 : 3; 
11863 : 3; 
11864 : 3; 
11865 : 3; 
11866 : 3; 
11867 : 3; 
11868 : 3; 
11869 : 3; 
11870 : 3; 
11871 : 3; 
11872 : 3; 
11873 : 3; 
11874 : 3; 
11875 : 3; 
11876 : 3; 
11877 : 3; 
11878 : 3; 
11879 : 3; 
11880 : 3; 
11881 : 3; 
11882 : 3; 
11883 : 3; 
11884 : 3; 
11885 : 3; 
11886 : 3; 
11887 : 3; 
11888 : 3; 
11889 : 3; 
11890 : 3; 
11891 : 3; 
11892 : 3; 
11893 : 3; 
11894 : 3; 
11895 : 3; 
11896 : 3; 
11897 : 3; 
11898 : 3; 
11899 : 3; 
11900 : 3; 
11901 : 3; 
11902 : 3; 
11903 : 3; 
11904 : 2; 
11905 : 0; 
11906 : 0; 
11907 : 0; 
11908 : 0; 
11909 : 0; 
11910 : 0; 
11911 : 0; 
11912 : 0; 
11913 : 0; 
11914 : 0; 
11915 : 0; 
11916 : 0; 
11917 : 0; 
11918 : 0; 
11919 : 0; 
11920 : 0; 
11921 : 0; 
11922 : 0; 
11923 : 0; 
11924 : 0; 
11925 : 0; 
11926 : 0; 
11927 : 0; 
11928 : 0; 
11929 : 0; 
11930 : 0; 
11931 : 0; 
11932 : 0; 
11933 : 0; 
11934 : 0; 
11935 : 0; 
11936 : 0; 
11937 : 0; 
11938 : 0; 
11939 : 0; 
11940 : 0; 
11941 : 0; 
11942 : 0; 
11943 : 0; 
11944 : 0; 
11945 : 0; 
11946 : 0; 
11947 : 0; 
11948 : 0; 
11949 : 0; 
11950 : 0; 
11951 : 0; 
11952 : 0; 
11953 : 0; 
11954 : 0; 
11955 : 0; 
11956 : 0; 
11957 : 0; 
11958 : 0; 
11959 : 0; 
11960 : 0; 
11961 : 0; 
11962 : 0; 
11963 : 0; 
11964 : 0; 
11965 : 0; 
11966 : 0; 
11967 : 0; 
11968 : 0; 
11969 : 0; 
11970 : 0; 
11971 : 0; 
11972 : 0; 
11973 : 0; 
11974 : 0; 
11975 : 0; 
11976 : 0; 
11977 : 0; 
11978 : 0; 
11979 : 0; 
11980 : 0; 
11981 : 0; 
11982 : 0; 
11983 : 0; 
11984 : 0; 
11985 : 0; 
11986 : 1; 
11987 : 1; 
11988 : 1; 
11989 : 1; 
11990 : 1; 
11991 : 1; 
11992 : 1; 
11993 : 1; 
11994 : 1; 
11995 : 1; 
11996 : 1; 
11997 : 1; 
11998 : 1; 
11999 : 1; 
12000 : 1; 
12001 : 1; 
12002 : 1; 
12003 : 1; 
12004 : 1; 
12005 : 1; 
12006 : 1; 
12007 : 1; 
12008 : 1; 
12009 : 1; 
12010 : 1; 
12011 : 1; 
12012 : 1; 
12013 : 1; 
12014 : 1; 
12015 : 1; 
12016 : 1; 
12017 : 1; 
12018 : 1; 
12019 : 1; 
12020 : 1; 
12021 : 1; 
12022 : 1; 
12023 : 1; 
12024 : 1; 
12025 : 1; 
12026 : 1; 
12027 : 1; 
12028 : 1; 
12029 : 1; 
12030 : 1; 
12031 : 1; 
12032 : 2; 
12033 : 2; 
12034 : 2; 
12035 : 2; 
12036 : 2; 
12037 : 2; 
12038 : 2; 
12039 : 2; 
12040 : 2; 
12041 : 2; 
12042 : 2; 
12043 : 2; 
12044 : 2; 
12045 : 2; 
12046 : 2; 
12047 : 2; 
12048 : 2; 
12049 : 2; 
12050 : 2; 
12051 : 2; 
12052 : 2; 
12053 : 2; 
12054 : 2; 
12055 : 2; 
12056 : 2; 
12057 : 2; 
12058 : 2; 
12059 : 2; 
12060 : 2; 
12061 : 2; 
12062 : 2; 
12063 : 2; 
12064 : 2; 
12065 : 2; 
12066 : 2; 
12067 : 2; 
12068 : 2; 
12069 : 2; 
12070 : 2; 
12071 : 2; 
12072 : 2; 
12073 : 2; 
12074 : 2; 
12075 : 2; 
12076 : 2; 
12077 : 2; 
12078 : 2; 
12079 : 3; 
12080 : 3; 
12081 : 3; 
12082 : 3; 
12083 : 3; 
12084 : 3; 
12085 : 3; 
12086 : 3; 
12087 : 3; 
12088 : 3; 
12089 : 3; 
12090 : 3; 
12091 : 3; 
12092 : 3; 
12093 : 3; 
12094 : 3; 
12095 : 3; 
12096 : 3; 
12097 : 3; 
12098 : 3; 
12099 : 3; 
12100 : 3; 
12101 : 3; 
12102 : 3; 
12103 : 3; 
12104 : 3; 
12105 : 3; 
12106 : 3; 
12107 : 3; 
12108 : 3; 
12109 : 3; 
12110 : 3; 
12111 : 3; 
12112 : 3; 
12113 : 3; 
12114 : 3; 
12115 : 3; 
12116 : 3; 
12117 : 3; 
12118 : 3; 
12119 : 3; 
12120 : 3; 
12121 : 3; 
12122 : 3; 
12123 : 3; 
12124 : 3; 
12125 : 3; 
12126 : 3; 
12127 : 3; 
12128 : 3; 
12129 : 3; 
12130 : 3; 
12131 : 3; 
12132 : 3; 
12133 : 3; 
12134 : 3; 
12135 : 3; 
12136 : 3; 
12137 : 3; 
12138 : 3; 
12139 : 3; 
12140 : 3; 
12141 : 3; 
12142 : 3; 
12143 : 3; 
12144 : 3; 
12145 : 3; 
12146 : 3; 
12147 : 3; 
12148 : 3; 
12149 : 3; 
12150 : 3; 
12151 : 3; 
12152 : 3; 
12153 : 3; 
12154 : 3; 
12155 : 3; 
12156 : 3; 
12157 : 3; 
12158 : 3; 
12159 : 3; 
12160 : 2; 
12161 : 0; 
12162 : 0; 
12163 : 0; 
12164 : 0; 
12165 : 0; 
12166 : 0; 
12167 : 0; 
12168 : 0; 
12169 : 0; 
12170 : 0; 
12171 : 0; 
12172 : 0; 
12173 : 0; 
12174 : 0; 
12175 : 0; 
12176 : 0; 
12177 : 0; 
12178 : 0; 
12179 : 0; 
12180 : 0; 
12181 : 0; 
12182 : 0; 
12183 : 0; 
12184 : 0; 
12185 : 0; 
12186 : 0; 
12187 : 0; 
12188 : 0; 
12189 : 0; 
12190 : 0; 
12191 : 0; 
12192 : 0; 
12193 : 0; 
12194 : 0; 
12195 : 0; 
12196 : 0; 
12197 : 0; 
12198 : 0; 
12199 : 0; 
12200 : 0; 
12201 : 0; 
12202 : 0; 
12203 : 0; 
12204 : 0; 
12205 : 0; 
12206 : 0; 
12207 : 0; 
12208 : 0; 
12209 : 0; 
12210 : 0; 
12211 : 0; 
12212 : 0; 
12213 : 0; 
12214 : 0; 
12215 : 0; 
12216 : 0; 
12217 : 0; 
12218 : 0; 
12219 : 0; 
12220 : 0; 
12221 : 0; 
12222 : 0; 
12223 : 0; 
12224 : 0; 
12225 : 0; 
12226 : 0; 
12227 : 0; 
12228 : 0; 
12229 : 0; 
12230 : 0; 
12231 : 0; 
12232 : 0; 
12233 : 0; 
12234 : 0; 
12235 : 0; 
12236 : 0; 
12237 : 0; 
12238 : 0; 
12239 : 0; 
12240 : 0; 
12241 : 1; 
12242 : 1; 
12243 : 1; 
12244 : 1; 
12245 : 1; 
12246 : 1; 
12247 : 1; 
12248 : 1; 
12249 : 1; 
12250 : 1; 
12251 : 1; 
12252 : 1; 
12253 : 1; 
12254 : 1; 
12255 : 1; 
12256 : 1; 
12257 : 1; 
12258 : 1; 
12259 : 1; 
12260 : 1; 
12261 : 1; 
12262 : 1; 
12263 : 1; 
12264 : 1; 
12265 : 1; 
12266 : 1; 
12267 : 1; 
12268 : 1; 
12269 : 1; 
12270 : 1; 
12271 : 1; 
12272 : 1; 
12273 : 1; 
12274 : 1; 
12275 : 1; 
12276 : 1; 
12277 : 1; 
12278 : 1; 
12279 : 1; 
12280 : 1; 
12281 : 1; 
12282 : 1; 
12283 : 1; 
12284 : 1; 
12285 : 1; 
12286 : 1; 
12287 : 1; 
12288 : 2; 
12289 : 2; 
12290 : 2; 
12291 : 2; 
12292 : 2; 
12293 : 2; 
12294 : 2; 
12295 : 2; 
12296 : 2; 
12297 : 2; 
12298 : 2; 
12299 : 2; 
12300 : 2; 
12301 : 2; 
12302 : 2; 
12303 : 2; 
12304 : 2; 
12305 : 2; 
12306 : 2; 
12307 : 2; 
12308 : 2; 
12309 : 2; 
12310 : 2; 
12311 : 2; 
12312 : 2; 
12313 : 2; 
12314 : 2; 
12315 : 2; 
12316 : 2; 
12317 : 2; 
12318 : 2; 
12319 : 2; 
12320 : 2; 
12321 : 2; 
12322 : 2; 
12323 : 2; 
12324 : 2; 
12325 : 2; 
12326 : 2; 
12327 : 2; 
12328 : 2; 
12329 : 2; 
12330 : 2; 
12331 : 2; 
12332 : 2; 
12333 : 2; 
12334 : 2; 
12335 : 2; 
12336 : 3; 
12337 : 3; 
12338 : 3; 
12339 : 3; 
12340 : 3; 
12341 : 3; 
12342 : 3; 
12343 : 3; 
12344 : 3; 
12345 : 3; 
12346 : 3; 
12347 : 3; 
12348 : 3; 
12349 : 3; 
12350 : 3; 
12351 : 3; 
12352 : 3; 
12353 : 3; 
12354 : 3; 
12355 : 3; 
12356 : 3; 
12357 : 3; 
12358 : 3; 
12359 : 3; 
12360 : 3; 
12361 : 3; 
12362 : 3; 
12363 : 3; 
12364 : 3; 
12365 : 3; 
12366 : 3; 
12367 : 3; 
12368 : 3; 
12369 : 3; 
12370 : 3; 
12371 : 3; 
12372 : 3; 
12373 : 3; 
12374 : 3; 
12375 : 3; 
12376 : 3; 
12377 : 3; 
12378 : 3; 
12379 : 3; 
12380 : 3; 
12381 : 3; 
12382 : 3; 
12383 : 3; 
12384 : 3; 
12385 : 3; 
12386 : 3; 
12387 : 3; 
12388 : 3; 
12389 : 3; 
12390 : 3; 
12391 : 3; 
12392 : 3; 
12393 : 3; 
12394 : 3; 
12395 : 3; 
12396 : 3; 
12397 : 3; 
12398 : 3; 
12399 : 3; 
12400 : 3; 
12401 : 3; 
12402 : 3; 
12403 : 3; 
12404 : 3; 
12405 : 3; 
12406 : 3; 
12407 : 3; 
12408 : 3; 
12409 : 3; 
12410 : 3; 
12411 : 3; 
12412 : 3; 
12413 : 3; 
12414 : 3; 
12415 : 3; 
12416 : 2; 
12417 : 0; 
12418 : 0; 
12419 : 0; 
12420 : 0; 
12421 : 0; 
12422 : 0; 
12423 : 0; 
12424 : 0; 
12425 : 0; 
12426 : 0; 
12427 : 0; 
12428 : 0; 
12429 : 0; 
12430 : 0; 
12431 : 0; 
12432 : 0; 
12433 : 0; 
12434 : 0; 
12435 : 0; 
12436 : 0; 
12437 : 0; 
12438 : 0; 
12439 : 0; 
12440 : 0; 
12441 : 0; 
12442 : 0; 
12443 : 0; 
12444 : 0; 
12445 : 0; 
12446 : 0; 
12447 : 0; 
12448 : 0; 
12449 : 0; 
12450 : 0; 
12451 : 0; 
12452 : 0; 
12453 : 0; 
12454 : 0; 
12455 : 0; 
12456 : 0; 
12457 : 0; 
12458 : 0; 
12459 : 0; 
12460 : 0; 
12461 : 0; 
12462 : 0; 
12463 : 0; 
12464 : 0; 
12465 : 0; 
12466 : 0; 
12467 : 0; 
12468 : 0; 
12469 : 0; 
12470 : 0; 
12471 : 0; 
12472 : 0; 
12473 : 0; 
12474 : 0; 
12475 : 0; 
12476 : 0; 
12477 : 0; 
12478 : 0; 
12479 : 0; 
12480 : 0; 
12481 : 0; 
12482 : 0; 
12483 : 0; 
12484 : 0; 
12485 : 0; 
12486 : 0; 
12487 : 0; 
12488 : 0; 
12489 : 0; 
12490 : 0; 
12491 : 0; 
12492 : 0; 
12493 : 0; 
12494 : 0; 
12495 : 0; 
12496 : 1; 
12497 : 1; 
12498 : 1; 
12499 : 1; 
12500 : 1; 
12501 : 1; 
12502 : 1; 
12503 : 1; 
12504 : 1; 
12505 : 1; 
12506 : 1; 
12507 : 1; 
12508 : 1; 
12509 : 1; 
12510 : 1; 
12511 : 1; 
12512 : 1; 
12513 : 1; 
12514 : 1; 
12515 : 1; 
12516 : 1; 
12517 : 1; 
12518 : 1; 
12519 : 1; 
12520 : 1; 
12521 : 1; 
12522 : 1; 
12523 : 1; 
12524 : 1; 
12525 : 1; 
12526 : 1; 
12527 : 1; 
12528 : 1; 
12529 : 1; 
12530 : 1; 
12531 : 1; 
12532 : 1; 
12533 : 1; 
12534 : 1; 
12535 : 1; 
12536 : 1; 
12537 : 1; 
12538 : 1; 
12539 : 1; 
12540 : 1; 
12541 : 1; 
12542 : 1; 
12543 : 1; 
12544 : 2; 
12545 : 2; 
12546 : 2; 
12547 : 2; 
12548 : 2; 
12549 : 2; 
12550 : 2; 
12551 : 2; 
12552 : 2; 
12553 : 2; 
12554 : 2; 
12555 : 2; 
12556 : 2; 
12557 : 2; 
12558 : 2; 
12559 : 2; 
12560 : 2; 
12561 : 2; 
12562 : 2; 
12563 : 2; 
12564 : 2; 
12565 : 2; 
12566 : 2; 
12567 : 2; 
12568 : 2; 
12569 : 2; 
12570 : 2; 
12571 : 2; 
12572 : 2; 
12573 : 2; 
12574 : 2; 
12575 : 2; 
12576 : 2; 
12577 : 2; 
12578 : 2; 
12579 : 2; 
12580 : 2; 
12581 : 2; 
12582 : 2; 
12583 : 2; 
12584 : 2; 
12585 : 2; 
12586 : 2; 
12587 : 2; 
12588 : 2; 
12589 : 2; 
12590 : 2; 
12591 : 2; 
12592 : 2; 
12593 : 3; 
12594 : 3; 
12595 : 3; 
12596 : 3; 
12597 : 3; 
12598 : 3; 
12599 : 3; 
12600 : 3; 
12601 : 3; 
12602 : 3; 
12603 : 3; 
12604 : 3; 
12605 : 3; 
12606 : 3; 
12607 : 3; 
12608 : 3; 
12609 : 3; 
12610 : 3; 
12611 : 3; 
12612 : 3; 
12613 : 3; 
12614 : 3; 
12615 : 3; 
12616 : 3; 
12617 : 3; 
12618 : 3; 
12619 : 3; 
12620 : 3; 
12621 : 3; 
12622 : 3; 
12623 : 3; 
12624 : 3; 
12625 : 3; 
12626 : 3; 
12627 : 3; 
12628 : 3; 
12629 : 3; 
12630 : 3; 
12631 : 3; 
12632 : 3; 
12633 : 3; 
12634 : 3; 
12635 : 3; 
12636 : 3; 
12637 : 3; 
12638 : 3; 
12639 : 3; 
12640 : 3; 
12641 : 3; 
12642 : 3; 
12643 : 3; 
12644 : 3; 
12645 : 3; 
12646 : 3; 
12647 : 3; 
12648 : 3; 
12649 : 3; 
12650 : 3; 
12651 : 3; 
12652 : 3; 
12653 : 3; 
12654 : 3; 
12655 : 3; 
12656 : 3; 
12657 : 3; 
12658 : 3; 
12659 : 3; 
12660 : 3; 
12661 : 3; 
12662 : 3; 
12663 : 3; 
12664 : 3; 
12665 : 3; 
12666 : 3; 
12667 : 3; 
12668 : 3; 
12669 : 3; 
12670 : 3; 
12671 : 3; 
12672 : 2; 
12673 : 0; 
12674 : 0; 
12675 : 0; 
12676 : 0; 
12677 : 0; 
12678 : 0; 
12679 : 0; 
12680 : 0; 
12681 : 0; 
12682 : 0; 
12683 : 0; 
12684 : 0; 
12685 : 0; 
12686 : 0; 
12687 : 0; 
12688 : 0; 
12689 : 0; 
12690 : 0; 
12691 : 0; 
12692 : 0; 
12693 : 0; 
12694 : 0; 
12695 : 0; 
12696 : 0; 
12697 : 0; 
12698 : 0; 
12699 : 0; 
12700 : 0; 
12701 : 0; 
12702 : 0; 
12703 : 0; 
12704 : 0; 
12705 : 0; 
12706 : 0; 
12707 : 0; 
12708 : 0; 
12709 : 0; 
12710 : 0; 
12711 : 0; 
12712 : 0; 
12713 : 0; 
12714 : 0; 
12715 : 0; 
12716 : 0; 
12717 : 0; 
12718 : 0; 
12719 : 0; 
12720 : 0; 
12721 : 0; 
12722 : 0; 
12723 : 0; 
12724 : 0; 
12725 : 0; 
12726 : 0; 
12727 : 0; 
12728 : 0; 
12729 : 0; 
12730 : 0; 
12731 : 0; 
12732 : 0; 
12733 : 0; 
12734 : 0; 
12735 : 0; 
12736 : 0; 
12737 : 0; 
12738 : 0; 
12739 : 0; 
12740 : 0; 
12741 : 0; 
12742 : 0; 
12743 : 0; 
12744 : 0; 
12745 : 0; 
12746 : 0; 
12747 : 0; 
12748 : 0; 
12749 : 0; 
12750 : 0; 
12751 : 1; 
12752 : 1; 
12753 : 1; 
12754 : 1; 
12755 : 1; 
12756 : 1; 
12757 : 1; 
12758 : 1; 
12759 : 1; 
12760 : 1; 
12761 : 1; 
12762 : 1; 
12763 : 1; 
12764 : 1; 
12765 : 1; 
12766 : 1; 
12767 : 1; 
12768 : 1; 
12769 : 1; 
12770 : 1; 
12771 : 1; 
12772 : 1; 
12773 : 1; 
12774 : 1; 
12775 : 1; 
12776 : 1; 
12777 : 1; 
12778 : 1; 
12779 : 1; 
12780 : 1; 
12781 : 1; 
12782 : 1; 
12783 : 1; 
12784 : 1; 
12785 : 1; 
12786 : 1; 
12787 : 1; 
12788 : 1; 
12789 : 1; 
12790 : 1; 
12791 : 1; 
12792 : 1; 
12793 : 1; 
12794 : 1; 
12795 : 1; 
12796 : 1; 
12797 : 1; 
12798 : 1; 
12799 : 1; 
12800 : 2; 
12801 : 2; 
12802 : 2; 
12803 : 2; 
12804 : 2; 
12805 : 2; 
12806 : 2; 
12807 : 2; 
12808 : 2; 
12809 : 2; 
12810 : 2; 
12811 : 2; 
12812 : 2; 
12813 : 2; 
12814 : 2; 
12815 : 2; 
12816 : 2; 
12817 : 2; 
12818 : 2; 
12819 : 2; 
12820 : 2; 
12821 : 2; 
12822 : 2; 
12823 : 2; 
12824 : 2; 
12825 : 2; 
12826 : 2; 
12827 : 2; 
12828 : 2; 
12829 : 2; 
12830 : 2; 
12831 : 2; 
12832 : 2; 
12833 : 2; 
12834 : 2; 
12835 : 2; 
12836 : 2; 
12837 : 2; 
12838 : 2; 
12839 : 2; 
12840 : 2; 
12841 : 2; 
12842 : 2; 
12843 : 2; 
12844 : 2; 
12845 : 2; 
12846 : 2; 
12847 : 2; 
12848 : 2; 
12849 : 2; 
12850 : 3; 
12851 : 3; 
12852 : 3; 
12853 : 3; 
12854 : 3; 
12855 : 3; 
12856 : 3; 
12857 : 3; 
12858 : 3; 
12859 : 3; 
12860 : 3; 
12861 : 3; 
12862 : 3; 
12863 : 3; 
12864 : 3; 
12865 : 3; 
12866 : 3; 
12867 : 3; 
12868 : 3; 
12869 : 3; 
12870 : 3; 
12871 : 3; 
12872 : 3; 
12873 : 3; 
12874 : 3; 
12875 : 3; 
12876 : 3; 
12877 : 3; 
12878 : 3; 
12879 : 3; 
12880 : 3; 
12881 : 3; 
12882 : 3; 
12883 : 3; 
12884 : 3; 
12885 : 3; 
12886 : 3; 
12887 : 3; 
12888 : 3; 
12889 : 3; 
12890 : 3; 
12891 : 3; 
12892 : 3; 
12893 : 3; 
12894 : 3; 
12895 : 3; 
12896 : 3; 
12897 : 3; 
12898 : 3; 
12899 : 3; 
12900 : 3; 
12901 : 3; 
12902 : 3; 
12903 : 3; 
12904 : 3; 
12905 : 3; 
12906 : 3; 
12907 : 3; 
12908 : 3; 
12909 : 3; 
12910 : 3; 
12911 : 3; 
12912 : 3; 
12913 : 3; 
12914 : 3; 
12915 : 3; 
12916 : 3; 
12917 : 3; 
12918 : 3; 
12919 : 3; 
12920 : 3; 
12921 : 3; 
12922 : 3; 
12923 : 3; 
12924 : 3; 
12925 : 3; 
12926 : 3; 
12927 : 3; 
12928 : 2; 
12929 : 0; 
12930 : 0; 
12931 : 0; 
12932 : 0; 
12933 : 0; 
12934 : 0; 
12935 : 0; 
12936 : 0; 
12937 : 0; 
12938 : 0; 
12939 : 0; 
12940 : 0; 
12941 : 0; 
12942 : 0; 
12943 : 0; 
12944 : 0; 
12945 : 0; 
12946 : 0; 
12947 : 0; 
12948 : 0; 
12949 : 0; 
12950 : 0; 
12951 : 0; 
12952 : 0; 
12953 : 0; 
12954 : 0; 
12955 : 0; 
12956 : 0; 
12957 : 0; 
12958 : 0; 
12959 : 0; 
12960 : 0; 
12961 : 0; 
12962 : 0; 
12963 : 0; 
12964 : 0; 
12965 : 0; 
12966 : 0; 
12967 : 0; 
12968 : 0; 
12969 : 0; 
12970 : 0; 
12971 : 0; 
12972 : 0; 
12973 : 0; 
12974 : 0; 
12975 : 0; 
12976 : 0; 
12977 : 0; 
12978 : 0; 
12979 : 0; 
12980 : 0; 
12981 : 0; 
12982 : 0; 
12983 : 0; 
12984 : 0; 
12985 : 0; 
12986 : 0; 
12987 : 0; 
12988 : 0; 
12989 : 0; 
12990 : 0; 
12991 : 0; 
12992 : 0; 
12993 : 0; 
12994 : 0; 
12995 : 0; 
12996 : 0; 
12997 : 0; 
12998 : 0; 
12999 : 0; 
13000 : 0; 
13001 : 0; 
13002 : 0; 
13003 : 0; 
13004 : 0; 
13005 : 0; 
13006 : 1; 
13007 : 1; 
13008 : 1; 
13009 : 1; 
13010 : 1; 
13011 : 1; 
13012 : 1; 
13013 : 1; 
13014 : 1; 
13015 : 1; 
13016 : 1; 
13017 : 1; 
13018 : 1; 
13019 : 1; 
13020 : 1; 
13021 : 1; 
13022 : 1; 
13023 : 1; 
13024 : 1; 
13025 : 1; 
13026 : 1; 
13027 : 1; 
13028 : 1; 
13029 : 1; 
13030 : 1; 
13031 : 1; 
13032 : 1; 
13033 : 1; 
13034 : 1; 
13035 : 1; 
13036 : 1; 
13037 : 1; 
13038 : 1; 
13039 : 1; 
13040 : 1; 
13041 : 1; 
13042 : 1; 
13043 : 1; 
13044 : 1; 
13045 : 1; 
13046 : 1; 
13047 : 1; 
13048 : 1; 
13049 : 1; 
13050 : 1; 
13051 : 1; 
13052 : 1; 
13053 : 1; 
13054 : 1; 
13055 : 1; 
13056 : 2; 
13057 : 2; 
13058 : 2; 
13059 : 2; 
13060 : 2; 
13061 : 2; 
13062 : 2; 
13063 : 2; 
13064 : 2; 
13065 : 2; 
13066 : 2; 
13067 : 2; 
13068 : 2; 
13069 : 2; 
13070 : 2; 
13071 : 2; 
13072 : 2; 
13073 : 2; 
13074 : 2; 
13075 : 2; 
13076 : 2; 
13077 : 2; 
13078 : 2; 
13079 : 2; 
13080 : 2; 
13081 : 2; 
13082 : 2; 
13083 : 2; 
13084 : 2; 
13085 : 2; 
13086 : 2; 
13087 : 2; 
13088 : 2; 
13089 : 2; 
13090 : 2; 
13091 : 2; 
13092 : 2; 
13093 : 2; 
13094 : 2; 
13095 : 2; 
13096 : 2; 
13097 : 2; 
13098 : 2; 
13099 : 2; 
13100 : 2; 
13101 : 2; 
13102 : 2; 
13103 : 2; 
13104 : 2; 
13105 : 2; 
13106 : 2; 
13107 : 3; 
13108 : 3; 
13109 : 3; 
13110 : 3; 
13111 : 3; 
13112 : 3; 
13113 : 3; 
13114 : 3; 
13115 : 3; 
13116 : 3; 
13117 : 3; 
13118 : 3; 
13119 : 3; 
13120 : 3; 
13121 : 3; 
13122 : 3; 
13123 : 3; 
13124 : 3; 
13125 : 3; 
13126 : 3; 
13127 : 3; 
13128 : 3; 
13129 : 3; 
13130 : 3; 
13131 : 3; 
13132 : 3; 
13133 : 3; 
13134 : 3; 
13135 : 3; 
13136 : 3; 
13137 : 3; 
13138 : 3; 
13139 : 3; 
13140 : 3; 
13141 : 3; 
13142 : 3; 
13143 : 3; 
13144 : 3; 
13145 : 3; 
13146 : 3; 
13147 : 3; 
13148 : 3; 
13149 : 3; 
13150 : 3; 
13151 : 3; 
13152 : 3; 
13153 : 3; 
13154 : 3; 
13155 : 3; 
13156 : 3; 
13157 : 3; 
13158 : 3; 
13159 : 3; 
13160 : 3; 
13161 : 3; 
13162 : 3; 
13163 : 3; 
13164 : 3; 
13165 : 3; 
13166 : 3; 
13167 : 3; 
13168 : 3; 
13169 : 3; 
13170 : 3; 
13171 : 3; 
13172 : 3; 
13173 : 3; 
13174 : 3; 
13175 : 3; 
13176 : 3; 
13177 : 3; 
13178 : 3; 
13179 : 3; 
13180 : 3; 
13181 : 3; 
13182 : 3; 
13183 : 3; 
13184 : 2; 
13185 : 0; 
13186 : 0; 
13187 : 0; 
13188 : 0; 
13189 : 0; 
13190 : 0; 
13191 : 0; 
13192 : 0; 
13193 : 0; 
13194 : 0; 
13195 : 0; 
13196 : 0; 
13197 : 0; 
13198 : 0; 
13199 : 0; 
13200 : 0; 
13201 : 0; 
13202 : 0; 
13203 : 0; 
13204 : 0; 
13205 : 0; 
13206 : 0; 
13207 : 0; 
13208 : 0; 
13209 : 0; 
13210 : 0; 
13211 : 0; 
13212 : 0; 
13213 : 0; 
13214 : 0; 
13215 : 0; 
13216 : 0; 
13217 : 0; 
13218 : 0; 
13219 : 0; 
13220 : 0; 
13221 : 0; 
13222 : 0; 
13223 : 0; 
13224 : 0; 
13225 : 0; 
13226 : 0; 
13227 : 0; 
13228 : 0; 
13229 : 0; 
13230 : 0; 
13231 : 0; 
13232 : 0; 
13233 : 0; 
13234 : 0; 
13235 : 0; 
13236 : 0; 
13237 : 0; 
13238 : 0; 
13239 : 0; 
13240 : 0; 
13241 : 0; 
13242 : 0; 
13243 : 0; 
13244 : 0; 
13245 : 0; 
13246 : 0; 
13247 : 0; 
13248 : 0; 
13249 : 0; 
13250 : 0; 
13251 : 0; 
13252 : 0; 
13253 : 0; 
13254 : 0; 
13255 : 0; 
13256 : 0; 
13257 : 0; 
13258 : 0; 
13259 : 0; 
13260 : 0; 
13261 : 1; 
13262 : 1; 
13263 : 1; 
13264 : 1; 
13265 : 1; 
13266 : 1; 
13267 : 1; 
13268 : 1; 
13269 : 1; 
13270 : 1; 
13271 : 1; 
13272 : 1; 
13273 : 1; 
13274 : 1; 
13275 : 1; 
13276 : 1; 
13277 : 1; 
13278 : 1; 
13279 : 1; 
13280 : 1; 
13281 : 1; 
13282 : 1; 
13283 : 1; 
13284 : 1; 
13285 : 1; 
13286 : 1; 
13287 : 1; 
13288 : 1; 
13289 : 1; 
13290 : 1; 
13291 : 1; 
13292 : 1; 
13293 : 1; 
13294 : 1; 
13295 : 1; 
13296 : 1; 
13297 : 1; 
13298 : 1; 
13299 : 1; 
13300 : 1; 
13301 : 1; 
13302 : 1; 
13303 : 1; 
13304 : 1; 
13305 : 1; 
13306 : 1; 
13307 : 1; 
13308 : 1; 
13309 : 1; 
13310 : 1; 
13311 : 1; 
13312 : 2; 
13313 : 2; 
13314 : 2; 
13315 : 2; 
13316 : 2; 
13317 : 2; 
13318 : 2; 
13319 : 2; 
13320 : 2; 
13321 : 2; 
13322 : 2; 
13323 : 2; 
13324 : 2; 
13325 : 2; 
13326 : 2; 
13327 : 2; 
13328 : 2; 
13329 : 2; 
13330 : 2; 
13331 : 2; 
13332 : 2; 
13333 : 2; 
13334 : 2; 
13335 : 2; 
13336 : 2; 
13337 : 2; 
13338 : 2; 
13339 : 2; 
13340 : 2; 
13341 : 2; 
13342 : 2; 
13343 : 2; 
13344 : 2; 
13345 : 2; 
13346 : 2; 
13347 : 2; 
13348 : 2; 
13349 : 2; 
13350 : 2; 
13351 : 2; 
13352 : 2; 
13353 : 2; 
13354 : 2; 
13355 : 2; 
13356 : 2; 
13357 : 2; 
13358 : 2; 
13359 : 2; 
13360 : 2; 
13361 : 2; 
13362 : 2; 
13363 : 2; 
13364 : 3; 
13365 : 3; 
13366 : 3; 
13367 : 3; 
13368 : 3; 
13369 : 3; 
13370 : 3; 
13371 : 3; 
13372 : 3; 
13373 : 3; 
13374 : 3; 
13375 : 3; 
13376 : 3; 
13377 : 3; 
13378 : 3; 
13379 : 3; 
13380 : 3; 
13381 : 3; 
13382 : 3; 
13383 : 3; 
13384 : 3; 
13385 : 3; 
13386 : 3; 
13387 : 3; 
13388 : 3; 
13389 : 3; 
13390 : 3; 
13391 : 3; 
13392 : 3; 
13393 : 3; 
13394 : 3; 
13395 : 3; 
13396 : 3; 
13397 : 3; 
13398 : 3; 
13399 : 3; 
13400 : 3; 
13401 : 3; 
13402 : 3; 
13403 : 3; 
13404 : 3; 
13405 : 3; 
13406 : 3; 
13407 : 3; 
13408 : 3; 
13409 : 3; 
13410 : 3; 
13411 : 3; 
13412 : 3; 
13413 : 3; 
13414 : 3; 
13415 : 3; 
13416 : 3; 
13417 : 3; 
13418 : 3; 
13419 : 3; 
13420 : 3; 
13421 : 3; 
13422 : 3; 
13423 : 3; 
13424 : 3; 
13425 : 3; 
13426 : 3; 
13427 : 3; 
13428 : 3; 
13429 : 3; 
13430 : 3; 
13431 : 3; 
13432 : 3; 
13433 : 3; 
13434 : 3; 
13435 : 3; 
13436 : 3; 
13437 : 3; 
13438 : 3; 
13439 : 3; 
13440 : 2; 
13441 : 0; 
13442 : 0; 
13443 : 0; 
13444 : 0; 
13445 : 0; 
13446 : 0; 
13447 : 0; 
13448 : 0; 
13449 : 0; 
13450 : 0; 
13451 : 0; 
13452 : 0; 
13453 : 0; 
13454 : 0; 
13455 : 0; 
13456 : 0; 
13457 : 0; 
13458 : 0; 
13459 : 0; 
13460 : 0; 
13461 : 0; 
13462 : 0; 
13463 : 0; 
13464 : 0; 
13465 : 0; 
13466 : 0; 
13467 : 0; 
13468 : 0; 
13469 : 0; 
13470 : 0; 
13471 : 0; 
13472 : 0; 
13473 : 0; 
13474 : 0; 
13475 : 0; 
13476 : 0; 
13477 : 0; 
13478 : 0; 
13479 : 0; 
13480 : 0; 
13481 : 0; 
13482 : 0; 
13483 : 0; 
13484 : 0; 
13485 : 0; 
13486 : 0; 
13487 : 0; 
13488 : 0; 
13489 : 0; 
13490 : 0; 
13491 : 0; 
13492 : 0; 
13493 : 0; 
13494 : 0; 
13495 : 0; 
13496 : 0; 
13497 : 0; 
13498 : 0; 
13499 : 0; 
13500 : 0; 
13501 : 0; 
13502 : 0; 
13503 : 0; 
13504 : 0; 
13505 : 0; 
13506 : 0; 
13507 : 0; 
13508 : 0; 
13509 : 0; 
13510 : 0; 
13511 : 0; 
13512 : 0; 
13513 : 0; 
13514 : 0; 
13515 : 0; 
13516 : 1; 
13517 : 1; 
13518 : 1; 
13519 : 1; 
13520 : 1; 
13521 : 1; 
13522 : 1; 
13523 : 1; 
13524 : 1; 
13525 : 1; 
13526 : 1; 
13527 : 1; 
13528 : 1; 
13529 : 1; 
13530 : 1; 
13531 : 1; 
13532 : 1; 
13533 : 1; 
13534 : 1; 
13535 : 1; 
13536 : 1; 
13537 : 1; 
13538 : 1; 
13539 : 1; 
13540 : 1; 
13541 : 1; 
13542 : 1; 
13543 : 1; 
13544 : 1; 
13545 : 1; 
13546 : 1; 
13547 : 1; 
13548 : 1; 
13549 : 1; 
13550 : 1; 
13551 : 1; 
13552 : 1; 
13553 : 1; 
13554 : 1; 
13555 : 1; 
13556 : 1; 
13557 : 1; 
13558 : 1; 
13559 : 1; 
13560 : 1; 
13561 : 1; 
13562 : 1; 
13563 : 1; 
13564 : 1; 
13565 : 1; 
13566 : 1; 
13567 : 1; 
13568 : 2; 
13569 : 2; 
13570 : 2; 
13571 : 2; 
13572 : 2; 
13573 : 2; 
13574 : 2; 
13575 : 2; 
13576 : 2; 
13577 : 2; 
13578 : 2; 
13579 : 2; 
13580 : 2; 
13581 : 2; 
13582 : 2; 
13583 : 2; 
13584 : 2; 
13585 : 2; 
13586 : 2; 
13587 : 2; 
13588 : 2; 
13589 : 2; 
13590 : 2; 
13591 : 2; 
13592 : 2; 
13593 : 2; 
13594 : 2; 
13595 : 2; 
13596 : 2; 
13597 : 2; 
13598 : 2; 
13599 : 2; 
13600 : 2; 
13601 : 2; 
13602 : 2; 
13603 : 2; 
13604 : 2; 
13605 : 2; 
13606 : 2; 
13607 : 2; 
13608 : 2; 
13609 : 2; 
13610 : 2; 
13611 : 2; 
13612 : 2; 
13613 : 2; 
13614 : 2; 
13615 : 2; 
13616 : 2; 
13617 : 2; 
13618 : 2; 
13619 : 2; 
13620 : 2; 
13621 : 3; 
13622 : 3; 
13623 : 3; 
13624 : 3; 
13625 : 3; 
13626 : 3; 
13627 : 3; 
13628 : 3; 
13629 : 3; 
13630 : 3; 
13631 : 3; 
13632 : 3; 
13633 : 3; 
13634 : 3; 
13635 : 3; 
13636 : 3; 
13637 : 3; 
13638 : 3; 
13639 : 3; 
13640 : 3; 
13641 : 3; 
13642 : 3; 
13643 : 3; 
13644 : 3; 
13645 : 3; 
13646 : 3; 
13647 : 3; 
13648 : 3; 
13649 : 3; 
13650 : 3; 
13651 : 3; 
13652 : 3; 
13653 : 3; 
13654 : 3; 
13655 : 3; 
13656 : 3; 
13657 : 3; 
13658 : 3; 
13659 : 3; 
13660 : 3; 
13661 : 3; 
13662 : 3; 
13663 : 3; 
13664 : 3; 
13665 : 3; 
13666 : 3; 
13667 : 3; 
13668 : 3; 
13669 : 3; 
13670 : 3; 
13671 : 3; 
13672 : 3; 
13673 : 3; 
13674 : 3; 
13675 : 3; 
13676 : 3; 
13677 : 3; 
13678 : 3; 
13679 : 3; 
13680 : 3; 
13681 : 3; 
13682 : 3; 
13683 : 3; 
13684 : 3; 
13685 : 3; 
13686 : 3; 
13687 : 3; 
13688 : 3; 
13689 : 3; 
13690 : 3; 
13691 : 3; 
13692 : 3; 
13693 : 3; 
13694 : 3; 
13695 : 3; 
13696 : 2; 
13697 : 0; 
13698 : 0; 
13699 : 0; 
13700 : 0; 
13701 : 0; 
13702 : 0; 
13703 : 0; 
13704 : 0; 
13705 : 0; 
13706 : 0; 
13707 : 0; 
13708 : 0; 
13709 : 0; 
13710 : 0; 
13711 : 0; 
13712 : 0; 
13713 : 0; 
13714 : 0; 
13715 : 0; 
13716 : 0; 
13717 : 0; 
13718 : 0; 
13719 : 0; 
13720 : 0; 
13721 : 0; 
13722 : 0; 
13723 : 0; 
13724 : 0; 
13725 : 0; 
13726 : 0; 
13727 : 0; 
13728 : 0; 
13729 : 0; 
13730 : 0; 
13731 : 0; 
13732 : 0; 
13733 : 0; 
13734 : 0; 
13735 : 0; 
13736 : 0; 
13737 : 0; 
13738 : 0; 
13739 : 0; 
13740 : 0; 
13741 : 0; 
13742 : 0; 
13743 : 0; 
13744 : 0; 
13745 : 0; 
13746 : 0; 
13747 : 0; 
13748 : 0; 
13749 : 0; 
13750 : 0; 
13751 : 0; 
13752 : 0; 
13753 : 0; 
13754 : 0; 
13755 : 0; 
13756 : 0; 
13757 : 0; 
13758 : 0; 
13759 : 0; 
13760 : 0; 
13761 : 0; 
13762 : 0; 
13763 : 0; 
13764 : 0; 
13765 : 0; 
13766 : 0; 
13767 : 0; 
13768 : 0; 
13769 : 0; 
13770 : 0; 
13771 : 1; 
13772 : 1; 
13773 : 1; 
13774 : 1; 
13775 : 1; 
13776 : 1; 
13777 : 1; 
13778 : 1; 
13779 : 1; 
13780 : 1; 
13781 : 1; 
13782 : 1; 
13783 : 1; 
13784 : 1; 
13785 : 1; 
13786 : 1; 
13787 : 1; 
13788 : 1; 
13789 : 1; 
13790 : 1; 
13791 : 1; 
13792 : 1; 
13793 : 1; 
13794 : 1; 
13795 : 1; 
13796 : 1; 
13797 : 1; 
13798 : 1; 
13799 : 1; 
13800 : 1; 
13801 : 1; 
13802 : 1; 
13803 : 1; 
13804 : 1; 
13805 : 1; 
13806 : 1; 
13807 : 1; 
13808 : 1; 
13809 : 1; 
13810 : 1; 
13811 : 1; 
13812 : 1; 
13813 : 1; 
13814 : 1; 
13815 : 1; 
13816 : 1; 
13817 : 1; 
13818 : 1; 
13819 : 1; 
13820 : 1; 
13821 : 1; 
13822 : 1; 
13823 : 1; 
13824 : 2; 
13825 : 2; 
13826 : 2; 
13827 : 2; 
13828 : 2; 
13829 : 2; 
13830 : 2; 
13831 : 2; 
13832 : 2; 
13833 : 2; 
13834 : 2; 
13835 : 2; 
13836 : 2; 
13837 : 2; 
13838 : 2; 
13839 : 2; 
13840 : 2; 
13841 : 2; 
13842 : 2; 
13843 : 2; 
13844 : 2; 
13845 : 2; 
13846 : 2; 
13847 : 2; 
13848 : 2; 
13849 : 2; 
13850 : 2; 
13851 : 2; 
13852 : 2; 
13853 : 2; 
13854 : 2; 
13855 : 2; 
13856 : 2; 
13857 : 2; 
13858 : 2; 
13859 : 2; 
13860 : 2; 
13861 : 2; 
13862 : 2; 
13863 : 2; 
13864 : 2; 
13865 : 2; 
13866 : 2; 
13867 : 2; 
13868 : 2; 
13869 : 2; 
13870 : 2; 
13871 : 2; 
13872 : 2; 
13873 : 2; 
13874 : 2; 
13875 : 2; 
13876 : 2; 
13877 : 2; 
13878 : 3; 
13879 : 3; 
13880 : 3; 
13881 : 3; 
13882 : 3; 
13883 : 3; 
13884 : 3; 
13885 : 3; 
13886 : 3; 
13887 : 3; 
13888 : 3; 
13889 : 3; 
13890 : 3; 
13891 : 3; 
13892 : 3; 
13893 : 3; 
13894 : 3; 
13895 : 3; 
13896 : 3; 
13897 : 3; 
13898 : 3; 
13899 : 3; 
13900 : 3; 
13901 : 3; 
13902 : 3; 
13903 : 3; 
13904 : 3; 
13905 : 3; 
13906 : 3; 
13907 : 3; 
13908 : 3; 
13909 : 3; 
13910 : 3; 
13911 : 3; 
13912 : 3; 
13913 : 3; 
13914 : 3; 
13915 : 3; 
13916 : 3; 
13917 : 3; 
13918 : 3; 
13919 : 3; 
13920 : 3; 
13921 : 3; 
13922 : 3; 
13923 : 3; 
13924 : 3; 
13925 : 3; 
13926 : 3; 
13927 : 3; 
13928 : 3; 
13929 : 3; 
13930 : 3; 
13931 : 3; 
13932 : 3; 
13933 : 3; 
13934 : 3; 
13935 : 3; 
13936 : 3; 
13937 : 3; 
13938 : 3; 
13939 : 3; 
13940 : 3; 
13941 : 3; 
13942 : 3; 
13943 : 3; 
13944 : 3; 
13945 : 3; 
13946 : 3; 
13947 : 3; 
13948 : 3; 
13949 : 3; 
13950 : 3; 
13951 : 3; 
13952 : 2; 
13953 : 0; 
13954 : 0; 
13955 : 0; 
13956 : 0; 
13957 : 0; 
13958 : 0; 
13959 : 0; 
13960 : 0; 
13961 : 0; 
13962 : 0; 
13963 : 0; 
13964 : 0; 
13965 : 0; 
13966 : 0; 
13967 : 0; 
13968 : 0; 
13969 : 0; 
13970 : 0; 
13971 : 0; 
13972 : 0; 
13973 : 0; 
13974 : 0; 
13975 : 0; 
13976 : 0; 
13977 : 0; 
13978 : 0; 
13979 : 0; 
13980 : 0; 
13981 : 0; 
13982 : 0; 
13983 : 0; 
13984 : 0; 
13985 : 0; 
13986 : 0; 
13987 : 0; 
13988 : 0; 
13989 : 0; 
13990 : 0; 
13991 : 0; 
13992 : 0; 
13993 : 0; 
13994 : 0; 
13995 : 0; 
13996 : 0; 
13997 : 0; 
13998 : 0; 
13999 : 0; 
14000 : 0; 
14001 : 0; 
14002 : 0; 
14003 : 0; 
14004 : 0; 
14005 : 0; 
14006 : 0; 
14007 : 0; 
14008 : 0; 
14009 : 0; 
14010 : 0; 
14011 : 0; 
14012 : 0; 
14013 : 0; 
14014 : 0; 
14015 : 0; 
14016 : 0; 
14017 : 0; 
14018 : 0; 
14019 : 0; 
14020 : 0; 
14021 : 0; 
14022 : 0; 
14023 : 0; 
14024 : 0; 
14025 : 0; 
14026 : 1; 
14027 : 1; 
14028 : 1; 
14029 : 1; 
14030 : 1; 
14031 : 1; 
14032 : 1; 
14033 : 1; 
14034 : 1; 
14035 : 1; 
14036 : 1; 
14037 : 1; 
14038 : 1; 
14039 : 1; 
14040 : 1; 
14041 : 1; 
14042 : 1; 
14043 : 1; 
14044 : 1; 
14045 : 1; 
14046 : 1; 
14047 : 1; 
14048 : 1; 
14049 : 1; 
14050 : 1; 
14051 : 1; 
14052 : 1; 
14053 : 1; 
14054 : 1; 
14055 : 1; 
14056 : 1; 
14057 : 1; 
14058 : 1; 
14059 : 1; 
14060 : 1; 
14061 : 1; 
14062 : 1; 
14063 : 1; 
14064 : 1; 
14065 : 1; 
14066 : 1; 
14067 : 1; 
14068 : 1; 
14069 : 1; 
14070 : 1; 
14071 : 1; 
14072 : 1; 
14073 : 1; 
14074 : 1; 
14075 : 1; 
14076 : 1; 
14077 : 1; 
14078 : 1; 
14079 : 1; 
14080 : 2; 
14081 : 2; 
14082 : 2; 
14083 : 2; 
14084 : 2; 
14085 : 2; 
14086 : 2; 
14087 : 2; 
14088 : 2; 
14089 : 2; 
14090 : 2; 
14091 : 2; 
14092 : 2; 
14093 : 2; 
14094 : 2; 
14095 : 2; 
14096 : 2; 
14097 : 2; 
14098 : 2; 
14099 : 2; 
14100 : 2; 
14101 : 2; 
14102 : 2; 
14103 : 2; 
14104 : 2; 
14105 : 2; 
14106 : 2; 
14107 : 2; 
14108 : 2; 
14109 : 2; 
14110 : 2; 
14111 : 2; 
14112 : 2; 
14113 : 2; 
14114 : 2; 
14115 : 2; 
14116 : 2; 
14117 : 2; 
14118 : 2; 
14119 : 2; 
14120 : 2; 
14121 : 2; 
14122 : 2; 
14123 : 2; 
14124 : 2; 
14125 : 2; 
14126 : 2; 
14127 : 2; 
14128 : 2; 
14129 : 2; 
14130 : 2; 
14131 : 2; 
14132 : 2; 
14133 : 2; 
14134 : 2; 
14135 : 3; 
14136 : 3; 
14137 : 3; 
14138 : 3; 
14139 : 3; 
14140 : 3; 
14141 : 3; 
14142 : 3; 
14143 : 3; 
14144 : 3; 
14145 : 3; 
14146 : 3; 
14147 : 3; 
14148 : 3; 
14149 : 3; 
14150 : 3; 
14151 : 3; 
14152 : 3; 
14153 : 3; 
14154 : 3; 
14155 : 3; 
14156 : 3; 
14157 : 3; 
14158 : 3; 
14159 : 3; 
14160 : 3; 
14161 : 3; 
14162 : 3; 
14163 : 3; 
14164 : 3; 
14165 : 3; 
14166 : 3; 
14167 : 3; 
14168 : 3; 
14169 : 3; 
14170 : 3; 
14171 : 3; 
14172 : 3; 
14173 : 3; 
14174 : 3; 
14175 : 3; 
14176 : 3; 
14177 : 3; 
14178 : 3; 
14179 : 3; 
14180 : 3; 
14181 : 3; 
14182 : 3; 
14183 : 3; 
14184 : 3; 
14185 : 3; 
14186 : 3; 
14187 : 3; 
14188 : 3; 
14189 : 3; 
14190 : 3; 
14191 : 3; 
14192 : 3; 
14193 : 3; 
14194 : 3; 
14195 : 3; 
14196 : 3; 
14197 : 3; 
14198 : 3; 
14199 : 3; 
14200 : 3; 
14201 : 3; 
14202 : 3; 
14203 : 3; 
14204 : 3; 
14205 : 3; 
14206 : 3; 
14207 : 3; 
14208 : 2; 
14209 : 0; 
14210 : 0; 
14211 : 0; 
14212 : 0; 
14213 : 0; 
14214 : 0; 
14215 : 0; 
14216 : 0; 
14217 : 0; 
14218 : 0; 
14219 : 0; 
14220 : 0; 
14221 : 0; 
14222 : 0; 
14223 : 0; 
14224 : 0; 
14225 : 0; 
14226 : 0; 
14227 : 0; 
14228 : 0; 
14229 : 0; 
14230 : 0; 
14231 : 0; 
14232 : 0; 
14233 : 0; 
14234 : 0; 
14235 : 0; 
14236 : 0; 
14237 : 0; 
14238 : 0; 
14239 : 0; 
14240 : 0; 
14241 : 0; 
14242 : 0; 
14243 : 0; 
14244 : 0; 
14245 : 0; 
14246 : 0; 
14247 : 0; 
14248 : 0; 
14249 : 0; 
14250 : 0; 
14251 : 0; 
14252 : 0; 
14253 : 0; 
14254 : 0; 
14255 : 0; 
14256 : 0; 
14257 : 0; 
14258 : 0; 
14259 : 0; 
14260 : 0; 
14261 : 0; 
14262 : 0; 
14263 : 0; 
14264 : 0; 
14265 : 0; 
14266 : 0; 
14267 : 0; 
14268 : 0; 
14269 : 0; 
14270 : 0; 
14271 : 0; 
14272 : 0; 
14273 : 0; 
14274 : 0; 
14275 : 0; 
14276 : 0; 
14277 : 0; 
14278 : 0; 
14279 : 0; 
14280 : 0; 
14281 : 1; 
14282 : 1; 
14283 : 1; 
14284 : 1; 
14285 : 1; 
14286 : 1; 
14287 : 1; 
14288 : 1; 
14289 : 1; 
14290 : 1; 
14291 : 1; 
14292 : 1; 
14293 : 1; 
14294 : 1; 
14295 : 1; 
14296 : 1; 
14297 : 1; 
14298 : 1; 
14299 : 1; 
14300 : 1; 
14301 : 1; 
14302 : 1; 
14303 : 1; 
14304 : 1; 
14305 : 1; 
14306 : 1; 
14307 : 1; 
14308 : 1; 
14309 : 1; 
14310 : 1; 
14311 : 1; 
14312 : 1; 
14313 : 1; 
14314 : 1; 
14315 : 1; 
14316 : 1; 
14317 : 1; 
14318 : 1; 
14319 : 1; 
14320 : 1; 
14321 : 1; 
14322 : 1; 
14323 : 1; 
14324 : 1; 
14325 : 1; 
14326 : 1; 
14327 : 1; 
14328 : 1; 
14329 : 1; 
14330 : 1; 
14331 : 1; 
14332 : 1; 
14333 : 1; 
14334 : 1; 
14335 : 1; 
14336 : 2; 
14337 : 2; 
14338 : 2; 
14339 : 2; 
14340 : 2; 
14341 : 2; 
14342 : 2; 
14343 : 2; 
14344 : 2; 
14345 : 2; 
14346 : 2; 
14347 : 2; 
14348 : 2; 
14349 : 2; 
14350 : 2; 
14351 : 2; 
14352 : 2; 
14353 : 2; 
14354 : 2; 
14355 : 2; 
14356 : 2; 
14357 : 2; 
14358 : 2; 
14359 : 2; 
14360 : 2; 
14361 : 2; 
14362 : 2; 
14363 : 2; 
14364 : 2; 
14365 : 2; 
14366 : 2; 
14367 : 2; 
14368 : 2; 
14369 : 2; 
14370 : 2; 
14371 : 2; 
14372 : 2; 
14373 : 2; 
14374 : 2; 
14375 : 2; 
14376 : 2; 
14377 : 2; 
14378 : 2; 
14379 : 2; 
14380 : 2; 
14381 : 2; 
14382 : 2; 
14383 : 2; 
14384 : 2; 
14385 : 2; 
14386 : 2; 
14387 : 2; 
14388 : 2; 
14389 : 2; 
14390 : 2; 
14391 : 2; 
14392 : 3; 
14393 : 3; 
14394 : 3; 
14395 : 3; 
14396 : 3; 
14397 : 3; 
14398 : 3; 
14399 : 3; 
14400 : 3; 
14401 : 3; 
14402 : 3; 
14403 : 3; 
14404 : 3; 
14405 : 3; 
14406 : 3; 
14407 : 3; 
14408 : 3; 
14409 : 3; 
14410 : 3; 
14411 : 3; 
14412 : 3; 
14413 : 3; 
14414 : 3; 
14415 : 3; 
14416 : 3; 
14417 : 3; 
14418 : 3; 
14419 : 3; 
14420 : 3; 
14421 : 3; 
14422 : 3; 
14423 : 3; 
14424 : 3; 
14425 : 3; 
14426 : 3; 
14427 : 3; 
14428 : 3; 
14429 : 3; 
14430 : 3; 
14431 : 3; 
14432 : 3; 
14433 : 3; 
14434 : 3; 
14435 : 3; 
14436 : 3; 
14437 : 3; 
14438 : 3; 
14439 : 3; 
14440 : 3; 
14441 : 3; 
14442 : 3; 
14443 : 3; 
14444 : 3; 
14445 : 3; 
14446 : 3; 
14447 : 3; 
14448 : 3; 
14449 : 3; 
14450 : 3; 
14451 : 3; 
14452 : 3; 
14453 : 3; 
14454 : 3; 
14455 : 3; 
14456 : 3; 
14457 : 3; 
14458 : 3; 
14459 : 3; 
14460 : 3; 
14461 : 3; 
14462 : 3; 
14463 : 3; 
14464 : 2; 
14465 : 0; 
14466 : 0; 
14467 : 0; 
14468 : 0; 
14469 : 0; 
14470 : 0; 
14471 : 0; 
14472 : 0; 
14473 : 0; 
14474 : 0; 
14475 : 0; 
14476 : 0; 
14477 : 0; 
14478 : 0; 
14479 : 0; 
14480 : 0; 
14481 : 0; 
14482 : 0; 
14483 : 0; 
14484 : 0; 
14485 : 0; 
14486 : 0; 
14487 : 0; 
14488 : 0; 
14489 : 0; 
14490 : 0; 
14491 : 0; 
14492 : 0; 
14493 : 0; 
14494 : 0; 
14495 : 0; 
14496 : 0; 
14497 : 0; 
14498 : 0; 
14499 : 0; 
14500 : 0; 
14501 : 0; 
14502 : 0; 
14503 : 0; 
14504 : 0; 
14505 : 0; 
14506 : 0; 
14507 : 0; 
14508 : 0; 
14509 : 0; 
14510 : 0; 
14511 : 0; 
14512 : 0; 
14513 : 0; 
14514 : 0; 
14515 : 0; 
14516 : 0; 
14517 : 0; 
14518 : 0; 
14519 : 0; 
14520 : 0; 
14521 : 0; 
14522 : 0; 
14523 : 0; 
14524 : 0; 
14525 : 0; 
14526 : 0; 
14527 : 0; 
14528 : 0; 
14529 : 0; 
14530 : 0; 
14531 : 0; 
14532 : 0; 
14533 : 0; 
14534 : 0; 
14535 : 0; 
14536 : 1; 
14537 : 1; 
14538 : 1; 
14539 : 1; 
14540 : 1; 
14541 : 1; 
14542 : 1; 
14543 : 1; 
14544 : 1; 
14545 : 1; 
14546 : 1; 
14547 : 1; 
14548 : 1; 
14549 : 1; 
14550 : 1; 
14551 : 1; 
14552 : 1; 
14553 : 1; 
14554 : 1; 
14555 : 1; 
14556 : 1; 
14557 : 1; 
14558 : 1; 
14559 : 1; 
14560 : 1; 
14561 : 1; 
14562 : 1; 
14563 : 1; 
14564 : 1; 
14565 : 1; 
14566 : 1; 
14567 : 1; 
14568 : 1; 
14569 : 1; 
14570 : 1; 
14571 : 1; 
14572 : 1; 
14573 : 1; 
14574 : 1; 
14575 : 1; 
14576 : 1; 
14577 : 1; 
14578 : 1; 
14579 : 1; 
14580 : 1; 
14581 : 1; 
14582 : 1; 
14583 : 1; 
14584 : 1; 
14585 : 1; 
14586 : 1; 
14587 : 1; 
14588 : 1; 
14589 : 1; 
14590 : 1; 
14591 : 1; 
14592 : 2; 
14593 : 2; 
14594 : 2; 
14595 : 2; 
14596 : 2; 
14597 : 2; 
14598 : 2; 
14599 : 2; 
14600 : 2; 
14601 : 2; 
14602 : 2; 
14603 : 2; 
14604 : 2; 
14605 : 2; 
14606 : 2; 
14607 : 2; 
14608 : 2; 
14609 : 2; 
14610 : 2; 
14611 : 2; 
14612 : 2; 
14613 : 2; 
14614 : 2; 
14615 : 2; 
14616 : 2; 
14617 : 2; 
14618 : 2; 
14619 : 2; 
14620 : 2; 
14621 : 2; 
14622 : 2; 
14623 : 2; 
14624 : 2; 
14625 : 2; 
14626 : 2; 
14627 : 2; 
14628 : 2; 
14629 : 2; 
14630 : 2; 
14631 : 2; 
14632 : 2; 
14633 : 2; 
14634 : 2; 
14635 : 2; 
14636 : 2; 
14637 : 2; 
14638 : 2; 
14639 : 2; 
14640 : 2; 
14641 : 2; 
14642 : 2; 
14643 : 2; 
14644 : 2; 
14645 : 2; 
14646 : 2; 
14647 : 2; 
14648 : 2; 
14649 : 3; 
14650 : 3; 
14651 : 3; 
14652 : 3; 
14653 : 3; 
14654 : 3; 
14655 : 3; 
14656 : 3; 
14657 : 3; 
14658 : 3; 
14659 : 3; 
14660 : 3; 
14661 : 3; 
14662 : 3; 
14663 : 3; 
14664 : 3; 
14665 : 3; 
14666 : 3; 
14667 : 3; 
14668 : 3; 
14669 : 3; 
14670 : 3; 
14671 : 3; 
14672 : 3; 
14673 : 3; 
14674 : 3; 
14675 : 3; 
14676 : 3; 
14677 : 3; 
14678 : 3; 
14679 : 3; 
14680 : 3; 
14681 : 3; 
14682 : 3; 
14683 : 3; 
14684 : 3; 
14685 : 3; 
14686 : 3; 
14687 : 3; 
14688 : 3; 
14689 : 3; 
14690 : 3; 
14691 : 3; 
14692 : 3; 
14693 : 3; 
14694 : 3; 
14695 : 3; 
14696 : 3; 
14697 : 3; 
14698 : 3; 
14699 : 3; 
14700 : 3; 
14701 : 3; 
14702 : 3; 
14703 : 3; 
14704 : 3; 
14705 : 3; 
14706 : 3; 
14707 : 3; 
14708 : 3; 
14709 : 3; 
14710 : 3; 
14711 : 3; 
14712 : 3; 
14713 : 3; 
14714 : 3; 
14715 : 3; 
14716 : 3; 
14717 : 3; 
14718 : 3; 
14719 : 3; 
14720 : 2; 
14721 : 0; 
14722 : 0; 
14723 : 0; 
14724 : 0; 
14725 : 0; 
14726 : 0; 
14727 : 0; 
14728 : 0; 
14729 : 0; 
14730 : 0; 
14731 : 0; 
14732 : 0; 
14733 : 0; 
14734 : 0; 
14735 : 0; 
14736 : 0; 
14737 : 0; 
14738 : 0; 
14739 : 0; 
14740 : 0; 
14741 : 0; 
14742 : 0; 
14743 : 0; 
14744 : 0; 
14745 : 0; 
14746 : 0; 
14747 : 0; 
14748 : 0; 
14749 : 0; 
14750 : 0; 
14751 : 0; 
14752 : 0; 
14753 : 0; 
14754 : 0; 
14755 : 0; 
14756 : 0; 
14757 : 0; 
14758 : 0; 
14759 : 0; 
14760 : 0; 
14761 : 0; 
14762 : 0; 
14763 : 0; 
14764 : 0; 
14765 : 0; 
14766 : 0; 
14767 : 0; 
14768 : 0; 
14769 : 0; 
14770 : 0; 
14771 : 0; 
14772 : 0; 
14773 : 0; 
14774 : 0; 
14775 : 0; 
14776 : 0; 
14777 : 0; 
14778 : 0; 
14779 : 0; 
14780 : 0; 
14781 : 0; 
14782 : 0; 
14783 : 0; 
14784 : 0; 
14785 : 0; 
14786 : 0; 
14787 : 0; 
14788 : 0; 
14789 : 0; 
14790 : 0; 
14791 : 1; 
14792 : 1; 
14793 : 1; 
14794 : 1; 
14795 : 1; 
14796 : 1; 
14797 : 1; 
14798 : 1; 
14799 : 1; 
14800 : 1; 
14801 : 1; 
14802 : 1; 
14803 : 1; 
14804 : 1; 
14805 : 1; 
14806 : 1; 
14807 : 1; 
14808 : 1; 
14809 : 1; 
14810 : 1; 
14811 : 1; 
14812 : 1; 
14813 : 1; 
14814 : 1; 
14815 : 1; 
14816 : 1; 
14817 : 1; 
14818 : 1; 
14819 : 1; 
14820 : 1; 
14821 : 1; 
14822 : 1; 
14823 : 1; 
14824 : 1; 
14825 : 1; 
14826 : 1; 
14827 : 1; 
14828 : 1; 
14829 : 1; 
14830 : 1; 
14831 : 1; 
14832 : 1; 
14833 : 1; 
14834 : 1; 
14835 : 1; 
14836 : 1; 
14837 : 1; 
14838 : 1; 
14839 : 1; 
14840 : 1; 
14841 : 1; 
14842 : 1; 
14843 : 1; 
14844 : 1; 
14845 : 1; 
14846 : 1; 
14847 : 1; 
14848 : 2; 
14849 : 2; 
14850 : 2; 
14851 : 2; 
14852 : 2; 
14853 : 2; 
14854 : 2; 
14855 : 2; 
14856 : 2; 
14857 : 2; 
14858 : 2; 
14859 : 2; 
14860 : 2; 
14861 : 2; 
14862 : 2; 
14863 : 2; 
14864 : 2; 
14865 : 2; 
14866 : 2; 
14867 : 2; 
14868 : 2; 
14869 : 2; 
14870 : 2; 
14871 : 2; 
14872 : 2; 
14873 : 2; 
14874 : 2; 
14875 : 2; 
14876 : 2; 
14877 : 2; 
14878 : 2; 
14879 : 2; 
14880 : 2; 
14881 : 2; 
14882 : 2; 
14883 : 2; 
14884 : 2; 
14885 : 2; 
14886 : 2; 
14887 : 2; 
14888 : 2; 
14889 : 2; 
14890 : 2; 
14891 : 2; 
14892 : 2; 
14893 : 2; 
14894 : 2; 
14895 : 2; 
14896 : 2; 
14897 : 2; 
14898 : 2; 
14899 : 2; 
14900 : 2; 
14901 : 2; 
14902 : 2; 
14903 : 2; 
14904 : 2; 
14905 : 2; 
14906 : 3; 
14907 : 3; 
14908 : 3; 
14909 : 3; 
14910 : 3; 
14911 : 3; 
14912 : 3; 
14913 : 3; 
14914 : 3; 
14915 : 3; 
14916 : 3; 
14917 : 3; 
14918 : 3; 
14919 : 3; 
14920 : 3; 
14921 : 3; 
14922 : 3; 
14923 : 3; 
14924 : 3; 
14925 : 3; 
14926 : 3; 
14927 : 3; 
14928 : 3; 
14929 : 3; 
14930 : 3; 
14931 : 3; 
14932 : 3; 
14933 : 3; 
14934 : 3; 
14935 : 3; 
14936 : 3; 
14937 : 3; 
14938 : 3; 
14939 : 3; 
14940 : 3; 
14941 : 3; 
14942 : 3; 
14943 : 3; 
14944 : 3; 
14945 : 3; 
14946 : 3; 
14947 : 3; 
14948 : 3; 
14949 : 3; 
14950 : 3; 
14951 : 3; 
14952 : 3; 
14953 : 3; 
14954 : 3; 
14955 : 3; 
14956 : 3; 
14957 : 3; 
14958 : 3; 
14959 : 3; 
14960 : 3; 
14961 : 3; 
14962 : 3; 
14963 : 3; 
14964 : 3; 
14965 : 3; 
14966 : 3; 
14967 : 3; 
14968 : 3; 
14969 : 3; 
14970 : 3; 
14971 : 3; 
14972 : 3; 
14973 : 3; 
14974 : 3; 
14975 : 3; 
14976 : 2; 
14977 : 0; 
14978 : 0; 
14979 : 0; 
14980 : 0; 
14981 : 0; 
14982 : 0; 
14983 : 0; 
14984 : 0; 
14985 : 0; 
14986 : 0; 
14987 : 0; 
14988 : 0; 
14989 : 0; 
14990 : 0; 
14991 : 0; 
14992 : 0; 
14993 : 0; 
14994 : 0; 
14995 : 0; 
14996 : 0; 
14997 : 0; 
14998 : 0; 
14999 : 0; 
15000 : 0; 
15001 : 0; 
15002 : 0; 
15003 : 0; 
15004 : 0; 
15005 : 0; 
15006 : 0; 
15007 : 0; 
15008 : 0; 
15009 : 0; 
15010 : 0; 
15011 : 0; 
15012 : 0; 
15013 : 0; 
15014 : 0; 
15015 : 0; 
15016 : 0; 
15017 : 0; 
15018 : 0; 
15019 : 0; 
15020 : 0; 
15021 : 0; 
15022 : 0; 
15023 : 0; 
15024 : 0; 
15025 : 0; 
15026 : 0; 
15027 : 0; 
15028 : 0; 
15029 : 0; 
15030 : 0; 
15031 : 0; 
15032 : 0; 
15033 : 0; 
15034 : 0; 
15035 : 0; 
15036 : 0; 
15037 : 0; 
15038 : 0; 
15039 : 0; 
15040 : 0; 
15041 : 0; 
15042 : 0; 
15043 : 0; 
15044 : 0; 
15045 : 0; 
15046 : 1; 
15047 : 1; 
15048 : 1; 
15049 : 1; 
15050 : 1; 
15051 : 1; 
15052 : 1; 
15053 : 1; 
15054 : 1; 
15055 : 1; 
15056 : 1; 
15057 : 1; 
15058 : 1; 
15059 : 1; 
15060 : 1; 
15061 : 1; 
15062 : 1; 
15063 : 1; 
15064 : 1; 
15065 : 1; 
15066 : 1; 
15067 : 1; 
15068 : 1; 
15069 : 1; 
15070 : 1; 
15071 : 1; 
15072 : 1; 
15073 : 1; 
15074 : 1; 
15075 : 1; 
15076 : 1; 
15077 : 1; 
15078 : 1; 
15079 : 1; 
15080 : 1; 
15081 : 1; 
15082 : 1; 
15083 : 1; 
15084 : 1; 
15085 : 1; 
15086 : 1; 
15087 : 1; 
15088 : 1; 
15089 : 1; 
15090 : 1; 
15091 : 1; 
15092 : 1; 
15093 : 1; 
15094 : 1; 
15095 : 1; 
15096 : 1; 
15097 : 1; 
15098 : 1; 
15099 : 1; 
15100 : 1; 
15101 : 1; 
15102 : 1; 
15103 : 1; 
15104 : 2; 
15105 : 2; 
15106 : 2; 
15107 : 2; 
15108 : 2; 
15109 : 2; 
15110 : 2; 
15111 : 2; 
15112 : 2; 
15113 : 2; 
15114 : 2; 
15115 : 2; 
15116 : 2; 
15117 : 2; 
15118 : 2; 
15119 : 2; 
15120 : 2; 
15121 : 2; 
15122 : 2; 
15123 : 2; 
15124 : 2; 
15125 : 2; 
15126 : 2; 
15127 : 2; 
15128 : 2; 
15129 : 2; 
15130 : 2; 
15131 : 2; 
15132 : 2; 
15133 : 2; 
15134 : 2; 
15135 : 2; 
15136 : 2; 
15137 : 2; 
15138 : 2; 
15139 : 2; 
15140 : 2; 
15141 : 2; 
15142 : 2; 
15143 : 2; 
15144 : 2; 
15145 : 2; 
15146 : 2; 
15147 : 2; 
15148 : 2; 
15149 : 2; 
15150 : 2; 
15151 : 2; 
15152 : 2; 
15153 : 2; 
15154 : 2; 
15155 : 2; 
15156 : 2; 
15157 : 2; 
15158 : 2; 
15159 : 2; 
15160 : 2; 
15161 : 2; 
15162 : 2; 
15163 : 3; 
15164 : 3; 
15165 : 3; 
15166 : 3; 
15167 : 3; 
15168 : 3; 
15169 : 3; 
15170 : 3; 
15171 : 3; 
15172 : 3; 
15173 : 3; 
15174 : 3; 
15175 : 3; 
15176 : 3; 
15177 : 3; 
15178 : 3; 
15179 : 3; 
15180 : 3; 
15181 : 3; 
15182 : 3; 
15183 : 3; 
15184 : 3; 
15185 : 3; 
15186 : 3; 
15187 : 3; 
15188 : 3; 
15189 : 3; 
15190 : 3; 
15191 : 3; 
15192 : 3; 
15193 : 3; 
15194 : 3; 
15195 : 3; 
15196 : 3; 
15197 : 3; 
15198 : 3; 
15199 : 3; 
15200 : 3; 
15201 : 3; 
15202 : 3; 
15203 : 3; 
15204 : 3; 
15205 : 3; 
15206 : 3; 
15207 : 3; 
15208 : 3; 
15209 : 3; 
15210 : 3; 
15211 : 3; 
15212 : 3; 
15213 : 3; 
15214 : 3; 
15215 : 3; 
15216 : 3; 
15217 : 3; 
15218 : 3; 
15219 : 3; 
15220 : 3; 
15221 : 3; 
15222 : 3; 
15223 : 3; 
15224 : 3; 
15225 : 3; 
15226 : 3; 
15227 : 3; 
15228 : 3; 
15229 : 3; 
15230 : 3; 
15231 : 3; 
15232 : 2; 
15233 : 0; 
15234 : 0; 
15235 : 0; 
15236 : 0; 
15237 : 0; 
15238 : 0; 
15239 : 0; 
15240 : 0; 
15241 : 0; 
15242 : 0; 
15243 : 0; 
15244 : 0; 
15245 : 0; 
15246 : 0; 
15247 : 0; 
15248 : 0; 
15249 : 0; 
15250 : 0; 
15251 : 0; 
15252 : 0; 
15253 : 0; 
15254 : 0; 
15255 : 0; 
15256 : 0; 
15257 : 0; 
15258 : 0; 
15259 : 0; 
15260 : 0; 
15261 : 0; 
15262 : 0; 
15263 : 0; 
15264 : 0; 
15265 : 0; 
15266 : 0; 
15267 : 0; 
15268 : 0; 
15269 : 0; 
15270 : 0; 
15271 : 0; 
15272 : 0; 
15273 : 0; 
15274 : 0; 
15275 : 0; 
15276 : 0; 
15277 : 0; 
15278 : 0; 
15279 : 0; 
15280 : 0; 
15281 : 0; 
15282 : 0; 
15283 : 0; 
15284 : 0; 
15285 : 0; 
15286 : 0; 
15287 : 0; 
15288 : 0; 
15289 : 0; 
15290 : 0; 
15291 : 0; 
15292 : 0; 
15293 : 0; 
15294 : 0; 
15295 : 0; 
15296 : 0; 
15297 : 0; 
15298 : 0; 
15299 : 0; 
15300 : 0; 
15301 : 1; 
15302 : 1; 
15303 : 1; 
15304 : 1; 
15305 : 1; 
15306 : 1; 
15307 : 1; 
15308 : 1; 
15309 : 1; 
15310 : 1; 
15311 : 1; 
15312 : 1; 
15313 : 1; 
15314 : 1; 
15315 : 1; 
15316 : 1; 
15317 : 1; 
15318 : 1; 
15319 : 1; 
15320 : 1; 
15321 : 1; 
15322 : 1; 
15323 : 1; 
15324 : 1; 
15325 : 1; 
15326 : 1; 
15327 : 1; 
15328 : 1; 
15329 : 1; 
15330 : 1; 
15331 : 1; 
15332 : 1; 
15333 : 1; 
15334 : 1; 
15335 : 1; 
15336 : 1; 
15337 : 1; 
15338 : 1; 
15339 : 1; 
15340 : 1; 
15341 : 1; 
15342 : 1; 
15343 : 1; 
15344 : 1; 
15345 : 1; 
15346 : 1; 
15347 : 1; 
15348 : 1; 
15349 : 1; 
15350 : 1; 
15351 : 1; 
15352 : 1; 
15353 : 1; 
15354 : 1; 
15355 : 1; 
15356 : 1; 
15357 : 1; 
15358 : 1; 
15359 : 1; 
15360 : 2; 
15361 : 2; 
15362 : 2; 
15363 : 2; 
15364 : 2; 
15365 : 2; 
15366 : 2; 
15367 : 2; 
15368 : 2; 
15369 : 2; 
15370 : 2; 
15371 : 2; 
15372 : 2; 
15373 : 2; 
15374 : 2; 
15375 : 2; 
15376 : 2; 
15377 : 2; 
15378 : 2; 
15379 : 2; 
15380 : 2; 
15381 : 2; 
15382 : 2; 
15383 : 2; 
15384 : 2; 
15385 : 2; 
15386 : 2; 
15387 : 2; 
15388 : 2; 
15389 : 2; 
15390 : 2; 
15391 : 2; 
15392 : 2; 
15393 : 2; 
15394 : 2; 
15395 : 2; 
15396 : 2; 
15397 : 2; 
15398 : 2; 
15399 : 2; 
15400 : 2; 
15401 : 2; 
15402 : 2; 
15403 : 2; 
15404 : 2; 
15405 : 2; 
15406 : 2; 
15407 : 2; 
15408 : 2; 
15409 : 2; 
15410 : 2; 
15411 : 2; 
15412 : 2; 
15413 : 2; 
15414 : 2; 
15415 : 2; 
15416 : 2; 
15417 : 2; 
15418 : 2; 
15419 : 2; 
15420 : 3; 
15421 : 3; 
15422 : 3; 
15423 : 3; 
15424 : 3; 
15425 : 3; 
15426 : 3; 
15427 : 3; 
15428 : 3; 
15429 : 3; 
15430 : 3; 
15431 : 3; 
15432 : 3; 
15433 : 3; 
15434 : 3; 
15435 : 3; 
15436 : 3; 
15437 : 3; 
15438 : 3; 
15439 : 3; 
15440 : 3; 
15441 : 3; 
15442 : 3; 
15443 : 3; 
15444 : 3; 
15445 : 3; 
15446 : 3; 
15447 : 3; 
15448 : 3; 
15449 : 3; 
15450 : 3; 
15451 : 3; 
15452 : 3; 
15453 : 3; 
15454 : 3; 
15455 : 3; 
15456 : 3; 
15457 : 3; 
15458 : 3; 
15459 : 3; 
15460 : 3; 
15461 : 3; 
15462 : 3; 
15463 : 3; 
15464 : 3; 
15465 : 3; 
15466 : 3; 
15467 : 3; 
15468 : 3; 
15469 : 3; 
15470 : 3; 
15471 : 3; 
15472 : 3; 
15473 : 3; 
15474 : 3; 
15475 : 3; 
15476 : 3; 
15477 : 3; 
15478 : 3; 
15479 : 3; 
15480 : 3; 
15481 : 3; 
15482 : 3; 
15483 : 3; 
15484 : 3; 
15485 : 3; 
15486 : 3; 
15487 : 3; 
15488 : 2; 
15489 : 0; 
15490 : 0; 
15491 : 0; 
15492 : 0; 
15493 : 0; 
15494 : 0; 
15495 : 0; 
15496 : 0; 
15497 : 0; 
15498 : 0; 
15499 : 0; 
15500 : 0; 
15501 : 0; 
15502 : 0; 
15503 : 0; 
15504 : 0; 
15505 : 0; 
15506 : 0; 
15507 : 0; 
15508 : 0; 
15509 : 0; 
15510 : 0; 
15511 : 0; 
15512 : 0; 
15513 : 0; 
15514 : 0; 
15515 : 0; 
15516 : 0; 
15517 : 0; 
15518 : 0; 
15519 : 0; 
15520 : 0; 
15521 : 0; 
15522 : 0; 
15523 : 0; 
15524 : 0; 
15525 : 0; 
15526 : 0; 
15527 : 0; 
15528 : 0; 
15529 : 0; 
15530 : 0; 
15531 : 0; 
15532 : 0; 
15533 : 0; 
15534 : 0; 
15535 : 0; 
15536 : 0; 
15537 : 0; 
15538 : 0; 
15539 : 0; 
15540 : 0; 
15541 : 0; 
15542 : 0; 
15543 : 0; 
15544 : 0; 
15545 : 0; 
15546 : 0; 
15547 : 0; 
15548 : 0; 
15549 : 0; 
15550 : 0; 
15551 : 0; 
15552 : 0; 
15553 : 0; 
15554 : 0; 
15555 : 0; 
15556 : 1; 
15557 : 1; 
15558 : 1; 
15559 : 1; 
15560 : 1; 
15561 : 1; 
15562 : 1; 
15563 : 1; 
15564 : 1; 
15565 : 1; 
15566 : 1; 
15567 : 1; 
15568 : 1; 
15569 : 1; 
15570 : 1; 
15571 : 1; 
15572 : 1; 
15573 : 1; 
15574 : 1; 
15575 : 1; 
15576 : 1; 
15577 : 1; 
15578 : 1; 
15579 : 1; 
15580 : 1; 
15581 : 1; 
15582 : 1; 
15583 : 1; 
15584 : 1; 
15585 : 1; 
15586 : 1; 
15587 : 1; 
15588 : 1; 
15589 : 1; 
15590 : 1; 
15591 : 1; 
15592 : 1; 
15593 : 1; 
15594 : 1; 
15595 : 1; 
15596 : 1; 
15597 : 1; 
15598 : 1; 
15599 : 1; 
15600 : 1; 
15601 : 1; 
15602 : 1; 
15603 : 1; 
15604 : 1; 
15605 : 1; 
15606 : 1; 
15607 : 1; 
15608 : 1; 
15609 : 1; 
15610 : 1; 
15611 : 1; 
15612 : 1; 
15613 : 1; 
15614 : 1; 
15615 : 1; 
15616 : 2; 
15617 : 2; 
15618 : 2; 
15619 : 2; 
15620 : 2; 
15621 : 2; 
15622 : 2; 
15623 : 2; 
15624 : 2; 
15625 : 2; 
15626 : 2; 
15627 : 2; 
15628 : 2; 
15629 : 2; 
15630 : 2; 
15631 : 2; 
15632 : 2; 
15633 : 2; 
15634 : 2; 
15635 : 2; 
15636 : 2; 
15637 : 2; 
15638 : 2; 
15639 : 2; 
15640 : 2; 
15641 : 2; 
15642 : 2; 
15643 : 2; 
15644 : 2; 
15645 : 2; 
15646 : 2; 
15647 : 2; 
15648 : 2; 
15649 : 2; 
15650 : 2; 
15651 : 2; 
15652 : 2; 
15653 : 2; 
15654 : 2; 
15655 : 2; 
15656 : 2; 
15657 : 2; 
15658 : 2; 
15659 : 2; 
15660 : 2; 
15661 : 2; 
15662 : 2; 
15663 : 2; 
15664 : 2; 
15665 : 2; 
15666 : 2; 
15667 : 2; 
15668 : 2; 
15669 : 2; 
15670 : 2; 
15671 : 2; 
15672 : 2; 
15673 : 2; 
15674 : 2; 
15675 : 2; 
15676 : 2; 
15677 : 3; 
15678 : 3; 
15679 : 3; 
15680 : 3; 
15681 : 3; 
15682 : 3; 
15683 : 3; 
15684 : 3; 
15685 : 3; 
15686 : 3; 
15687 : 3; 
15688 : 3; 
15689 : 3; 
15690 : 3; 
15691 : 3; 
15692 : 3; 
15693 : 3; 
15694 : 3; 
15695 : 3; 
15696 : 3; 
15697 : 3; 
15698 : 3; 
15699 : 3; 
15700 : 3; 
15701 : 3; 
15702 : 3; 
15703 : 3; 
15704 : 3; 
15705 : 3; 
15706 : 3; 
15707 : 3; 
15708 : 3; 
15709 : 3; 
15710 : 3; 
15711 : 3; 
15712 : 3; 
15713 : 3; 
15714 : 3; 
15715 : 3; 
15716 : 3; 
15717 : 3; 
15718 : 3; 
15719 : 3; 
15720 : 3; 
15721 : 3; 
15722 : 3; 
15723 : 3; 
15724 : 3; 
15725 : 3; 
15726 : 3; 
15727 : 3; 
15728 : 3; 
15729 : 3; 
15730 : 3; 
15731 : 3; 
15732 : 3; 
15733 : 3; 
15734 : 3; 
15735 : 3; 
15736 : 3; 
15737 : 3; 
15738 : 3; 
15739 : 3; 
15740 : 3; 
15741 : 3; 
15742 : 3; 
15743 : 3; 
15744 : 2; 
15745 : 0; 
15746 : 0; 
15747 : 0; 
15748 : 0; 
15749 : 0; 
15750 : 0; 
15751 : 0; 
15752 : 0; 
15753 : 0; 
15754 : 0; 
15755 : 0; 
15756 : 0; 
15757 : 0; 
15758 : 0; 
15759 : 0; 
15760 : 0; 
15761 : 0; 
15762 : 0; 
15763 : 0; 
15764 : 0; 
15765 : 0; 
15766 : 0; 
15767 : 0; 
15768 : 0; 
15769 : 0; 
15770 : 0; 
15771 : 0; 
15772 : 0; 
15773 : 0; 
15774 : 0; 
15775 : 0; 
15776 : 0; 
15777 : 0; 
15778 : 0; 
15779 : 0; 
15780 : 0; 
15781 : 0; 
15782 : 0; 
15783 : 0; 
15784 : 0; 
15785 : 0; 
15786 : 0; 
15787 : 0; 
15788 : 0; 
15789 : 0; 
15790 : 0; 
15791 : 0; 
15792 : 0; 
15793 : 0; 
15794 : 0; 
15795 : 0; 
15796 : 0; 
15797 : 0; 
15798 : 0; 
15799 : 0; 
15800 : 0; 
15801 : 0; 
15802 : 0; 
15803 : 0; 
15804 : 0; 
15805 : 0; 
15806 : 0; 
15807 : 0; 
15808 : 0; 
15809 : 0; 
15810 : 0; 
15811 : 1; 
15812 : 1; 
15813 : 1; 
15814 : 1; 
15815 : 1; 
15816 : 1; 
15817 : 1; 
15818 : 1; 
15819 : 1; 
15820 : 1; 
15821 : 1; 
15822 : 1; 
15823 : 1; 
15824 : 1; 
15825 : 1; 
15826 : 1; 
15827 : 1; 
15828 : 1; 
15829 : 1; 
15830 : 1; 
15831 : 1; 
15832 : 1; 
15833 : 1; 
15834 : 1; 
15835 : 1; 
15836 : 1; 
15837 : 1; 
15838 : 1; 
15839 : 1; 
15840 : 1; 
15841 : 1; 
15842 : 1; 
15843 : 1; 
15844 : 1; 
15845 : 1; 
15846 : 1; 
15847 : 1; 
15848 : 1; 
15849 : 1; 
15850 : 1; 
15851 : 1; 
15852 : 1; 
15853 : 1; 
15854 : 1; 
15855 : 1; 
15856 : 1; 
15857 : 1; 
15858 : 1; 
15859 : 1; 
15860 : 1; 
15861 : 1; 
15862 : 1; 
15863 : 1; 
15864 : 1; 
15865 : 1; 
15866 : 1; 
15867 : 1; 
15868 : 1; 
15869 : 1; 
15870 : 1; 
15871 : 1; 
15872 : 2; 
15873 : 2; 
15874 : 2; 
15875 : 2; 
15876 : 2; 
15877 : 2; 
15878 : 2; 
15879 : 2; 
15880 : 2; 
15881 : 2; 
15882 : 2; 
15883 : 2; 
15884 : 2; 
15885 : 2; 
15886 : 2; 
15887 : 2; 
15888 : 2; 
15889 : 2; 
15890 : 2; 
15891 : 2; 
15892 : 2; 
15893 : 2; 
15894 : 2; 
15895 : 2; 
15896 : 2; 
15897 : 2; 
15898 : 2; 
15899 : 2; 
15900 : 2; 
15901 : 2; 
15902 : 2; 
15903 : 2; 
15904 : 2; 
15905 : 2; 
15906 : 2; 
15907 : 2; 
15908 : 2; 
15909 : 2; 
15910 : 2; 
15911 : 2; 
15912 : 2; 
15913 : 2; 
15914 : 2; 
15915 : 2; 
15916 : 2; 
15917 : 2; 
15918 : 2; 
15919 : 2; 
15920 : 2; 
15921 : 2; 
15922 : 2; 
15923 : 2; 
15924 : 2; 
15925 : 2; 
15926 : 2; 
15927 : 2; 
15928 : 2; 
15929 : 2; 
15930 : 2; 
15931 : 2; 
15932 : 2; 
15933 : 2; 
15934 : 3; 
15935 : 3; 
15936 : 3; 
15937 : 3; 
15938 : 3; 
15939 : 3; 
15940 : 3; 
15941 : 3; 
15942 : 3; 
15943 : 3; 
15944 : 3; 
15945 : 3; 
15946 : 3; 
15947 : 3; 
15948 : 3; 
15949 : 3; 
15950 : 3; 
15951 : 3; 
15952 : 3; 
15953 : 3; 
15954 : 3; 
15955 : 3; 
15956 : 3; 
15957 : 3; 
15958 : 3; 
15959 : 3; 
15960 : 3; 
15961 : 3; 
15962 : 3; 
15963 : 3; 
15964 : 3; 
15965 : 3; 
15966 : 3; 
15967 : 3; 
15968 : 3; 
15969 : 3; 
15970 : 3; 
15971 : 3; 
15972 : 3; 
15973 : 3; 
15974 : 3; 
15975 : 3; 
15976 : 3; 
15977 : 3; 
15978 : 3; 
15979 : 3; 
15980 : 3; 
15981 : 3; 
15982 : 3; 
15983 : 3; 
15984 : 3; 
15985 : 3; 
15986 : 3; 
15987 : 3; 
15988 : 3; 
15989 : 3; 
15990 : 3; 
15991 : 3; 
15992 : 3; 
15993 : 3; 
15994 : 3; 
15995 : 3; 
15996 : 3; 
15997 : 3; 
15998 : 3; 
15999 : 3; 
16000 : 2; 
16001 : 0; 
16002 : 0; 
16003 : 0; 
16004 : 0; 
16005 : 0; 
16006 : 0; 
16007 : 0; 
16008 : 0; 
16009 : 0; 
16010 : 0; 
16011 : 0; 
16012 : 0; 
16013 : 0; 
16014 : 0; 
16015 : 0; 
16016 : 0; 
16017 : 0; 
16018 : 0; 
16019 : 0; 
16020 : 0; 
16021 : 0; 
16022 : 0; 
16023 : 0; 
16024 : 0; 
16025 : 0; 
16026 : 0; 
16027 : 0; 
16028 : 0; 
16029 : 0; 
16030 : 0; 
16031 : 0; 
16032 : 0; 
16033 : 0; 
16034 : 0; 
16035 : 0; 
16036 : 0; 
16037 : 0; 
16038 : 0; 
16039 : 0; 
16040 : 0; 
16041 : 0; 
16042 : 0; 
16043 : 0; 
16044 : 0; 
16045 : 0; 
16046 : 0; 
16047 : 0; 
16048 : 0; 
16049 : 0; 
16050 : 0; 
16051 : 0; 
16052 : 0; 
16053 : 0; 
16054 : 0; 
16055 : 0; 
16056 : 0; 
16057 : 0; 
16058 : 0; 
16059 : 0; 
16060 : 0; 
16061 : 0; 
16062 : 0; 
16063 : 0; 
16064 : 0; 
16065 : 0; 
16066 : 1; 
16067 : 1; 
16068 : 1; 
16069 : 1; 
16070 : 1; 
16071 : 1; 
16072 : 1; 
16073 : 1; 
16074 : 1; 
16075 : 1; 
16076 : 1; 
16077 : 1; 
16078 : 1; 
16079 : 1; 
16080 : 1; 
16081 : 1; 
16082 : 1; 
16083 : 1; 
16084 : 1; 
16085 : 1; 
16086 : 1; 
16087 : 1; 
16088 : 1; 
16089 : 1; 
16090 : 1; 
16091 : 1; 
16092 : 1; 
16093 : 1; 
16094 : 1; 
16095 : 1; 
16096 : 1; 
16097 : 1; 
16098 : 1; 
16099 : 1; 
16100 : 1; 
16101 : 1; 
16102 : 1; 
16103 : 1; 
16104 : 1; 
16105 : 1; 
16106 : 1; 
16107 : 1; 
16108 : 1; 
16109 : 1; 
16110 : 1; 
16111 : 1; 
16112 : 1; 
16113 : 1; 
16114 : 1; 
16115 : 1; 
16116 : 1; 
16117 : 1; 
16118 : 1; 
16119 : 1; 
16120 : 1; 
16121 : 1; 
16122 : 1; 
16123 : 1; 
16124 : 1; 
16125 : 1; 
16126 : 1; 
16127 : 1; 
16128 : 2; 
16129 : 2; 
16130 : 2; 
16131 : 2; 
16132 : 2; 
16133 : 2; 
16134 : 2; 
16135 : 2; 
16136 : 2; 
16137 : 2; 
16138 : 2; 
16139 : 2; 
16140 : 2; 
16141 : 2; 
16142 : 2; 
16143 : 2; 
16144 : 2; 
16145 : 2; 
16146 : 2; 
16147 : 2; 
16148 : 2; 
16149 : 2; 
16150 : 2; 
16151 : 2; 
16152 : 2; 
16153 : 2; 
16154 : 2; 
16155 : 2; 
16156 : 2; 
16157 : 2; 
16158 : 2; 
16159 : 2; 
16160 : 2; 
16161 : 2; 
16162 : 2; 
16163 : 2; 
16164 : 2; 
16165 : 2; 
16166 : 2; 
16167 : 2; 
16168 : 2; 
16169 : 2; 
16170 : 2; 
16171 : 2; 
16172 : 2; 
16173 : 2; 
16174 : 2; 
16175 : 2; 
16176 : 2; 
16177 : 2; 
16178 : 2; 
16179 : 2; 
16180 : 2; 
16181 : 2; 
16182 : 2; 
16183 : 2; 
16184 : 2; 
16185 : 2; 
16186 : 2; 
16187 : 2; 
16188 : 2; 
16189 : 2; 
16190 : 2; 
16191 : 3; 
16192 : 3; 
16193 : 3; 
16194 : 3; 
16195 : 3; 
16196 : 3; 
16197 : 3; 
16198 : 3; 
16199 : 3; 
16200 : 3; 
16201 : 3; 
16202 : 3; 
16203 : 3; 
16204 : 3; 
16205 : 3; 
16206 : 3; 
16207 : 3; 
16208 : 3; 
16209 : 3; 
16210 : 3; 
16211 : 3; 
16212 : 3; 
16213 : 3; 
16214 : 3; 
16215 : 3; 
16216 : 3; 
16217 : 3; 
16218 : 3; 
16219 : 3; 
16220 : 3; 
16221 : 3; 
16222 : 3; 
16223 : 3; 
16224 : 3; 
16225 : 3; 
16226 : 3; 
16227 : 3; 
16228 : 3; 
16229 : 3; 
16230 : 3; 
16231 : 3; 
16232 : 3; 
16233 : 3; 
16234 : 3; 
16235 : 3; 
16236 : 3; 
16237 : 3; 
16238 : 3; 
16239 : 3; 
16240 : 3; 
16241 : 3; 
16242 : 3; 
16243 : 3; 
16244 : 3; 
16245 : 3; 
16246 : 3; 
16247 : 3; 
16248 : 3; 
16249 : 3; 
16250 : 3; 
16251 : 3; 
16252 : 3; 
16253 : 3; 
16254 : 3; 
16255 : 3; 
16256 : 2; 
16257 : 0; 
16258 : 0; 
16259 : 0; 
16260 : 0; 
16261 : 0; 
16262 : 0; 
16263 : 0; 
16264 : 0; 
16265 : 0; 
16266 : 0; 
16267 : 0; 
16268 : 0; 
16269 : 0; 
16270 : 0; 
16271 : 0; 
16272 : 0; 
16273 : 0; 
16274 : 0; 
16275 : 0; 
16276 : 0; 
16277 : 0; 
16278 : 0; 
16279 : 0; 
16280 : 0; 
16281 : 0; 
16282 : 0; 
16283 : 0; 
16284 : 0; 
16285 : 0; 
16286 : 0; 
16287 : 0; 
16288 : 0; 
16289 : 0; 
16290 : 0; 
16291 : 0; 
16292 : 0; 
16293 : 0; 
16294 : 0; 
16295 : 0; 
16296 : 0; 
16297 : 0; 
16298 : 0; 
16299 : 0; 
16300 : 0; 
16301 : 0; 
16302 : 0; 
16303 : 0; 
16304 : 0; 
16305 : 0; 
16306 : 0; 
16307 : 0; 
16308 : 0; 
16309 : 0; 
16310 : 0; 
16311 : 0; 
16312 : 0; 
16313 : 0; 
16314 : 0; 
16315 : 0; 
16316 : 0; 
16317 : 0; 
16318 : 0; 
16319 : 0; 
16320 : 0; 
16321 : 1; 
16322 : 1; 
16323 : 1; 
16324 : 1; 
16325 : 1; 
16326 : 1; 
16327 : 1; 
16328 : 1; 
16329 : 1; 
16330 : 1; 
16331 : 1; 
16332 : 1; 
16333 : 1; 
16334 : 1; 
16335 : 1; 
16336 : 1; 
16337 : 1; 
16338 : 1; 
16339 : 1; 
16340 : 1; 
16341 : 1; 
16342 : 1; 
16343 : 1; 
16344 : 1; 
16345 : 1; 
16346 : 1; 
16347 : 1; 
16348 : 1; 
16349 : 1; 
16350 : 1; 
16351 : 1; 
16352 : 1; 
16353 : 1; 
16354 : 1; 
16355 : 1; 
16356 : 1; 
16357 : 1; 
16358 : 1; 
16359 : 1; 
16360 : 1; 
16361 : 1; 
16362 : 1; 
16363 : 1; 
16364 : 1; 
16365 : 1; 
16366 : 1; 
16367 : 1; 
16368 : 1; 
16369 : 1; 
16370 : 1; 
16371 : 1; 
16372 : 1; 
16373 : 1; 
16374 : 1; 
16375 : 1; 
16376 : 1; 
16377 : 1; 
16378 : 1; 
16379 : 1; 
16380 : 1; 
16381 : 1; 
16382 : 1; 
16383 : 1; 
16384 : 2; 
16385 : 2; 
16386 : 2; 
16387 : 2; 
16388 : 2; 
16389 : 2; 
16390 : 2; 
16391 : 2; 
16392 : 2; 
16393 : 2; 
16394 : 2; 
16395 : 2; 
16396 : 2; 
16397 : 2; 
16398 : 2; 
16399 : 2; 
16400 : 2; 
16401 : 2; 
16402 : 2; 
16403 : 2; 
16404 : 2; 
16405 : 2; 
16406 : 2; 
16407 : 2; 
16408 : 2; 
16409 : 2; 
16410 : 2; 
16411 : 2; 
16412 : 2; 
16413 : 2; 
16414 : 2; 
16415 : 2; 
16416 : 2; 
16417 : 2; 
16418 : 2; 
16419 : 2; 
16420 : 2; 
16421 : 2; 
16422 : 2; 
16423 : 2; 
16424 : 2; 
16425 : 2; 
16426 : 2; 
16427 : 2; 
16428 : 2; 
16429 : 2; 
16430 : 2; 
16431 : 2; 
16432 : 2; 
16433 : 2; 
16434 : 2; 
16435 : 2; 
16436 : 2; 
16437 : 2; 
16438 : 2; 
16439 : 2; 
16440 : 2; 
16441 : 2; 
16442 : 2; 
16443 : 2; 
16444 : 2; 
16445 : 2; 
16446 : 2; 
16447 : 2; 
16448 : 3; 
16449 : 3; 
16450 : 3; 
16451 : 3; 
16452 : 3; 
16453 : 3; 
16454 : 3; 
16455 : 3; 
16456 : 3; 
16457 : 3; 
16458 : 3; 
16459 : 3; 
16460 : 3; 
16461 : 3; 
16462 : 3; 
16463 : 3; 
16464 : 3; 
16465 : 3; 
16466 : 3; 
16467 : 3; 
16468 : 3; 
16469 : 3; 
16470 : 3; 
16471 : 3; 
16472 : 3; 
16473 : 3; 
16474 : 3; 
16475 : 3; 
16476 : 3; 
16477 : 3; 
16478 : 3; 
16479 : 3; 
16480 : 3; 
16481 : 3; 
16482 : 3; 
16483 : 3; 
16484 : 3; 
16485 : 3; 
16486 : 3; 
16487 : 3; 
16488 : 3; 
16489 : 3; 
16490 : 3; 
16491 : 3; 
16492 : 3; 
16493 : 3; 
16494 : 3; 
16495 : 3; 
16496 : 3; 
16497 : 3; 
16498 : 3; 
16499 : 3; 
16500 : 3; 
16501 : 3; 
16502 : 3; 
16503 : 3; 
16504 : 3; 
16505 : 3; 
16506 : 3; 
16507 : 3; 
16508 : 3; 
16509 : 3; 
16510 : 3; 
16511 : 3; 
16512 : 2; 
16513 : 0; 
16514 : 0; 
16515 : 0; 
16516 : 0; 
16517 : 0; 
16518 : 0; 
16519 : 0; 
16520 : 0; 
16521 : 0; 
16522 : 0; 
16523 : 0; 
16524 : 0; 
16525 : 0; 
16526 : 0; 
16527 : 0; 
16528 : 0; 
16529 : 0; 
16530 : 0; 
16531 : 0; 
16532 : 0; 
16533 : 0; 
16534 : 0; 
16535 : 0; 
16536 : 0; 
16537 : 0; 
16538 : 0; 
16539 : 0; 
16540 : 0; 
16541 : 0; 
16542 : 0; 
16543 : 0; 
16544 : 0; 
16545 : 0; 
16546 : 0; 
16547 : 0; 
16548 : 0; 
16549 : 0; 
16550 : 0; 
16551 : 0; 
16552 : 0; 
16553 : 0; 
16554 : 0; 
16555 : 0; 
16556 : 0; 
16557 : 0; 
16558 : 0; 
16559 : 0; 
16560 : 0; 
16561 : 0; 
16562 : 0; 
16563 : 0; 
16564 : 0; 
16565 : 0; 
16566 : 0; 
16567 : 0; 
16568 : 0; 
16569 : 0; 
16570 : 0; 
16571 : 0; 
16572 : 0; 
16573 : 0; 
16574 : 0; 
16575 : 0; 
16576 : 1; 
16577 : 1; 
16578 : 1; 
16579 : 1; 
16580 : 1; 
16581 : 1; 
16582 : 1; 
16583 : 1; 
16584 : 1; 
16585 : 1; 
16586 : 1; 
16587 : 1; 
16588 : 1; 
16589 : 1; 
16590 : 1; 
16591 : 1; 
16592 : 1; 
16593 : 1; 
16594 : 1; 
16595 : 1; 
16596 : 1; 
16597 : 1; 
16598 : 1; 
16599 : 1; 
16600 : 1; 
16601 : 1; 
16602 : 1; 
16603 : 1; 
16604 : 1; 
16605 : 1; 
16606 : 1; 
16607 : 1; 
16608 : 1; 
16609 : 1; 
16610 : 1; 
16611 : 1; 
16612 : 1; 
16613 : 1; 
16614 : 1; 
16615 : 1; 
16616 : 1; 
16617 : 1; 
16618 : 1; 
16619 : 1; 
16620 : 1; 
16621 : 1; 
16622 : 1; 
16623 : 1; 
16624 : 1; 
16625 : 1; 
16626 : 1; 
16627 : 1; 
16628 : 1; 
16629 : 1; 
16630 : 1; 
16631 : 1; 
16632 : 1; 
16633 : 1; 
16634 : 1; 
16635 : 1; 
16636 : 1; 
16637 : 1; 
16638 : 1; 
16639 : 1; 
16640 : 2; 
16641 : 2; 
16642 : 2; 
16643 : 2; 
16644 : 2; 
16645 : 2; 
16646 : 2; 
16647 : 2; 
16648 : 2; 
16649 : 2; 
16650 : 2; 
16651 : 2; 
16652 : 2; 
16653 : 2; 
16654 : 2; 
16655 : 2; 
16656 : 2; 
16657 : 2; 
16658 : 2; 
16659 : 2; 
16660 : 2; 
16661 : 2; 
16662 : 2; 
16663 : 2; 
16664 : 2; 
16665 : 2; 
16666 : 2; 
16667 : 2; 
16668 : 2; 
16669 : 2; 
16670 : 2; 
16671 : 2; 
16672 : 2; 
16673 : 2; 
16674 : 2; 
16675 : 2; 
16676 : 2; 
16677 : 2; 
16678 : 2; 
16679 : 2; 
16680 : 2; 
16681 : 2; 
16682 : 2; 
16683 : 2; 
16684 : 2; 
16685 : 2; 
16686 : 2; 
16687 : 2; 
16688 : 2; 
16689 : 2; 
16690 : 2; 
16691 : 2; 
16692 : 2; 
16693 : 2; 
16694 : 2; 
16695 : 2; 
16696 : 2; 
16697 : 2; 
16698 : 2; 
16699 : 2; 
16700 : 2; 
16701 : 2; 
16702 : 2; 
16703 : 2; 
16704 : 2; 
16705 : 3; 
16706 : 3; 
16707 : 3; 
16708 : 3; 
16709 : 3; 
16710 : 3; 
16711 : 3; 
16712 : 3; 
16713 : 3; 
16714 : 3; 
16715 : 3; 
16716 : 3; 
16717 : 3; 
16718 : 3; 
16719 : 3; 
16720 : 3; 
16721 : 3; 
16722 : 3; 
16723 : 3; 
16724 : 3; 
16725 : 3; 
16726 : 3; 
16727 : 3; 
16728 : 3; 
16729 : 3; 
16730 : 3; 
16731 : 3; 
16732 : 3; 
16733 : 3; 
16734 : 3; 
16735 : 3; 
16736 : 3; 
16737 : 3; 
16738 : 3; 
16739 : 3; 
16740 : 3; 
16741 : 3; 
16742 : 3; 
16743 : 3; 
16744 : 3; 
16745 : 3; 
16746 : 3; 
16747 : 3; 
16748 : 3; 
16749 : 3; 
16750 : 3; 
16751 : 3; 
16752 : 3; 
16753 : 3; 
16754 : 3; 
16755 : 3; 
16756 : 3; 
16757 : 3; 
16758 : 3; 
16759 : 3; 
16760 : 3; 
16761 : 3; 
16762 : 3; 
16763 : 3; 
16764 : 3; 
16765 : 3; 
16766 : 3; 
16767 : 3; 
16768 : 2; 
16769 : 0; 
16770 : 0; 
16771 : 0; 
16772 : 0; 
16773 : 0; 
16774 : 0; 
16775 : 0; 
16776 : 0; 
16777 : 0; 
16778 : 0; 
16779 : 0; 
16780 : 0; 
16781 : 0; 
16782 : 0; 
16783 : 0; 
16784 : 0; 
16785 : 0; 
16786 : 0; 
16787 : 0; 
16788 : 0; 
16789 : 0; 
16790 : 0; 
16791 : 0; 
16792 : 0; 
16793 : 0; 
16794 : 0; 
16795 : 0; 
16796 : 0; 
16797 : 0; 
16798 : 0; 
16799 : 0; 
16800 : 0; 
16801 : 0; 
16802 : 0; 
16803 : 0; 
16804 : 0; 
16805 : 0; 
16806 : 0; 
16807 : 0; 
16808 : 0; 
16809 : 0; 
16810 : 0; 
16811 : 0; 
16812 : 0; 
16813 : 0; 
16814 : 0; 
16815 : 0; 
16816 : 0; 
16817 : 0; 
16818 : 0; 
16819 : 0; 
16820 : 0; 
16821 : 0; 
16822 : 0; 
16823 : 0; 
16824 : 0; 
16825 : 0; 
16826 : 0; 
16827 : 0; 
16828 : 0; 
16829 : 0; 
16830 : 0; 
16831 : 1; 
16832 : 1; 
16833 : 1; 
16834 : 1; 
16835 : 1; 
16836 : 1; 
16837 : 1; 
16838 : 1; 
16839 : 1; 
16840 : 1; 
16841 : 1; 
16842 : 1; 
16843 : 1; 
16844 : 1; 
16845 : 1; 
16846 : 1; 
16847 : 1; 
16848 : 1; 
16849 : 1; 
16850 : 1; 
16851 : 1; 
16852 : 1; 
16853 : 1; 
16854 : 1; 
16855 : 1; 
16856 : 1; 
16857 : 1; 
16858 : 1; 
16859 : 1; 
16860 : 1; 
16861 : 1; 
16862 : 1; 
16863 : 1; 
16864 : 1; 
16865 : 1; 
16866 : 1; 
16867 : 1; 
16868 : 1; 
16869 : 1; 
16870 : 1; 
16871 : 1; 
16872 : 1; 
16873 : 1; 
16874 : 1; 
16875 : 1; 
16876 : 1; 
16877 : 1; 
16878 : 1; 
16879 : 1; 
16880 : 1; 
16881 : 1; 
16882 : 1; 
16883 : 1; 
16884 : 1; 
16885 : 1; 
16886 : 1; 
16887 : 1; 
16888 : 1; 
16889 : 1; 
16890 : 1; 
16891 : 1; 
16892 : 1; 
16893 : 1; 
16894 : 1; 
16895 : 1; 
16896 : 2; 
16897 : 2; 
16898 : 2; 
16899 : 2; 
16900 : 2; 
16901 : 2; 
16902 : 2; 
16903 : 2; 
16904 : 2; 
16905 : 2; 
16906 : 2; 
16907 : 2; 
16908 : 2; 
16909 : 2; 
16910 : 2; 
16911 : 2; 
16912 : 2; 
16913 : 2; 
16914 : 2; 
16915 : 2; 
16916 : 2; 
16917 : 2; 
16918 : 2; 
16919 : 2; 
16920 : 2; 
16921 : 2; 
16922 : 2; 
16923 : 2; 
16924 : 2; 
16925 : 2; 
16926 : 2; 
16927 : 2; 
16928 : 2; 
16929 : 2; 
16930 : 2; 
16931 : 2; 
16932 : 2; 
16933 : 2; 
16934 : 2; 
16935 : 2; 
16936 : 2; 
16937 : 2; 
16938 : 2; 
16939 : 2; 
16940 : 2; 
16941 : 2; 
16942 : 2; 
16943 : 2; 
16944 : 2; 
16945 : 2; 
16946 : 2; 
16947 : 2; 
16948 : 2; 
16949 : 2; 
16950 : 2; 
16951 : 2; 
16952 : 2; 
16953 : 2; 
16954 : 2; 
16955 : 2; 
16956 : 2; 
16957 : 2; 
16958 : 2; 
16959 : 2; 
16960 : 2; 
16961 : 2; 
16962 : 3; 
16963 : 3; 
16964 : 3; 
16965 : 3; 
16966 : 3; 
16967 : 3; 
16968 : 3; 
16969 : 3; 
16970 : 3; 
16971 : 3; 
16972 : 3; 
16973 : 3; 
16974 : 3; 
16975 : 3; 
16976 : 3; 
16977 : 3; 
16978 : 3; 
16979 : 3; 
16980 : 3; 
16981 : 3; 
16982 : 3; 
16983 : 3; 
16984 : 3; 
16985 : 3; 
16986 : 3; 
16987 : 3; 
16988 : 3; 
16989 : 3; 
16990 : 3; 
16991 : 3; 
16992 : 3; 
16993 : 3; 
16994 : 3; 
16995 : 3; 
16996 : 3; 
16997 : 3; 
16998 : 3; 
16999 : 3; 
17000 : 3; 
17001 : 3; 
17002 : 3; 
17003 : 3; 
17004 : 3; 
17005 : 3; 
17006 : 3; 
17007 : 3; 
17008 : 3; 
17009 : 3; 
17010 : 3; 
17011 : 3; 
17012 : 3; 
17013 : 3; 
17014 : 3; 
17015 : 3; 
17016 : 3; 
17017 : 3; 
17018 : 3; 
17019 : 3; 
17020 : 3; 
17021 : 3; 
17022 : 3; 
17023 : 3; 
17024 : 2; 
17025 : 0; 
17026 : 0; 
17027 : 0; 
17028 : 0; 
17029 : 0; 
17030 : 0; 
17031 : 0; 
17032 : 0; 
17033 : 0; 
17034 : 0; 
17035 : 0; 
17036 : 0; 
17037 : 0; 
17038 : 0; 
17039 : 0; 
17040 : 0; 
17041 : 0; 
17042 : 0; 
17043 : 0; 
17044 : 0; 
17045 : 0; 
17046 : 0; 
17047 : 0; 
17048 : 0; 
17049 : 0; 
17050 : 0; 
17051 : 0; 
17052 : 0; 
17053 : 0; 
17054 : 0; 
17055 : 0; 
17056 : 0; 
17057 : 0; 
17058 : 0; 
17059 : 0; 
17060 : 0; 
17061 : 0; 
17062 : 0; 
17063 : 0; 
17064 : 0; 
17065 : 0; 
17066 : 0; 
17067 : 0; 
17068 : 0; 
17069 : 0; 
17070 : 0; 
17071 : 0; 
17072 : 0; 
17073 : 0; 
17074 : 0; 
17075 : 0; 
17076 : 0; 
17077 : 0; 
17078 : 0; 
17079 : 0; 
17080 : 0; 
17081 : 0; 
17082 : 0; 
17083 : 0; 
17084 : 0; 
17085 : 0; 
17086 : 1; 
17087 : 1; 
17088 : 1; 
17089 : 1; 
17090 : 1; 
17091 : 1; 
17092 : 1; 
17093 : 1; 
17094 : 1; 
17095 : 1; 
17096 : 1; 
17097 : 1; 
17098 : 1; 
17099 : 1; 
17100 : 1; 
17101 : 1; 
17102 : 1; 
17103 : 1; 
17104 : 1; 
17105 : 1; 
17106 : 1; 
17107 : 1; 
17108 : 1; 
17109 : 1; 
17110 : 1; 
17111 : 1; 
17112 : 1; 
17113 : 1; 
17114 : 1; 
17115 : 1; 
17116 : 1; 
17117 : 1; 
17118 : 1; 
17119 : 1; 
17120 : 1; 
17121 : 1; 
17122 : 1; 
17123 : 1; 
17124 : 1; 
17125 : 1; 
17126 : 1; 
17127 : 1; 
17128 : 1; 
17129 : 1; 
17130 : 1; 
17131 : 1; 
17132 : 1; 
17133 : 1; 
17134 : 1; 
17135 : 1; 
17136 : 1; 
17137 : 1; 
17138 : 1; 
17139 : 1; 
17140 : 1; 
17141 : 1; 
17142 : 1; 
17143 : 1; 
17144 : 1; 
17145 : 1; 
17146 : 1; 
17147 : 1; 
17148 : 1; 
17149 : 1; 
17150 : 1; 
17151 : 1; 
17152 : 2; 
17153 : 2; 
17154 : 2; 
17155 : 2; 
17156 : 2; 
17157 : 2; 
17158 : 2; 
17159 : 2; 
17160 : 2; 
17161 : 2; 
17162 : 2; 
17163 : 2; 
17164 : 2; 
17165 : 2; 
17166 : 2; 
17167 : 2; 
17168 : 2; 
17169 : 2; 
17170 : 2; 
17171 : 2; 
17172 : 2; 
17173 : 2; 
17174 : 2; 
17175 : 2; 
17176 : 2; 
17177 : 2; 
17178 : 2; 
17179 : 2; 
17180 : 2; 
17181 : 2; 
17182 : 2; 
17183 : 2; 
17184 : 2; 
17185 : 2; 
17186 : 2; 
17187 : 2; 
17188 : 2; 
17189 : 2; 
17190 : 2; 
17191 : 2; 
17192 : 2; 
17193 : 2; 
17194 : 2; 
17195 : 2; 
17196 : 2; 
17197 : 2; 
17198 : 2; 
17199 : 2; 
17200 : 2; 
17201 : 2; 
17202 : 2; 
17203 : 2; 
17204 : 2; 
17205 : 2; 
17206 : 2; 
17207 : 2; 
17208 : 2; 
17209 : 2; 
17210 : 2; 
17211 : 2; 
17212 : 2; 
17213 : 2; 
17214 : 2; 
17215 : 2; 
17216 : 2; 
17217 : 2; 
17218 : 2; 
17219 : 3; 
17220 : 3; 
17221 : 3; 
17222 : 3; 
17223 : 3; 
17224 : 3; 
17225 : 3; 
17226 : 3; 
17227 : 3; 
17228 : 3; 
17229 : 3; 
17230 : 3; 
17231 : 3; 
17232 : 3; 
17233 : 3; 
17234 : 3; 
17235 : 3; 
17236 : 3; 
17237 : 3; 
17238 : 3; 
17239 : 3; 
17240 : 3; 
17241 : 3; 
17242 : 3; 
17243 : 3; 
17244 : 3; 
17245 : 3; 
17246 : 3; 
17247 : 3; 
17248 : 3; 
17249 : 3; 
17250 : 3; 
17251 : 3; 
17252 : 3; 
17253 : 3; 
17254 : 3; 
17255 : 3; 
17256 : 3; 
17257 : 3; 
17258 : 3; 
17259 : 3; 
17260 : 3; 
17261 : 3; 
17262 : 3; 
17263 : 3; 
17264 : 3; 
17265 : 3; 
17266 : 3; 
17267 : 3; 
17268 : 3; 
17269 : 3; 
17270 : 3; 
17271 : 3; 
17272 : 3; 
17273 : 3; 
17274 : 3; 
17275 : 3; 
17276 : 3; 
17277 : 3; 
17278 : 3; 
17279 : 3; 
17280 : 2; 
17281 : 0; 
17282 : 0; 
17283 : 0; 
17284 : 0; 
17285 : 0; 
17286 : 0; 
17287 : 0; 
17288 : 0; 
17289 : 0; 
17290 : 0; 
17291 : 0; 
17292 : 0; 
17293 : 0; 
17294 : 0; 
17295 : 0; 
17296 : 0; 
17297 : 0; 
17298 : 0; 
17299 : 0; 
17300 : 0; 
17301 : 0; 
17302 : 0; 
17303 : 0; 
17304 : 0; 
17305 : 0; 
17306 : 0; 
17307 : 0; 
17308 : 0; 
17309 : 0; 
17310 : 0; 
17311 : 0; 
17312 : 0; 
17313 : 0; 
17314 : 0; 
17315 : 0; 
17316 : 0; 
17317 : 0; 
17318 : 0; 
17319 : 0; 
17320 : 0; 
17321 : 0; 
17322 : 0; 
17323 : 0; 
17324 : 0; 
17325 : 0; 
17326 : 0; 
17327 : 0; 
17328 : 0; 
17329 : 0; 
17330 : 0; 
17331 : 0; 
17332 : 0; 
17333 : 0; 
17334 : 0; 
17335 : 0; 
17336 : 0; 
17337 : 0; 
17338 : 0; 
17339 : 0; 
17340 : 0; 
17341 : 1; 
17342 : 1; 
17343 : 1; 
17344 : 1; 
17345 : 1; 
17346 : 1; 
17347 : 1; 
17348 : 1; 
17349 : 1; 
17350 : 1; 
17351 : 1; 
17352 : 1; 
17353 : 1; 
17354 : 1; 
17355 : 1; 
17356 : 1; 
17357 : 1; 
17358 : 1; 
17359 : 1; 
17360 : 1; 
17361 : 1; 
17362 : 1; 
17363 : 1; 
17364 : 1; 
17365 : 1; 
17366 : 1; 
17367 : 1; 
17368 : 1; 
17369 : 1; 
17370 : 1; 
17371 : 1; 
17372 : 1; 
17373 : 1; 
17374 : 1; 
17375 : 1; 
17376 : 1; 
17377 : 1; 
17378 : 1; 
17379 : 1; 
17380 : 1; 
17381 : 1; 
17382 : 1; 
17383 : 1; 
17384 : 1; 
17385 : 1; 
17386 : 1; 
17387 : 1; 
17388 : 1; 
17389 : 1; 
17390 : 1; 
17391 : 1; 
17392 : 1; 
17393 : 1; 
17394 : 1; 
17395 : 1; 
17396 : 1; 
17397 : 1; 
17398 : 1; 
17399 : 1; 
17400 : 1; 
17401 : 1; 
17402 : 1; 
17403 : 1; 
17404 : 1; 
17405 : 1; 
17406 : 1; 
17407 : 1; 
17408 : 2; 
17409 : 2; 
17410 : 2; 
17411 : 2; 
17412 : 2; 
17413 : 2; 
17414 : 2; 
17415 : 2; 
17416 : 2; 
17417 : 2; 
17418 : 2; 
17419 : 2; 
17420 : 2; 
17421 : 2; 
17422 : 2; 
17423 : 2; 
17424 : 2; 
17425 : 2; 
17426 : 2; 
17427 : 2; 
17428 : 2; 
17429 : 2; 
17430 : 2; 
17431 : 2; 
17432 : 2; 
17433 : 2; 
17434 : 2; 
17435 : 2; 
17436 : 2; 
17437 : 2; 
17438 : 2; 
17439 : 2; 
17440 : 2; 
17441 : 2; 
17442 : 2; 
17443 : 2; 
17444 : 2; 
17445 : 2; 
17446 : 2; 
17447 : 2; 
17448 : 2; 
17449 : 2; 
17450 : 2; 
17451 : 2; 
17452 : 2; 
17453 : 2; 
17454 : 2; 
17455 : 2; 
17456 : 2; 
17457 : 2; 
17458 : 2; 
17459 : 2; 
17460 : 2; 
17461 : 2; 
17462 : 2; 
17463 : 2; 
17464 : 2; 
17465 : 2; 
17466 : 2; 
17467 : 2; 
17468 : 2; 
17469 : 2; 
17470 : 2; 
17471 : 2; 
17472 : 2; 
17473 : 2; 
17474 : 2; 
17475 : 2; 
17476 : 3; 
17477 : 3; 
17478 : 3; 
17479 : 3; 
17480 : 3; 
17481 : 3; 
17482 : 3; 
17483 : 3; 
17484 : 3; 
17485 : 3; 
17486 : 3; 
17487 : 3; 
17488 : 3; 
17489 : 3; 
17490 : 3; 
17491 : 3; 
17492 : 3; 
17493 : 3; 
17494 : 3; 
17495 : 3; 
17496 : 3; 
17497 : 3; 
17498 : 3; 
17499 : 3; 
17500 : 3; 
17501 : 3; 
17502 : 3; 
17503 : 3; 
17504 : 3; 
17505 : 3; 
17506 : 3; 
17507 : 3; 
17508 : 3; 
17509 : 3; 
17510 : 3; 
17511 : 3; 
17512 : 3; 
17513 : 3; 
17514 : 3; 
17515 : 3; 
17516 : 3; 
17517 : 3; 
17518 : 3; 
17519 : 3; 
17520 : 3; 
17521 : 3; 
17522 : 3; 
17523 : 3; 
17524 : 3; 
17525 : 3; 
17526 : 3; 
17527 : 3; 
17528 : 3; 
17529 : 3; 
17530 : 3; 
17531 : 3; 
17532 : 3; 
17533 : 3; 
17534 : 3; 
17535 : 3; 
17536 : 2; 
17537 : 0; 
17538 : 0; 
17539 : 0; 
17540 : 0; 
17541 : 0; 
17542 : 0; 
17543 : 0; 
17544 : 0; 
17545 : 0; 
17546 : 0; 
17547 : 0; 
17548 : 0; 
17549 : 0; 
17550 : 0; 
17551 : 0; 
17552 : 0; 
17553 : 0; 
17554 : 0; 
17555 : 0; 
17556 : 0; 
17557 : 0; 
17558 : 0; 
17559 : 0; 
17560 : 0; 
17561 : 0; 
17562 : 0; 
17563 : 0; 
17564 : 0; 
17565 : 0; 
17566 : 0; 
17567 : 0; 
17568 : 0; 
17569 : 0; 
17570 : 0; 
17571 : 0; 
17572 : 0; 
17573 : 0; 
17574 : 0; 
17575 : 0; 
17576 : 0; 
17577 : 0; 
17578 : 0; 
17579 : 0; 
17580 : 0; 
17581 : 0; 
17582 : 0; 
17583 : 0; 
17584 : 0; 
17585 : 0; 
17586 : 0; 
17587 : 0; 
17588 : 0; 
17589 : 0; 
17590 : 0; 
17591 : 0; 
17592 : 0; 
17593 : 0; 
17594 : 0; 
17595 : 0; 
17596 : 1; 
17597 : 1; 
17598 : 1; 
17599 : 1; 
17600 : 1; 
17601 : 1; 
17602 : 1; 
17603 : 1; 
17604 : 1; 
17605 : 1; 
17606 : 1; 
17607 : 1; 
17608 : 1; 
17609 : 1; 
17610 : 1; 
17611 : 1; 
17612 : 1; 
17613 : 1; 
17614 : 1; 
17615 : 1; 
17616 : 1; 
17617 : 1; 
17618 : 1; 
17619 : 1; 
17620 : 1; 
17621 : 1; 
17622 : 1; 
17623 : 1; 
17624 : 1; 
17625 : 1; 
17626 : 1; 
17627 : 1; 
17628 : 1; 
17629 : 1; 
17630 : 1; 
17631 : 1; 
17632 : 1; 
17633 : 1; 
17634 : 1; 
17635 : 1; 
17636 : 1; 
17637 : 1; 
17638 : 1; 
17639 : 1; 
17640 : 1; 
17641 : 1; 
17642 : 1; 
17643 : 1; 
17644 : 1; 
17645 : 1; 
17646 : 1; 
17647 : 1; 
17648 : 1; 
17649 : 1; 
17650 : 1; 
17651 : 1; 
17652 : 1; 
17653 : 1; 
17654 : 1; 
17655 : 1; 
17656 : 1; 
17657 : 1; 
17658 : 1; 
17659 : 1; 
17660 : 1; 
17661 : 1; 
17662 : 1; 
17663 : 1; 
17664 : 2; 
17665 : 2; 
17666 : 2; 
17667 : 2; 
17668 : 2; 
17669 : 2; 
17670 : 2; 
17671 : 2; 
17672 : 2; 
17673 : 2; 
17674 : 2; 
17675 : 2; 
17676 : 2; 
17677 : 2; 
17678 : 2; 
17679 : 2; 
17680 : 2; 
17681 : 2; 
17682 : 2; 
17683 : 2; 
17684 : 2; 
17685 : 2; 
17686 : 2; 
17687 : 2; 
17688 : 2; 
17689 : 2; 
17690 : 2; 
17691 : 2; 
17692 : 2; 
17693 : 2; 
17694 : 2; 
17695 : 2; 
17696 : 2; 
17697 : 2; 
17698 : 2; 
17699 : 2; 
17700 : 2; 
17701 : 2; 
17702 : 2; 
17703 : 2; 
17704 : 2; 
17705 : 2; 
17706 : 2; 
17707 : 2; 
17708 : 2; 
17709 : 2; 
17710 : 2; 
17711 : 2; 
17712 : 2; 
17713 : 2; 
17714 : 2; 
17715 : 2; 
17716 : 2; 
17717 : 2; 
17718 : 2; 
17719 : 2; 
17720 : 2; 
17721 : 2; 
17722 : 2; 
17723 : 2; 
17724 : 2; 
17725 : 2; 
17726 : 2; 
17727 : 2; 
17728 : 2; 
17729 : 2; 
17730 : 2; 
17731 : 2; 
17732 : 2; 
17733 : 3; 
17734 : 3; 
17735 : 3; 
17736 : 3; 
17737 : 3; 
17738 : 3; 
17739 : 3; 
17740 : 3; 
17741 : 3; 
17742 : 3; 
17743 : 3; 
17744 : 3; 
17745 : 3; 
17746 : 3; 
17747 : 3; 
17748 : 3; 
17749 : 3; 
17750 : 3; 
17751 : 3; 
17752 : 3; 
17753 : 3; 
17754 : 3; 
17755 : 3; 
17756 : 3; 
17757 : 3; 
17758 : 3; 
17759 : 3; 
17760 : 3; 
17761 : 3; 
17762 : 3; 
17763 : 3; 
17764 : 3; 
17765 : 3; 
17766 : 3; 
17767 : 3; 
17768 : 3; 
17769 : 3; 
17770 : 3; 
17771 : 3; 
17772 : 3; 
17773 : 3; 
17774 : 3; 
17775 : 3; 
17776 : 3; 
17777 : 3; 
17778 : 3; 
17779 : 3; 
17780 : 3; 
17781 : 3; 
17782 : 3; 
17783 : 3; 
17784 : 3; 
17785 : 3; 
17786 : 3; 
17787 : 3; 
17788 : 3; 
17789 : 3; 
17790 : 3; 
17791 : 3; 
17792 : 2; 
17793 : 0; 
17794 : 0; 
17795 : 0; 
17796 : 0; 
17797 : 0; 
17798 : 0; 
17799 : 0; 
17800 : 0; 
17801 : 0; 
17802 : 0; 
17803 : 0; 
17804 : 0; 
17805 : 0; 
17806 : 0; 
17807 : 0; 
17808 : 0; 
17809 : 0; 
17810 : 0; 
17811 : 0; 
17812 : 0; 
17813 : 0; 
17814 : 0; 
17815 : 0; 
17816 : 0; 
17817 : 0; 
17818 : 0; 
17819 : 0; 
17820 : 0; 
17821 : 0; 
17822 : 0; 
17823 : 0; 
17824 : 0; 
17825 : 0; 
17826 : 0; 
17827 : 0; 
17828 : 0; 
17829 : 0; 
17830 : 0; 
17831 : 0; 
17832 : 0; 
17833 : 0; 
17834 : 0; 
17835 : 0; 
17836 : 0; 
17837 : 0; 
17838 : 0; 
17839 : 0; 
17840 : 0; 
17841 : 0; 
17842 : 0; 
17843 : 0; 
17844 : 0; 
17845 : 0; 
17846 : 0; 
17847 : 0; 
17848 : 0; 
17849 : 0; 
17850 : 0; 
17851 : 1; 
17852 : 1; 
17853 : 1; 
17854 : 1; 
17855 : 1; 
17856 : 1; 
17857 : 1; 
17858 : 1; 
17859 : 1; 
17860 : 1; 
17861 : 1; 
17862 : 1; 
17863 : 1; 
17864 : 1; 
17865 : 1; 
17866 : 1; 
17867 : 1; 
17868 : 1; 
17869 : 1; 
17870 : 1; 
17871 : 1; 
17872 : 1; 
17873 : 1; 
17874 : 1; 
17875 : 1; 
17876 : 1; 
17877 : 1; 
17878 : 1; 
17879 : 1; 
17880 : 1; 
17881 : 1; 
17882 : 1; 
17883 : 1; 
17884 : 1; 
17885 : 1; 
17886 : 1; 
17887 : 1; 
17888 : 1; 
17889 : 1; 
17890 : 1; 
17891 : 1; 
17892 : 1; 
17893 : 1; 
17894 : 1; 
17895 : 1; 
17896 : 1; 
17897 : 1; 
17898 : 1; 
17899 : 1; 
17900 : 1; 
17901 : 1; 
17902 : 1; 
17903 : 1; 
17904 : 1; 
17905 : 1; 
17906 : 1; 
17907 : 1; 
17908 : 1; 
17909 : 1; 
17910 : 1; 
17911 : 1; 
17912 : 1; 
17913 : 1; 
17914 : 1; 
17915 : 1; 
17916 : 1; 
17917 : 1; 
17918 : 1; 
17919 : 1; 
17920 : 2; 
17921 : 2; 
17922 : 2; 
17923 : 2; 
17924 : 2; 
17925 : 2; 
17926 : 2; 
17927 : 2; 
17928 : 2; 
17929 : 2; 
17930 : 2; 
17931 : 2; 
17932 : 2; 
17933 : 2; 
17934 : 2; 
17935 : 2; 
17936 : 2; 
17937 : 2; 
17938 : 2; 
17939 : 2; 
17940 : 2; 
17941 : 2; 
17942 : 2; 
17943 : 2; 
17944 : 2; 
17945 : 2; 
17946 : 2; 
17947 : 2; 
17948 : 2; 
17949 : 2; 
17950 : 2; 
17951 : 2; 
17952 : 2; 
17953 : 2; 
17954 : 2; 
17955 : 2; 
17956 : 2; 
17957 : 2; 
17958 : 2; 
17959 : 2; 
17960 : 2; 
17961 : 2; 
17962 : 2; 
17963 : 2; 
17964 : 2; 
17965 : 2; 
17966 : 2; 
17967 : 2; 
17968 : 2; 
17969 : 2; 
17970 : 2; 
17971 : 2; 
17972 : 2; 
17973 : 2; 
17974 : 2; 
17975 : 2; 
17976 : 2; 
17977 : 2; 
17978 : 2; 
17979 : 2; 
17980 : 2; 
17981 : 2; 
17982 : 2; 
17983 : 2; 
17984 : 2; 
17985 : 2; 
17986 : 2; 
17987 : 2; 
17988 : 2; 
17989 : 2; 
17990 : 3; 
17991 : 3; 
17992 : 3; 
17993 : 3; 
17994 : 3; 
17995 : 3; 
17996 : 3; 
17997 : 3; 
17998 : 3; 
17999 : 3; 
18000 : 3; 
18001 : 3; 
18002 : 3; 
18003 : 3; 
18004 : 3; 
18005 : 3; 
18006 : 3; 
18007 : 3; 
18008 : 3; 
18009 : 3; 
18010 : 3; 
18011 : 3; 
18012 : 3; 
18013 : 3; 
18014 : 3; 
18015 : 3; 
18016 : 3; 
18017 : 3; 
18018 : 3; 
18019 : 3; 
18020 : 3; 
18021 : 3; 
18022 : 3; 
18023 : 3; 
18024 : 3; 
18025 : 3; 
18026 : 3; 
18027 : 3; 
18028 : 3; 
18029 : 3; 
18030 : 3; 
18031 : 3; 
18032 : 3; 
18033 : 3; 
18034 : 3; 
18035 : 3; 
18036 : 3; 
18037 : 3; 
18038 : 3; 
18039 : 3; 
18040 : 3; 
18041 : 3; 
18042 : 3; 
18043 : 3; 
18044 : 3; 
18045 : 3; 
18046 : 3; 
18047 : 3; 
18048 : 2; 
18049 : 0; 
18050 : 0; 
18051 : 0; 
18052 : 0; 
18053 : 0; 
18054 : 0; 
18055 : 0; 
18056 : 0; 
18057 : 0; 
18058 : 0; 
18059 : 0; 
18060 : 0; 
18061 : 0; 
18062 : 0; 
18063 : 0; 
18064 : 0; 
18065 : 0; 
18066 : 0; 
18067 : 0; 
18068 : 0; 
18069 : 0; 
18070 : 0; 
18071 : 0; 
18072 : 0; 
18073 : 0; 
18074 : 0; 
18075 : 0; 
18076 : 0; 
18077 : 0; 
18078 : 0; 
18079 : 0; 
18080 : 0; 
18081 : 0; 
18082 : 0; 
18083 : 0; 
18084 : 0; 
18085 : 0; 
18086 : 0; 
18087 : 0; 
18088 : 0; 
18089 : 0; 
18090 : 0; 
18091 : 0; 
18092 : 0; 
18093 : 0; 
18094 : 0; 
18095 : 0; 
18096 : 0; 
18097 : 0; 
18098 : 0; 
18099 : 0; 
18100 : 0; 
18101 : 0; 
18102 : 0; 
18103 : 0; 
18104 : 0; 
18105 : 0; 
18106 : 1; 
18107 : 1; 
18108 : 1; 
18109 : 1; 
18110 : 1; 
18111 : 1; 
18112 : 1; 
18113 : 1; 
18114 : 1; 
18115 : 1; 
18116 : 1; 
18117 : 1; 
18118 : 1; 
18119 : 1; 
18120 : 1; 
18121 : 1; 
18122 : 1; 
18123 : 1; 
18124 : 1; 
18125 : 1; 
18126 : 1; 
18127 : 1; 
18128 : 1; 
18129 : 1; 
18130 : 1; 
18131 : 1; 
18132 : 1; 
18133 : 1; 
18134 : 1; 
18135 : 1; 
18136 : 1; 
18137 : 1; 
18138 : 1; 
18139 : 1; 
18140 : 1; 
18141 : 1; 
18142 : 1; 
18143 : 1; 
18144 : 1; 
18145 : 1; 
18146 : 1; 
18147 : 1; 
18148 : 1; 
18149 : 1; 
18150 : 1; 
18151 : 1; 
18152 : 1; 
18153 : 1; 
18154 : 1; 
18155 : 1; 
18156 : 1; 
18157 : 1; 
18158 : 1; 
18159 : 1; 
18160 : 1; 
18161 : 1; 
18162 : 1; 
18163 : 1; 
18164 : 1; 
18165 : 1; 
18166 : 1; 
18167 : 1; 
18168 : 1; 
18169 : 1; 
18170 : 1; 
18171 : 1; 
18172 : 1; 
18173 : 1; 
18174 : 1; 
18175 : 1; 
18176 : 2; 
18177 : 2; 
18178 : 2; 
18179 : 2; 
18180 : 2; 
18181 : 2; 
18182 : 2; 
18183 : 2; 
18184 : 2; 
18185 : 2; 
18186 : 2; 
18187 : 2; 
18188 : 2; 
18189 : 2; 
18190 : 2; 
18191 : 2; 
18192 : 2; 
18193 : 2; 
18194 : 2; 
18195 : 2; 
18196 : 2; 
18197 : 2; 
18198 : 2; 
18199 : 2; 
18200 : 2; 
18201 : 2; 
18202 : 2; 
18203 : 2; 
18204 : 2; 
18205 : 2; 
18206 : 2; 
18207 : 2; 
18208 : 2; 
18209 : 2; 
18210 : 2; 
18211 : 2; 
18212 : 2; 
18213 : 2; 
18214 : 2; 
18215 : 2; 
18216 : 2; 
18217 : 2; 
18218 : 2; 
18219 : 2; 
18220 : 2; 
18221 : 2; 
18222 : 2; 
18223 : 2; 
18224 : 2; 
18225 : 2; 
18226 : 2; 
18227 : 2; 
18228 : 2; 
18229 : 2; 
18230 : 2; 
18231 : 2; 
18232 : 2; 
18233 : 2; 
18234 : 2; 
18235 : 2; 
18236 : 2; 
18237 : 2; 
18238 : 2; 
18239 : 2; 
18240 : 2; 
18241 : 2; 
18242 : 2; 
18243 : 2; 
18244 : 2; 
18245 : 2; 
18246 : 2; 
18247 : 3; 
18248 : 3; 
18249 : 3; 
18250 : 3; 
18251 : 3; 
18252 : 3; 
18253 : 3; 
18254 : 3; 
18255 : 3; 
18256 : 3; 
18257 : 3; 
18258 : 3; 
18259 : 3; 
18260 : 3; 
18261 : 3; 
18262 : 3; 
18263 : 3; 
18264 : 3; 
18265 : 3; 
18266 : 3; 
18267 : 3; 
18268 : 3; 
18269 : 3; 
18270 : 3; 
18271 : 3; 
18272 : 3; 
18273 : 3; 
18274 : 3; 
18275 : 3; 
18276 : 3; 
18277 : 3; 
18278 : 3; 
18279 : 3; 
18280 : 3; 
18281 : 3; 
18282 : 3; 
18283 : 3; 
18284 : 3; 
18285 : 3; 
18286 : 3; 
18287 : 3; 
18288 : 3; 
18289 : 3; 
18290 : 3; 
18291 : 3; 
18292 : 3; 
18293 : 3; 
18294 : 3; 
18295 : 3; 
18296 : 3; 
18297 : 3; 
18298 : 3; 
18299 : 3; 
18300 : 3; 
18301 : 3; 
18302 : 3; 
18303 : 3; 
18304 : 2; 
18305 : 0; 
18306 : 0; 
18307 : 0; 
18308 : 0; 
18309 : 0; 
18310 : 0; 
18311 : 0; 
18312 : 0; 
18313 : 0; 
18314 : 0; 
18315 : 0; 
18316 : 0; 
18317 : 0; 
18318 : 0; 
18319 : 0; 
18320 : 0; 
18321 : 0; 
18322 : 0; 
18323 : 0; 
18324 : 0; 
18325 : 0; 
18326 : 0; 
18327 : 0; 
18328 : 0; 
18329 : 0; 
18330 : 0; 
18331 : 0; 
18332 : 0; 
18333 : 0; 
18334 : 0; 
18335 : 0; 
18336 : 0; 
18337 : 0; 
18338 : 0; 
18339 : 0; 
18340 : 0; 
18341 : 0; 
18342 : 0; 
18343 : 0; 
18344 : 0; 
18345 : 0; 
18346 : 0; 
18347 : 0; 
18348 : 0; 
18349 : 0; 
18350 : 0; 
18351 : 0; 
18352 : 0; 
18353 : 0; 
18354 : 0; 
18355 : 0; 
18356 : 0; 
18357 : 0; 
18358 : 0; 
18359 : 0; 
18360 : 0; 
18361 : 1; 
18362 : 1; 
18363 : 1; 
18364 : 1; 
18365 : 1; 
18366 : 1; 
18367 : 1; 
18368 : 1; 
18369 : 1; 
18370 : 1; 
18371 : 1; 
18372 : 1; 
18373 : 1; 
18374 : 1; 
18375 : 1; 
18376 : 1; 
18377 : 1; 
18378 : 1; 
18379 : 1; 
18380 : 1; 
18381 : 1; 
18382 : 1; 
18383 : 1; 
18384 : 1; 
18385 : 1; 
18386 : 1; 
18387 : 1; 
18388 : 1; 
18389 : 1; 
18390 : 1; 
18391 : 1; 
18392 : 1; 
18393 : 1; 
18394 : 1; 
18395 : 1; 
18396 : 1; 
18397 : 1; 
18398 : 1; 
18399 : 1; 
18400 : 1; 
18401 : 1; 
18402 : 1; 
18403 : 1; 
18404 : 1; 
18405 : 1; 
18406 : 1; 
18407 : 1; 
18408 : 1; 
18409 : 1; 
18410 : 1; 
18411 : 1; 
18412 : 1; 
18413 : 1; 
18414 : 1; 
18415 : 1; 
18416 : 1; 
18417 : 1; 
18418 : 1; 
18419 : 1; 
18420 : 1; 
18421 : 1; 
18422 : 1; 
18423 : 1; 
18424 : 1; 
18425 : 1; 
18426 : 1; 
18427 : 1; 
18428 : 1; 
18429 : 1; 
18430 : 1; 
18431 : 1; 
18432 : 2; 
18433 : 2; 
18434 : 2; 
18435 : 2; 
18436 : 2; 
18437 : 2; 
18438 : 2; 
18439 : 2; 
18440 : 2; 
18441 : 2; 
18442 : 2; 
18443 : 2; 
18444 : 2; 
18445 : 2; 
18446 : 2; 
18447 : 2; 
18448 : 2; 
18449 : 2; 
18450 : 2; 
18451 : 2; 
18452 : 2; 
18453 : 2; 
18454 : 2; 
18455 : 2; 
18456 : 2; 
18457 : 2; 
18458 : 2; 
18459 : 2; 
18460 : 2; 
18461 : 2; 
18462 : 2; 
18463 : 2; 
18464 : 2; 
18465 : 2; 
18466 : 2; 
18467 : 2; 
18468 : 2; 
18469 : 2; 
18470 : 2; 
18471 : 2; 
18472 : 2; 
18473 : 2; 
18474 : 2; 
18475 : 2; 
18476 : 2; 
18477 : 2; 
18478 : 2; 
18479 : 2; 
18480 : 2; 
18481 : 2; 
18482 : 2; 
18483 : 2; 
18484 : 2; 
18485 : 2; 
18486 : 2; 
18487 : 2; 
18488 : 2; 
18489 : 2; 
18490 : 2; 
18491 : 2; 
18492 : 2; 
18493 : 2; 
18494 : 2; 
18495 : 2; 
18496 : 2; 
18497 : 2; 
18498 : 2; 
18499 : 2; 
18500 : 2; 
18501 : 2; 
18502 : 2; 
18503 : 2; 
18504 : 3; 
18505 : 3; 
18506 : 3; 
18507 : 3; 
18508 : 3; 
18509 : 3; 
18510 : 3; 
18511 : 3; 
18512 : 3; 
18513 : 3; 
18514 : 3; 
18515 : 3; 
18516 : 3; 
18517 : 3; 
18518 : 3; 
18519 : 3; 
18520 : 3; 
18521 : 3; 
18522 : 3; 
18523 : 3; 
18524 : 3; 
18525 : 3; 
18526 : 3; 
18527 : 3; 
18528 : 3; 
18529 : 3; 
18530 : 3; 
18531 : 3; 
18532 : 3; 
18533 : 3; 
18534 : 3; 
18535 : 3; 
18536 : 3; 
18537 : 3; 
18538 : 3; 
18539 : 3; 
18540 : 3; 
18541 : 3; 
18542 : 3; 
18543 : 3; 
18544 : 3; 
18545 : 3; 
18546 : 3; 
18547 : 3; 
18548 : 3; 
18549 : 3; 
18550 : 3; 
18551 : 3; 
18552 : 3; 
18553 : 3; 
18554 : 3; 
18555 : 3; 
18556 : 3; 
18557 : 3; 
18558 : 3; 
18559 : 3; 
18560 : 2; 
18561 : 0; 
18562 : 0; 
18563 : 0; 
18564 : 0; 
18565 : 0; 
18566 : 0; 
18567 : 0; 
18568 : 0; 
18569 : 0; 
18570 : 0; 
18571 : 0; 
18572 : 0; 
18573 : 0; 
18574 : 0; 
18575 : 0; 
18576 : 0; 
18577 : 0; 
18578 : 0; 
18579 : 0; 
18580 : 0; 
18581 : 0; 
18582 : 0; 
18583 : 0; 
18584 : 0; 
18585 : 0; 
18586 : 0; 
18587 : 0; 
18588 : 0; 
18589 : 0; 
18590 : 0; 
18591 : 0; 
18592 : 0; 
18593 : 0; 
18594 : 0; 
18595 : 0; 
18596 : 0; 
18597 : 0; 
18598 : 0; 
18599 : 0; 
18600 : 0; 
18601 : 0; 
18602 : 0; 
18603 : 0; 
18604 : 0; 
18605 : 0; 
18606 : 0; 
18607 : 0; 
18608 : 0; 
18609 : 0; 
18610 : 0; 
18611 : 0; 
18612 : 0; 
18613 : 0; 
18614 : 0; 
18615 : 0; 
18616 : 1; 
18617 : 1; 
18618 : 1; 
18619 : 1; 
18620 : 1; 
18621 : 1; 
18622 : 1; 
18623 : 1; 
18624 : 1; 
18625 : 1; 
18626 : 1; 
18627 : 1; 
18628 : 1; 
18629 : 1; 
18630 : 1; 
18631 : 1; 
18632 : 1; 
18633 : 1; 
18634 : 1; 
18635 : 1; 
18636 : 1; 
18637 : 1; 
18638 : 1; 
18639 : 1; 
18640 : 1; 
18641 : 1; 
18642 : 1; 
18643 : 1; 
18644 : 1; 
18645 : 1; 
18646 : 1; 
18647 : 1; 
18648 : 1; 
18649 : 1; 
18650 : 1; 
18651 : 1; 
18652 : 1; 
18653 : 1; 
18654 : 1; 
18655 : 1; 
18656 : 1; 
18657 : 1; 
18658 : 1; 
18659 : 1; 
18660 : 1; 
18661 : 1; 
18662 : 1; 
18663 : 1; 
18664 : 1; 
18665 : 1; 
18666 : 1; 
18667 : 1; 
18668 : 1; 
18669 : 1; 
18670 : 1; 
18671 : 1; 
18672 : 1; 
18673 : 1; 
18674 : 1; 
18675 : 1; 
18676 : 1; 
18677 : 1; 
18678 : 1; 
18679 : 1; 
18680 : 1; 
18681 : 1; 
18682 : 1; 
18683 : 1; 
18684 : 1; 
18685 : 1; 
18686 : 1; 
18687 : 1; 
18688 : 2; 
18689 : 2; 
18690 : 2; 
18691 : 2; 
18692 : 2; 
18693 : 2; 
18694 : 2; 
18695 : 2; 
18696 : 2; 
18697 : 2; 
18698 : 2; 
18699 : 2; 
18700 : 2; 
18701 : 2; 
18702 : 2; 
18703 : 2; 
18704 : 2; 
18705 : 2; 
18706 : 2; 
18707 : 2; 
18708 : 2; 
18709 : 2; 
18710 : 2; 
18711 : 2; 
18712 : 2; 
18713 : 2; 
18714 : 2; 
18715 : 2; 
18716 : 2; 
18717 : 2; 
18718 : 2; 
18719 : 2; 
18720 : 2; 
18721 : 2; 
18722 : 2; 
18723 : 2; 
18724 : 2; 
18725 : 2; 
18726 : 2; 
18727 : 2; 
18728 : 2; 
18729 : 2; 
18730 : 2; 
18731 : 2; 
18732 : 2; 
18733 : 2; 
18734 : 2; 
18735 : 2; 
18736 : 2; 
18737 : 2; 
18738 : 2; 
18739 : 2; 
18740 : 2; 
18741 : 2; 
18742 : 2; 
18743 : 2; 
18744 : 2; 
18745 : 2; 
18746 : 2; 
18747 : 2; 
18748 : 2; 
18749 : 2; 
18750 : 2; 
18751 : 2; 
18752 : 2; 
18753 : 2; 
18754 : 2; 
18755 : 2; 
18756 : 2; 
18757 : 2; 
18758 : 2; 
18759 : 2; 
18760 : 2; 
18761 : 3; 
18762 : 3; 
18763 : 3; 
18764 : 3; 
18765 : 3; 
18766 : 3; 
18767 : 3; 
18768 : 3; 
18769 : 3; 
18770 : 3; 
18771 : 3; 
18772 : 3; 
18773 : 3; 
18774 : 3; 
18775 : 3; 
18776 : 3; 
18777 : 3; 
18778 : 3; 
18779 : 3; 
18780 : 3; 
18781 : 3; 
18782 : 3; 
18783 : 3; 
18784 : 3; 
18785 : 3; 
18786 : 3; 
18787 : 3; 
18788 : 3; 
18789 : 3; 
18790 : 3; 
18791 : 3; 
18792 : 3; 
18793 : 3; 
18794 : 3; 
18795 : 3; 
18796 : 3; 
18797 : 3; 
18798 : 3; 
18799 : 3; 
18800 : 3; 
18801 : 3; 
18802 : 3; 
18803 : 3; 
18804 : 3; 
18805 : 3; 
18806 : 3; 
18807 : 3; 
18808 : 3; 
18809 : 3; 
18810 : 3; 
18811 : 3; 
18812 : 3; 
18813 : 3; 
18814 : 3; 
18815 : 3; 
18816 : 2; 
18817 : 0; 
18818 : 0; 
18819 : 0; 
18820 : 0; 
18821 : 0; 
18822 : 0; 
18823 : 0; 
18824 : 0; 
18825 : 0; 
18826 : 0; 
18827 : 0; 
18828 : 0; 
18829 : 0; 
18830 : 0; 
18831 : 0; 
18832 : 0; 
18833 : 0; 
18834 : 0; 
18835 : 0; 
18836 : 0; 
18837 : 0; 
18838 : 0; 
18839 : 0; 
18840 : 0; 
18841 : 0; 
18842 : 0; 
18843 : 0; 
18844 : 0; 
18845 : 0; 
18846 : 0; 
18847 : 0; 
18848 : 0; 
18849 : 0; 
18850 : 0; 
18851 : 0; 
18852 : 0; 
18853 : 0; 
18854 : 0; 
18855 : 0; 
18856 : 0; 
18857 : 0; 
18858 : 0; 
18859 : 0; 
18860 : 0; 
18861 : 0; 
18862 : 0; 
18863 : 0; 
18864 : 0; 
18865 : 0; 
18866 : 0; 
18867 : 0; 
18868 : 0; 
18869 : 0; 
18870 : 0; 
18871 : 1; 
18872 : 1; 
18873 : 1; 
18874 : 1; 
18875 : 1; 
18876 : 1; 
18877 : 1; 
18878 : 1; 
18879 : 1; 
18880 : 1; 
18881 : 1; 
18882 : 1; 
18883 : 1; 
18884 : 1; 
18885 : 1; 
18886 : 1; 
18887 : 1; 
18888 : 1; 
18889 : 1; 
18890 : 1; 
18891 : 1; 
18892 : 1; 
18893 : 1; 
18894 : 1; 
18895 : 1; 
18896 : 1; 
18897 : 1; 
18898 : 1; 
18899 : 1; 
18900 : 1; 
18901 : 1; 
18902 : 1; 
18903 : 1; 
18904 : 1; 
18905 : 1; 
18906 : 1; 
18907 : 1; 
18908 : 1; 
18909 : 1; 
18910 : 1; 
18911 : 1; 
18912 : 1; 
18913 : 1; 
18914 : 1; 
18915 : 1; 
18916 : 1; 
18917 : 1; 
18918 : 1; 
18919 : 1; 
18920 : 1; 
18921 : 1; 
18922 : 1; 
18923 : 1; 
18924 : 1; 
18925 : 1; 
18926 : 1; 
18927 : 1; 
18928 : 1; 
18929 : 1; 
18930 : 1; 
18931 : 1; 
18932 : 1; 
18933 : 1; 
18934 : 1; 
18935 : 1; 
18936 : 1; 
18937 : 1; 
18938 : 1; 
18939 : 1; 
18940 : 1; 
18941 : 1; 
18942 : 1; 
18943 : 1; 
18944 : 2; 
18945 : 2; 
18946 : 2; 
18947 : 2; 
18948 : 2; 
18949 : 2; 
18950 : 2; 
18951 : 2; 
18952 : 2; 
18953 : 2; 
18954 : 2; 
18955 : 2; 
18956 : 2; 
18957 : 2; 
18958 : 2; 
18959 : 2; 
18960 : 2; 
18961 : 2; 
18962 : 2; 
18963 : 2; 
18964 : 2; 
18965 : 2; 
18966 : 2; 
18967 : 2; 
18968 : 2; 
18969 : 2; 
18970 : 2; 
18971 : 2; 
18972 : 2; 
18973 : 2; 
18974 : 2; 
18975 : 2; 
18976 : 2; 
18977 : 2; 
18978 : 2; 
18979 : 2; 
18980 : 2; 
18981 : 2; 
18982 : 2; 
18983 : 2; 
18984 : 2; 
18985 : 2; 
18986 : 2; 
18987 : 2; 
18988 : 2; 
18989 : 2; 
18990 : 2; 
18991 : 2; 
18992 : 2; 
18993 : 2; 
18994 : 2; 
18995 : 2; 
18996 : 2; 
18997 : 2; 
18998 : 2; 
18999 : 2; 
19000 : 2; 
19001 : 2; 
19002 : 2; 
19003 : 2; 
19004 : 2; 
19005 : 2; 
19006 : 2; 
19007 : 2; 
19008 : 2; 
19009 : 2; 
19010 : 2; 
19011 : 2; 
19012 : 2; 
19013 : 2; 
19014 : 2; 
19015 : 2; 
19016 : 2; 
19017 : 2; 
19018 : 3; 
19019 : 3; 
19020 : 3; 
19021 : 3; 
19022 : 3; 
19023 : 3; 
19024 : 3; 
19025 : 3; 
19026 : 3; 
19027 : 3; 
19028 : 3; 
19029 : 3; 
19030 : 3; 
19031 : 3; 
19032 : 3; 
19033 : 3; 
19034 : 3; 
19035 : 3; 
19036 : 3; 
19037 : 3; 
19038 : 3; 
19039 : 3; 
19040 : 3; 
19041 : 3; 
19042 : 3; 
19043 : 3; 
19044 : 3; 
19045 : 3; 
19046 : 3; 
19047 : 3; 
19048 : 3; 
19049 : 3; 
19050 : 3; 
19051 : 3; 
19052 : 3; 
19053 : 3; 
19054 : 3; 
19055 : 3; 
19056 : 3; 
19057 : 3; 
19058 : 3; 
19059 : 3; 
19060 : 3; 
19061 : 3; 
19062 : 3; 
19063 : 3; 
19064 : 3; 
19065 : 3; 
19066 : 3; 
19067 : 3; 
19068 : 3; 
19069 : 3; 
19070 : 3; 
19071 : 3; 
19072 : 2; 
19073 : 0; 
19074 : 0; 
19075 : 0; 
19076 : 0; 
19077 : 0; 
19078 : 0; 
19079 : 0; 
19080 : 0; 
19081 : 0; 
19082 : 0; 
19083 : 0; 
19084 : 0; 
19085 : 0; 
19086 : 0; 
19087 : 0; 
19088 : 0; 
19089 : 0; 
19090 : 0; 
19091 : 0; 
19092 : 0; 
19093 : 0; 
19094 : 0; 
19095 : 0; 
19096 : 0; 
19097 : 0; 
19098 : 0; 
19099 : 0; 
19100 : 0; 
19101 : 0; 
19102 : 0; 
19103 : 0; 
19104 : 0; 
19105 : 0; 
19106 : 0; 
19107 : 0; 
19108 : 0; 
19109 : 0; 
19110 : 0; 
19111 : 0; 
19112 : 0; 
19113 : 0; 
19114 : 0; 
19115 : 0; 
19116 : 0; 
19117 : 0; 
19118 : 0; 
19119 : 0; 
19120 : 0; 
19121 : 0; 
19122 : 0; 
19123 : 0; 
19124 : 0; 
19125 : 0; 
19126 : 1; 
19127 : 1; 
19128 : 1; 
19129 : 1; 
19130 : 1; 
19131 : 1; 
19132 : 1; 
19133 : 1; 
19134 : 1; 
19135 : 1; 
19136 : 1; 
19137 : 1; 
19138 : 1; 
19139 : 1; 
19140 : 1; 
19141 : 1; 
19142 : 1; 
19143 : 1; 
19144 : 1; 
19145 : 1; 
19146 : 1; 
19147 : 1; 
19148 : 1; 
19149 : 1; 
19150 : 1; 
19151 : 1; 
19152 : 1; 
19153 : 1; 
19154 : 1; 
19155 : 1; 
19156 : 1; 
19157 : 1; 
19158 : 1; 
19159 : 1; 
19160 : 1; 
19161 : 1; 
19162 : 1; 
19163 : 1; 
19164 : 1; 
19165 : 1; 
19166 : 1; 
19167 : 1; 
19168 : 1; 
19169 : 1; 
19170 : 1; 
19171 : 1; 
19172 : 1; 
19173 : 1; 
19174 : 1; 
19175 : 1; 
19176 : 1; 
19177 : 1; 
19178 : 1; 
19179 : 1; 
19180 : 1; 
19181 : 1; 
19182 : 1; 
19183 : 1; 
19184 : 1; 
19185 : 1; 
19186 : 1; 
19187 : 1; 
19188 : 1; 
19189 : 1; 
19190 : 1; 
19191 : 1; 
19192 : 1; 
19193 : 1; 
19194 : 1; 
19195 : 1; 
19196 : 1; 
19197 : 1; 
19198 : 1; 
19199 : 1; 
19200 : 2; 
19201 : 2; 
19202 : 2; 
19203 : 2; 
19204 : 2; 
19205 : 2; 
19206 : 2; 
19207 : 2; 
19208 : 2; 
19209 : 2; 
19210 : 2; 
19211 : 2; 
19212 : 2; 
19213 : 2; 
19214 : 2; 
19215 : 2; 
19216 : 2; 
19217 : 2; 
19218 : 2; 
19219 : 2; 
19220 : 2; 
19221 : 2; 
19222 : 2; 
19223 : 2; 
19224 : 2; 
19225 : 2; 
19226 : 2; 
19227 : 2; 
19228 : 2; 
19229 : 2; 
19230 : 2; 
19231 : 2; 
19232 : 2; 
19233 : 2; 
19234 : 2; 
19235 : 2; 
19236 : 2; 
19237 : 2; 
19238 : 2; 
19239 : 2; 
19240 : 2; 
19241 : 2; 
19242 : 2; 
19243 : 2; 
19244 : 2; 
19245 : 2; 
19246 : 2; 
19247 : 2; 
19248 : 2; 
19249 : 2; 
19250 : 2; 
19251 : 2; 
19252 : 2; 
19253 : 2; 
19254 : 2; 
19255 : 2; 
19256 : 2; 
19257 : 2; 
19258 : 2; 
19259 : 2; 
19260 : 2; 
19261 : 2; 
19262 : 2; 
19263 : 2; 
19264 : 2; 
19265 : 2; 
19266 : 2; 
19267 : 2; 
19268 : 2; 
19269 : 2; 
19270 : 2; 
19271 : 2; 
19272 : 2; 
19273 : 2; 
19274 : 2; 
19275 : 3; 
19276 : 3; 
19277 : 3; 
19278 : 3; 
19279 : 3; 
19280 : 3; 
19281 : 3; 
19282 : 3; 
19283 : 3; 
19284 : 3; 
19285 : 3; 
19286 : 3; 
19287 : 3; 
19288 : 3; 
19289 : 3; 
19290 : 3; 
19291 : 3; 
19292 : 3; 
19293 : 3; 
19294 : 3; 
19295 : 3; 
19296 : 3; 
19297 : 3; 
19298 : 3; 
19299 : 3; 
19300 : 3; 
19301 : 3; 
19302 : 3; 
19303 : 3; 
19304 : 3; 
19305 : 3; 
19306 : 3; 
19307 : 3; 
19308 : 3; 
19309 : 3; 
19310 : 3; 
19311 : 3; 
19312 : 3; 
19313 : 3; 
19314 : 3; 
19315 : 3; 
19316 : 3; 
19317 : 3; 
19318 : 3; 
19319 : 3; 
19320 : 3; 
19321 : 3; 
19322 : 3; 
19323 : 3; 
19324 : 3; 
19325 : 3; 
19326 : 3; 
19327 : 3; 
19328 : 2; 
19329 : 0; 
19330 : 0; 
19331 : 0; 
19332 : 0; 
19333 : 0; 
19334 : 0; 
19335 : 0; 
19336 : 0; 
19337 : 0; 
19338 : 0; 
19339 : 0; 
19340 : 0; 
19341 : 0; 
19342 : 0; 
19343 : 0; 
19344 : 0; 
19345 : 0; 
19346 : 0; 
19347 : 0; 
19348 : 0; 
19349 : 0; 
19350 : 0; 
19351 : 0; 
19352 : 0; 
19353 : 0; 
19354 : 0; 
19355 : 0; 
19356 : 0; 
19357 : 0; 
19358 : 0; 
19359 : 0; 
19360 : 0; 
19361 : 0; 
19362 : 0; 
19363 : 0; 
19364 : 0; 
19365 : 0; 
19366 : 0; 
19367 : 0; 
19368 : 0; 
19369 : 0; 
19370 : 0; 
19371 : 0; 
19372 : 0; 
19373 : 0; 
19374 : 0; 
19375 : 0; 
19376 : 0; 
19377 : 0; 
19378 : 0; 
19379 : 0; 
19380 : 0; 
19381 : 1; 
19382 : 1; 
19383 : 1; 
19384 : 1; 
19385 : 1; 
19386 : 1; 
19387 : 1; 
19388 : 1; 
19389 : 1; 
19390 : 1; 
19391 : 1; 
19392 : 1; 
19393 : 1; 
19394 : 1; 
19395 : 1; 
19396 : 1; 
19397 : 1; 
19398 : 1; 
19399 : 1; 
19400 : 1; 
19401 : 1; 
19402 : 1; 
19403 : 1; 
19404 : 1; 
19405 : 1; 
19406 : 1; 
19407 : 1; 
19408 : 1; 
19409 : 1; 
19410 : 1; 
19411 : 1; 
19412 : 1; 
19413 : 1; 
19414 : 1; 
19415 : 1; 
19416 : 1; 
19417 : 1; 
19418 : 1; 
19419 : 1; 
19420 : 1; 
19421 : 1; 
19422 : 1; 
19423 : 1; 
19424 : 1; 
19425 : 1; 
19426 : 1; 
19427 : 1; 
19428 : 1; 
19429 : 1; 
19430 : 1; 
19431 : 1; 
19432 : 1; 
19433 : 1; 
19434 : 1; 
19435 : 1; 
19436 : 1; 
19437 : 1; 
19438 : 1; 
19439 : 1; 
19440 : 1; 
19441 : 1; 
19442 : 1; 
19443 : 1; 
19444 : 1; 
19445 : 1; 
19446 : 1; 
19447 : 1; 
19448 : 1; 
19449 : 1; 
19450 : 1; 
19451 : 1; 
19452 : 1; 
19453 : 1; 
19454 : 1; 
19455 : 1; 
19456 : 2; 
19457 : 2; 
19458 : 2; 
19459 : 2; 
19460 : 2; 
19461 : 2; 
19462 : 2; 
19463 : 2; 
19464 : 2; 
19465 : 2; 
19466 : 2; 
19467 : 2; 
19468 : 2; 
19469 : 2; 
19470 : 2; 
19471 : 2; 
19472 : 2; 
19473 : 2; 
19474 : 2; 
19475 : 2; 
19476 : 2; 
19477 : 2; 
19478 : 2; 
19479 : 2; 
19480 : 2; 
19481 : 2; 
19482 : 2; 
19483 : 2; 
19484 : 2; 
19485 : 2; 
19486 : 2; 
19487 : 2; 
19488 : 2; 
19489 : 2; 
19490 : 2; 
19491 : 2; 
19492 : 2; 
19493 : 2; 
19494 : 2; 
19495 : 2; 
19496 : 2; 
19497 : 2; 
19498 : 2; 
19499 : 2; 
19500 : 2; 
19501 : 2; 
19502 : 2; 
19503 : 2; 
19504 : 2; 
19505 : 2; 
19506 : 2; 
19507 : 2; 
19508 : 2; 
19509 : 2; 
19510 : 2; 
19511 : 2; 
19512 : 2; 
19513 : 2; 
19514 : 2; 
19515 : 2; 
19516 : 2; 
19517 : 2; 
19518 : 2; 
19519 : 2; 
19520 : 2; 
19521 : 2; 
19522 : 2; 
19523 : 2; 
19524 : 2; 
19525 : 2; 
19526 : 2; 
19527 : 2; 
19528 : 2; 
19529 : 2; 
19530 : 2; 
19531 : 2; 
19532 : 3; 
19533 : 3; 
19534 : 3; 
19535 : 3; 
19536 : 3; 
19537 : 3; 
19538 : 3; 
19539 : 3; 
19540 : 3; 
19541 : 3; 
19542 : 3; 
19543 : 3; 
19544 : 3; 
19545 : 3; 
19546 : 3; 
19547 : 3; 
19548 : 3; 
19549 : 3; 
19550 : 3; 
19551 : 3; 
19552 : 3; 
19553 : 3; 
19554 : 3; 
19555 : 3; 
19556 : 3; 
19557 : 3; 
19558 : 3; 
19559 : 3; 
19560 : 3; 
19561 : 3; 
19562 : 3; 
19563 : 3; 
19564 : 3; 
19565 : 3; 
19566 : 3; 
19567 : 3; 
19568 : 3; 
19569 : 3; 
19570 : 3; 
19571 : 3; 
19572 : 3; 
19573 : 3; 
19574 : 3; 
19575 : 3; 
19576 : 3; 
19577 : 3; 
19578 : 3; 
19579 : 3; 
19580 : 3; 
19581 : 3; 
19582 : 3; 
19583 : 3; 
19584 : 2; 
19585 : 0; 
19586 : 0; 
19587 : 0; 
19588 : 0; 
19589 : 0; 
19590 : 0; 
19591 : 0; 
19592 : 0; 
19593 : 0; 
19594 : 0; 
19595 : 0; 
19596 : 0; 
19597 : 0; 
19598 : 0; 
19599 : 0; 
19600 : 0; 
19601 : 0; 
19602 : 0; 
19603 : 0; 
19604 : 0; 
19605 : 0; 
19606 : 0; 
19607 : 0; 
19608 : 0; 
19609 : 0; 
19610 : 0; 
19611 : 0; 
19612 : 0; 
19613 : 0; 
19614 : 0; 
19615 : 0; 
19616 : 0; 
19617 : 0; 
19618 : 0; 
19619 : 0; 
19620 : 0; 
19621 : 0; 
19622 : 0; 
19623 : 0; 
19624 : 0; 
19625 : 0; 
19626 : 0; 
19627 : 0; 
19628 : 0; 
19629 : 0; 
19630 : 0; 
19631 : 0; 
19632 : 0; 
19633 : 0; 
19634 : 0; 
19635 : 0; 
19636 : 1; 
19637 : 1; 
19638 : 1; 
19639 : 1; 
19640 : 1; 
19641 : 1; 
19642 : 1; 
19643 : 1; 
19644 : 1; 
19645 : 1; 
19646 : 1; 
19647 : 1; 
19648 : 1; 
19649 : 1; 
19650 : 1; 
19651 : 1; 
19652 : 1; 
19653 : 1; 
19654 : 1; 
19655 : 1; 
19656 : 1; 
19657 : 1; 
19658 : 1; 
19659 : 1; 
19660 : 1; 
19661 : 1; 
19662 : 1; 
19663 : 1; 
19664 : 1; 
19665 : 1; 
19666 : 1; 
19667 : 1; 
19668 : 1; 
19669 : 1; 
19670 : 1; 
19671 : 1; 
19672 : 1; 
19673 : 1; 
19674 : 1; 
19675 : 1; 
19676 : 1; 
19677 : 1; 
19678 : 1; 
19679 : 1; 
19680 : 1; 
19681 : 1; 
19682 : 1; 
19683 : 1; 
19684 : 1; 
19685 : 1; 
19686 : 1; 
19687 : 1; 
19688 : 1; 
19689 : 1; 
19690 : 1; 
19691 : 1; 
19692 : 1; 
19693 : 1; 
19694 : 1; 
19695 : 1; 
19696 : 1; 
19697 : 1; 
19698 : 1; 
19699 : 1; 
19700 : 1; 
19701 : 1; 
19702 : 1; 
19703 : 1; 
19704 : 1; 
19705 : 1; 
19706 : 1; 
19707 : 1; 
19708 : 1; 
19709 : 1; 
19710 : 1; 
19711 : 1; 
19712 : 2; 
19713 : 2; 
19714 : 2; 
19715 : 2; 
19716 : 2; 
19717 : 2; 
19718 : 2; 
19719 : 2; 
19720 : 2; 
19721 : 2; 
19722 : 2; 
19723 : 2; 
19724 : 2; 
19725 : 2; 
19726 : 2; 
19727 : 2; 
19728 : 2; 
19729 : 2; 
19730 : 2; 
19731 : 2; 
19732 : 2; 
19733 : 2; 
19734 : 2; 
19735 : 2; 
19736 : 2; 
19737 : 2; 
19738 : 2; 
19739 : 2; 
19740 : 2; 
19741 : 2; 
19742 : 2; 
19743 : 2; 
19744 : 2; 
19745 : 2; 
19746 : 2; 
19747 : 2; 
19748 : 2; 
19749 : 2; 
19750 : 2; 
19751 : 2; 
19752 : 2; 
19753 : 2; 
19754 : 2; 
19755 : 2; 
19756 : 2; 
19757 : 2; 
19758 : 2; 
19759 : 2; 
19760 : 2; 
19761 : 2; 
19762 : 2; 
19763 : 2; 
19764 : 2; 
19765 : 2; 
19766 : 2; 
19767 : 2; 
19768 : 2; 
19769 : 2; 
19770 : 2; 
19771 : 2; 
19772 : 2; 
19773 : 2; 
19774 : 2; 
19775 : 2; 
19776 : 2; 
19777 : 2; 
19778 : 2; 
19779 : 2; 
19780 : 2; 
19781 : 2; 
19782 : 2; 
19783 : 2; 
19784 : 2; 
19785 : 2; 
19786 : 2; 
19787 : 2; 
19788 : 2; 
19789 : 3; 
19790 : 3; 
19791 : 3; 
19792 : 3; 
19793 : 3; 
19794 : 3; 
19795 : 3; 
19796 : 3; 
19797 : 3; 
19798 : 3; 
19799 : 3; 
19800 : 3; 
19801 : 3; 
19802 : 3; 
19803 : 3; 
19804 : 3; 
19805 : 3; 
19806 : 3; 
19807 : 3; 
19808 : 3; 
19809 : 3; 
19810 : 3; 
19811 : 3; 
19812 : 3; 
19813 : 3; 
19814 : 3; 
19815 : 3; 
19816 : 3; 
19817 : 3; 
19818 : 3; 
19819 : 3; 
19820 : 3; 
19821 : 3; 
19822 : 3; 
19823 : 3; 
19824 : 3; 
19825 : 3; 
19826 : 3; 
19827 : 3; 
19828 : 3; 
19829 : 3; 
19830 : 3; 
19831 : 3; 
19832 : 3; 
19833 : 3; 
19834 : 3; 
19835 : 3; 
19836 : 3; 
19837 : 3; 
19838 : 3; 
19839 : 3; 
19840 : 2; 
19841 : 0; 
19842 : 0; 
19843 : 0; 
19844 : 0; 
19845 : 0; 
19846 : 0; 
19847 : 0; 
19848 : 0; 
19849 : 0; 
19850 : 0; 
19851 : 0; 
19852 : 0; 
19853 : 0; 
19854 : 0; 
19855 : 0; 
19856 : 0; 
19857 : 0; 
19858 : 0; 
19859 : 0; 
19860 : 0; 
19861 : 0; 
19862 : 0; 
19863 : 0; 
19864 : 0; 
19865 : 0; 
19866 : 0; 
19867 : 0; 
19868 : 0; 
19869 : 0; 
19870 : 0; 
19871 : 0; 
19872 : 0; 
19873 : 0; 
19874 : 0; 
19875 : 0; 
19876 : 0; 
19877 : 0; 
19878 : 0; 
19879 : 0; 
19880 : 0; 
19881 : 0; 
19882 : 0; 
19883 : 0; 
19884 : 0; 
19885 : 0; 
19886 : 0; 
19887 : 0; 
19888 : 0; 
19889 : 0; 
19890 : 0; 
19891 : 1; 
19892 : 1; 
19893 : 1; 
19894 : 1; 
19895 : 1; 
19896 : 1; 
19897 : 1; 
19898 : 1; 
19899 : 1; 
19900 : 1; 
19901 : 1; 
19902 : 1; 
19903 : 1; 
19904 : 1; 
19905 : 1; 
19906 : 1; 
19907 : 1; 
19908 : 1; 
19909 : 1; 
19910 : 1; 
19911 : 1; 
19912 : 1; 
19913 : 1; 
19914 : 1; 
19915 : 1; 
19916 : 1; 
19917 : 1; 
19918 : 1; 
19919 : 1; 
19920 : 1; 
19921 : 1; 
19922 : 1; 
19923 : 1; 
19924 : 1; 
19925 : 1; 
19926 : 1; 
19927 : 1; 
19928 : 1; 
19929 : 1; 
19930 : 1; 
19931 : 1; 
19932 : 1; 
19933 : 1; 
19934 : 1; 
19935 : 1; 
19936 : 1; 
19937 : 1; 
19938 : 1; 
19939 : 1; 
19940 : 1; 
19941 : 1; 
19942 : 1; 
19943 : 1; 
19944 : 1; 
19945 : 1; 
19946 : 1; 
19947 : 1; 
19948 : 1; 
19949 : 1; 
19950 : 1; 
19951 : 1; 
19952 : 1; 
19953 : 1; 
19954 : 1; 
19955 : 1; 
19956 : 1; 
19957 : 1; 
19958 : 1; 
19959 : 1; 
19960 : 1; 
19961 : 1; 
19962 : 1; 
19963 : 1; 
19964 : 1; 
19965 : 1; 
19966 : 1; 
19967 : 1; 
19968 : 2; 
19969 : 2; 
19970 : 2; 
19971 : 2; 
19972 : 2; 
19973 : 2; 
19974 : 2; 
19975 : 2; 
19976 : 2; 
19977 : 2; 
19978 : 2; 
19979 : 2; 
19980 : 2; 
19981 : 2; 
19982 : 2; 
19983 : 2; 
19984 : 2; 
19985 : 2; 
19986 : 2; 
19987 : 2; 
19988 : 2; 
19989 : 2; 
19990 : 2; 
19991 : 2; 
19992 : 2; 
19993 : 2; 
19994 : 2; 
19995 : 2; 
19996 : 2; 
19997 : 2; 
19998 : 2; 
19999 : 2; 
20000 : 2; 
20001 : 2; 
20002 : 2; 
20003 : 2; 
20004 : 2; 
20005 : 2; 
20006 : 2; 
20007 : 2; 
20008 : 2; 
20009 : 2; 
20010 : 2; 
20011 : 2; 
20012 : 2; 
20013 : 2; 
20014 : 2; 
20015 : 2; 
20016 : 2; 
20017 : 2; 
20018 : 2; 
20019 : 2; 
20020 : 2; 
20021 : 2; 
20022 : 2; 
20023 : 2; 
20024 : 2; 
20025 : 2; 
20026 : 2; 
20027 : 2; 
20028 : 2; 
20029 : 2; 
20030 : 2; 
20031 : 2; 
20032 : 2; 
20033 : 2; 
20034 : 2; 
20035 : 2; 
20036 : 2; 
20037 : 2; 
20038 : 2; 
20039 : 2; 
20040 : 2; 
20041 : 2; 
20042 : 2; 
20043 : 2; 
20044 : 2; 
20045 : 2; 
20046 : 3; 
20047 : 3; 
20048 : 3; 
20049 : 3; 
20050 : 3; 
20051 : 3; 
20052 : 3; 
20053 : 3; 
20054 : 3; 
20055 : 3; 
20056 : 3; 
20057 : 3; 
20058 : 3; 
20059 : 3; 
20060 : 3; 
20061 : 3; 
20062 : 3; 
20063 : 3; 
20064 : 3; 
20065 : 3; 
20066 : 3; 
20067 : 3; 
20068 : 3; 
20069 : 3; 
20070 : 3; 
20071 : 3; 
20072 : 3; 
20073 : 3; 
20074 : 3; 
20075 : 3; 
20076 : 3; 
20077 : 3; 
20078 : 3; 
20079 : 3; 
20080 : 3; 
20081 : 3; 
20082 : 3; 
20083 : 3; 
20084 : 3; 
20085 : 3; 
20086 : 3; 
20087 : 3; 
20088 : 3; 
20089 : 3; 
20090 : 3; 
20091 : 3; 
20092 : 3; 
20093 : 3; 
20094 : 3; 
20095 : 3; 
20096 : 2; 
20097 : 0; 
20098 : 0; 
20099 : 0; 
20100 : 0; 
20101 : 0; 
20102 : 0; 
20103 : 0; 
20104 : 0; 
20105 : 0; 
20106 : 0; 
20107 : 0; 
20108 : 0; 
20109 : 0; 
20110 : 0; 
20111 : 0; 
20112 : 0; 
20113 : 0; 
20114 : 0; 
20115 : 0; 
20116 : 0; 
20117 : 0; 
20118 : 0; 
20119 : 0; 
20120 : 0; 
20121 : 0; 
20122 : 0; 
20123 : 0; 
20124 : 0; 
20125 : 0; 
20126 : 0; 
20127 : 0; 
20128 : 0; 
20129 : 0; 
20130 : 0; 
20131 : 0; 
20132 : 0; 
20133 : 0; 
20134 : 0; 
20135 : 0; 
20136 : 0; 
20137 : 0; 
20138 : 0; 
20139 : 0; 
20140 : 0; 
20141 : 0; 
20142 : 0; 
20143 : 0; 
20144 : 0; 
20145 : 0; 
20146 : 1; 
20147 : 1; 
20148 : 1; 
20149 : 1; 
20150 : 1; 
20151 : 1; 
20152 : 1; 
20153 : 1; 
20154 : 1; 
20155 : 1; 
20156 : 1; 
20157 : 1; 
20158 : 1; 
20159 : 1; 
20160 : 1; 
20161 : 1; 
20162 : 1; 
20163 : 1; 
20164 : 1; 
20165 : 1; 
20166 : 1; 
20167 : 1; 
20168 : 1; 
20169 : 1; 
20170 : 1; 
20171 : 1; 
20172 : 1; 
20173 : 1; 
20174 : 1; 
20175 : 1; 
20176 : 1; 
20177 : 1; 
20178 : 1; 
20179 : 1; 
20180 : 1; 
20181 : 1; 
20182 : 1; 
20183 : 1; 
20184 : 1; 
20185 : 1; 
20186 : 1; 
20187 : 1; 
20188 : 1; 
20189 : 1; 
20190 : 1; 
20191 : 1; 
20192 : 1; 
20193 : 1; 
20194 : 1; 
20195 : 1; 
20196 : 1; 
20197 : 1; 
20198 : 1; 
20199 : 1; 
20200 : 1; 
20201 : 1; 
20202 : 1; 
20203 : 1; 
20204 : 1; 
20205 : 1; 
20206 : 1; 
20207 : 1; 
20208 : 1; 
20209 : 1; 
20210 : 1; 
20211 : 1; 
20212 : 1; 
20213 : 1; 
20214 : 1; 
20215 : 1; 
20216 : 1; 
20217 : 1; 
20218 : 1; 
20219 : 1; 
20220 : 1; 
20221 : 1; 
20222 : 1; 
20223 : 1; 
20224 : 2; 
20225 : 2; 
20226 : 2; 
20227 : 2; 
20228 : 2; 
20229 : 2; 
20230 : 2; 
20231 : 2; 
20232 : 2; 
20233 : 2; 
20234 : 2; 
20235 : 2; 
20236 : 2; 
20237 : 2; 
20238 : 2; 
20239 : 2; 
20240 : 2; 
20241 : 2; 
20242 : 2; 
20243 : 2; 
20244 : 2; 
20245 : 2; 
20246 : 2; 
20247 : 2; 
20248 : 2; 
20249 : 2; 
20250 : 2; 
20251 : 2; 
20252 : 2; 
20253 : 2; 
20254 : 2; 
20255 : 2; 
20256 : 2; 
20257 : 2; 
20258 : 2; 
20259 : 2; 
20260 : 2; 
20261 : 2; 
20262 : 2; 
20263 : 2; 
20264 : 2; 
20265 : 2; 
20266 : 2; 
20267 : 2; 
20268 : 2; 
20269 : 2; 
20270 : 2; 
20271 : 2; 
20272 : 2; 
20273 : 2; 
20274 : 2; 
20275 : 2; 
20276 : 2; 
20277 : 2; 
20278 : 2; 
20279 : 2; 
20280 : 2; 
20281 : 2; 
20282 : 2; 
20283 : 2; 
20284 : 2; 
20285 : 2; 
20286 : 2; 
20287 : 2; 
20288 : 2; 
20289 : 2; 
20290 : 2; 
20291 : 2; 
20292 : 2; 
20293 : 2; 
20294 : 2; 
20295 : 2; 
20296 : 2; 
20297 : 2; 
20298 : 2; 
20299 : 2; 
20300 : 2; 
20301 : 2; 
20302 : 2; 
20303 : 3; 
20304 : 3; 
20305 : 3; 
20306 : 3; 
20307 : 3; 
20308 : 3; 
20309 : 3; 
20310 : 3; 
20311 : 3; 
20312 : 3; 
20313 : 3; 
20314 : 3; 
20315 : 3; 
20316 : 3; 
20317 : 3; 
20318 : 3; 
20319 : 3; 
20320 : 3; 
20321 : 3; 
20322 : 3; 
20323 : 3; 
20324 : 3; 
20325 : 3; 
20326 : 3; 
20327 : 3; 
20328 : 3; 
20329 : 3; 
20330 : 3; 
20331 : 3; 
20332 : 3; 
20333 : 3; 
20334 : 3; 
20335 : 3; 
20336 : 3; 
20337 : 3; 
20338 : 3; 
20339 : 3; 
20340 : 3; 
20341 : 3; 
20342 : 3; 
20343 : 3; 
20344 : 3; 
20345 : 3; 
20346 : 3; 
20347 : 3; 
20348 : 3; 
20349 : 3; 
20350 : 3; 
20351 : 3; 
20352 : 2; 
20353 : 0; 
20354 : 0; 
20355 : 0; 
20356 : 0; 
20357 : 0; 
20358 : 0; 
20359 : 0; 
20360 : 0; 
20361 : 0; 
20362 : 0; 
20363 : 0; 
20364 : 0; 
20365 : 0; 
20366 : 0; 
20367 : 0; 
20368 : 0; 
20369 : 0; 
20370 : 0; 
20371 : 0; 
20372 : 0; 
20373 : 0; 
20374 : 0; 
20375 : 0; 
20376 : 0; 
20377 : 0; 
20378 : 0; 
20379 : 0; 
20380 : 0; 
20381 : 0; 
20382 : 0; 
20383 : 0; 
20384 : 0; 
20385 : 0; 
20386 : 0; 
20387 : 0; 
20388 : 0; 
20389 : 0; 
20390 : 0; 
20391 : 0; 
20392 : 0; 
20393 : 0; 
20394 : 0; 
20395 : 0; 
20396 : 0; 
20397 : 0; 
20398 : 0; 
20399 : 0; 
20400 : 0; 
20401 : 1; 
20402 : 1; 
20403 : 1; 
20404 : 1; 
20405 : 1; 
20406 : 1; 
20407 : 1; 
20408 : 1; 
20409 : 1; 
20410 : 1; 
20411 : 1; 
20412 : 1; 
20413 : 1; 
20414 : 1; 
20415 : 1; 
20416 : 1; 
20417 : 1; 
20418 : 1; 
20419 : 1; 
20420 : 1; 
20421 : 1; 
20422 : 1; 
20423 : 1; 
20424 : 1; 
20425 : 1; 
20426 : 1; 
20427 : 1; 
20428 : 1; 
20429 : 1; 
20430 : 1; 
20431 : 1; 
20432 : 1; 
20433 : 1; 
20434 : 1; 
20435 : 1; 
20436 : 1; 
20437 : 1; 
20438 : 1; 
20439 : 1; 
20440 : 1; 
20441 : 1; 
20442 : 1; 
20443 : 1; 
20444 : 1; 
20445 : 1; 
20446 : 1; 
20447 : 1; 
20448 : 1; 
20449 : 1; 
20450 : 1; 
20451 : 1; 
20452 : 1; 
20453 : 1; 
20454 : 1; 
20455 : 1; 
20456 : 1; 
20457 : 1; 
20458 : 1; 
20459 : 1; 
20460 : 1; 
20461 : 1; 
20462 : 1; 
20463 : 1; 
20464 : 1; 
20465 : 1; 
20466 : 1; 
20467 : 1; 
20468 : 1; 
20469 : 1; 
20470 : 1; 
20471 : 1; 
20472 : 1; 
20473 : 1; 
20474 : 1; 
20475 : 1; 
20476 : 1; 
20477 : 1; 
20478 : 1; 
20479 : 1; 
20480 : 2; 
20481 : 2; 
20482 : 2; 
20483 : 2; 
20484 : 2; 
20485 : 2; 
20486 : 2; 
20487 : 2; 
20488 : 2; 
20489 : 2; 
20490 : 2; 
20491 : 2; 
20492 : 2; 
20493 : 2; 
20494 : 2; 
20495 : 2; 
20496 : 2; 
20497 : 2; 
20498 : 2; 
20499 : 2; 
20500 : 2; 
20501 : 2; 
20502 : 2; 
20503 : 2; 
20504 : 2; 
20505 : 2; 
20506 : 2; 
20507 : 2; 
20508 : 2; 
20509 : 2; 
20510 : 2; 
20511 : 2; 
20512 : 2; 
20513 : 2; 
20514 : 2; 
20515 : 2; 
20516 : 2; 
20517 : 2; 
20518 : 2; 
20519 : 2; 
20520 : 2; 
20521 : 2; 
20522 : 2; 
20523 : 2; 
20524 : 2; 
20525 : 2; 
20526 : 2; 
20527 : 2; 
20528 : 2; 
20529 : 2; 
20530 : 2; 
20531 : 2; 
20532 : 2; 
20533 : 2; 
20534 : 2; 
20535 : 2; 
20536 : 2; 
20537 : 2; 
20538 : 2; 
20539 : 2; 
20540 : 2; 
20541 : 2; 
20542 : 2; 
20543 : 2; 
20544 : 2; 
20545 : 2; 
20546 : 2; 
20547 : 2; 
20548 : 2; 
20549 : 2; 
20550 : 2; 
20551 : 2; 
20552 : 2; 
20553 : 2; 
20554 : 2; 
20555 : 2; 
20556 : 2; 
20557 : 2; 
20558 : 2; 
20559 : 2; 
20560 : 3; 
20561 : 3; 
20562 : 3; 
20563 : 3; 
20564 : 3; 
20565 : 3; 
20566 : 3; 
20567 : 3; 
20568 : 3; 
20569 : 3; 
20570 : 3; 
20571 : 3; 
20572 : 3; 
20573 : 3; 
20574 : 3; 
20575 : 3; 
20576 : 3; 
20577 : 3; 
20578 : 3; 
20579 : 3; 
20580 : 3; 
20581 : 3; 
20582 : 3; 
20583 : 3; 
20584 : 3; 
20585 : 3; 
20586 : 3; 
20587 : 3; 
20588 : 3; 
20589 : 3; 
20590 : 3; 
20591 : 3; 
20592 : 3; 
20593 : 3; 
20594 : 3; 
20595 : 3; 
20596 : 3; 
20597 : 3; 
20598 : 3; 
20599 : 3; 
20600 : 3; 
20601 : 3; 
20602 : 3; 
20603 : 3; 
20604 : 3; 
20605 : 3; 
20606 : 3; 
20607 : 3; 
20608 : 2; 
20609 : 0; 
20610 : 0; 
20611 : 0; 
20612 : 0; 
20613 : 0; 
20614 : 0; 
20615 : 0; 
20616 : 0; 
20617 : 0; 
20618 : 0; 
20619 : 0; 
20620 : 0; 
20621 : 0; 
20622 : 0; 
20623 : 0; 
20624 : 0; 
20625 : 0; 
20626 : 0; 
20627 : 0; 
20628 : 0; 
20629 : 0; 
20630 : 0; 
20631 : 0; 
20632 : 0; 
20633 : 0; 
20634 : 0; 
20635 : 0; 
20636 : 0; 
20637 : 0; 
20638 : 0; 
20639 : 0; 
20640 : 0; 
20641 : 0; 
20642 : 0; 
20643 : 0; 
20644 : 0; 
20645 : 0; 
20646 : 0; 
20647 : 0; 
20648 : 0; 
20649 : 0; 
20650 : 0; 
20651 : 0; 
20652 : 0; 
20653 : 0; 
20654 : 0; 
20655 : 0; 
20656 : 1; 
20657 : 1; 
20658 : 1; 
20659 : 1; 
20660 : 1; 
20661 : 1; 
20662 : 1; 
20663 : 1; 
20664 : 1; 
20665 : 1; 
20666 : 1; 
20667 : 1; 
20668 : 1; 
20669 : 1; 
20670 : 1; 
20671 : 1; 
20672 : 1; 
20673 : 1; 
20674 : 1; 
20675 : 1; 
20676 : 1; 
20677 : 1; 
20678 : 1; 
20679 : 1; 
20680 : 1; 
20681 : 1; 
20682 : 1; 
20683 : 1; 
20684 : 1; 
20685 : 1; 
20686 : 1; 
20687 : 1; 
20688 : 1; 
20689 : 1; 
20690 : 1; 
20691 : 1; 
20692 : 1; 
20693 : 1; 
20694 : 1; 
20695 : 1; 
20696 : 1; 
20697 : 1; 
20698 : 1; 
20699 : 1; 
20700 : 1; 
20701 : 1; 
20702 : 1; 
20703 : 1; 
20704 : 1; 
20705 : 1; 
20706 : 1; 
20707 : 1; 
20708 : 1; 
20709 : 1; 
20710 : 1; 
20711 : 1; 
20712 : 1; 
20713 : 1; 
20714 : 1; 
20715 : 1; 
20716 : 1; 
20717 : 1; 
20718 : 1; 
20719 : 1; 
20720 : 1; 
20721 : 1; 
20722 : 1; 
20723 : 1; 
20724 : 1; 
20725 : 1; 
20726 : 1; 
20727 : 1; 
20728 : 1; 
20729 : 1; 
20730 : 1; 
20731 : 1; 
20732 : 1; 
20733 : 1; 
20734 : 1; 
20735 : 1; 
20736 : 2; 
20737 : 2; 
20738 : 2; 
20739 : 2; 
20740 : 2; 
20741 : 2; 
20742 : 2; 
20743 : 2; 
20744 : 2; 
20745 : 2; 
20746 : 2; 
20747 : 2; 
20748 : 2; 
20749 : 2; 
20750 : 2; 
20751 : 2; 
20752 : 2; 
20753 : 2; 
20754 : 2; 
20755 : 2; 
20756 : 2; 
20757 : 2; 
20758 : 2; 
20759 : 2; 
20760 : 2; 
20761 : 2; 
20762 : 2; 
20763 : 2; 
20764 : 2; 
20765 : 2; 
20766 : 2; 
20767 : 2; 
20768 : 2; 
20769 : 2; 
20770 : 2; 
20771 : 2; 
20772 : 2; 
20773 : 2; 
20774 : 2; 
20775 : 2; 
20776 : 2; 
20777 : 2; 
20778 : 2; 
20779 : 2; 
20780 : 2; 
20781 : 2; 
20782 : 2; 
20783 : 2; 
20784 : 2; 
20785 : 2; 
20786 : 2; 
20787 : 2; 
20788 : 2; 
20789 : 2; 
20790 : 2; 
20791 : 2; 
20792 : 2; 
20793 : 2; 
20794 : 2; 
20795 : 2; 
20796 : 2; 
20797 : 2; 
20798 : 2; 
20799 : 2; 
20800 : 2; 
20801 : 2; 
20802 : 2; 
20803 : 2; 
20804 : 2; 
20805 : 2; 
20806 : 2; 
20807 : 2; 
20808 : 2; 
20809 : 2; 
20810 : 2; 
20811 : 2; 
20812 : 2; 
20813 : 2; 
20814 : 2; 
20815 : 2; 
20816 : 2; 
20817 : 3; 
20818 : 3; 
20819 : 3; 
20820 : 3; 
20821 : 3; 
20822 : 3; 
20823 : 3; 
20824 : 3; 
20825 : 3; 
20826 : 3; 
20827 : 3; 
20828 : 3; 
20829 : 3; 
20830 : 3; 
20831 : 3; 
20832 : 3; 
20833 : 3; 
20834 : 3; 
20835 : 3; 
20836 : 3; 
20837 : 3; 
20838 : 3; 
20839 : 3; 
20840 : 3; 
20841 : 3; 
20842 : 3; 
20843 : 3; 
20844 : 3; 
20845 : 3; 
20846 : 3; 
20847 : 3; 
20848 : 3; 
20849 : 3; 
20850 : 3; 
20851 : 3; 
20852 : 3; 
20853 : 3; 
20854 : 3; 
20855 : 3; 
20856 : 3; 
20857 : 3; 
20858 : 3; 
20859 : 3; 
20860 : 3; 
20861 : 3; 
20862 : 3; 
20863 : 3; 
20864 : 2; 
20865 : 0; 
20866 : 0; 
20867 : 0; 
20868 : 0; 
20869 : 0; 
20870 : 0; 
20871 : 0; 
20872 : 0; 
20873 : 0; 
20874 : 0; 
20875 : 0; 
20876 : 0; 
20877 : 0; 
20878 : 0; 
20879 : 0; 
20880 : 0; 
20881 : 0; 
20882 : 0; 
20883 : 0; 
20884 : 0; 
20885 : 0; 
20886 : 0; 
20887 : 0; 
20888 : 0; 
20889 : 0; 
20890 : 0; 
20891 : 0; 
20892 : 0; 
20893 : 0; 
20894 : 0; 
20895 : 0; 
20896 : 0; 
20897 : 0; 
20898 : 0; 
20899 : 0; 
20900 : 0; 
20901 : 0; 
20902 : 0; 
20903 : 0; 
20904 : 0; 
20905 : 0; 
20906 : 0; 
20907 : 0; 
20908 : 0; 
20909 : 0; 
20910 : 0; 
20911 : 1; 
20912 : 1; 
20913 : 1; 
20914 : 1; 
20915 : 1; 
20916 : 1; 
20917 : 1; 
20918 : 1; 
20919 : 1; 
20920 : 1; 
20921 : 1; 
20922 : 1; 
20923 : 1; 
20924 : 1; 
20925 : 1; 
20926 : 1; 
20927 : 1; 
20928 : 1; 
20929 : 1; 
20930 : 1; 
20931 : 1; 
20932 : 1; 
20933 : 1; 
20934 : 1; 
20935 : 1; 
20936 : 1; 
20937 : 1; 
20938 : 1; 
20939 : 1; 
20940 : 1; 
20941 : 1; 
20942 : 1; 
20943 : 1; 
20944 : 1; 
20945 : 1; 
20946 : 1; 
20947 : 1; 
20948 : 1; 
20949 : 1; 
20950 : 1; 
20951 : 1; 
20952 : 1; 
20953 : 1; 
20954 : 1; 
20955 : 1; 
20956 : 1; 
20957 : 1; 
20958 : 1; 
20959 : 1; 
20960 : 1; 
20961 : 1; 
20962 : 1; 
20963 : 1; 
20964 : 1; 
20965 : 1; 
20966 : 1; 
20967 : 1; 
20968 : 1; 
20969 : 1; 
20970 : 1; 
20971 : 1; 
20972 : 1; 
20973 : 1; 
20974 : 1; 
20975 : 1; 
20976 : 1; 
20977 : 1; 
20978 : 1; 
20979 : 1; 
20980 : 1; 
20981 : 1; 
20982 : 1; 
20983 : 1; 
20984 : 1; 
20985 : 1; 
20986 : 1; 
20987 : 1; 
20988 : 1; 
20989 : 1; 
20990 : 1; 
20991 : 1; 
20992 : 2; 
20993 : 2; 
20994 : 2; 
20995 : 2; 
20996 : 2; 
20997 : 2; 
20998 : 2; 
20999 : 2; 
21000 : 2; 
21001 : 2; 
21002 : 2; 
21003 : 2; 
21004 : 2; 
21005 : 2; 
21006 : 2; 
21007 : 2; 
21008 : 2; 
21009 : 2; 
21010 : 2; 
21011 : 2; 
21012 : 2; 
21013 : 2; 
21014 : 2; 
21015 : 2; 
21016 : 2; 
21017 : 2; 
21018 : 2; 
21019 : 2; 
21020 : 2; 
21021 : 2; 
21022 : 2; 
21023 : 2; 
21024 : 2; 
21025 : 2; 
21026 : 2; 
21027 : 2; 
21028 : 2; 
21029 : 2; 
21030 : 2; 
21031 : 2; 
21032 : 2; 
21033 : 2; 
21034 : 2; 
21035 : 2; 
21036 : 2; 
21037 : 2; 
21038 : 2; 
21039 : 2; 
21040 : 2; 
21041 : 2; 
21042 : 2; 
21043 : 2; 
21044 : 2; 
21045 : 2; 
21046 : 2; 
21047 : 2; 
21048 : 2; 
21049 : 2; 
21050 : 2; 
21051 : 2; 
21052 : 2; 
21053 : 2; 
21054 : 2; 
21055 : 2; 
21056 : 2; 
21057 : 2; 
21058 : 2; 
21059 : 2; 
21060 : 2; 
21061 : 2; 
21062 : 2; 
21063 : 2; 
21064 : 2; 
21065 : 2; 
21066 : 2; 
21067 : 2; 
21068 : 2; 
21069 : 2; 
21070 : 2; 
21071 : 2; 
21072 : 2; 
21073 : 2; 
21074 : 3; 
21075 : 3; 
21076 : 3; 
21077 : 3; 
21078 : 3; 
21079 : 3; 
21080 : 3; 
21081 : 3; 
21082 : 3; 
21083 : 3; 
21084 : 3; 
21085 : 3; 
21086 : 3; 
21087 : 3; 
21088 : 3; 
21089 : 3; 
21090 : 3; 
21091 : 3; 
21092 : 3; 
21093 : 3; 
21094 : 3; 
21095 : 3; 
21096 : 3; 
21097 : 3; 
21098 : 3; 
21099 : 3; 
21100 : 3; 
21101 : 3; 
21102 : 3; 
21103 : 3; 
21104 : 3; 
21105 : 3; 
21106 : 3; 
21107 : 3; 
21108 : 3; 
21109 : 3; 
21110 : 3; 
21111 : 3; 
21112 : 3; 
21113 : 3; 
21114 : 3; 
21115 : 3; 
21116 : 3; 
21117 : 3; 
21118 : 3; 
21119 : 3; 
21120 : 2; 
21121 : 0; 
21122 : 0; 
21123 : 0; 
21124 : 0; 
21125 : 0; 
21126 : 0; 
21127 : 0; 
21128 : 0; 
21129 : 0; 
21130 : 0; 
21131 : 0; 
21132 : 0; 
21133 : 0; 
21134 : 0; 
21135 : 0; 
21136 : 0; 
21137 : 0; 
21138 : 0; 
21139 : 0; 
21140 : 0; 
21141 : 0; 
21142 : 0; 
21143 : 0; 
21144 : 0; 
21145 : 0; 
21146 : 0; 
21147 : 0; 
21148 : 0; 
21149 : 0; 
21150 : 0; 
21151 : 0; 
21152 : 0; 
21153 : 0; 
21154 : 0; 
21155 : 0; 
21156 : 0; 
21157 : 0; 
21158 : 0; 
21159 : 0; 
21160 : 0; 
21161 : 0; 
21162 : 0; 
21163 : 0; 
21164 : 0; 
21165 : 0; 
21166 : 1; 
21167 : 1; 
21168 : 1; 
21169 : 1; 
21170 : 1; 
21171 : 1; 
21172 : 1; 
21173 : 1; 
21174 : 1; 
21175 : 1; 
21176 : 1; 
21177 : 1; 
21178 : 1; 
21179 : 1; 
21180 : 1; 
21181 : 1; 
21182 : 1; 
21183 : 1; 
21184 : 1; 
21185 : 1; 
21186 : 1; 
21187 : 1; 
21188 : 1; 
21189 : 1; 
21190 : 1; 
21191 : 1; 
21192 : 1; 
21193 : 1; 
21194 : 1; 
21195 : 1; 
21196 : 1; 
21197 : 1; 
21198 : 1; 
21199 : 1; 
21200 : 1; 
21201 : 1; 
21202 : 1; 
21203 : 1; 
21204 : 1; 
21205 : 1; 
21206 : 1; 
21207 : 1; 
21208 : 1; 
21209 : 1; 
21210 : 1; 
21211 : 1; 
21212 : 1; 
21213 : 1; 
21214 : 1; 
21215 : 1; 
21216 : 1; 
21217 : 1; 
21218 : 1; 
21219 : 1; 
21220 : 1; 
21221 : 1; 
21222 : 1; 
21223 : 1; 
21224 : 1; 
21225 : 1; 
21226 : 1; 
21227 : 1; 
21228 : 1; 
21229 : 1; 
21230 : 1; 
21231 : 1; 
21232 : 1; 
21233 : 1; 
21234 : 1; 
21235 : 1; 
21236 : 1; 
21237 : 1; 
21238 : 1; 
21239 : 1; 
21240 : 1; 
21241 : 1; 
21242 : 1; 
21243 : 1; 
21244 : 1; 
21245 : 1; 
21246 : 1; 
21247 : 1; 
21248 : 2; 
21249 : 2; 
21250 : 2; 
21251 : 2; 
21252 : 2; 
21253 : 2; 
21254 : 2; 
21255 : 2; 
21256 : 2; 
21257 : 2; 
21258 : 2; 
21259 : 2; 
21260 : 2; 
21261 : 2; 
21262 : 2; 
21263 : 2; 
21264 : 2; 
21265 : 2; 
21266 : 2; 
21267 : 2; 
21268 : 2; 
21269 : 2; 
21270 : 2; 
21271 : 2; 
21272 : 2; 
21273 : 2; 
21274 : 2; 
21275 : 2; 
21276 : 2; 
21277 : 2; 
21278 : 2; 
21279 : 2; 
21280 : 2; 
21281 : 2; 
21282 : 2; 
21283 : 2; 
21284 : 2; 
21285 : 2; 
21286 : 2; 
21287 : 2; 
21288 : 2; 
21289 : 2; 
21290 : 2; 
21291 : 2; 
21292 : 2; 
21293 : 2; 
21294 : 2; 
21295 : 2; 
21296 : 2; 
21297 : 2; 
21298 : 2; 
21299 : 2; 
21300 : 2; 
21301 : 2; 
21302 : 2; 
21303 : 2; 
21304 : 2; 
21305 : 2; 
21306 : 2; 
21307 : 2; 
21308 : 2; 
21309 : 2; 
21310 : 2; 
21311 : 2; 
21312 : 2; 
21313 : 2; 
21314 : 2; 
21315 : 2; 
21316 : 2; 
21317 : 2; 
21318 : 2; 
21319 : 2; 
21320 : 2; 
21321 : 2; 
21322 : 2; 
21323 : 2; 
21324 : 2; 
21325 : 2; 
21326 : 2; 
21327 : 2; 
21328 : 2; 
21329 : 2; 
21330 : 2; 
21331 : 3; 
21332 : 3; 
21333 : 3; 
21334 : 3; 
21335 : 3; 
21336 : 3; 
21337 : 3; 
21338 : 3; 
21339 : 3; 
21340 : 3; 
21341 : 3; 
21342 : 3; 
21343 : 3; 
21344 : 3; 
21345 : 3; 
21346 : 3; 
21347 : 3; 
21348 : 3; 
21349 : 3; 
21350 : 3; 
21351 : 3; 
21352 : 3; 
21353 : 3; 
21354 : 3; 
21355 : 3; 
21356 : 3; 
21357 : 3; 
21358 : 3; 
21359 : 3; 
21360 : 3; 
21361 : 3; 
21362 : 3; 
21363 : 3; 
21364 : 3; 
21365 : 3; 
21366 : 3; 
21367 : 3; 
21368 : 3; 
21369 : 3; 
21370 : 3; 
21371 : 3; 
21372 : 3; 
21373 : 3; 
21374 : 3; 
21375 : 3; 
21376 : 2; 
21377 : 0; 
21378 : 0; 
21379 : 0; 
21380 : 0; 
21381 : 0; 
21382 : 0; 
21383 : 0; 
21384 : 0; 
21385 : 0; 
21386 : 0; 
21387 : 0; 
21388 : 0; 
21389 : 0; 
21390 : 0; 
21391 : 0; 
21392 : 0; 
21393 : 0; 
21394 : 0; 
21395 : 0; 
21396 : 0; 
21397 : 0; 
21398 : 0; 
21399 : 0; 
21400 : 0; 
21401 : 0; 
21402 : 0; 
21403 : 0; 
21404 : 0; 
21405 : 0; 
21406 : 0; 
21407 : 0; 
21408 : 0; 
21409 : 0; 
21410 : 0; 
21411 : 0; 
21412 : 0; 
21413 : 0; 
21414 : 0; 
21415 : 0; 
21416 : 0; 
21417 : 0; 
21418 : 0; 
21419 : 0; 
21420 : 0; 
21421 : 1; 
21422 : 1; 
21423 : 1; 
21424 : 1; 
21425 : 1; 
21426 : 1; 
21427 : 1; 
21428 : 1; 
21429 : 1; 
21430 : 1; 
21431 : 1; 
21432 : 1; 
21433 : 1; 
21434 : 1; 
21435 : 1; 
21436 : 1; 
21437 : 1; 
21438 : 1; 
21439 : 1; 
21440 : 1; 
21441 : 1; 
21442 : 1; 
21443 : 1; 
21444 : 1; 
21445 : 1; 
21446 : 1; 
21447 : 1; 
21448 : 1; 
21449 : 1; 
21450 : 1; 
21451 : 1; 
21452 : 1; 
21453 : 1; 
21454 : 1; 
21455 : 1; 
21456 : 1; 
21457 : 1; 
21458 : 1; 
21459 : 1; 
21460 : 1; 
21461 : 1; 
21462 : 1; 
21463 : 1; 
21464 : 1; 
21465 : 1; 
21466 : 1; 
21467 : 1; 
21468 : 1; 
21469 : 1; 
21470 : 1; 
21471 : 1; 
21472 : 1; 
21473 : 1; 
21474 : 1; 
21475 : 1; 
21476 : 1; 
21477 : 1; 
21478 : 1; 
21479 : 1; 
21480 : 1; 
21481 : 1; 
21482 : 1; 
21483 : 1; 
21484 : 1; 
21485 : 1; 
21486 : 1; 
21487 : 1; 
21488 : 1; 
21489 : 1; 
21490 : 1; 
21491 : 1; 
21492 : 1; 
21493 : 1; 
21494 : 1; 
21495 : 1; 
21496 : 1; 
21497 : 1; 
21498 : 1; 
21499 : 1; 
21500 : 1; 
21501 : 1; 
21502 : 1; 
21503 : 1; 
21504 : 2; 
21505 : 2; 
21506 : 2; 
21507 : 2; 
21508 : 2; 
21509 : 2; 
21510 : 2; 
21511 : 2; 
21512 : 2; 
21513 : 2; 
21514 : 2; 
21515 : 2; 
21516 : 2; 
21517 : 2; 
21518 : 2; 
21519 : 2; 
21520 : 2; 
21521 : 2; 
21522 : 2; 
21523 : 2; 
21524 : 2; 
21525 : 2; 
21526 : 2; 
21527 : 2; 
21528 : 2; 
21529 : 2; 
21530 : 2; 
21531 : 2; 
21532 : 2; 
21533 : 2; 
21534 : 2; 
21535 : 2; 
21536 : 2; 
21537 : 2; 
21538 : 2; 
21539 : 2; 
21540 : 2; 
21541 : 2; 
21542 : 2; 
21543 : 2; 
21544 : 2; 
21545 : 2; 
21546 : 2; 
21547 : 2; 
21548 : 2; 
21549 : 2; 
21550 : 2; 
21551 : 2; 
21552 : 2; 
21553 : 2; 
21554 : 2; 
21555 : 2; 
21556 : 2; 
21557 : 2; 
21558 : 2; 
21559 : 2; 
21560 : 2; 
21561 : 2; 
21562 : 2; 
21563 : 2; 
21564 : 2; 
21565 : 2; 
21566 : 2; 
21567 : 2; 
21568 : 2; 
21569 : 2; 
21570 : 2; 
21571 : 2; 
21572 : 2; 
21573 : 2; 
21574 : 2; 
21575 : 2; 
21576 : 2; 
21577 : 2; 
21578 : 2; 
21579 : 2; 
21580 : 2; 
21581 : 2; 
21582 : 2; 
21583 : 2; 
21584 : 2; 
21585 : 2; 
21586 : 2; 
21587 : 2; 
21588 : 3; 
21589 : 3; 
21590 : 3; 
21591 : 3; 
21592 : 3; 
21593 : 3; 
21594 : 3; 
21595 : 3; 
21596 : 3; 
21597 : 3; 
21598 : 3; 
21599 : 3; 
21600 : 3; 
21601 : 3; 
21602 : 3; 
21603 : 3; 
21604 : 3; 
21605 : 3; 
21606 : 3; 
21607 : 3; 
21608 : 3; 
21609 : 3; 
21610 : 3; 
21611 : 3; 
21612 : 3; 
21613 : 3; 
21614 : 3; 
21615 : 3; 
21616 : 3; 
21617 : 3; 
21618 : 3; 
21619 : 3; 
21620 : 3; 
21621 : 3; 
21622 : 3; 
21623 : 3; 
21624 : 3; 
21625 : 3; 
21626 : 3; 
21627 : 3; 
21628 : 3; 
21629 : 3; 
21630 : 3; 
21631 : 3; 
21632 : 2; 
21633 : 0; 
21634 : 0; 
21635 : 0; 
21636 : 0; 
21637 : 0; 
21638 : 0; 
21639 : 0; 
21640 : 0; 
21641 : 0; 
21642 : 0; 
21643 : 0; 
21644 : 0; 
21645 : 0; 
21646 : 0; 
21647 : 0; 
21648 : 0; 
21649 : 0; 
21650 : 0; 
21651 : 0; 
21652 : 0; 
21653 : 0; 
21654 : 0; 
21655 : 0; 
21656 : 0; 
21657 : 0; 
21658 : 0; 
21659 : 0; 
21660 : 0; 
21661 : 0; 
21662 : 0; 
21663 : 0; 
21664 : 0; 
21665 : 0; 
21666 : 0; 
21667 : 0; 
21668 : 0; 
21669 : 0; 
21670 : 0; 
21671 : 0; 
21672 : 0; 
21673 : 0; 
21674 : 0; 
21675 : 0; 
21676 : 1; 
21677 : 1; 
21678 : 1; 
21679 : 1; 
21680 : 1; 
21681 : 1; 
21682 : 1; 
21683 : 1; 
21684 : 1; 
21685 : 1; 
21686 : 1; 
21687 : 1; 
21688 : 1; 
21689 : 1; 
21690 : 1; 
21691 : 1; 
21692 : 1; 
21693 : 1; 
21694 : 1; 
21695 : 1; 
21696 : 1; 
21697 : 1; 
21698 : 1; 
21699 : 1; 
21700 : 1; 
21701 : 1; 
21702 : 1; 
21703 : 1; 
21704 : 1; 
21705 : 1; 
21706 : 1; 
21707 : 1; 
21708 : 1; 
21709 : 1; 
21710 : 1; 
21711 : 1; 
21712 : 1; 
21713 : 1; 
21714 : 1; 
21715 : 1; 
21716 : 1; 
21717 : 1; 
21718 : 1; 
21719 : 1; 
21720 : 1; 
21721 : 1; 
21722 : 1; 
21723 : 1; 
21724 : 1; 
21725 : 1; 
21726 : 1; 
21727 : 1; 
21728 : 1; 
21729 : 1; 
21730 : 1; 
21731 : 1; 
21732 : 1; 
21733 : 1; 
21734 : 1; 
21735 : 1; 
21736 : 1; 
21737 : 1; 
21738 : 1; 
21739 : 1; 
21740 : 1; 
21741 : 1; 
21742 : 1; 
21743 : 1; 
21744 : 1; 
21745 : 1; 
21746 : 1; 
21747 : 1; 
21748 : 1; 
21749 : 1; 
21750 : 1; 
21751 : 1; 
21752 : 1; 
21753 : 1; 
21754 : 1; 
21755 : 1; 
21756 : 1; 
21757 : 1; 
21758 : 1; 
21759 : 1; 
21760 : 2; 
21761 : 2; 
21762 : 2; 
21763 : 2; 
21764 : 2; 
21765 : 2; 
21766 : 2; 
21767 : 2; 
21768 : 2; 
21769 : 2; 
21770 : 2; 
21771 : 2; 
21772 : 2; 
21773 : 2; 
21774 : 2; 
21775 : 2; 
21776 : 2; 
21777 : 2; 
21778 : 2; 
21779 : 2; 
21780 : 2; 
21781 : 2; 
21782 : 2; 
21783 : 2; 
21784 : 2; 
21785 : 2; 
21786 : 2; 
21787 : 2; 
21788 : 2; 
21789 : 2; 
21790 : 2; 
21791 : 2; 
21792 : 2; 
21793 : 2; 
21794 : 2; 
21795 : 2; 
21796 : 2; 
21797 : 2; 
21798 : 2; 
21799 : 2; 
21800 : 2; 
21801 : 2; 
21802 : 2; 
21803 : 2; 
21804 : 2; 
21805 : 2; 
21806 : 2; 
21807 : 2; 
21808 : 2; 
21809 : 2; 
21810 : 2; 
21811 : 2; 
21812 : 2; 
21813 : 2; 
21814 : 2; 
21815 : 2; 
21816 : 2; 
21817 : 2; 
21818 : 2; 
21819 : 2; 
21820 : 2; 
21821 : 2; 
21822 : 2; 
21823 : 2; 
21824 : 2; 
21825 : 2; 
21826 : 2; 
21827 : 2; 
21828 : 2; 
21829 : 2; 
21830 : 2; 
21831 : 2; 
21832 : 2; 
21833 : 2; 
21834 : 2; 
21835 : 2; 
21836 : 2; 
21837 : 2; 
21838 : 2; 
21839 : 2; 
21840 : 2; 
21841 : 2; 
21842 : 2; 
21843 : 2; 
21844 : 2; 
21845 : 3; 
21846 : 3; 
21847 : 3; 
21848 : 3; 
21849 : 3; 
21850 : 3; 
21851 : 3; 
21852 : 3; 
21853 : 3; 
21854 : 3; 
21855 : 3; 
21856 : 3; 
21857 : 3; 
21858 : 3; 
21859 : 3; 
21860 : 3; 
21861 : 3; 
21862 : 3; 
21863 : 3; 
21864 : 3; 
21865 : 3; 
21866 : 3; 
21867 : 3; 
21868 : 3; 
21869 : 3; 
21870 : 3; 
21871 : 3; 
21872 : 3; 
21873 : 3; 
21874 : 3; 
21875 : 3; 
21876 : 3; 
21877 : 3; 
21878 : 3; 
21879 : 3; 
21880 : 3; 
21881 : 3; 
21882 : 3; 
21883 : 3; 
21884 : 3; 
21885 : 3; 
21886 : 3; 
21887 : 3; 
21888 : 2; 
21889 : 0; 
21890 : 0; 
21891 : 0; 
21892 : 0; 
21893 : 0; 
21894 : 0; 
21895 : 0; 
21896 : 0; 
21897 : 0; 
21898 : 0; 
21899 : 0; 
21900 : 0; 
21901 : 0; 
21902 : 0; 
21903 : 0; 
21904 : 0; 
21905 : 0; 
21906 : 0; 
21907 : 0; 
21908 : 0; 
21909 : 0; 
21910 : 0; 
21911 : 0; 
21912 : 0; 
21913 : 0; 
21914 : 0; 
21915 : 0; 
21916 : 0; 
21917 : 0; 
21918 : 0; 
21919 : 0; 
21920 : 0; 
21921 : 0; 
21922 : 0; 
21923 : 0; 
21924 : 0; 
21925 : 0; 
21926 : 0; 
21927 : 0; 
21928 : 0; 
21929 : 0; 
21930 : 0; 
21931 : 1; 
21932 : 1; 
21933 : 1; 
21934 : 1; 
21935 : 1; 
21936 : 1; 
21937 : 1; 
21938 : 1; 
21939 : 1; 
21940 : 1; 
21941 : 1; 
21942 : 1; 
21943 : 1; 
21944 : 1; 
21945 : 1; 
21946 : 1; 
21947 : 1; 
21948 : 1; 
21949 : 1; 
21950 : 1; 
21951 : 1; 
21952 : 1; 
21953 : 1; 
21954 : 1; 
21955 : 1; 
21956 : 1; 
21957 : 1; 
21958 : 1; 
21959 : 1; 
21960 : 1; 
21961 : 1; 
21962 : 1; 
21963 : 1; 
21964 : 1; 
21965 : 1; 
21966 : 1; 
21967 : 1; 
21968 : 1; 
21969 : 1; 
21970 : 1; 
21971 : 1; 
21972 : 1; 
21973 : 1; 
21974 : 1; 
21975 : 1; 
21976 : 1; 
21977 : 1; 
21978 : 1; 
21979 : 1; 
21980 : 1; 
21981 : 1; 
21982 : 1; 
21983 : 1; 
21984 : 1; 
21985 : 1; 
21986 : 1; 
21987 : 1; 
21988 : 1; 
21989 : 1; 
21990 : 1; 
21991 : 1; 
21992 : 1; 
21993 : 1; 
21994 : 1; 
21995 : 1; 
21996 : 1; 
21997 : 1; 
21998 : 1; 
21999 : 1; 
22000 : 1; 
22001 : 1; 
22002 : 1; 
22003 : 1; 
22004 : 1; 
22005 : 1; 
22006 : 1; 
22007 : 1; 
22008 : 1; 
22009 : 1; 
22010 : 1; 
22011 : 1; 
22012 : 1; 
22013 : 1; 
22014 : 1; 
22015 : 1; 
22016 : 2; 
22017 : 2; 
22018 : 2; 
22019 : 2; 
22020 : 2; 
22021 : 2; 
22022 : 2; 
22023 : 2; 
22024 : 2; 
22025 : 2; 
22026 : 2; 
22027 : 2; 
22028 : 2; 
22029 : 2; 
22030 : 2; 
22031 : 2; 
22032 : 2; 
22033 : 2; 
22034 : 2; 
22035 : 2; 
22036 : 2; 
22037 : 2; 
22038 : 2; 
22039 : 2; 
22040 : 2; 
22041 : 2; 
22042 : 2; 
22043 : 2; 
22044 : 2; 
22045 : 2; 
22046 : 2; 
22047 : 2; 
22048 : 2; 
22049 : 2; 
22050 : 2; 
22051 : 2; 
22052 : 2; 
22053 : 2; 
22054 : 2; 
22055 : 2; 
22056 : 2; 
22057 : 2; 
22058 : 2; 
22059 : 2; 
22060 : 2; 
22061 : 2; 
22062 : 2; 
22063 : 2; 
22064 : 2; 
22065 : 2; 
22066 : 2; 
22067 : 2; 
22068 : 2; 
22069 : 2; 
22070 : 2; 
22071 : 2; 
22072 : 2; 
22073 : 2; 
22074 : 2; 
22075 : 2; 
22076 : 2; 
22077 : 2; 
22078 : 2; 
22079 : 2; 
22080 : 2; 
22081 : 2; 
22082 : 2; 
22083 : 2; 
22084 : 2; 
22085 : 2; 
22086 : 2; 
22087 : 2; 
22088 : 2; 
22089 : 2; 
22090 : 2; 
22091 : 2; 
22092 : 2; 
22093 : 2; 
22094 : 2; 
22095 : 2; 
22096 : 2; 
22097 : 2; 
22098 : 2; 
22099 : 2; 
22100 : 2; 
22101 : 2; 
22102 : 3; 
22103 : 3; 
22104 : 3; 
22105 : 3; 
22106 : 3; 
22107 : 3; 
22108 : 3; 
22109 : 3; 
22110 : 3; 
22111 : 3; 
22112 : 3; 
22113 : 3; 
22114 : 3; 
22115 : 3; 
22116 : 3; 
22117 : 3; 
22118 : 3; 
22119 : 3; 
22120 : 3; 
22121 : 3; 
22122 : 3; 
22123 : 3; 
22124 : 3; 
22125 : 3; 
22126 : 3; 
22127 : 3; 
22128 : 3; 
22129 : 3; 
22130 : 3; 
22131 : 3; 
22132 : 3; 
22133 : 3; 
22134 : 3; 
22135 : 3; 
22136 : 3; 
22137 : 3; 
22138 : 3; 
22139 : 3; 
22140 : 3; 
22141 : 3; 
22142 : 3; 
22143 : 3; 
22144 : 2; 
22145 : 0; 
22146 : 0; 
22147 : 0; 
22148 : 0; 
22149 : 0; 
22150 : 0; 
22151 : 0; 
22152 : 0; 
22153 : 0; 
22154 : 0; 
22155 : 0; 
22156 : 0; 
22157 : 0; 
22158 : 0; 
22159 : 0; 
22160 : 0; 
22161 : 0; 
22162 : 0; 
22163 : 0; 
22164 : 0; 
22165 : 0; 
22166 : 0; 
22167 : 0; 
22168 : 0; 
22169 : 0; 
22170 : 0; 
22171 : 0; 
22172 : 0; 
22173 : 0; 
22174 : 0; 
22175 : 0; 
22176 : 0; 
22177 : 0; 
22178 : 0; 
22179 : 0; 
22180 : 0; 
22181 : 0; 
22182 : 0; 
22183 : 0; 
22184 : 0; 
22185 : 0; 
22186 : 1; 
22187 : 1; 
22188 : 1; 
22189 : 1; 
22190 : 1; 
22191 : 1; 
22192 : 1; 
22193 : 1; 
22194 : 1; 
22195 : 1; 
22196 : 1; 
22197 : 1; 
22198 : 1; 
22199 : 1; 
22200 : 1; 
22201 : 1; 
22202 : 1; 
22203 : 1; 
22204 : 1; 
22205 : 1; 
22206 : 1; 
22207 : 1; 
22208 : 1; 
22209 : 1; 
22210 : 1; 
22211 : 1; 
22212 : 1; 
22213 : 1; 
22214 : 1; 
22215 : 1; 
22216 : 1; 
22217 : 1; 
22218 : 1; 
22219 : 1; 
22220 : 1; 
22221 : 1; 
22222 : 1; 
22223 : 1; 
22224 : 1; 
22225 : 1; 
22226 : 1; 
22227 : 1; 
22228 : 1; 
22229 : 1; 
22230 : 1; 
22231 : 1; 
22232 : 1; 
22233 : 1; 
22234 : 1; 
22235 : 1; 
22236 : 1; 
22237 : 1; 
22238 : 1; 
22239 : 1; 
22240 : 1; 
22241 : 1; 
22242 : 1; 
22243 : 1; 
22244 : 1; 
22245 : 1; 
22246 : 1; 
22247 : 1; 
22248 : 1; 
22249 : 1; 
22250 : 1; 
22251 : 1; 
22252 : 1; 
22253 : 1; 
22254 : 1; 
22255 : 1; 
22256 : 1; 
22257 : 1; 
22258 : 1; 
22259 : 1; 
22260 : 1; 
22261 : 1; 
22262 : 1; 
22263 : 1; 
22264 : 1; 
22265 : 1; 
22266 : 1; 
22267 : 1; 
22268 : 1; 
22269 : 1; 
22270 : 1; 
22271 : 1; 
22272 : 2; 
22273 : 2; 
22274 : 2; 
22275 : 2; 
22276 : 2; 
22277 : 2; 
22278 : 2; 
22279 : 2; 
22280 : 2; 
22281 : 2; 
22282 : 2; 
22283 : 2; 
22284 : 2; 
22285 : 2; 
22286 : 2; 
22287 : 2; 
22288 : 2; 
22289 : 2; 
22290 : 2; 
22291 : 2; 
22292 : 2; 
22293 : 2; 
22294 : 2; 
22295 : 2; 
22296 : 2; 
22297 : 2; 
22298 : 2; 
22299 : 2; 
22300 : 2; 
22301 : 2; 
22302 : 2; 
22303 : 2; 
22304 : 2; 
22305 : 2; 
22306 : 2; 
22307 : 2; 
22308 : 2; 
22309 : 2; 
22310 : 2; 
22311 : 2; 
22312 : 2; 
22313 : 2; 
22314 : 2; 
22315 : 2; 
22316 : 2; 
22317 : 2; 
22318 : 2; 
22319 : 2; 
22320 : 2; 
22321 : 2; 
22322 : 2; 
22323 : 2; 
22324 : 2; 
22325 : 2; 
22326 : 2; 
22327 : 2; 
22328 : 2; 
22329 : 2; 
22330 : 2; 
22331 : 2; 
22332 : 2; 
22333 : 2; 
22334 : 2; 
22335 : 2; 
22336 : 2; 
22337 : 2; 
22338 : 2; 
22339 : 2; 
22340 : 2; 
22341 : 2; 
22342 : 2; 
22343 : 2; 
22344 : 2; 
22345 : 2; 
22346 : 2; 
22347 : 2; 
22348 : 2; 
22349 : 2; 
22350 : 2; 
22351 : 2; 
22352 : 2; 
22353 : 2; 
22354 : 2; 
22355 : 2; 
22356 : 2; 
22357 : 2; 
22358 : 2; 
22359 : 3; 
22360 : 3; 
22361 : 3; 
22362 : 3; 
22363 : 3; 
22364 : 3; 
22365 : 3; 
22366 : 3; 
22367 : 3; 
22368 : 3; 
22369 : 3; 
22370 : 3; 
22371 : 3; 
22372 : 3; 
22373 : 3; 
22374 : 3; 
22375 : 3; 
22376 : 3; 
22377 : 3; 
22378 : 3; 
22379 : 3; 
22380 : 3; 
22381 : 3; 
22382 : 3; 
22383 : 3; 
22384 : 3; 
22385 : 3; 
22386 : 3; 
22387 : 3; 
22388 : 3; 
22389 : 3; 
22390 : 3; 
22391 : 3; 
22392 : 3; 
22393 : 3; 
22394 : 3; 
22395 : 3; 
22396 : 3; 
22397 : 3; 
22398 : 3; 
22399 : 3; 
22400 : 2; 
22401 : 0; 
22402 : 0; 
22403 : 0; 
22404 : 0; 
22405 : 0; 
22406 : 0; 
22407 : 0; 
22408 : 0; 
22409 : 0; 
22410 : 0; 
22411 : 0; 
22412 : 0; 
22413 : 0; 
22414 : 0; 
22415 : 0; 
22416 : 0; 
22417 : 0; 
22418 : 0; 
22419 : 0; 
22420 : 0; 
22421 : 0; 
22422 : 0; 
22423 : 0; 
22424 : 0; 
22425 : 0; 
22426 : 0; 
22427 : 0; 
22428 : 0; 
22429 : 0; 
22430 : 0; 
22431 : 0; 
22432 : 0; 
22433 : 0; 
22434 : 0; 
22435 : 0; 
22436 : 0; 
22437 : 0; 
22438 : 0; 
22439 : 0; 
22440 : 0; 
22441 : 1; 
22442 : 1; 
22443 : 1; 
22444 : 1; 
22445 : 1; 
22446 : 1; 
22447 : 1; 
22448 : 1; 
22449 : 1; 
22450 : 1; 
22451 : 1; 
22452 : 1; 
22453 : 1; 
22454 : 1; 
22455 : 1; 
22456 : 1; 
22457 : 1; 
22458 : 1; 
22459 : 1; 
22460 : 1; 
22461 : 1; 
22462 : 1; 
22463 : 1; 
22464 : 1; 
22465 : 1; 
22466 : 1; 
22467 : 1; 
22468 : 1; 
22469 : 1; 
22470 : 1; 
22471 : 1; 
22472 : 1; 
22473 : 1; 
22474 : 1; 
22475 : 1; 
22476 : 1; 
22477 : 1; 
22478 : 1; 
22479 : 1; 
22480 : 1; 
22481 : 1; 
22482 : 1; 
22483 : 1; 
22484 : 1; 
22485 : 1; 
22486 : 1; 
22487 : 1; 
22488 : 1; 
22489 : 1; 
22490 : 1; 
22491 : 1; 
22492 : 1; 
22493 : 1; 
22494 : 1; 
22495 : 1; 
22496 : 1; 
22497 : 1; 
22498 : 1; 
22499 : 1; 
22500 : 1; 
22501 : 1; 
22502 : 1; 
22503 : 1; 
22504 : 1; 
22505 : 1; 
22506 : 1; 
22507 : 1; 
22508 : 1; 
22509 : 1; 
22510 : 1; 
22511 : 1; 
22512 : 1; 
22513 : 1; 
22514 : 1; 
22515 : 1; 
22516 : 1; 
22517 : 1; 
22518 : 1; 
22519 : 1; 
22520 : 1; 
22521 : 1; 
22522 : 1; 
22523 : 1; 
22524 : 1; 
22525 : 1; 
22526 : 1; 
22527 : 1; 
22528 : 2; 
22529 : 2; 
22530 : 2; 
22531 : 2; 
22532 : 2; 
22533 : 2; 
22534 : 2; 
22535 : 2; 
22536 : 2; 
22537 : 2; 
22538 : 2; 
22539 : 2; 
22540 : 2; 
22541 : 2; 
22542 : 2; 
22543 : 2; 
22544 : 2; 
22545 : 2; 
22546 : 2; 
22547 : 2; 
22548 : 2; 
22549 : 2; 
22550 : 2; 
22551 : 2; 
22552 : 2; 
22553 : 2; 
22554 : 2; 
22555 : 2; 
22556 : 2; 
22557 : 2; 
22558 : 2; 
22559 : 2; 
22560 : 2; 
22561 : 2; 
22562 : 2; 
22563 : 2; 
22564 : 2; 
22565 : 2; 
22566 : 2; 
22567 : 2; 
22568 : 2; 
22569 : 2; 
22570 : 2; 
22571 : 2; 
22572 : 2; 
22573 : 2; 
22574 : 2; 
22575 : 2; 
22576 : 2; 
22577 : 2; 
22578 : 2; 
22579 : 2; 
22580 : 2; 
22581 : 2; 
22582 : 2; 
22583 : 2; 
22584 : 2; 
22585 : 2; 
22586 : 2; 
22587 : 2; 
22588 : 2; 
22589 : 2; 
22590 : 2; 
22591 : 2; 
22592 : 2; 
22593 : 2; 
22594 : 2; 
22595 : 2; 
22596 : 2; 
22597 : 2; 
22598 : 2; 
22599 : 2; 
22600 : 2; 
22601 : 2; 
22602 : 2; 
22603 : 2; 
22604 : 2; 
22605 : 2; 
22606 : 2; 
22607 : 2; 
22608 : 2; 
22609 : 2; 
22610 : 2; 
22611 : 2; 
22612 : 2; 
22613 : 2; 
22614 : 2; 
22615 : 2; 
22616 : 3; 
22617 : 3; 
22618 : 3; 
22619 : 3; 
22620 : 3; 
22621 : 3; 
22622 : 3; 
22623 : 3; 
22624 : 3; 
22625 : 3; 
22626 : 3; 
22627 : 3; 
22628 : 3; 
22629 : 3; 
22630 : 3; 
22631 : 3; 
22632 : 3; 
22633 : 3; 
22634 : 3; 
22635 : 3; 
22636 : 3; 
22637 : 3; 
22638 : 3; 
22639 : 3; 
22640 : 3; 
22641 : 3; 
22642 : 3; 
22643 : 3; 
22644 : 3; 
22645 : 3; 
22646 : 3; 
22647 : 3; 
22648 : 3; 
22649 : 3; 
22650 : 3; 
22651 : 3; 
22652 : 3; 
22653 : 3; 
22654 : 3; 
22655 : 3; 
22656 : 2; 
22657 : 0; 
22658 : 0; 
22659 : 0; 
22660 : 0; 
22661 : 0; 
22662 : 0; 
22663 : 0; 
22664 : 0; 
22665 : 0; 
22666 : 0; 
22667 : 0; 
22668 : 0; 
22669 : 0; 
22670 : 0; 
22671 : 0; 
22672 : 0; 
22673 : 0; 
22674 : 0; 
22675 : 0; 
22676 : 0; 
22677 : 0; 
22678 : 0; 
22679 : 0; 
22680 : 0; 
22681 : 0; 
22682 : 0; 
22683 : 0; 
22684 : 0; 
22685 : 0; 
22686 : 0; 
22687 : 0; 
22688 : 0; 
22689 : 0; 
22690 : 0; 
22691 : 0; 
22692 : 0; 
22693 : 0; 
22694 : 0; 
22695 : 0; 
22696 : 1; 
22697 : 1; 
22698 : 1; 
22699 : 1; 
22700 : 1; 
22701 : 1; 
22702 : 1; 
22703 : 1; 
22704 : 1; 
22705 : 1; 
22706 : 1; 
22707 : 1; 
22708 : 1; 
22709 : 1; 
22710 : 1; 
22711 : 1; 
22712 : 1; 
22713 : 1; 
22714 : 1; 
22715 : 1; 
22716 : 1; 
22717 : 1; 
22718 : 1; 
22719 : 1; 
22720 : 1; 
22721 : 1; 
22722 : 1; 
22723 : 1; 
22724 : 1; 
22725 : 1; 
22726 : 1; 
22727 : 1; 
22728 : 1; 
22729 : 1; 
22730 : 1; 
22731 : 1; 
22732 : 1; 
22733 : 1; 
22734 : 1; 
22735 : 1; 
22736 : 1; 
22737 : 1; 
22738 : 1; 
22739 : 1; 
22740 : 1; 
22741 : 1; 
22742 : 1; 
22743 : 1; 
22744 : 1; 
22745 : 1; 
22746 : 1; 
22747 : 1; 
22748 : 1; 
22749 : 1; 
22750 : 1; 
22751 : 1; 
22752 : 1; 
22753 : 1; 
22754 : 1; 
22755 : 1; 
22756 : 1; 
22757 : 1; 
22758 : 1; 
22759 : 1; 
22760 : 1; 
22761 : 1; 
22762 : 1; 
22763 : 1; 
22764 : 1; 
22765 : 1; 
22766 : 1; 
22767 : 1; 
22768 : 1; 
22769 : 1; 
22770 : 1; 
22771 : 1; 
22772 : 1; 
22773 : 1; 
22774 : 1; 
22775 : 1; 
22776 : 1; 
22777 : 1; 
22778 : 1; 
22779 : 1; 
22780 : 1; 
22781 : 1; 
22782 : 1; 
22783 : 1; 
22784 : 2; 
22785 : 2; 
22786 : 2; 
22787 : 2; 
22788 : 2; 
22789 : 2; 
22790 : 2; 
22791 : 2; 
22792 : 2; 
22793 : 2; 
22794 : 2; 
22795 : 2; 
22796 : 2; 
22797 : 2; 
22798 : 2; 
22799 : 2; 
22800 : 2; 
22801 : 2; 
22802 : 2; 
22803 : 2; 
22804 : 2; 
22805 : 2; 
22806 : 2; 
22807 : 2; 
22808 : 2; 
22809 : 2; 
22810 : 2; 
22811 : 2; 
22812 : 2; 
22813 : 2; 
22814 : 2; 
22815 : 2; 
22816 : 2; 
22817 : 2; 
22818 : 2; 
22819 : 2; 
22820 : 2; 
22821 : 2; 
22822 : 2; 
22823 : 2; 
22824 : 2; 
22825 : 2; 
22826 : 2; 
22827 : 2; 
22828 : 2; 
22829 : 2; 
22830 : 2; 
22831 : 2; 
22832 : 2; 
22833 : 2; 
22834 : 2; 
22835 : 2; 
22836 : 2; 
22837 : 2; 
22838 : 2; 
22839 : 2; 
22840 : 2; 
22841 : 2; 
22842 : 2; 
22843 : 2; 
22844 : 2; 
22845 : 2; 
22846 : 2; 
22847 : 2; 
22848 : 2; 
22849 : 2; 
22850 : 2; 
22851 : 2; 
22852 : 2; 
22853 : 2; 
22854 : 2; 
22855 : 2; 
22856 : 2; 
22857 : 2; 
22858 : 2; 
22859 : 2; 
22860 : 2; 
22861 : 2; 
22862 : 2; 
22863 : 2; 
22864 : 2; 
22865 : 2; 
22866 : 2; 
22867 : 2; 
22868 : 2; 
22869 : 2; 
22870 : 2; 
22871 : 2; 
22872 : 2; 
22873 : 3; 
22874 : 3; 
22875 : 3; 
22876 : 3; 
22877 : 3; 
22878 : 3; 
22879 : 3; 
22880 : 3; 
22881 : 3; 
22882 : 3; 
22883 : 3; 
22884 : 3; 
22885 : 3; 
22886 : 3; 
22887 : 3; 
22888 : 3; 
22889 : 3; 
22890 : 3; 
22891 : 3; 
22892 : 3; 
22893 : 3; 
22894 : 3; 
22895 : 3; 
22896 : 3; 
22897 : 3; 
22898 : 3; 
22899 : 3; 
22900 : 3; 
22901 : 3; 
22902 : 3; 
22903 : 3; 
22904 : 3; 
22905 : 3; 
22906 : 3; 
22907 : 3; 
22908 : 3; 
22909 : 3; 
22910 : 3; 
22911 : 3; 
22912 : 2; 
22913 : 0; 
22914 : 0; 
22915 : 0; 
22916 : 0; 
22917 : 0; 
22918 : 0; 
22919 : 0; 
22920 : 0; 
22921 : 0; 
22922 : 0; 
22923 : 0; 
22924 : 0; 
22925 : 0; 
22926 : 0; 
22927 : 0; 
22928 : 0; 
22929 : 0; 
22930 : 0; 
22931 : 0; 
22932 : 0; 
22933 : 0; 
22934 : 0; 
22935 : 0; 
22936 : 0; 
22937 : 0; 
22938 : 0; 
22939 : 0; 
22940 : 0; 
22941 : 0; 
22942 : 0; 
22943 : 0; 
22944 : 0; 
22945 : 0; 
22946 : 0; 
22947 : 0; 
22948 : 0; 
22949 : 0; 
22950 : 0; 
22951 : 1; 
22952 : 1; 
22953 : 1; 
22954 : 1; 
22955 : 1; 
22956 : 1; 
22957 : 1; 
22958 : 1; 
22959 : 1; 
22960 : 1; 
22961 : 1; 
22962 : 1; 
22963 : 1; 
22964 : 1; 
22965 : 1; 
22966 : 1; 
22967 : 1; 
22968 : 1; 
22969 : 1; 
22970 : 1; 
22971 : 1; 
22972 : 1; 
22973 : 1; 
22974 : 1; 
22975 : 1; 
22976 : 1; 
22977 : 1; 
22978 : 1; 
22979 : 1; 
22980 : 1; 
22981 : 1; 
22982 : 1; 
22983 : 1; 
22984 : 1; 
22985 : 1; 
22986 : 1; 
22987 : 1; 
22988 : 1; 
22989 : 1; 
22990 : 1; 
22991 : 1; 
22992 : 1; 
22993 : 1; 
22994 : 1; 
22995 : 1; 
22996 : 1; 
22997 : 1; 
22998 : 1; 
22999 : 1; 
23000 : 1; 
23001 : 1; 
23002 : 1; 
23003 : 1; 
23004 : 1; 
23005 : 1; 
23006 : 1; 
23007 : 1; 
23008 : 1; 
23009 : 1; 
23010 : 1; 
23011 : 1; 
23012 : 1; 
23013 : 1; 
23014 : 1; 
23015 : 1; 
23016 : 1; 
23017 : 1; 
23018 : 1; 
23019 : 1; 
23020 : 1; 
23021 : 1; 
23022 : 1; 
23023 : 1; 
23024 : 1; 
23025 : 1; 
23026 : 1; 
23027 : 1; 
23028 : 1; 
23029 : 1; 
23030 : 1; 
23031 : 1; 
23032 : 1; 
23033 : 1; 
23034 : 1; 
23035 : 1; 
23036 : 1; 
23037 : 1; 
23038 : 1; 
23039 : 1; 
23040 : 2; 
23041 : 2; 
23042 : 2; 
23043 : 2; 
23044 : 2; 
23045 : 2; 
23046 : 2; 
23047 : 2; 
23048 : 2; 
23049 : 2; 
23050 : 2; 
23051 : 2; 
23052 : 2; 
23053 : 2; 
23054 : 2; 
23055 : 2; 
23056 : 2; 
23057 : 2; 
23058 : 2; 
23059 : 2; 
23060 : 2; 
23061 : 2; 
23062 : 2; 
23063 : 2; 
23064 : 2; 
23065 : 2; 
23066 : 2; 
23067 : 2; 
23068 : 2; 
23069 : 2; 
23070 : 2; 
23071 : 2; 
23072 : 2; 
23073 : 2; 
23074 : 2; 
23075 : 2; 
23076 : 2; 
23077 : 2; 
23078 : 2; 
23079 : 2; 
23080 : 2; 
23081 : 2; 
23082 : 2; 
23083 : 2; 
23084 : 2; 
23085 : 2; 
23086 : 2; 
23087 : 2; 
23088 : 2; 
23089 : 2; 
23090 : 2; 
23091 : 2; 
23092 : 2; 
23093 : 2; 
23094 : 2; 
23095 : 2; 
23096 : 2; 
23097 : 2; 
23098 : 2; 
23099 : 2; 
23100 : 2; 
23101 : 2; 
23102 : 2; 
23103 : 2; 
23104 : 2; 
23105 : 2; 
23106 : 2; 
23107 : 2; 
23108 : 2; 
23109 : 2; 
23110 : 2; 
23111 : 2; 
23112 : 2; 
23113 : 2; 
23114 : 2; 
23115 : 2; 
23116 : 2; 
23117 : 2; 
23118 : 2; 
23119 : 2; 
23120 : 2; 
23121 : 2; 
23122 : 2; 
23123 : 2; 
23124 : 2; 
23125 : 2; 
23126 : 2; 
23127 : 2; 
23128 : 2; 
23129 : 2; 
23130 : 3; 
23131 : 3; 
23132 : 3; 
23133 : 3; 
23134 : 3; 
23135 : 3; 
23136 : 3; 
23137 : 3; 
23138 : 3; 
23139 : 3; 
23140 : 3; 
23141 : 3; 
23142 : 3; 
23143 : 3; 
23144 : 3; 
23145 : 3; 
23146 : 3; 
23147 : 3; 
23148 : 3; 
23149 : 3; 
23150 : 3; 
23151 : 3; 
23152 : 3; 
23153 : 3; 
23154 : 3; 
23155 : 3; 
23156 : 3; 
23157 : 3; 
23158 : 3; 
23159 : 3; 
23160 : 3; 
23161 : 3; 
23162 : 3; 
23163 : 3; 
23164 : 3; 
23165 : 3; 
23166 : 3; 
23167 : 3; 
23168 : 2; 
23169 : 0; 
23170 : 0; 
23171 : 0; 
23172 : 0; 
23173 : 0; 
23174 : 0; 
23175 : 0; 
23176 : 0; 
23177 : 0; 
23178 : 0; 
23179 : 0; 
23180 : 0; 
23181 : 0; 
23182 : 0; 
23183 : 0; 
23184 : 0; 
23185 : 0; 
23186 : 0; 
23187 : 0; 
23188 : 0; 
23189 : 0; 
23190 : 0; 
23191 : 0; 
23192 : 0; 
23193 : 0; 
23194 : 0; 
23195 : 0; 
23196 : 0; 
23197 : 0; 
23198 : 0; 
23199 : 0; 
23200 : 0; 
23201 : 0; 
23202 : 0; 
23203 : 0; 
23204 : 0; 
23205 : 0; 
23206 : 1; 
23207 : 1; 
23208 : 1; 
23209 : 1; 
23210 : 1; 
23211 : 1; 
23212 : 1; 
23213 : 1; 
23214 : 1; 
23215 : 1; 
23216 : 1; 
23217 : 1; 
23218 : 1; 
23219 : 1; 
23220 : 1; 
23221 : 1; 
23222 : 1; 
23223 : 1; 
23224 : 1; 
23225 : 1; 
23226 : 1; 
23227 : 1; 
23228 : 1; 
23229 : 1; 
23230 : 1; 
23231 : 1; 
23232 : 1; 
23233 : 1; 
23234 : 1; 
23235 : 1; 
23236 : 1; 
23237 : 1; 
23238 : 1; 
23239 : 1; 
23240 : 1; 
23241 : 1; 
23242 : 1; 
23243 : 1; 
23244 : 1; 
23245 : 1; 
23246 : 1; 
23247 : 1; 
23248 : 1; 
23249 : 1; 
23250 : 1; 
23251 : 1; 
23252 : 1; 
23253 : 1; 
23254 : 1; 
23255 : 1; 
23256 : 1; 
23257 : 1; 
23258 : 1; 
23259 : 1; 
23260 : 1; 
23261 : 1; 
23262 : 1; 
23263 : 1; 
23264 : 1; 
23265 : 1; 
23266 : 1; 
23267 : 1; 
23268 : 1; 
23269 : 1; 
23270 : 1; 
23271 : 1; 
23272 : 1; 
23273 : 1; 
23274 : 1; 
23275 : 1; 
23276 : 1; 
23277 : 1; 
23278 : 1; 
23279 : 1; 
23280 : 1; 
23281 : 1; 
23282 : 1; 
23283 : 1; 
23284 : 1; 
23285 : 1; 
23286 : 1; 
23287 : 1; 
23288 : 1; 
23289 : 1; 
23290 : 1; 
23291 : 1; 
23292 : 1; 
23293 : 1; 
23294 : 1; 
23295 : 1; 
23296 : 2; 
23297 : 2; 
23298 : 2; 
23299 : 2; 
23300 : 2; 
23301 : 2; 
23302 : 2; 
23303 : 2; 
23304 : 2; 
23305 : 2; 
23306 : 2; 
23307 : 2; 
23308 : 2; 
23309 : 2; 
23310 : 2; 
23311 : 2; 
23312 : 2; 
23313 : 2; 
23314 : 2; 
23315 : 2; 
23316 : 2; 
23317 : 2; 
23318 : 2; 
23319 : 2; 
23320 : 2; 
23321 : 2; 
23322 : 2; 
23323 : 2; 
23324 : 2; 
23325 : 2; 
23326 : 2; 
23327 : 2; 
23328 : 2; 
23329 : 2; 
23330 : 2; 
23331 : 2; 
23332 : 2; 
23333 : 2; 
23334 : 2; 
23335 : 2; 
23336 : 2; 
23337 : 2; 
23338 : 2; 
23339 : 2; 
23340 : 2; 
23341 : 2; 
23342 : 2; 
23343 : 2; 
23344 : 2; 
23345 : 2; 
23346 : 2; 
23347 : 2; 
23348 : 2; 
23349 : 2; 
23350 : 2; 
23351 : 2; 
23352 : 2; 
23353 : 2; 
23354 : 2; 
23355 : 2; 
23356 : 2; 
23357 : 2; 
23358 : 2; 
23359 : 2; 
23360 : 2; 
23361 : 2; 
23362 : 2; 
23363 : 2; 
23364 : 2; 
23365 : 2; 
23366 : 2; 
23367 : 2; 
23368 : 2; 
23369 : 2; 
23370 : 2; 
23371 : 2; 
23372 : 2; 
23373 : 2; 
23374 : 2; 
23375 : 2; 
23376 : 2; 
23377 : 2; 
23378 : 2; 
23379 : 2; 
23380 : 2; 
23381 : 2; 
23382 : 2; 
23383 : 2; 
23384 : 2; 
23385 : 2; 
23386 : 2; 
23387 : 3; 
23388 : 3; 
23389 : 3; 
23390 : 3; 
23391 : 3; 
23392 : 3; 
23393 : 3; 
23394 : 3; 
23395 : 3; 
23396 : 3; 
23397 : 3; 
23398 : 3; 
23399 : 3; 
23400 : 3; 
23401 : 3; 
23402 : 3; 
23403 : 3; 
23404 : 3; 
23405 : 3; 
23406 : 3; 
23407 : 3; 
23408 : 3; 
23409 : 3; 
23410 : 3; 
23411 : 3; 
23412 : 3; 
23413 : 3; 
23414 : 3; 
23415 : 3; 
23416 : 3; 
23417 : 3; 
23418 : 3; 
23419 : 3; 
23420 : 3; 
23421 : 3; 
23422 : 3; 
23423 : 3; 
23424 : 2; 
23425 : 0; 
23426 : 0; 
23427 : 0; 
23428 : 0; 
23429 : 0; 
23430 : 0; 
23431 : 0; 
23432 : 0; 
23433 : 0; 
23434 : 0; 
23435 : 0; 
23436 : 0; 
23437 : 0; 
23438 : 0; 
23439 : 0; 
23440 : 0; 
23441 : 0; 
23442 : 0; 
23443 : 0; 
23444 : 0; 
23445 : 0; 
23446 : 0; 
23447 : 0; 
23448 : 0; 
23449 : 0; 
23450 : 0; 
23451 : 0; 
23452 : 0; 
23453 : 0; 
23454 : 0; 
23455 : 0; 
23456 : 0; 
23457 : 0; 
23458 : 0; 
23459 : 0; 
23460 : 0; 
23461 : 1; 
23462 : 1; 
23463 : 1; 
23464 : 1; 
23465 : 1; 
23466 : 1; 
23467 : 1; 
23468 : 1; 
23469 : 1; 
23470 : 1; 
23471 : 1; 
23472 : 1; 
23473 : 1; 
23474 : 1; 
23475 : 1; 
23476 : 1; 
23477 : 1; 
23478 : 1; 
23479 : 1; 
23480 : 1; 
23481 : 1; 
23482 : 1; 
23483 : 1; 
23484 : 1; 
23485 : 1; 
23486 : 1; 
23487 : 1; 
23488 : 1; 
23489 : 1; 
23490 : 1; 
23491 : 1; 
23492 : 1; 
23493 : 1; 
23494 : 1; 
23495 : 1; 
23496 : 1; 
23497 : 1; 
23498 : 1; 
23499 : 1; 
23500 : 1; 
23501 : 1; 
23502 : 1; 
23503 : 1; 
23504 : 1; 
23505 : 1; 
23506 : 1; 
23507 : 1; 
23508 : 1; 
23509 : 1; 
23510 : 1; 
23511 : 1; 
23512 : 1; 
23513 : 1; 
23514 : 1; 
23515 : 1; 
23516 : 1; 
23517 : 1; 
23518 : 1; 
23519 : 1; 
23520 : 1; 
23521 : 1; 
23522 : 1; 
23523 : 1; 
23524 : 1; 
23525 : 1; 
23526 : 1; 
23527 : 1; 
23528 : 1; 
23529 : 1; 
23530 : 1; 
23531 : 1; 
23532 : 1; 
23533 : 1; 
23534 : 1; 
23535 : 1; 
23536 : 1; 
23537 : 1; 
23538 : 1; 
23539 : 1; 
23540 : 1; 
23541 : 1; 
23542 : 1; 
23543 : 1; 
23544 : 1; 
23545 : 1; 
23546 : 1; 
23547 : 1; 
23548 : 1; 
23549 : 1; 
23550 : 1; 
23551 : 1; 
23552 : 2; 
23553 : 2; 
23554 : 2; 
23555 : 2; 
23556 : 2; 
23557 : 2; 
23558 : 2; 
23559 : 2; 
23560 : 2; 
23561 : 2; 
23562 : 2; 
23563 : 2; 
23564 : 2; 
23565 : 2; 
23566 : 2; 
23567 : 2; 
23568 : 2; 
23569 : 2; 
23570 : 2; 
23571 : 2; 
23572 : 2; 
23573 : 2; 
23574 : 2; 
23575 : 2; 
23576 : 2; 
23577 : 2; 
23578 : 2; 
23579 : 2; 
23580 : 2; 
23581 : 2; 
23582 : 2; 
23583 : 2; 
23584 : 2; 
23585 : 2; 
23586 : 2; 
23587 : 2; 
23588 : 2; 
23589 : 2; 
23590 : 2; 
23591 : 2; 
23592 : 2; 
23593 : 2; 
23594 : 2; 
23595 : 2; 
23596 : 2; 
23597 : 2; 
23598 : 2; 
23599 : 2; 
23600 : 2; 
23601 : 2; 
23602 : 2; 
23603 : 2; 
23604 : 2; 
23605 : 2; 
23606 : 2; 
23607 : 2; 
23608 : 2; 
23609 : 2; 
23610 : 2; 
23611 : 2; 
23612 : 2; 
23613 : 2; 
23614 : 2; 
23615 : 2; 
23616 : 2; 
23617 : 2; 
23618 : 2; 
23619 : 2; 
23620 : 2; 
23621 : 2; 
23622 : 2; 
23623 : 2; 
23624 : 2; 
23625 : 2; 
23626 : 2; 
23627 : 2; 
23628 : 2; 
23629 : 2; 
23630 : 2; 
23631 : 2; 
23632 : 2; 
23633 : 2; 
23634 : 2; 
23635 : 2; 
23636 : 2; 
23637 : 2; 
23638 : 2; 
23639 : 2; 
23640 : 2; 
23641 : 2; 
23642 : 2; 
23643 : 2; 
23644 : 3; 
23645 : 3; 
23646 : 3; 
23647 : 3; 
23648 : 3; 
23649 : 3; 
23650 : 3; 
23651 : 3; 
23652 : 3; 
23653 : 3; 
23654 : 3; 
23655 : 3; 
23656 : 3; 
23657 : 3; 
23658 : 3; 
23659 : 3; 
23660 : 3; 
23661 : 3; 
23662 : 3; 
23663 : 3; 
23664 : 3; 
23665 : 3; 
23666 : 3; 
23667 : 3; 
23668 : 3; 
23669 : 3; 
23670 : 3; 
23671 : 3; 
23672 : 3; 
23673 : 3; 
23674 : 3; 
23675 : 3; 
23676 : 3; 
23677 : 3; 
23678 : 3; 
23679 : 3; 
23680 : 2; 
23681 : 0; 
23682 : 0; 
23683 : 0; 
23684 : 0; 
23685 : 0; 
23686 : 0; 
23687 : 0; 
23688 : 0; 
23689 : 0; 
23690 : 0; 
23691 : 0; 
23692 : 0; 
23693 : 0; 
23694 : 0; 
23695 : 0; 
23696 : 0; 
23697 : 0; 
23698 : 0; 
23699 : 0; 
23700 : 0; 
23701 : 0; 
23702 : 0; 
23703 : 0; 
23704 : 0; 
23705 : 0; 
23706 : 0; 
23707 : 0; 
23708 : 0; 
23709 : 0; 
23710 : 0; 
23711 : 0; 
23712 : 0; 
23713 : 0; 
23714 : 0; 
23715 : 0; 
23716 : 1; 
23717 : 1; 
23718 : 1; 
23719 : 1; 
23720 : 1; 
23721 : 1; 
23722 : 1; 
23723 : 1; 
23724 : 1; 
23725 : 1; 
23726 : 1; 
23727 : 1; 
23728 : 1; 
23729 : 1; 
23730 : 1; 
23731 : 1; 
23732 : 1; 
23733 : 1; 
23734 : 1; 
23735 : 1; 
23736 : 1; 
23737 : 1; 
23738 : 1; 
23739 : 1; 
23740 : 1; 
23741 : 1; 
23742 : 1; 
23743 : 1; 
23744 : 1; 
23745 : 1; 
23746 : 1; 
23747 : 1; 
23748 : 1; 
23749 : 1; 
23750 : 1; 
23751 : 1; 
23752 : 1; 
23753 : 1; 
23754 : 1; 
23755 : 1; 
23756 : 1; 
23757 : 1; 
23758 : 1; 
23759 : 1; 
23760 : 1; 
23761 : 1; 
23762 : 1; 
23763 : 1; 
23764 : 1; 
23765 : 1; 
23766 : 1; 
23767 : 1; 
23768 : 1; 
23769 : 1; 
23770 : 1; 
23771 : 1; 
23772 : 1; 
23773 : 1; 
23774 : 1; 
23775 : 1; 
23776 : 1; 
23777 : 1; 
23778 : 1; 
23779 : 1; 
23780 : 1; 
23781 : 1; 
23782 : 1; 
23783 : 1; 
23784 : 1; 
23785 : 1; 
23786 : 1; 
23787 : 1; 
23788 : 1; 
23789 : 1; 
23790 : 1; 
23791 : 1; 
23792 : 1; 
23793 : 1; 
23794 : 1; 
23795 : 1; 
23796 : 1; 
23797 : 1; 
23798 : 1; 
23799 : 1; 
23800 : 1; 
23801 : 1; 
23802 : 1; 
23803 : 1; 
23804 : 1; 
23805 : 1; 
23806 : 1; 
23807 : 1; 
23808 : 2; 
23809 : 2; 
23810 : 2; 
23811 : 2; 
23812 : 2; 
23813 : 2; 
23814 : 2; 
23815 : 2; 
23816 : 2; 
23817 : 2; 
23818 : 2; 
23819 : 2; 
23820 : 2; 
23821 : 2; 
23822 : 2; 
23823 : 2; 
23824 : 2; 
23825 : 2; 
23826 : 2; 
23827 : 2; 
23828 : 2; 
23829 : 2; 
23830 : 2; 
23831 : 2; 
23832 : 2; 
23833 : 2; 
23834 : 2; 
23835 : 2; 
23836 : 2; 
23837 : 2; 
23838 : 2; 
23839 : 2; 
23840 : 2; 
23841 : 2; 
23842 : 2; 
23843 : 2; 
23844 : 2; 
23845 : 2; 
23846 : 2; 
23847 : 2; 
23848 : 2; 
23849 : 2; 
23850 : 2; 
23851 : 2; 
23852 : 2; 
23853 : 2; 
23854 : 2; 
23855 : 2; 
23856 : 2; 
23857 : 2; 
23858 : 2; 
23859 : 2; 
23860 : 2; 
23861 : 2; 
23862 : 2; 
23863 : 2; 
23864 : 2; 
23865 : 2; 
23866 : 2; 
23867 : 2; 
23868 : 2; 
23869 : 2; 
23870 : 2; 
23871 : 2; 
23872 : 2; 
23873 : 2; 
23874 : 2; 
23875 : 2; 
23876 : 2; 
23877 : 2; 
23878 : 2; 
23879 : 2; 
23880 : 2; 
23881 : 2; 
23882 : 2; 
23883 : 2; 
23884 : 2; 
23885 : 2; 
23886 : 2; 
23887 : 2; 
23888 : 2; 
23889 : 2; 
23890 : 2; 
23891 : 2; 
23892 : 2; 
23893 : 2; 
23894 : 2; 
23895 : 2; 
23896 : 2; 
23897 : 2; 
23898 : 2; 
23899 : 2; 
23900 : 2; 
23901 : 3; 
23902 : 3; 
23903 : 3; 
23904 : 3; 
23905 : 3; 
23906 : 3; 
23907 : 3; 
23908 : 3; 
23909 : 3; 
23910 : 3; 
23911 : 3; 
23912 : 3; 
23913 : 3; 
23914 : 3; 
23915 : 3; 
23916 : 3; 
23917 : 3; 
23918 : 3; 
23919 : 3; 
23920 : 3; 
23921 : 3; 
23922 : 3; 
23923 : 3; 
23924 : 3; 
23925 : 3; 
23926 : 3; 
23927 : 3; 
23928 : 3; 
23929 : 3; 
23930 : 3; 
23931 : 3; 
23932 : 3; 
23933 : 3; 
23934 : 3; 
23935 : 3; 
23936 : 2; 
23937 : 0; 
23938 : 0; 
23939 : 0; 
23940 : 0; 
23941 : 0; 
23942 : 0; 
23943 : 0; 
23944 : 0; 
23945 : 0; 
23946 : 0; 
23947 : 0; 
23948 : 0; 
23949 : 0; 
23950 : 0; 
23951 : 0; 
23952 : 0; 
23953 : 0; 
23954 : 0; 
23955 : 0; 
23956 : 0; 
23957 : 0; 
23958 : 0; 
23959 : 0; 
23960 : 0; 
23961 : 0; 
23962 : 0; 
23963 : 0; 
23964 : 0; 
23965 : 0; 
23966 : 0; 
23967 : 0; 
23968 : 0; 
23969 : 0; 
23970 : 0; 
23971 : 1; 
23972 : 1; 
23973 : 1; 
23974 : 1; 
23975 : 1; 
23976 : 1; 
23977 : 1; 
23978 : 1; 
23979 : 1; 
23980 : 1; 
23981 : 1; 
23982 : 1; 
23983 : 1; 
23984 : 1; 
23985 : 1; 
23986 : 1; 
23987 : 1; 
23988 : 1; 
23989 : 1; 
23990 : 1; 
23991 : 1; 
23992 : 1; 
23993 : 1; 
23994 : 1; 
23995 : 1; 
23996 : 1; 
23997 : 1; 
23998 : 1; 
23999 : 1; 
24000 : 1; 
24001 : 1; 
24002 : 1; 
24003 : 1; 
24004 : 1; 
24005 : 1; 
24006 : 1; 
24007 : 1; 
24008 : 1; 
24009 : 1; 
24010 : 1; 
24011 : 1; 
24012 : 1; 
24013 : 1; 
24014 : 1; 
24015 : 1; 
24016 : 1; 
24017 : 1; 
24018 : 1; 
24019 : 1; 
24020 : 1; 
24021 : 1; 
24022 : 1; 
24023 : 1; 
24024 : 1; 
24025 : 1; 
24026 : 1; 
24027 : 1; 
24028 : 1; 
24029 : 1; 
24030 : 1; 
24031 : 1; 
24032 : 1; 
24033 : 1; 
24034 : 1; 
24035 : 1; 
24036 : 1; 
24037 : 1; 
24038 : 1; 
24039 : 1; 
24040 : 1; 
24041 : 1; 
24042 : 1; 
24043 : 1; 
24044 : 1; 
24045 : 1; 
24046 : 1; 
24047 : 1; 
24048 : 1; 
24049 : 1; 
24050 : 1; 
24051 : 1; 
24052 : 1; 
24053 : 1; 
24054 : 1; 
24055 : 1; 
24056 : 1; 
24057 : 1; 
24058 : 1; 
24059 : 1; 
24060 : 1; 
24061 : 1; 
24062 : 1; 
24063 : 1; 
24064 : 2; 
24065 : 2; 
24066 : 2; 
24067 : 2; 
24068 : 2; 
24069 : 2; 
24070 : 2; 
24071 : 2; 
24072 : 2; 
24073 : 2; 
24074 : 2; 
24075 : 2; 
24076 : 2; 
24077 : 2; 
24078 : 2; 
24079 : 2; 
24080 : 2; 
24081 : 2; 
24082 : 2; 
24083 : 2; 
24084 : 2; 
24085 : 2; 
24086 : 2; 
24087 : 2; 
24088 : 2; 
24089 : 2; 
24090 : 2; 
24091 : 2; 
24092 : 2; 
24093 : 2; 
24094 : 2; 
24095 : 2; 
24096 : 2; 
24097 : 2; 
24098 : 2; 
24099 : 2; 
24100 : 2; 
24101 : 2; 
24102 : 2; 
24103 : 2; 
24104 : 2; 
24105 : 2; 
24106 : 2; 
24107 : 2; 
24108 : 2; 
24109 : 2; 
24110 : 2; 
24111 : 2; 
24112 : 2; 
24113 : 2; 
24114 : 2; 
24115 : 2; 
24116 : 2; 
24117 : 2; 
24118 : 2; 
24119 : 2; 
24120 : 2; 
24121 : 2; 
24122 : 2; 
24123 : 2; 
24124 : 2; 
24125 : 2; 
24126 : 2; 
24127 : 2; 
24128 : 2; 
24129 : 2; 
24130 : 2; 
24131 : 2; 
24132 : 2; 
24133 : 2; 
24134 : 2; 
24135 : 2; 
24136 : 2; 
24137 : 2; 
24138 : 2; 
24139 : 2; 
24140 : 2; 
24141 : 2; 
24142 : 2; 
24143 : 2; 
24144 : 2; 
24145 : 2; 
24146 : 2; 
24147 : 2; 
24148 : 2; 
24149 : 2; 
24150 : 2; 
24151 : 2; 
24152 : 2; 
24153 : 2; 
24154 : 2; 
24155 : 2; 
24156 : 2; 
24157 : 2; 
24158 : 3; 
24159 : 3; 
24160 : 3; 
24161 : 3; 
24162 : 3; 
24163 : 3; 
24164 : 3; 
24165 : 3; 
24166 : 3; 
24167 : 3; 
24168 : 3; 
24169 : 3; 
24170 : 3; 
24171 : 3; 
24172 : 3; 
24173 : 3; 
24174 : 3; 
24175 : 3; 
24176 : 3; 
24177 : 3; 
24178 : 3; 
24179 : 3; 
24180 : 3; 
24181 : 3; 
24182 : 3; 
24183 : 3; 
24184 : 3; 
24185 : 3; 
24186 : 3; 
24187 : 3; 
24188 : 3; 
24189 : 3; 
24190 : 3; 
24191 : 3; 
24192 : 2; 
24193 : 0; 
24194 : 0; 
24195 : 0; 
24196 : 0; 
24197 : 0; 
24198 : 0; 
24199 : 0; 
24200 : 0; 
24201 : 0; 
24202 : 0; 
24203 : 0; 
24204 : 0; 
24205 : 0; 
24206 : 0; 
24207 : 0; 
24208 : 0; 
24209 : 0; 
24210 : 0; 
24211 : 0; 
24212 : 0; 
24213 : 0; 
24214 : 0; 
24215 : 0; 
24216 : 0; 
24217 : 0; 
24218 : 0; 
24219 : 0; 
24220 : 0; 
24221 : 0; 
24222 : 0; 
24223 : 0; 
24224 : 0; 
24225 : 0; 
24226 : 1; 
24227 : 1; 
24228 : 1; 
24229 : 1; 
24230 : 1; 
24231 : 1; 
24232 : 1; 
24233 : 1; 
24234 : 1; 
24235 : 1; 
24236 : 1; 
24237 : 1; 
24238 : 1; 
24239 : 1; 
24240 : 1; 
24241 : 1; 
24242 : 1; 
24243 : 1; 
24244 : 1; 
24245 : 1; 
24246 : 1; 
24247 : 1; 
24248 : 1; 
24249 : 1; 
24250 : 1; 
24251 : 1; 
24252 : 1; 
24253 : 1; 
24254 : 1; 
24255 : 1; 
24256 : 1; 
24257 : 1; 
24258 : 1; 
24259 : 1; 
24260 : 1; 
24261 : 1; 
24262 : 1; 
24263 : 1; 
24264 : 1; 
24265 : 1; 
24266 : 1; 
24267 : 1; 
24268 : 1; 
24269 : 1; 
24270 : 1; 
24271 : 1; 
24272 : 1; 
24273 : 1; 
24274 : 1; 
24275 : 1; 
24276 : 1; 
24277 : 1; 
24278 : 1; 
24279 : 1; 
24280 : 1; 
24281 : 1; 
24282 : 1; 
24283 : 1; 
24284 : 1; 
24285 : 1; 
24286 : 1; 
24287 : 1; 
24288 : 1; 
24289 : 1; 
24290 : 1; 
24291 : 1; 
24292 : 1; 
24293 : 1; 
24294 : 1; 
24295 : 1; 
24296 : 1; 
24297 : 1; 
24298 : 1; 
24299 : 1; 
24300 : 1; 
24301 : 1; 
24302 : 1; 
24303 : 1; 
24304 : 1; 
24305 : 1; 
24306 : 1; 
24307 : 1; 
24308 : 1; 
24309 : 1; 
24310 : 1; 
24311 : 1; 
24312 : 1; 
24313 : 1; 
24314 : 1; 
24315 : 1; 
24316 : 1; 
24317 : 1; 
24318 : 1; 
24319 : 1; 
24320 : 2; 
24321 : 2; 
24322 : 2; 
24323 : 2; 
24324 : 2; 
24325 : 2; 
24326 : 2; 
24327 : 2; 
24328 : 2; 
24329 : 2; 
24330 : 2; 
24331 : 2; 
24332 : 2; 
24333 : 2; 
24334 : 2; 
24335 : 2; 
24336 : 2; 
24337 : 2; 
24338 : 2; 
24339 : 2; 
24340 : 2; 
24341 : 2; 
24342 : 2; 
24343 : 2; 
24344 : 2; 
24345 : 2; 
24346 : 2; 
24347 : 2; 
24348 : 2; 
24349 : 2; 
24350 : 2; 
24351 : 2; 
24352 : 2; 
24353 : 2; 
24354 : 2; 
24355 : 2; 
24356 : 2; 
24357 : 2; 
24358 : 2; 
24359 : 2; 
24360 : 2; 
24361 : 2; 
24362 : 2; 
24363 : 2; 
24364 : 2; 
24365 : 2; 
24366 : 2; 
24367 : 2; 
24368 : 2; 
24369 : 2; 
24370 : 2; 
24371 : 2; 
24372 : 2; 
24373 : 2; 
24374 : 2; 
24375 : 2; 
24376 : 2; 
24377 : 2; 
24378 : 2; 
24379 : 2; 
24380 : 2; 
24381 : 2; 
24382 : 2; 
24383 : 2; 
24384 : 2; 
24385 : 2; 
24386 : 2; 
24387 : 2; 
24388 : 2; 
24389 : 2; 
24390 : 2; 
24391 : 2; 
24392 : 2; 
24393 : 2; 
24394 : 2; 
24395 : 2; 
24396 : 2; 
24397 : 2; 
24398 : 2; 
24399 : 2; 
24400 : 2; 
24401 : 2; 
24402 : 2; 
24403 : 2; 
24404 : 2; 
24405 : 2; 
24406 : 2; 
24407 : 2; 
24408 : 2; 
24409 : 2; 
24410 : 2; 
24411 : 2; 
24412 : 2; 
24413 : 2; 
24414 : 2; 
24415 : 3; 
24416 : 3; 
24417 : 3; 
24418 : 3; 
24419 : 3; 
24420 : 3; 
24421 : 3; 
24422 : 3; 
24423 : 3; 
24424 : 3; 
24425 : 3; 
24426 : 3; 
24427 : 3; 
24428 : 3; 
24429 : 3; 
24430 : 3; 
24431 : 3; 
24432 : 3; 
24433 : 3; 
24434 : 3; 
24435 : 3; 
24436 : 3; 
24437 : 3; 
24438 : 3; 
24439 : 3; 
24440 : 3; 
24441 : 3; 
24442 : 3; 
24443 : 3; 
24444 : 3; 
24445 : 3; 
24446 : 3; 
24447 : 3; 
24448 : 2; 
24449 : 0; 
24450 : 0; 
24451 : 0; 
24452 : 0; 
24453 : 0; 
24454 : 0; 
24455 : 0; 
24456 : 0; 
24457 : 0; 
24458 : 0; 
24459 : 0; 
24460 : 0; 
24461 : 0; 
24462 : 0; 
24463 : 0; 
24464 : 0; 
24465 : 0; 
24466 : 0; 
24467 : 0; 
24468 : 0; 
24469 : 0; 
24470 : 0; 
24471 : 0; 
24472 : 0; 
24473 : 0; 
24474 : 0; 
24475 : 0; 
24476 : 0; 
24477 : 0; 
24478 : 0; 
24479 : 0; 
24480 : 0; 
24481 : 1; 
24482 : 1; 
24483 : 1; 
24484 : 1; 
24485 : 1; 
24486 : 1; 
24487 : 1; 
24488 : 1; 
24489 : 1; 
24490 : 1; 
24491 : 1; 
24492 : 1; 
24493 : 1; 
24494 : 1; 
24495 : 1; 
24496 : 1; 
24497 : 1; 
24498 : 1; 
24499 : 1; 
24500 : 1; 
24501 : 1; 
24502 : 1; 
24503 : 1; 
24504 : 1; 
24505 : 1; 
24506 : 1; 
24507 : 1; 
24508 : 1; 
24509 : 1; 
24510 : 1; 
24511 : 1; 
24512 : 1; 
24513 : 1; 
24514 : 1; 
24515 : 1; 
24516 : 1; 
24517 : 1; 
24518 : 1; 
24519 : 1; 
24520 : 1; 
24521 : 1; 
24522 : 1; 
24523 : 1; 
24524 : 1; 
24525 : 1; 
24526 : 1; 
24527 : 1; 
24528 : 1; 
24529 : 1; 
24530 : 1; 
24531 : 1; 
24532 : 1; 
24533 : 1; 
24534 : 1; 
24535 : 1; 
24536 : 1; 
24537 : 1; 
24538 : 1; 
24539 : 1; 
24540 : 1; 
24541 : 1; 
24542 : 1; 
24543 : 1; 
24544 : 1; 
24545 : 1; 
24546 : 1; 
24547 : 1; 
24548 : 1; 
24549 : 1; 
24550 : 1; 
24551 : 1; 
24552 : 1; 
24553 : 1; 
24554 : 1; 
24555 : 1; 
24556 : 1; 
24557 : 1; 
24558 : 1; 
24559 : 1; 
24560 : 1; 
24561 : 1; 
24562 : 1; 
24563 : 1; 
24564 : 1; 
24565 : 1; 
24566 : 1; 
24567 : 1; 
24568 : 1; 
24569 : 1; 
24570 : 1; 
24571 : 1; 
24572 : 1; 
24573 : 1; 
24574 : 1; 
24575 : 1; 
24576 : 2; 
24577 : 2; 
24578 : 2; 
24579 : 2; 
24580 : 2; 
24581 : 2; 
24582 : 2; 
24583 : 2; 
24584 : 2; 
24585 : 2; 
24586 : 2; 
24587 : 2; 
24588 : 2; 
24589 : 2; 
24590 : 2; 
24591 : 2; 
24592 : 2; 
24593 : 2; 
24594 : 2; 
24595 : 2; 
24596 : 2; 
24597 : 2; 
24598 : 2; 
24599 : 2; 
24600 : 2; 
24601 : 2; 
24602 : 2; 
24603 : 2; 
24604 : 2; 
24605 : 2; 
24606 : 2; 
24607 : 2; 
24608 : 2; 
24609 : 2; 
24610 : 2; 
24611 : 2; 
24612 : 2; 
24613 : 2; 
24614 : 2; 
24615 : 2; 
24616 : 2; 
24617 : 2; 
24618 : 2; 
24619 : 2; 
24620 : 2; 
24621 : 2; 
24622 : 2; 
24623 : 2; 
24624 : 2; 
24625 : 2; 
24626 : 2; 
24627 : 2; 
24628 : 2; 
24629 : 2; 
24630 : 2; 
24631 : 2; 
24632 : 2; 
24633 : 2; 
24634 : 2; 
24635 : 2; 
24636 : 2; 
24637 : 2; 
24638 : 2; 
24639 : 2; 
24640 : 2; 
24641 : 2; 
24642 : 2; 
24643 : 2; 
24644 : 2; 
24645 : 2; 
24646 : 2; 
24647 : 2; 
24648 : 2; 
24649 : 2; 
24650 : 2; 
24651 : 2; 
24652 : 2; 
24653 : 2; 
24654 : 2; 
24655 : 2; 
24656 : 2; 
24657 : 2; 
24658 : 2; 
24659 : 2; 
24660 : 2; 
24661 : 2; 
24662 : 2; 
24663 : 2; 
24664 : 2; 
24665 : 2; 
24666 : 2; 
24667 : 2; 
24668 : 2; 
24669 : 2; 
24670 : 2; 
24671 : 2; 
24672 : 3; 
24673 : 3; 
24674 : 3; 
24675 : 3; 
24676 : 3; 
24677 : 3; 
24678 : 3; 
24679 : 3; 
24680 : 3; 
24681 : 3; 
24682 : 3; 
24683 : 3; 
24684 : 3; 
24685 : 3; 
24686 : 3; 
24687 : 3; 
24688 : 3; 
24689 : 3; 
24690 : 3; 
24691 : 3; 
24692 : 3; 
24693 : 3; 
24694 : 3; 
24695 : 3; 
24696 : 3; 
24697 : 3; 
24698 : 3; 
24699 : 3; 
24700 : 3; 
24701 : 3; 
24702 : 3; 
24703 : 3; 
24704 : 2; 
24705 : 0; 
24706 : 0; 
24707 : 0; 
24708 : 0; 
24709 : 0; 
24710 : 0; 
24711 : 0; 
24712 : 0; 
24713 : 0; 
24714 : 0; 
24715 : 0; 
24716 : 0; 
24717 : 0; 
24718 : 0; 
24719 : 0; 
24720 : 0; 
24721 : 0; 
24722 : 0; 
24723 : 0; 
24724 : 0; 
24725 : 0; 
24726 : 0; 
24727 : 0; 
24728 : 0; 
24729 : 0; 
24730 : 0; 
24731 : 0; 
24732 : 0; 
24733 : 0; 
24734 : 0; 
24735 : 0; 
24736 : 1; 
24737 : 1; 
24738 : 1; 
24739 : 1; 
24740 : 1; 
24741 : 1; 
24742 : 1; 
24743 : 1; 
24744 : 1; 
24745 : 1; 
24746 : 1; 
24747 : 1; 
24748 : 1; 
24749 : 1; 
24750 : 1; 
24751 : 1; 
24752 : 1; 
24753 : 1; 
24754 : 1; 
24755 : 1; 
24756 : 1; 
24757 : 1; 
24758 : 1; 
24759 : 1; 
24760 : 1; 
24761 : 1; 
24762 : 1; 
24763 : 1; 
24764 : 1; 
24765 : 1; 
24766 : 1; 
24767 : 1; 
24768 : 1; 
24769 : 1; 
24770 : 1; 
24771 : 1; 
24772 : 1; 
24773 : 1; 
24774 : 1; 
24775 : 1; 
24776 : 1; 
24777 : 1; 
24778 : 1; 
24779 : 1; 
24780 : 1; 
24781 : 1; 
24782 : 1; 
24783 : 1; 
24784 : 1; 
24785 : 1; 
24786 : 1; 
24787 : 1; 
24788 : 1; 
24789 : 1; 
24790 : 1; 
24791 : 1; 
24792 : 1; 
24793 : 1; 
24794 : 1; 
24795 : 1; 
24796 : 1; 
24797 : 1; 
24798 : 1; 
24799 : 1; 
24800 : 1; 
24801 : 1; 
24802 : 1; 
24803 : 1; 
24804 : 1; 
24805 : 1; 
24806 : 1; 
24807 : 1; 
24808 : 1; 
24809 : 1; 
24810 : 1; 
24811 : 1; 
24812 : 1; 
24813 : 1; 
24814 : 1; 
24815 : 1; 
24816 : 1; 
24817 : 1; 
24818 : 1; 
24819 : 1; 
24820 : 1; 
24821 : 1; 
24822 : 1; 
24823 : 1; 
24824 : 1; 
24825 : 1; 
24826 : 1; 
24827 : 1; 
24828 : 1; 
24829 : 1; 
24830 : 1; 
24831 : 1; 
24832 : 2; 
24833 : 2; 
24834 : 2; 
24835 : 2; 
24836 : 2; 
24837 : 2; 
24838 : 2; 
24839 : 2; 
24840 : 2; 
24841 : 2; 
24842 : 2; 
24843 : 2; 
24844 : 2; 
24845 : 2; 
24846 : 2; 
24847 : 2; 
24848 : 2; 
24849 : 2; 
24850 : 2; 
24851 : 2; 
24852 : 2; 
24853 : 2; 
24854 : 2; 
24855 : 2; 
24856 : 2; 
24857 : 2; 
24858 : 2; 
24859 : 2; 
24860 : 2; 
24861 : 2; 
24862 : 2; 
24863 : 2; 
24864 : 2; 
24865 : 2; 
24866 : 2; 
24867 : 2; 
24868 : 2; 
24869 : 2; 
24870 : 2; 
24871 : 2; 
24872 : 2; 
24873 : 2; 
24874 : 2; 
24875 : 2; 
24876 : 2; 
24877 : 2; 
24878 : 2; 
24879 : 2; 
24880 : 2; 
24881 : 2; 
24882 : 2; 
24883 : 2; 
24884 : 2; 
24885 : 2; 
24886 : 2; 
24887 : 2; 
24888 : 2; 
24889 : 2; 
24890 : 2; 
24891 : 2; 
24892 : 2; 
24893 : 2; 
24894 : 2; 
24895 : 2; 
24896 : 2; 
24897 : 2; 
24898 : 2; 
24899 : 2; 
24900 : 2; 
24901 : 2; 
24902 : 2; 
24903 : 2; 
24904 : 2; 
24905 : 2; 
24906 : 2; 
24907 : 2; 
24908 : 2; 
24909 : 2; 
24910 : 2; 
24911 : 2; 
24912 : 2; 
24913 : 2; 
24914 : 2; 
24915 : 2; 
24916 : 2; 
24917 : 2; 
24918 : 2; 
24919 : 2; 
24920 : 2; 
24921 : 2; 
24922 : 2; 
24923 : 2; 
24924 : 2; 
24925 : 2; 
24926 : 2; 
24927 : 2; 
24928 : 2; 
24929 : 3; 
24930 : 3; 
24931 : 3; 
24932 : 3; 
24933 : 3; 
24934 : 3; 
24935 : 3; 
24936 : 3; 
24937 : 3; 
24938 : 3; 
24939 : 3; 
24940 : 3; 
24941 : 3; 
24942 : 3; 
24943 : 3; 
24944 : 3; 
24945 : 3; 
24946 : 3; 
24947 : 3; 
24948 : 3; 
24949 : 3; 
24950 : 3; 
24951 : 3; 
24952 : 3; 
24953 : 3; 
24954 : 3; 
24955 : 3; 
24956 : 3; 
24957 : 3; 
24958 : 3; 
24959 : 3; 
24960 : 2; 
24961 : 0; 
24962 : 0; 
24963 : 0; 
24964 : 0; 
24965 : 0; 
24966 : 0; 
24967 : 0; 
24968 : 0; 
24969 : 0; 
24970 : 0; 
24971 : 0; 
24972 : 0; 
24973 : 0; 
24974 : 0; 
24975 : 0; 
24976 : 0; 
24977 : 0; 
24978 : 0; 
24979 : 0; 
24980 : 0; 
24981 : 0; 
24982 : 0; 
24983 : 0; 
24984 : 0; 
24985 : 0; 
24986 : 0; 
24987 : 0; 
24988 : 0; 
24989 : 0; 
24990 : 0; 
24991 : 1; 
24992 : 1; 
24993 : 1; 
24994 : 1; 
24995 : 1; 
24996 : 1; 
24997 : 1; 
24998 : 1; 
24999 : 1; 
25000 : 1; 
25001 : 1; 
25002 : 1; 
25003 : 1; 
25004 : 1; 
25005 : 1; 
25006 : 1; 
25007 : 1; 
25008 : 1; 
25009 : 1; 
25010 : 1; 
25011 : 1; 
25012 : 1; 
25013 : 1; 
25014 : 1; 
25015 : 1; 
25016 : 1; 
25017 : 1; 
25018 : 1; 
25019 : 1; 
25020 : 1; 
25021 : 1; 
25022 : 1; 
25023 : 1; 
25024 : 1; 
25025 : 1; 
25026 : 1; 
25027 : 1; 
25028 : 1; 
25029 : 1; 
25030 : 1; 
25031 : 1; 
25032 : 1; 
25033 : 1; 
25034 : 1; 
25035 : 1; 
25036 : 1; 
25037 : 1; 
25038 : 1; 
25039 : 1; 
25040 : 1; 
25041 : 1; 
25042 : 1; 
25043 : 1; 
25044 : 1; 
25045 : 1; 
25046 : 1; 
25047 : 1; 
25048 : 1; 
25049 : 1; 
25050 : 1; 
25051 : 1; 
25052 : 1; 
25053 : 1; 
25054 : 1; 
25055 : 1; 
25056 : 1; 
25057 : 1; 
25058 : 1; 
25059 : 1; 
25060 : 1; 
25061 : 1; 
25062 : 1; 
25063 : 1; 
25064 : 1; 
25065 : 1; 
25066 : 1; 
25067 : 1; 
25068 : 1; 
25069 : 1; 
25070 : 1; 
25071 : 1; 
25072 : 1; 
25073 : 1; 
25074 : 1; 
25075 : 1; 
25076 : 1; 
25077 : 1; 
25078 : 1; 
25079 : 1; 
25080 : 1; 
25081 : 1; 
25082 : 1; 
25083 : 1; 
25084 : 1; 
25085 : 1; 
25086 : 1; 
25087 : 1; 
25088 : 2; 
25089 : 2; 
25090 : 2; 
25091 : 2; 
25092 : 2; 
25093 : 2; 
25094 : 2; 
25095 : 2; 
25096 : 2; 
25097 : 2; 
25098 : 2; 
25099 : 2; 
25100 : 2; 
25101 : 2; 
25102 : 2; 
25103 : 2; 
25104 : 2; 
25105 : 2; 
25106 : 2; 
25107 : 2; 
25108 : 2; 
25109 : 2; 
25110 : 2; 
25111 : 2; 
25112 : 2; 
25113 : 2; 
25114 : 2; 
25115 : 2; 
25116 : 2; 
25117 : 2; 
25118 : 2; 
25119 : 2; 
25120 : 2; 
25121 : 2; 
25122 : 2; 
25123 : 2; 
25124 : 2; 
25125 : 2; 
25126 : 2; 
25127 : 2; 
25128 : 2; 
25129 : 2; 
25130 : 2; 
25131 : 2; 
25132 : 2; 
25133 : 2; 
25134 : 2; 
25135 : 2; 
25136 : 2; 
25137 : 2; 
25138 : 2; 
25139 : 2; 
25140 : 2; 
25141 : 2; 
25142 : 2; 
25143 : 2; 
25144 : 2; 
25145 : 2; 
25146 : 2; 
25147 : 2; 
25148 : 2; 
25149 : 2; 
25150 : 2; 
25151 : 2; 
25152 : 2; 
25153 : 2; 
25154 : 2; 
25155 : 2; 
25156 : 2; 
25157 : 2; 
25158 : 2; 
25159 : 2; 
25160 : 2; 
25161 : 2; 
25162 : 2; 
25163 : 2; 
25164 : 2; 
25165 : 2; 
25166 : 2; 
25167 : 2; 
25168 : 2; 
25169 : 2; 
25170 : 2; 
25171 : 2; 
25172 : 2; 
25173 : 2; 
25174 : 2; 
25175 : 2; 
25176 : 2; 
25177 : 2; 
25178 : 2; 
25179 : 2; 
25180 : 2; 
25181 : 2; 
25182 : 2; 
25183 : 2; 
25184 : 2; 
25185 : 2; 
25186 : 3; 
25187 : 3; 
25188 : 3; 
25189 : 3; 
25190 : 3; 
25191 : 3; 
25192 : 3; 
25193 : 3; 
25194 : 3; 
25195 : 3; 
25196 : 3; 
25197 : 3; 
25198 : 3; 
25199 : 3; 
25200 : 3; 
25201 : 3; 
25202 : 3; 
25203 : 3; 
25204 : 3; 
25205 : 3; 
25206 : 3; 
25207 : 3; 
25208 : 3; 
25209 : 3; 
25210 : 3; 
25211 : 3; 
25212 : 3; 
25213 : 3; 
25214 : 3; 
25215 : 3; 
25216 : 2; 
25217 : 0; 
25218 : 0; 
25219 : 0; 
25220 : 0; 
25221 : 0; 
25222 : 0; 
25223 : 0; 
25224 : 0; 
25225 : 0; 
25226 : 0; 
25227 : 0; 
25228 : 0; 
25229 : 0; 
25230 : 0; 
25231 : 0; 
25232 : 0; 
25233 : 0; 
25234 : 0; 
25235 : 0; 
25236 : 0; 
25237 : 0; 
25238 : 0; 
25239 : 0; 
25240 : 0; 
25241 : 0; 
25242 : 0; 
25243 : 0; 
25244 : 0; 
25245 : 0; 
25246 : 1; 
25247 : 1; 
25248 : 1; 
25249 : 1; 
25250 : 1; 
25251 : 1; 
25252 : 1; 
25253 : 1; 
25254 : 1; 
25255 : 1; 
25256 : 1; 
25257 : 1; 
25258 : 1; 
25259 : 1; 
25260 : 1; 
25261 : 1; 
25262 : 1; 
25263 : 1; 
25264 : 1; 
25265 : 1; 
25266 : 1; 
25267 : 1; 
25268 : 1; 
25269 : 1; 
25270 : 1; 
25271 : 1; 
25272 : 1; 
25273 : 1; 
25274 : 1; 
25275 : 1; 
25276 : 1; 
25277 : 1; 
25278 : 1; 
25279 : 1; 
25280 : 1; 
25281 : 1; 
25282 : 1; 
25283 : 1; 
25284 : 1; 
25285 : 1; 
25286 : 1; 
25287 : 1; 
25288 : 1; 
25289 : 1; 
25290 : 1; 
25291 : 1; 
25292 : 1; 
25293 : 1; 
25294 : 1; 
25295 : 1; 
25296 : 1; 
25297 : 1; 
25298 : 1; 
25299 : 1; 
25300 : 1; 
25301 : 1; 
25302 : 1; 
25303 : 1; 
25304 : 1; 
25305 : 1; 
25306 : 1; 
25307 : 1; 
25308 : 1; 
25309 : 1; 
25310 : 1; 
25311 : 1; 
25312 : 1; 
25313 : 1; 
25314 : 1; 
25315 : 1; 
25316 : 1; 
25317 : 1; 
25318 : 1; 
25319 : 1; 
25320 : 1; 
25321 : 1; 
25322 : 1; 
25323 : 1; 
25324 : 1; 
25325 : 1; 
25326 : 1; 
25327 : 1; 
25328 : 1; 
25329 : 1; 
25330 : 1; 
25331 : 1; 
25332 : 1; 
25333 : 1; 
25334 : 1; 
25335 : 1; 
25336 : 1; 
25337 : 1; 
25338 : 1; 
25339 : 1; 
25340 : 1; 
25341 : 1; 
25342 : 1; 
25343 : 1; 
25344 : 2; 
25345 : 2; 
25346 : 2; 
25347 : 2; 
25348 : 2; 
25349 : 2; 
25350 : 2; 
25351 : 2; 
25352 : 2; 
25353 : 2; 
25354 : 2; 
25355 : 2; 
25356 : 2; 
25357 : 2; 
25358 : 2; 
25359 : 2; 
25360 : 2; 
25361 : 2; 
25362 : 2; 
25363 : 2; 
25364 : 2; 
25365 : 2; 
25366 : 2; 
25367 : 2; 
25368 : 2; 
25369 : 2; 
25370 : 2; 
25371 : 2; 
25372 : 2; 
25373 : 2; 
25374 : 2; 
25375 : 2; 
25376 : 2; 
25377 : 2; 
25378 : 2; 
25379 : 2; 
25380 : 2; 
25381 : 2; 
25382 : 2; 
25383 : 2; 
25384 : 2; 
25385 : 2; 
25386 : 2; 
25387 : 2; 
25388 : 2; 
25389 : 2; 
25390 : 2; 
25391 : 2; 
25392 : 2; 
25393 : 2; 
25394 : 2; 
25395 : 2; 
25396 : 2; 
25397 : 2; 
25398 : 2; 
25399 : 2; 
25400 : 2; 
25401 : 2; 
25402 : 2; 
25403 : 2; 
25404 : 2; 
25405 : 2; 
25406 : 2; 
25407 : 2; 
25408 : 2; 
25409 : 2; 
25410 : 2; 
25411 : 2; 
25412 : 2; 
25413 : 2; 
25414 : 2; 
25415 : 2; 
25416 : 2; 
25417 : 2; 
25418 : 2; 
25419 : 2; 
25420 : 2; 
25421 : 2; 
25422 : 2; 
25423 : 2; 
25424 : 2; 
25425 : 2; 
25426 : 2; 
25427 : 2; 
25428 : 2; 
25429 : 2; 
25430 : 2; 
25431 : 2; 
25432 : 2; 
25433 : 2; 
25434 : 2; 
25435 : 2; 
25436 : 2; 
25437 : 2; 
25438 : 2; 
25439 : 2; 
25440 : 2; 
25441 : 2; 
25442 : 2; 
25443 : 3; 
25444 : 3; 
25445 : 3; 
25446 : 3; 
25447 : 3; 
25448 : 3; 
25449 : 3; 
25450 : 3; 
25451 : 3; 
25452 : 3; 
25453 : 3; 
25454 : 3; 
25455 : 3; 
25456 : 3; 
25457 : 3; 
25458 : 3; 
25459 : 3; 
25460 : 3; 
25461 : 3; 
25462 : 3; 
25463 : 3; 
25464 : 3; 
25465 : 3; 
25466 : 3; 
25467 : 3; 
25468 : 3; 
25469 : 3; 
25470 : 3; 
25471 : 3; 
25472 : 2; 
25473 : 0; 
25474 : 0; 
25475 : 0; 
25476 : 0; 
25477 : 0; 
25478 : 0; 
25479 : 0; 
25480 : 0; 
25481 : 0; 
25482 : 0; 
25483 : 0; 
25484 : 0; 
25485 : 0; 
25486 : 0; 
25487 : 0; 
25488 : 0; 
25489 : 0; 
25490 : 0; 
25491 : 0; 
25492 : 0; 
25493 : 0; 
25494 : 0; 
25495 : 0; 
25496 : 0; 
25497 : 0; 
25498 : 0; 
25499 : 0; 
25500 : 0; 
25501 : 1; 
25502 : 1; 
25503 : 1; 
25504 : 1; 
25505 : 1; 
25506 : 1; 
25507 : 1; 
25508 : 1; 
25509 : 1; 
25510 : 1; 
25511 : 1; 
25512 : 1; 
25513 : 1; 
25514 : 1; 
25515 : 1; 
25516 : 1; 
25517 : 1; 
25518 : 1; 
25519 : 1; 
25520 : 1; 
25521 : 1; 
25522 : 1; 
25523 : 1; 
25524 : 1; 
25525 : 1; 
25526 : 1; 
25527 : 1; 
25528 : 1; 
25529 : 1; 
25530 : 1; 
25531 : 1; 
25532 : 1; 
25533 : 1; 
25534 : 1; 
25535 : 1; 
25536 : 1; 
25537 : 1; 
25538 : 1; 
25539 : 1; 
25540 : 1; 
25541 : 1; 
25542 : 1; 
25543 : 1; 
25544 : 1; 
25545 : 1; 
25546 : 1; 
25547 : 1; 
25548 : 1; 
25549 : 1; 
25550 : 1; 
25551 : 1; 
25552 : 1; 
25553 : 1; 
25554 : 1; 
25555 : 1; 
25556 : 1; 
25557 : 1; 
25558 : 1; 
25559 : 1; 
25560 : 1; 
25561 : 1; 
25562 : 1; 
25563 : 1; 
25564 : 1; 
25565 : 1; 
25566 : 1; 
25567 : 1; 
25568 : 1; 
25569 : 1; 
25570 : 1; 
25571 : 1; 
25572 : 1; 
25573 : 1; 
25574 : 1; 
25575 : 1; 
25576 : 1; 
25577 : 1; 
25578 : 1; 
25579 : 1; 
25580 : 1; 
25581 : 1; 
25582 : 1; 
25583 : 1; 
25584 : 1; 
25585 : 1; 
25586 : 1; 
25587 : 1; 
25588 : 1; 
25589 : 1; 
25590 : 1; 
25591 : 1; 
25592 : 1; 
25593 : 1; 
25594 : 1; 
25595 : 1; 
25596 : 1; 
25597 : 1; 
25598 : 1; 
25599 : 1; 
25600 : 2; 
25601 : 2; 
25602 : 2; 
25603 : 2; 
25604 : 2; 
25605 : 2; 
25606 : 2; 
25607 : 2; 
25608 : 2; 
25609 : 2; 
25610 : 2; 
25611 : 2; 
25612 : 2; 
25613 : 2; 
25614 : 2; 
25615 : 2; 
25616 : 2; 
25617 : 2; 
25618 : 2; 
25619 : 2; 
25620 : 2; 
25621 : 2; 
25622 : 2; 
25623 : 2; 
25624 : 2; 
25625 : 2; 
25626 : 2; 
25627 : 2; 
25628 : 2; 
25629 : 2; 
25630 : 2; 
25631 : 2; 
25632 : 2; 
25633 : 2; 
25634 : 2; 
25635 : 2; 
25636 : 2; 
25637 : 2; 
25638 : 2; 
25639 : 2; 
25640 : 2; 
25641 : 2; 
25642 : 2; 
25643 : 2; 
25644 : 2; 
25645 : 2; 
25646 : 2; 
25647 : 2; 
25648 : 2; 
25649 : 2; 
25650 : 2; 
25651 : 2; 
25652 : 2; 
25653 : 2; 
25654 : 2; 
25655 : 2; 
25656 : 2; 
25657 : 2; 
25658 : 2; 
25659 : 2; 
25660 : 2; 
25661 : 2; 
25662 : 2; 
25663 : 2; 
25664 : 2; 
25665 : 2; 
25666 : 2; 
25667 : 2; 
25668 : 2; 
25669 : 2; 
25670 : 2; 
25671 : 2; 
25672 : 2; 
25673 : 2; 
25674 : 2; 
25675 : 2; 
25676 : 2; 
25677 : 2; 
25678 : 2; 
25679 : 2; 
25680 : 2; 
25681 : 2; 
25682 : 2; 
25683 : 2; 
25684 : 2; 
25685 : 2; 
25686 : 2; 
25687 : 2; 
25688 : 2; 
25689 : 2; 
25690 : 2; 
25691 : 2; 
25692 : 2; 
25693 : 2; 
25694 : 2; 
25695 : 2; 
25696 : 2; 
25697 : 2; 
25698 : 2; 
25699 : 2; 
25700 : 3; 
25701 : 3; 
25702 : 3; 
25703 : 3; 
25704 : 3; 
25705 : 3; 
25706 : 3; 
25707 : 3; 
25708 : 3; 
25709 : 3; 
25710 : 3; 
25711 : 3; 
25712 : 3; 
25713 : 3; 
25714 : 3; 
25715 : 3; 
25716 : 3; 
25717 : 3; 
25718 : 3; 
25719 : 3; 
25720 : 3; 
25721 : 3; 
25722 : 3; 
25723 : 3; 
25724 : 3; 
25725 : 3; 
25726 : 3; 
25727 : 3; 
25728 : 2; 
25729 : 0; 
25730 : 0; 
25731 : 0; 
25732 : 0; 
25733 : 0; 
25734 : 0; 
25735 : 0; 
25736 : 0; 
25737 : 0; 
25738 : 0; 
25739 : 0; 
25740 : 0; 
25741 : 0; 
25742 : 0; 
25743 : 0; 
25744 : 0; 
25745 : 0; 
25746 : 0; 
25747 : 0; 
25748 : 0; 
25749 : 0; 
25750 : 0; 
25751 : 0; 
25752 : 0; 
25753 : 0; 
25754 : 0; 
25755 : 0; 
25756 : 1; 
25757 : 1; 
25758 : 1; 
25759 : 1; 
25760 : 1; 
25761 : 1; 
25762 : 1; 
25763 : 1; 
25764 : 1; 
25765 : 1; 
25766 : 1; 
25767 : 1; 
25768 : 1; 
25769 : 1; 
25770 : 1; 
25771 : 1; 
25772 : 1; 
25773 : 1; 
25774 : 1; 
25775 : 1; 
25776 : 1; 
25777 : 1; 
25778 : 1; 
25779 : 1; 
25780 : 1; 
25781 : 1; 
25782 : 1; 
25783 : 1; 
25784 : 1; 
25785 : 1; 
25786 : 1; 
25787 : 1; 
25788 : 1; 
25789 : 1; 
25790 : 1; 
25791 : 1; 
25792 : 1; 
25793 : 1; 
25794 : 1; 
25795 : 1; 
25796 : 1; 
25797 : 1; 
25798 : 1; 
25799 : 1; 
25800 : 1; 
25801 : 1; 
25802 : 1; 
25803 : 1; 
25804 : 1; 
25805 : 1; 
25806 : 1; 
25807 : 1; 
25808 : 1; 
25809 : 1; 
25810 : 1; 
25811 : 1; 
25812 : 1; 
25813 : 1; 
25814 : 1; 
25815 : 1; 
25816 : 1; 
25817 : 1; 
25818 : 1; 
25819 : 1; 
25820 : 1; 
25821 : 1; 
25822 : 1; 
25823 : 1; 
25824 : 1; 
25825 : 1; 
25826 : 1; 
25827 : 1; 
25828 : 1; 
25829 : 1; 
25830 : 1; 
25831 : 1; 
25832 : 1; 
25833 : 1; 
25834 : 1; 
25835 : 1; 
25836 : 1; 
25837 : 1; 
25838 : 1; 
25839 : 1; 
25840 : 1; 
25841 : 1; 
25842 : 1; 
25843 : 1; 
25844 : 1; 
25845 : 1; 
25846 : 1; 
25847 : 1; 
25848 : 1; 
25849 : 1; 
25850 : 1; 
25851 : 1; 
25852 : 1; 
25853 : 1; 
25854 : 1; 
25855 : 1; 
25856 : 2; 
25857 : 2; 
25858 : 2; 
25859 : 2; 
25860 : 2; 
25861 : 2; 
25862 : 2; 
25863 : 2; 
25864 : 2; 
25865 : 2; 
25866 : 2; 
25867 : 2; 
25868 : 2; 
25869 : 2; 
25870 : 2; 
25871 : 2; 
25872 : 2; 
25873 : 2; 
25874 : 2; 
25875 : 2; 
25876 : 2; 
25877 : 2; 
25878 : 2; 
25879 : 2; 
25880 : 2; 
25881 : 2; 
25882 : 2; 
25883 : 2; 
25884 : 2; 
25885 : 2; 
25886 : 2; 
25887 : 2; 
25888 : 2; 
25889 : 2; 
25890 : 2; 
25891 : 2; 
25892 : 2; 
25893 : 2; 
25894 : 2; 
25895 : 2; 
25896 : 2; 
25897 : 2; 
25898 : 2; 
25899 : 2; 
25900 : 2; 
25901 : 2; 
25902 : 2; 
25903 : 2; 
25904 : 2; 
25905 : 2; 
25906 : 2; 
25907 : 2; 
25908 : 2; 
25909 : 2; 
25910 : 2; 
25911 : 2; 
25912 : 2; 
25913 : 2; 
25914 : 2; 
25915 : 2; 
25916 : 2; 
25917 : 2; 
25918 : 2; 
25919 : 2; 
25920 : 2; 
25921 : 2; 
25922 : 2; 
25923 : 2; 
25924 : 2; 
25925 : 2; 
25926 : 2; 
25927 : 2; 
25928 : 2; 
25929 : 2; 
25930 : 2; 
25931 : 2; 
25932 : 2; 
25933 : 2; 
25934 : 2; 
25935 : 2; 
25936 : 2; 
25937 : 2; 
25938 : 2; 
25939 : 2; 
25940 : 2; 
25941 : 2; 
25942 : 2; 
25943 : 2; 
25944 : 2; 
25945 : 2; 
25946 : 2; 
25947 : 2; 
25948 : 2; 
25949 : 2; 
25950 : 2; 
25951 : 2; 
25952 : 2; 
25953 : 2; 
25954 : 2; 
25955 : 2; 
25956 : 2; 
25957 : 3; 
25958 : 3; 
25959 : 3; 
25960 : 3; 
25961 : 3; 
25962 : 3; 
25963 : 3; 
25964 : 3; 
25965 : 3; 
25966 : 3; 
25967 : 3; 
25968 : 3; 
25969 : 3; 
25970 : 3; 
25971 : 3; 
25972 : 3; 
25973 : 3; 
25974 : 3; 
25975 : 3; 
25976 : 3; 
25977 : 3; 
25978 : 3; 
25979 : 3; 
25980 : 3; 
25981 : 3; 
25982 : 3; 
25983 : 3; 
25984 : 2; 
25985 : 0; 
25986 : 0; 
25987 : 0; 
25988 : 0; 
25989 : 0; 
25990 : 0; 
25991 : 0; 
25992 : 0; 
25993 : 0; 
25994 : 0; 
25995 : 0; 
25996 : 0; 
25997 : 0; 
25998 : 0; 
25999 : 0; 
26000 : 0; 
26001 : 0; 
26002 : 0; 
26003 : 0; 
26004 : 0; 
26005 : 0; 
26006 : 0; 
26007 : 0; 
26008 : 0; 
26009 : 0; 
26010 : 0; 
26011 : 1; 
26012 : 1; 
26013 : 1; 
26014 : 1; 
26015 : 1; 
26016 : 1; 
26017 : 1; 
26018 : 1; 
26019 : 1; 
26020 : 1; 
26021 : 1; 
26022 : 1; 
26023 : 1; 
26024 : 1; 
26025 : 1; 
26026 : 1; 
26027 : 1; 
26028 : 1; 
26029 : 1; 
26030 : 1; 
26031 : 1; 
26032 : 1; 
26033 : 1; 
26034 : 1; 
26035 : 1; 
26036 : 1; 
26037 : 1; 
26038 : 1; 
26039 : 1; 
26040 : 1; 
26041 : 1; 
26042 : 1; 
26043 : 1; 
26044 : 1; 
26045 : 1; 
26046 : 1; 
26047 : 1; 
26048 : 1; 
26049 : 1; 
26050 : 1; 
26051 : 1; 
26052 : 1; 
26053 : 1; 
26054 : 1; 
26055 : 1; 
26056 : 1; 
26057 : 1; 
26058 : 1; 
26059 : 1; 
26060 : 1; 
26061 : 1; 
26062 : 1; 
26063 : 1; 
26064 : 1; 
26065 : 1; 
26066 : 1; 
26067 : 1; 
26068 : 1; 
26069 : 1; 
26070 : 1; 
26071 : 1; 
26072 : 1; 
26073 : 1; 
26074 : 1; 
26075 : 1; 
26076 : 1; 
26077 : 1; 
26078 : 1; 
26079 : 1; 
26080 : 1; 
26081 : 1; 
26082 : 1; 
26083 : 1; 
26084 : 1; 
26085 : 1; 
26086 : 1; 
26087 : 1; 
26088 : 1; 
26089 : 1; 
26090 : 1; 
26091 : 1; 
26092 : 1; 
26093 : 1; 
26094 : 1; 
26095 : 1; 
26096 : 1; 
26097 : 1; 
26098 : 1; 
26099 : 1; 
26100 : 1; 
26101 : 1; 
26102 : 1; 
26103 : 1; 
26104 : 1; 
26105 : 1; 
26106 : 1; 
26107 : 1; 
26108 : 1; 
26109 : 1; 
26110 : 1; 
26111 : 1; 
26112 : 2; 
26113 : 2; 
26114 : 2; 
26115 : 2; 
26116 : 2; 
26117 : 2; 
26118 : 2; 
26119 : 2; 
26120 : 2; 
26121 : 2; 
26122 : 2; 
26123 : 2; 
26124 : 2; 
26125 : 2; 
26126 : 2; 
26127 : 2; 
26128 : 2; 
26129 : 2; 
26130 : 2; 
26131 : 2; 
26132 : 2; 
26133 : 2; 
26134 : 2; 
26135 : 2; 
26136 : 2; 
26137 : 2; 
26138 : 2; 
26139 : 2; 
26140 : 2; 
26141 : 2; 
26142 : 2; 
26143 : 2; 
26144 : 2; 
26145 : 2; 
26146 : 2; 
26147 : 2; 
26148 : 2; 
26149 : 2; 
26150 : 2; 
26151 : 2; 
26152 : 2; 
26153 : 2; 
26154 : 2; 
26155 : 2; 
26156 : 2; 
26157 : 2; 
26158 : 2; 
26159 : 2; 
26160 : 2; 
26161 : 2; 
26162 : 2; 
26163 : 2; 
26164 : 2; 
26165 : 2; 
26166 : 2; 
26167 : 2; 
26168 : 2; 
26169 : 2; 
26170 : 2; 
26171 : 2; 
26172 : 2; 
26173 : 2; 
26174 : 2; 
26175 : 2; 
26176 : 2; 
26177 : 2; 
26178 : 2; 
26179 : 2; 
26180 : 2; 
26181 : 2; 
26182 : 2; 
26183 : 2; 
26184 : 2; 
26185 : 2; 
26186 : 2; 
26187 : 2; 
26188 : 2; 
26189 : 2; 
26190 : 2; 
26191 : 2; 
26192 : 2; 
26193 : 2; 
26194 : 2; 
26195 : 2; 
26196 : 2; 
26197 : 2; 
26198 : 2; 
26199 : 2; 
26200 : 2; 
26201 : 2; 
26202 : 2; 
26203 : 2; 
26204 : 2; 
26205 : 2; 
26206 : 2; 
26207 : 2; 
26208 : 2; 
26209 : 2; 
26210 : 2; 
26211 : 2; 
26212 : 2; 
26213 : 2; 
26214 : 3; 
26215 : 3; 
26216 : 3; 
26217 : 3; 
26218 : 3; 
26219 : 3; 
26220 : 3; 
26221 : 3; 
26222 : 3; 
26223 : 3; 
26224 : 3; 
26225 : 3; 
26226 : 3; 
26227 : 3; 
26228 : 3; 
26229 : 3; 
26230 : 3; 
26231 : 3; 
26232 : 3; 
26233 : 3; 
26234 : 3; 
26235 : 3; 
26236 : 3; 
26237 : 3; 
26238 : 3; 
26239 : 3; 
26240 : 2; 
26241 : 0; 
26242 : 0; 
26243 : 0; 
26244 : 0; 
26245 : 0; 
26246 : 0; 
26247 : 0; 
26248 : 0; 
26249 : 0; 
26250 : 0; 
26251 : 0; 
26252 : 0; 
26253 : 0; 
26254 : 0; 
26255 : 0; 
26256 : 0; 
26257 : 0; 
26258 : 0; 
26259 : 0; 
26260 : 0; 
26261 : 0; 
26262 : 0; 
26263 : 0; 
26264 : 0; 
26265 : 0; 
26266 : 1; 
26267 : 1; 
26268 : 1; 
26269 : 1; 
26270 : 1; 
26271 : 1; 
26272 : 1; 
26273 : 1; 
26274 : 1; 
26275 : 1; 
26276 : 1; 
26277 : 1; 
26278 : 1; 
26279 : 1; 
26280 : 1; 
26281 : 1; 
26282 : 1; 
26283 : 1; 
26284 : 1; 
26285 : 1; 
26286 : 1; 
26287 : 1; 
26288 : 1; 
26289 : 1; 
26290 : 1; 
26291 : 1; 
26292 : 1; 
26293 : 1; 
26294 : 1; 
26295 : 1; 
26296 : 1; 
26297 : 1; 
26298 : 1; 
26299 : 1; 
26300 : 1; 
26301 : 1; 
26302 : 1; 
26303 : 1; 
26304 : 1; 
26305 : 1; 
26306 : 1; 
26307 : 1; 
26308 : 1; 
26309 : 1; 
26310 : 1; 
26311 : 1; 
26312 : 1; 
26313 : 1; 
26314 : 1; 
26315 : 1; 
26316 : 1; 
26317 : 1; 
26318 : 1; 
26319 : 1; 
26320 : 1; 
26321 : 1; 
26322 : 1; 
26323 : 1; 
26324 : 1; 
26325 : 1; 
26326 : 1; 
26327 : 1; 
26328 : 1; 
26329 : 1; 
26330 : 1; 
26331 : 1; 
26332 : 1; 
26333 : 1; 
26334 : 1; 
26335 : 1; 
26336 : 1; 
26337 : 1; 
26338 : 1; 
26339 : 1; 
26340 : 1; 
26341 : 1; 
26342 : 1; 
26343 : 1; 
26344 : 1; 
26345 : 1; 
26346 : 1; 
26347 : 1; 
26348 : 1; 
26349 : 1; 
26350 : 1; 
26351 : 1; 
26352 : 1; 
26353 : 1; 
26354 : 1; 
26355 : 1; 
26356 : 1; 
26357 : 1; 
26358 : 1; 
26359 : 1; 
26360 : 1; 
26361 : 1; 
26362 : 1; 
26363 : 1; 
26364 : 1; 
26365 : 1; 
26366 : 1; 
26367 : 1; 
26368 : 2; 
26369 : 2; 
26370 : 2; 
26371 : 2; 
26372 : 2; 
26373 : 2; 
26374 : 2; 
26375 : 2; 
26376 : 2; 
26377 : 2; 
26378 : 2; 
26379 : 2; 
26380 : 2; 
26381 : 2; 
26382 : 2; 
26383 : 2; 
26384 : 2; 
26385 : 2; 
26386 : 2; 
26387 : 2; 
26388 : 2; 
26389 : 2; 
26390 : 2; 
26391 : 2; 
26392 : 2; 
26393 : 2; 
26394 : 2; 
26395 : 2; 
26396 : 2; 
26397 : 2; 
26398 : 2; 
26399 : 2; 
26400 : 2; 
26401 : 2; 
26402 : 2; 
26403 : 2; 
26404 : 2; 
26405 : 2; 
26406 : 2; 
26407 : 2; 
26408 : 2; 
26409 : 2; 
26410 : 2; 
26411 : 2; 
26412 : 2; 
26413 : 2; 
26414 : 2; 
26415 : 2; 
26416 : 2; 
26417 : 2; 
26418 : 2; 
26419 : 2; 
26420 : 2; 
26421 : 2; 
26422 : 2; 
26423 : 2; 
26424 : 2; 
26425 : 2; 
26426 : 2; 
26427 : 2; 
26428 : 2; 
26429 : 2; 
26430 : 2; 
26431 : 2; 
26432 : 2; 
26433 : 2; 
26434 : 2; 
26435 : 2; 
26436 : 2; 
26437 : 2; 
26438 : 2; 
26439 : 2; 
26440 : 2; 
26441 : 2; 
26442 : 2; 
26443 : 2; 
26444 : 2; 
26445 : 2; 
26446 : 2; 
26447 : 2; 
26448 : 2; 
26449 : 2; 
26450 : 2; 
26451 : 2; 
26452 : 2; 
26453 : 2; 
26454 : 2; 
26455 : 2; 
26456 : 2; 
26457 : 2; 
26458 : 2; 
26459 : 2; 
26460 : 2; 
26461 : 2; 
26462 : 2; 
26463 : 2; 
26464 : 2; 
26465 : 2; 
26466 : 2; 
26467 : 2; 
26468 : 2; 
26469 : 2; 
26470 : 2; 
26471 : 3; 
26472 : 3; 
26473 : 3; 
26474 : 3; 
26475 : 3; 
26476 : 3; 
26477 : 3; 
26478 : 3; 
26479 : 3; 
26480 : 3; 
26481 : 3; 
26482 : 3; 
26483 : 3; 
26484 : 3; 
26485 : 3; 
26486 : 3; 
26487 : 3; 
26488 : 3; 
26489 : 3; 
26490 : 3; 
26491 : 3; 
26492 : 3; 
26493 : 3; 
26494 : 3; 
26495 : 3; 
26496 : 2; 
26497 : 0; 
26498 : 0; 
26499 : 0; 
26500 : 0; 
26501 : 0; 
26502 : 0; 
26503 : 0; 
26504 : 0; 
26505 : 0; 
26506 : 0; 
26507 : 0; 
26508 : 0; 
26509 : 0; 
26510 : 0; 
26511 : 0; 
26512 : 0; 
26513 : 0; 
26514 : 0; 
26515 : 0; 
26516 : 0; 
26517 : 0; 
26518 : 0; 
26519 : 0; 
26520 : 0; 
26521 : 1; 
26522 : 1; 
26523 : 1; 
26524 : 1; 
26525 : 1; 
26526 : 1; 
26527 : 1; 
26528 : 1; 
26529 : 1; 
26530 : 1; 
26531 : 1; 
26532 : 1; 
26533 : 1; 
26534 : 1; 
26535 : 1; 
26536 : 1; 
26537 : 1; 
26538 : 1; 
26539 : 1; 
26540 : 1; 
26541 : 1; 
26542 : 1; 
26543 : 1; 
26544 : 1; 
26545 : 1; 
26546 : 1; 
26547 : 1; 
26548 : 1; 
26549 : 1; 
26550 : 1; 
26551 : 1; 
26552 : 1; 
26553 : 1; 
26554 : 1; 
26555 : 1; 
26556 : 1; 
26557 : 1; 
26558 : 1; 
26559 : 1; 
26560 : 1; 
26561 : 1; 
26562 : 1; 
26563 : 1; 
26564 : 1; 
26565 : 1; 
26566 : 1; 
26567 : 1; 
26568 : 1; 
26569 : 1; 
26570 : 1; 
26571 : 1; 
26572 : 1; 
26573 : 1; 
26574 : 1; 
26575 : 1; 
26576 : 1; 
26577 : 1; 
26578 : 1; 
26579 : 1; 
26580 : 1; 
26581 : 1; 
26582 : 1; 
26583 : 1; 
26584 : 1; 
26585 : 1; 
26586 : 1; 
26587 : 1; 
26588 : 1; 
26589 : 1; 
26590 : 1; 
26591 : 1; 
26592 : 1; 
26593 : 1; 
26594 : 1; 
26595 : 1; 
26596 : 1; 
26597 : 1; 
26598 : 1; 
26599 : 1; 
26600 : 1; 
26601 : 1; 
26602 : 1; 
26603 : 1; 
26604 : 1; 
26605 : 1; 
26606 : 1; 
26607 : 1; 
26608 : 1; 
26609 : 1; 
26610 : 1; 
26611 : 1; 
26612 : 1; 
26613 : 1; 
26614 : 1; 
26615 : 1; 
26616 : 1; 
26617 : 1; 
26618 : 1; 
26619 : 1; 
26620 : 1; 
26621 : 1; 
26622 : 1; 
26623 : 1; 
26624 : 2; 
26625 : 2; 
26626 : 2; 
26627 : 2; 
26628 : 2; 
26629 : 2; 
26630 : 2; 
26631 : 2; 
26632 : 2; 
26633 : 2; 
26634 : 2; 
26635 : 2; 
26636 : 2; 
26637 : 2; 
26638 : 2; 
26639 : 2; 
26640 : 2; 
26641 : 2; 
26642 : 2; 
26643 : 2; 
26644 : 2; 
26645 : 2; 
26646 : 2; 
26647 : 2; 
26648 : 2; 
26649 : 2; 
26650 : 2; 
26651 : 2; 
26652 : 2; 
26653 : 2; 
26654 : 2; 
26655 : 2; 
26656 : 2; 
26657 : 2; 
26658 : 2; 
26659 : 2; 
26660 : 2; 
26661 : 2; 
26662 : 2; 
26663 : 2; 
26664 : 2; 
26665 : 2; 
26666 : 2; 
26667 : 2; 
26668 : 2; 
26669 : 2; 
26670 : 2; 
26671 : 2; 
26672 : 2; 
26673 : 2; 
26674 : 2; 
26675 : 2; 
26676 : 2; 
26677 : 2; 
26678 : 2; 
26679 : 2; 
26680 : 2; 
26681 : 2; 
26682 : 2; 
26683 : 2; 
26684 : 2; 
26685 : 2; 
26686 : 2; 
26687 : 2; 
26688 : 2; 
26689 : 2; 
26690 : 2; 
26691 : 2; 
26692 : 2; 
26693 : 2; 
26694 : 2; 
26695 : 2; 
26696 : 2; 
26697 : 2; 
26698 : 2; 
26699 : 2; 
26700 : 2; 
26701 : 2; 
26702 : 2; 
26703 : 2; 
26704 : 2; 
26705 : 2; 
26706 : 2; 
26707 : 2; 
26708 : 2; 
26709 : 2; 
26710 : 2; 
26711 : 2; 
26712 : 2; 
26713 : 2; 
26714 : 2; 
26715 : 2; 
26716 : 2; 
26717 : 2; 
26718 : 2; 
26719 : 2; 
26720 : 2; 
26721 : 2; 
26722 : 2; 
26723 : 2; 
26724 : 2; 
26725 : 2; 
26726 : 2; 
26727 : 2; 
26728 : 3; 
26729 : 3; 
26730 : 3; 
26731 : 3; 
26732 : 3; 
26733 : 3; 
26734 : 3; 
26735 : 3; 
26736 : 3; 
26737 : 3; 
26738 : 3; 
26739 : 3; 
26740 : 3; 
26741 : 3; 
26742 : 3; 
26743 : 3; 
26744 : 3; 
26745 : 3; 
26746 : 3; 
26747 : 3; 
26748 : 3; 
26749 : 3; 
26750 : 3; 
26751 : 3; 
26752 : 2; 
26753 : 0; 
26754 : 0; 
26755 : 0; 
26756 : 0; 
26757 : 0; 
26758 : 0; 
26759 : 0; 
26760 : 0; 
26761 : 0; 
26762 : 0; 
26763 : 0; 
26764 : 0; 
26765 : 0; 
26766 : 0; 
26767 : 0; 
26768 : 0; 
26769 : 0; 
26770 : 0; 
26771 : 0; 
26772 : 0; 
26773 : 0; 
26774 : 0; 
26775 : 0; 
26776 : 1; 
26777 : 1; 
26778 : 1; 
26779 : 1; 
26780 : 1; 
26781 : 1; 
26782 : 1; 
26783 : 1; 
26784 : 1; 
26785 : 1; 
26786 : 1; 
26787 : 1; 
26788 : 1; 
26789 : 1; 
26790 : 1; 
26791 : 1; 
26792 : 1; 
26793 : 1; 
26794 : 1; 
26795 : 1; 
26796 : 1; 
26797 : 1; 
26798 : 1; 
26799 : 1; 
26800 : 1; 
26801 : 1; 
26802 : 1; 
26803 : 1; 
26804 : 1; 
26805 : 1; 
26806 : 1; 
26807 : 1; 
26808 : 1; 
26809 : 1; 
26810 : 1; 
26811 : 1; 
26812 : 1; 
26813 : 1; 
26814 : 1; 
26815 : 1; 
26816 : 1; 
26817 : 1; 
26818 : 1; 
26819 : 1; 
26820 : 1; 
26821 : 1; 
26822 : 1; 
26823 : 1; 
26824 : 1; 
26825 : 1; 
26826 : 1; 
26827 : 1; 
26828 : 1; 
26829 : 1; 
26830 : 1; 
26831 : 1; 
26832 : 1; 
26833 : 1; 
26834 : 1; 
26835 : 1; 
26836 : 1; 
26837 : 1; 
26838 : 1; 
26839 : 1; 
26840 : 1; 
26841 : 1; 
26842 : 1; 
26843 : 1; 
26844 : 1; 
26845 : 1; 
26846 : 1; 
26847 : 1; 
26848 : 1; 
26849 : 1; 
26850 : 1; 
26851 : 1; 
26852 : 1; 
26853 : 1; 
26854 : 1; 
26855 : 1; 
26856 : 1; 
26857 : 1; 
26858 : 1; 
26859 : 1; 
26860 : 1; 
26861 : 1; 
26862 : 1; 
26863 : 1; 
26864 : 1; 
26865 : 1; 
26866 : 1; 
26867 : 1; 
26868 : 1; 
26869 : 1; 
26870 : 1; 
26871 : 1; 
26872 : 1; 
26873 : 1; 
26874 : 1; 
26875 : 1; 
26876 : 1; 
26877 : 1; 
26878 : 1; 
26879 : 1; 
26880 : 2; 
26881 : 2; 
26882 : 2; 
26883 : 2; 
26884 : 2; 
26885 : 2; 
26886 : 2; 
26887 : 2; 
26888 : 2; 
26889 : 2; 
26890 : 2; 
26891 : 2; 
26892 : 2; 
26893 : 2; 
26894 : 2; 
26895 : 2; 
26896 : 2; 
26897 : 2; 
26898 : 2; 
26899 : 2; 
26900 : 2; 
26901 : 2; 
26902 : 2; 
26903 : 2; 
26904 : 2; 
26905 : 2; 
26906 : 2; 
26907 : 2; 
26908 : 2; 
26909 : 2; 
26910 : 2; 
26911 : 2; 
26912 : 2; 
26913 : 2; 
26914 : 2; 
26915 : 2; 
26916 : 2; 
26917 : 2; 
26918 : 2; 
26919 : 2; 
26920 : 2; 
26921 : 2; 
26922 : 2; 
26923 : 2; 
26924 : 2; 
26925 : 2; 
26926 : 2; 
26927 : 2; 
26928 : 2; 
26929 : 2; 
26930 : 2; 
26931 : 2; 
26932 : 2; 
26933 : 2; 
26934 : 2; 
26935 : 2; 
26936 : 2; 
26937 : 2; 
26938 : 2; 
26939 : 2; 
26940 : 2; 
26941 : 2; 
26942 : 2; 
26943 : 2; 
26944 : 2; 
26945 : 2; 
26946 : 2; 
26947 : 2; 
26948 : 2; 
26949 : 2; 
26950 : 2; 
26951 : 2; 
26952 : 2; 
26953 : 2; 
26954 : 2; 
26955 : 2; 
26956 : 2; 
26957 : 2; 
26958 : 2; 
26959 : 2; 
26960 : 2; 
26961 : 2; 
26962 : 2; 
26963 : 2; 
26964 : 2; 
26965 : 2; 
26966 : 2; 
26967 : 2; 
26968 : 2; 
26969 : 2; 
26970 : 2; 
26971 : 2; 
26972 : 2; 
26973 : 2; 
26974 : 2; 
26975 : 2; 
26976 : 2; 
26977 : 2; 
26978 : 2; 
26979 : 2; 
26980 : 2; 
26981 : 2; 
26982 : 2; 
26983 : 2; 
26984 : 2; 
26985 : 3; 
26986 : 3; 
26987 : 3; 
26988 : 3; 
26989 : 3; 
26990 : 3; 
26991 : 3; 
26992 : 3; 
26993 : 3; 
26994 : 3; 
26995 : 3; 
26996 : 3; 
26997 : 3; 
26998 : 3; 
26999 : 3; 
27000 : 3; 
27001 : 3; 
27002 : 3; 
27003 : 3; 
27004 : 3; 
27005 : 3; 
27006 : 3; 
27007 : 3; 
27008 : 2; 
27009 : 0; 
27010 : 0; 
27011 : 0; 
27012 : 0; 
27013 : 0; 
27014 : 0; 
27015 : 0; 
27016 : 0; 
27017 : 0; 
27018 : 0; 
27019 : 0; 
27020 : 0; 
27021 : 0; 
27022 : 0; 
27023 : 0; 
27024 : 0; 
27025 : 0; 
27026 : 0; 
27027 : 0; 
27028 : 0; 
27029 : 0; 
27030 : 0; 
27031 : 1; 
27032 : 1; 
27033 : 1; 
27034 : 1; 
27035 : 1; 
27036 : 1; 
27037 : 1; 
27038 : 1; 
27039 : 1; 
27040 : 1; 
27041 : 1; 
27042 : 1; 
27043 : 1; 
27044 : 1; 
27045 : 1; 
27046 : 1; 
27047 : 1; 
27048 : 1; 
27049 : 1; 
27050 : 1; 
27051 : 1; 
27052 : 1; 
27053 : 1; 
27054 : 1; 
27055 : 1; 
27056 : 1; 
27057 : 1; 
27058 : 1; 
27059 : 1; 
27060 : 1; 
27061 : 1; 
27062 : 1; 
27063 : 1; 
27064 : 1; 
27065 : 1; 
27066 : 1; 
27067 : 1; 
27068 : 1; 
27069 : 1; 
27070 : 1; 
27071 : 1; 
27072 : 1; 
27073 : 1; 
27074 : 1; 
27075 : 1; 
27076 : 1; 
27077 : 1; 
27078 : 1; 
27079 : 1; 
27080 : 1; 
27081 : 1; 
27082 : 1; 
27083 : 1; 
27084 : 1; 
27085 : 1; 
27086 : 1; 
27087 : 1; 
27088 : 1; 
27089 : 1; 
27090 : 1; 
27091 : 1; 
27092 : 1; 
27093 : 1; 
27094 : 1; 
27095 : 1; 
27096 : 1; 
27097 : 1; 
27098 : 1; 
27099 : 1; 
27100 : 1; 
27101 : 1; 
27102 : 1; 
27103 : 1; 
27104 : 1; 
27105 : 1; 
27106 : 1; 
27107 : 1; 
27108 : 1; 
27109 : 1; 
27110 : 1; 
27111 : 1; 
27112 : 1; 
27113 : 1; 
27114 : 1; 
27115 : 1; 
27116 : 1; 
27117 : 1; 
27118 : 1; 
27119 : 1; 
27120 : 1; 
27121 : 1; 
27122 : 1; 
27123 : 1; 
27124 : 1; 
27125 : 1; 
27126 : 1; 
27127 : 1; 
27128 : 1; 
27129 : 1; 
27130 : 1; 
27131 : 1; 
27132 : 1; 
27133 : 1; 
27134 : 1; 
27135 : 1; 
27136 : 2; 
27137 : 2; 
27138 : 2; 
27139 : 2; 
27140 : 2; 
27141 : 2; 
27142 : 2; 
27143 : 2; 
27144 : 2; 
27145 : 2; 
27146 : 2; 
27147 : 2; 
27148 : 2; 
27149 : 2; 
27150 : 2; 
27151 : 2; 
27152 : 2; 
27153 : 2; 
27154 : 2; 
27155 : 2; 
27156 : 2; 
27157 : 2; 
27158 : 2; 
27159 : 2; 
27160 : 2; 
27161 : 2; 
27162 : 2; 
27163 : 2; 
27164 : 2; 
27165 : 2; 
27166 : 2; 
27167 : 2; 
27168 : 2; 
27169 : 2; 
27170 : 2; 
27171 : 2; 
27172 : 2; 
27173 : 2; 
27174 : 2; 
27175 : 2; 
27176 : 2; 
27177 : 2; 
27178 : 2; 
27179 : 2; 
27180 : 2; 
27181 : 2; 
27182 : 2; 
27183 : 2; 
27184 : 2; 
27185 : 2; 
27186 : 2; 
27187 : 2; 
27188 : 2; 
27189 : 2; 
27190 : 2; 
27191 : 2; 
27192 : 2; 
27193 : 2; 
27194 : 2; 
27195 : 2; 
27196 : 2; 
27197 : 2; 
27198 : 2; 
27199 : 2; 
27200 : 2; 
27201 : 2; 
27202 : 2; 
27203 : 2; 
27204 : 2; 
27205 : 2; 
27206 : 2; 
27207 : 2; 
27208 : 2; 
27209 : 2; 
27210 : 2; 
27211 : 2; 
27212 : 2; 
27213 : 2; 
27214 : 2; 
27215 : 2; 
27216 : 2; 
27217 : 2; 
27218 : 2; 
27219 : 2; 
27220 : 2; 
27221 : 2; 
27222 : 2; 
27223 : 2; 
27224 : 2; 
27225 : 2; 
27226 : 2; 
27227 : 2; 
27228 : 2; 
27229 : 2; 
27230 : 2; 
27231 : 2; 
27232 : 2; 
27233 : 2; 
27234 : 2; 
27235 : 2; 
27236 : 2; 
27237 : 2; 
27238 : 2; 
27239 : 2; 
27240 : 2; 
27241 : 2; 
27242 : 3; 
27243 : 3; 
27244 : 3; 
27245 : 3; 
27246 : 3; 
27247 : 3; 
27248 : 3; 
27249 : 3; 
27250 : 3; 
27251 : 3; 
27252 : 3; 
27253 : 3; 
27254 : 3; 
27255 : 3; 
27256 : 3; 
27257 : 3; 
27258 : 3; 
27259 : 3; 
27260 : 3; 
27261 : 3; 
27262 : 3; 
27263 : 3; 
27264 : 2; 
27265 : 0; 
27266 : 0; 
27267 : 0; 
27268 : 0; 
27269 : 0; 
27270 : 0; 
27271 : 0; 
27272 : 0; 
27273 : 0; 
27274 : 0; 
27275 : 0; 
27276 : 0; 
27277 : 0; 
27278 : 0; 
27279 : 0; 
27280 : 0; 
27281 : 0; 
27282 : 0; 
27283 : 0; 
27284 : 0; 
27285 : 0; 
27286 : 1; 
27287 : 1; 
27288 : 1; 
27289 : 1; 
27290 : 1; 
27291 : 1; 
27292 : 1; 
27293 : 1; 
27294 : 1; 
27295 : 1; 
27296 : 1; 
27297 : 1; 
27298 : 1; 
27299 : 1; 
27300 : 1; 
27301 : 1; 
27302 : 1; 
27303 : 1; 
27304 : 1; 
27305 : 1; 
27306 : 1; 
27307 : 1; 
27308 : 1; 
27309 : 1; 
27310 : 1; 
27311 : 1; 
27312 : 1; 
27313 : 1; 
27314 : 1; 
27315 : 1; 
27316 : 1; 
27317 : 1; 
27318 : 1; 
27319 : 1; 
27320 : 1; 
27321 : 1; 
27322 : 1; 
27323 : 1; 
27324 : 1; 
27325 : 1; 
27326 : 1; 
27327 : 1; 
27328 : 1; 
27329 : 1; 
27330 : 1; 
27331 : 1; 
27332 : 1; 
27333 : 1; 
27334 : 1; 
27335 : 1; 
27336 : 1; 
27337 : 1; 
27338 : 1; 
27339 : 1; 
27340 : 1; 
27341 : 1; 
27342 : 1; 
27343 : 1; 
27344 : 1; 
27345 : 1; 
27346 : 1; 
27347 : 1; 
27348 : 1; 
27349 : 1; 
27350 : 1; 
27351 : 1; 
27352 : 1; 
27353 : 1; 
27354 : 1; 
27355 : 1; 
27356 : 1; 
27357 : 1; 
27358 : 1; 
27359 : 1; 
27360 : 1; 
27361 : 1; 
27362 : 1; 
27363 : 1; 
27364 : 1; 
27365 : 1; 
27366 : 1; 
27367 : 1; 
27368 : 1; 
27369 : 1; 
27370 : 1; 
27371 : 1; 
27372 : 1; 
27373 : 1; 
27374 : 1; 
27375 : 1; 
27376 : 1; 
27377 : 1; 
27378 : 1; 
27379 : 1; 
27380 : 1; 
27381 : 1; 
27382 : 1; 
27383 : 1; 
27384 : 1; 
27385 : 1; 
27386 : 1; 
27387 : 1; 
27388 : 1; 
27389 : 1; 
27390 : 1; 
27391 : 1; 
27392 : 2; 
27393 : 2; 
27394 : 2; 
27395 : 2; 
27396 : 2; 
27397 : 2; 
27398 : 2; 
27399 : 2; 
27400 : 2; 
27401 : 2; 
27402 : 2; 
27403 : 2; 
27404 : 2; 
27405 : 2; 
27406 : 2; 
27407 : 2; 
27408 : 2; 
27409 : 2; 
27410 : 2; 
27411 : 2; 
27412 : 2; 
27413 : 2; 
27414 : 2; 
27415 : 2; 
27416 : 2; 
27417 : 2; 
27418 : 2; 
27419 : 2; 
27420 : 2; 
27421 : 2; 
27422 : 2; 
27423 : 2; 
27424 : 2; 
27425 : 2; 
27426 : 2; 
27427 : 2; 
27428 : 2; 
27429 : 2; 
27430 : 2; 
27431 : 2; 
27432 : 2; 
27433 : 2; 
27434 : 2; 
27435 : 2; 
27436 : 2; 
27437 : 2; 
27438 : 2; 
27439 : 2; 
27440 : 2; 
27441 : 2; 
27442 : 2; 
27443 : 2; 
27444 : 2; 
27445 : 2; 
27446 : 2; 
27447 : 2; 
27448 : 2; 
27449 : 2; 
27450 : 2; 
27451 : 2; 
27452 : 2; 
27453 : 2; 
27454 : 2; 
27455 : 2; 
27456 : 2; 
27457 : 2; 
27458 : 2; 
27459 : 2; 
27460 : 2; 
27461 : 2; 
27462 : 2; 
27463 : 2; 
27464 : 2; 
27465 : 2; 
27466 : 2; 
27467 : 2; 
27468 : 2; 
27469 : 2; 
27470 : 2; 
27471 : 2; 
27472 : 2; 
27473 : 2; 
27474 : 2; 
27475 : 2; 
27476 : 2; 
27477 : 2; 
27478 : 2; 
27479 : 2; 
27480 : 2; 
27481 : 2; 
27482 : 2; 
27483 : 2; 
27484 : 2; 
27485 : 2; 
27486 : 2; 
27487 : 2; 
27488 : 2; 
27489 : 2; 
27490 : 2; 
27491 : 2; 
27492 : 2; 
27493 : 2; 
27494 : 2; 
27495 : 2; 
27496 : 2; 
27497 : 2; 
27498 : 2; 
27499 : 3; 
27500 : 3; 
27501 : 3; 
27502 : 3; 
27503 : 3; 
27504 : 3; 
27505 : 3; 
27506 : 3; 
27507 : 3; 
27508 : 3; 
27509 : 3; 
27510 : 3; 
27511 : 3; 
27512 : 3; 
27513 : 3; 
27514 : 3; 
27515 : 3; 
27516 : 3; 
27517 : 3; 
27518 : 3; 
27519 : 3; 
27520 : 2; 
27521 : 0; 
27522 : 0; 
27523 : 0; 
27524 : 0; 
27525 : 0; 
27526 : 0; 
27527 : 0; 
27528 : 0; 
27529 : 0; 
27530 : 0; 
27531 : 0; 
27532 : 0; 
27533 : 0; 
27534 : 0; 
27535 : 0; 
27536 : 0; 
27537 : 0; 
27538 : 0; 
27539 : 0; 
27540 : 0; 
27541 : 1; 
27542 : 1; 
27543 : 1; 
27544 : 1; 
27545 : 1; 
27546 : 1; 
27547 : 1; 
27548 : 1; 
27549 : 1; 
27550 : 1; 
27551 : 1; 
27552 : 1; 
27553 : 1; 
27554 : 1; 
27555 : 1; 
27556 : 1; 
27557 : 1; 
27558 : 1; 
27559 : 1; 
27560 : 1; 
27561 : 1; 
27562 : 1; 
27563 : 1; 
27564 : 1; 
27565 : 1; 
27566 : 1; 
27567 : 1; 
27568 : 1; 
27569 : 1; 
27570 : 1; 
27571 : 1; 
27572 : 1; 
27573 : 1; 
27574 : 1; 
27575 : 1; 
27576 : 1; 
27577 : 1; 
27578 : 1; 
27579 : 1; 
27580 : 1; 
27581 : 1; 
27582 : 1; 
27583 : 1; 
27584 : 1; 
27585 : 1; 
27586 : 1; 
27587 : 1; 
27588 : 1; 
27589 : 1; 
27590 : 1; 
27591 : 1; 
27592 : 1; 
27593 : 1; 
27594 : 1; 
27595 : 1; 
27596 : 1; 
27597 : 1; 
27598 : 1; 
27599 : 1; 
27600 : 1; 
27601 : 1; 
27602 : 1; 
27603 : 1; 
27604 : 1; 
27605 : 1; 
27606 : 1; 
27607 : 1; 
27608 : 1; 
27609 : 1; 
27610 : 1; 
27611 : 1; 
27612 : 1; 
27613 : 1; 
27614 : 1; 
27615 : 1; 
27616 : 1; 
27617 : 1; 
27618 : 1; 
27619 : 1; 
27620 : 1; 
27621 : 1; 
27622 : 1; 
27623 : 1; 
27624 : 1; 
27625 : 1; 
27626 : 1; 
27627 : 1; 
27628 : 1; 
27629 : 1; 
27630 : 1; 
27631 : 1; 
27632 : 1; 
27633 : 1; 
27634 : 1; 
27635 : 1; 
27636 : 1; 
27637 : 1; 
27638 : 1; 
27639 : 1; 
27640 : 1; 
27641 : 1; 
27642 : 1; 
27643 : 1; 
27644 : 1; 
27645 : 1; 
27646 : 1; 
27647 : 1; 
27648 : 2; 
27649 : 2; 
27650 : 2; 
27651 : 2; 
27652 : 2; 
27653 : 2; 
27654 : 2; 
27655 : 2; 
27656 : 2; 
27657 : 2; 
27658 : 2; 
27659 : 2; 
27660 : 2; 
27661 : 2; 
27662 : 2; 
27663 : 2; 
27664 : 2; 
27665 : 2; 
27666 : 2; 
27667 : 2; 
27668 : 2; 
27669 : 2; 
27670 : 2; 
27671 : 2; 
27672 : 2; 
27673 : 2; 
27674 : 2; 
27675 : 2; 
27676 : 2; 
27677 : 2; 
27678 : 2; 
27679 : 2; 
27680 : 2; 
27681 : 2; 
27682 : 2; 
27683 : 2; 
27684 : 2; 
27685 : 2; 
27686 : 2; 
27687 : 2; 
27688 : 2; 
27689 : 2; 
27690 : 2; 
27691 : 2; 
27692 : 2; 
27693 : 2; 
27694 : 2; 
27695 : 2; 
27696 : 2; 
27697 : 2; 
27698 : 2; 
27699 : 2; 
27700 : 2; 
27701 : 2; 
27702 : 2; 
27703 : 2; 
27704 : 2; 
27705 : 2; 
27706 : 2; 
27707 : 2; 
27708 : 2; 
27709 : 2; 
27710 : 2; 
27711 : 2; 
27712 : 2; 
27713 : 2; 
27714 : 2; 
27715 : 2; 
27716 : 2; 
27717 : 2; 
27718 : 2; 
27719 : 2; 
27720 : 2; 
27721 : 2; 
27722 : 2; 
27723 : 2; 
27724 : 2; 
27725 : 2; 
27726 : 2; 
27727 : 2; 
27728 : 2; 
27729 : 2; 
27730 : 2; 
27731 : 2; 
27732 : 2; 
27733 : 2; 
27734 : 2; 
27735 : 2; 
27736 : 2; 
27737 : 2; 
27738 : 2; 
27739 : 2; 
27740 : 2; 
27741 : 2; 
27742 : 2; 
27743 : 2; 
27744 : 2; 
27745 : 2; 
27746 : 2; 
27747 : 2; 
27748 : 2; 
27749 : 2; 
27750 : 2; 
27751 : 2; 
27752 : 2; 
27753 : 2; 
27754 : 2; 
27755 : 2; 
27756 : 3; 
27757 : 3; 
27758 : 3; 
27759 : 3; 
27760 : 3; 
27761 : 3; 
27762 : 3; 
27763 : 3; 
27764 : 3; 
27765 : 3; 
27766 : 3; 
27767 : 3; 
27768 : 3; 
27769 : 3; 
27770 : 3; 
27771 : 3; 
27772 : 3; 
27773 : 3; 
27774 : 3; 
27775 : 3; 
27776 : 2; 
27777 : 0; 
27778 : 0; 
27779 : 0; 
27780 : 0; 
27781 : 0; 
27782 : 0; 
27783 : 0; 
27784 : 0; 
27785 : 0; 
27786 : 0; 
27787 : 0; 
27788 : 0; 
27789 : 0; 
27790 : 0; 
27791 : 0; 
27792 : 0; 
27793 : 0; 
27794 : 0; 
27795 : 0; 
27796 : 1; 
27797 : 1; 
27798 : 1; 
27799 : 1; 
27800 : 1; 
27801 : 1; 
27802 : 1; 
27803 : 1; 
27804 : 1; 
27805 : 1; 
27806 : 1; 
27807 : 1; 
27808 : 1; 
27809 : 1; 
27810 : 1; 
27811 : 1; 
27812 : 1; 
27813 : 1; 
27814 : 1; 
27815 : 1; 
27816 : 1; 
27817 : 1; 
27818 : 1; 
27819 : 1; 
27820 : 1; 
27821 : 1; 
27822 : 1; 
27823 : 1; 
27824 : 1; 
27825 : 1; 
27826 : 1; 
27827 : 1; 
27828 : 1; 
27829 : 1; 
27830 : 1; 
27831 : 1; 
27832 : 1; 
27833 : 1; 
27834 : 1; 
27835 : 1; 
27836 : 1; 
27837 : 1; 
27838 : 1; 
27839 : 1; 
27840 : 1; 
27841 : 1; 
27842 : 1; 
27843 : 1; 
27844 : 1; 
27845 : 1; 
27846 : 1; 
27847 : 1; 
27848 : 1; 
27849 : 1; 
27850 : 1; 
27851 : 1; 
27852 : 1; 
27853 : 1; 
27854 : 1; 
27855 : 1; 
27856 : 1; 
27857 : 1; 
27858 : 1; 
27859 : 1; 
27860 : 1; 
27861 : 1; 
27862 : 1; 
27863 : 1; 
27864 : 1; 
27865 : 1; 
27866 : 1; 
27867 : 1; 
27868 : 1; 
27869 : 1; 
27870 : 1; 
27871 : 1; 
27872 : 1; 
27873 : 1; 
27874 : 1; 
27875 : 1; 
27876 : 1; 
27877 : 1; 
27878 : 1; 
27879 : 1; 
27880 : 1; 
27881 : 1; 
27882 : 1; 
27883 : 1; 
27884 : 1; 
27885 : 1; 
27886 : 1; 
27887 : 1; 
27888 : 1; 
27889 : 1; 
27890 : 1; 
27891 : 1; 
27892 : 1; 
27893 : 1; 
27894 : 1; 
27895 : 1; 
27896 : 1; 
27897 : 1; 
27898 : 1; 
27899 : 1; 
27900 : 1; 
27901 : 1; 
27902 : 1; 
27903 : 1; 
27904 : 2; 
27905 : 2; 
27906 : 2; 
27907 : 2; 
27908 : 2; 
27909 : 2; 
27910 : 2; 
27911 : 2; 
27912 : 2; 
27913 : 2; 
27914 : 2; 
27915 : 2; 
27916 : 2; 
27917 : 2; 
27918 : 2; 
27919 : 2; 
27920 : 2; 
27921 : 2; 
27922 : 2; 
27923 : 2; 
27924 : 2; 
27925 : 2; 
27926 : 2; 
27927 : 2; 
27928 : 2; 
27929 : 2; 
27930 : 2; 
27931 : 2; 
27932 : 2; 
27933 : 2; 
27934 : 2; 
27935 : 2; 
27936 : 2; 
27937 : 2; 
27938 : 2; 
27939 : 2; 
27940 : 2; 
27941 : 2; 
27942 : 2; 
27943 : 2; 
27944 : 2; 
27945 : 2; 
27946 : 2; 
27947 : 2; 
27948 : 2; 
27949 : 2; 
27950 : 2; 
27951 : 2; 
27952 : 2; 
27953 : 2; 
27954 : 2; 
27955 : 2; 
27956 : 2; 
27957 : 2; 
27958 : 2; 
27959 : 2; 
27960 : 2; 
27961 : 2; 
27962 : 2; 
27963 : 2; 
27964 : 2; 
27965 : 2; 
27966 : 2; 
27967 : 2; 
27968 : 2; 
27969 : 2; 
27970 : 2; 
27971 : 2; 
27972 : 2; 
27973 : 2; 
27974 : 2; 
27975 : 2; 
27976 : 2; 
27977 : 2; 
27978 : 2; 
27979 : 2; 
27980 : 2; 
27981 : 2; 
27982 : 2; 
27983 : 2; 
27984 : 2; 
27985 : 2; 
27986 : 2; 
27987 : 2; 
27988 : 2; 
27989 : 2; 
27990 : 2; 
27991 : 2; 
27992 : 2; 
27993 : 2; 
27994 : 2; 
27995 : 2; 
27996 : 2; 
27997 : 2; 
27998 : 2; 
27999 : 2; 
28000 : 2; 
28001 : 2; 
28002 : 2; 
28003 : 2; 
28004 : 2; 
28005 : 2; 
28006 : 2; 
28007 : 2; 
28008 : 2; 
28009 : 2; 
28010 : 2; 
28011 : 2; 
28012 : 2; 
28013 : 3; 
28014 : 3; 
28015 : 3; 
28016 : 3; 
28017 : 3; 
28018 : 3; 
28019 : 3; 
28020 : 3; 
28021 : 3; 
28022 : 3; 
28023 : 3; 
28024 : 3; 
28025 : 3; 
28026 : 3; 
28027 : 3; 
28028 : 3; 
28029 : 3; 
28030 : 3; 
28031 : 3; 
28032 : 2; 
28033 : 0; 
28034 : 0; 
28035 : 0; 
28036 : 0; 
28037 : 0; 
28038 : 0; 
28039 : 0; 
28040 : 0; 
28041 : 0; 
28042 : 0; 
28043 : 0; 
28044 : 0; 
28045 : 0; 
28046 : 0; 
28047 : 0; 
28048 : 0; 
28049 : 0; 
28050 : 0; 
28051 : 1; 
28052 : 1; 
28053 : 1; 
28054 : 1; 
28055 : 1; 
28056 : 1; 
28057 : 1; 
28058 : 1; 
28059 : 1; 
28060 : 1; 
28061 : 1; 
28062 : 1; 
28063 : 1; 
28064 : 1; 
28065 : 1; 
28066 : 1; 
28067 : 1; 
28068 : 1; 
28069 : 1; 
28070 : 1; 
28071 : 1; 
28072 : 1; 
28073 : 1; 
28074 : 1; 
28075 : 1; 
28076 : 1; 
28077 : 1; 
28078 : 1; 
28079 : 1; 
28080 : 1; 
28081 : 1; 
28082 : 1; 
28083 : 1; 
28084 : 1; 
28085 : 1; 
28086 : 1; 
28087 : 1; 
28088 : 1; 
28089 : 1; 
28090 : 1; 
28091 : 1; 
28092 : 1; 
28093 : 1; 
28094 : 1; 
28095 : 1; 
28096 : 1; 
28097 : 1; 
28098 : 1; 
28099 : 1; 
28100 : 1; 
28101 : 1; 
28102 : 1; 
28103 : 1; 
28104 : 1; 
28105 : 1; 
28106 : 1; 
28107 : 1; 
28108 : 1; 
28109 : 1; 
28110 : 1; 
28111 : 1; 
28112 : 1; 
28113 : 1; 
28114 : 1; 
28115 : 1; 
28116 : 1; 
28117 : 1; 
28118 : 1; 
28119 : 1; 
28120 : 1; 
28121 : 1; 
28122 : 1; 
28123 : 1; 
28124 : 1; 
28125 : 1; 
28126 : 1; 
28127 : 1; 
28128 : 1; 
28129 : 1; 
28130 : 1; 
28131 : 1; 
28132 : 1; 
28133 : 1; 
28134 : 1; 
28135 : 1; 
28136 : 1; 
28137 : 1; 
28138 : 1; 
28139 : 1; 
28140 : 1; 
28141 : 1; 
28142 : 1; 
28143 : 1; 
28144 : 1; 
28145 : 1; 
28146 : 1; 
28147 : 1; 
28148 : 1; 
28149 : 1; 
28150 : 1; 
28151 : 1; 
28152 : 1; 
28153 : 1; 
28154 : 1; 
28155 : 1; 
28156 : 1; 
28157 : 1; 
28158 : 1; 
28159 : 1; 
28160 : 2; 
28161 : 2; 
28162 : 2; 
28163 : 2; 
28164 : 2; 
28165 : 2; 
28166 : 2; 
28167 : 2; 
28168 : 2; 
28169 : 2; 
28170 : 2; 
28171 : 2; 
28172 : 2; 
28173 : 2; 
28174 : 2; 
28175 : 2; 
28176 : 2; 
28177 : 2; 
28178 : 2; 
28179 : 2; 
28180 : 2; 
28181 : 2; 
28182 : 2; 
28183 : 2; 
28184 : 2; 
28185 : 2; 
28186 : 2; 
28187 : 2; 
28188 : 2; 
28189 : 2; 
28190 : 2; 
28191 : 2; 
28192 : 2; 
28193 : 2; 
28194 : 2; 
28195 : 2; 
28196 : 2; 
28197 : 2; 
28198 : 2; 
28199 : 2; 
28200 : 2; 
28201 : 2; 
28202 : 2; 
28203 : 2; 
28204 : 2; 
28205 : 2; 
28206 : 2; 
28207 : 2; 
28208 : 2; 
28209 : 2; 
28210 : 2; 
28211 : 2; 
28212 : 2; 
28213 : 2; 
28214 : 2; 
28215 : 2; 
28216 : 2; 
28217 : 2; 
28218 : 2; 
28219 : 2; 
28220 : 2; 
28221 : 2; 
28222 : 2; 
28223 : 2; 
28224 : 2; 
28225 : 2; 
28226 : 2; 
28227 : 2; 
28228 : 2; 
28229 : 2; 
28230 : 2; 
28231 : 2; 
28232 : 2; 
28233 : 2; 
28234 : 2; 
28235 : 2; 
28236 : 2; 
28237 : 2; 
28238 : 2; 
28239 : 2; 
28240 : 2; 
28241 : 2; 
28242 : 2; 
28243 : 2; 
28244 : 2; 
28245 : 2; 
28246 : 2; 
28247 : 2; 
28248 : 2; 
28249 : 2; 
28250 : 2; 
28251 : 2; 
28252 : 2; 
28253 : 2; 
28254 : 2; 
28255 : 2; 
28256 : 2; 
28257 : 2; 
28258 : 2; 
28259 : 2; 
28260 : 2; 
28261 : 2; 
28262 : 2; 
28263 : 2; 
28264 : 2; 
28265 : 2; 
28266 : 2; 
28267 : 2; 
28268 : 2; 
28269 : 2; 
28270 : 3; 
28271 : 3; 
28272 : 3; 
28273 : 3; 
28274 : 3; 
28275 : 3; 
28276 : 3; 
28277 : 3; 
28278 : 3; 
28279 : 3; 
28280 : 3; 
28281 : 3; 
28282 : 3; 
28283 : 3; 
28284 : 3; 
28285 : 3; 
28286 : 3; 
28287 : 3; 
28288 : 2; 
28289 : 0; 
28290 : 0; 
28291 : 0; 
28292 : 0; 
28293 : 0; 
28294 : 0; 
28295 : 0; 
28296 : 0; 
28297 : 0; 
28298 : 0; 
28299 : 0; 
28300 : 0; 
28301 : 0; 
28302 : 0; 
28303 : 0; 
28304 : 0; 
28305 : 0; 
28306 : 1; 
28307 : 1; 
28308 : 1; 
28309 : 1; 
28310 : 1; 
28311 : 1; 
28312 : 1; 
28313 : 1; 
28314 : 1; 
28315 : 1; 
28316 : 1; 
28317 : 1; 
28318 : 1; 
28319 : 1; 
28320 : 1; 
28321 : 1; 
28322 : 1; 
28323 : 1; 
28324 : 1; 
28325 : 1; 
28326 : 1; 
28327 : 1; 
28328 : 1; 
28329 : 1; 
28330 : 1; 
28331 : 1; 
28332 : 1; 
28333 : 1; 
28334 : 1; 
28335 : 1; 
28336 : 1; 
28337 : 1; 
28338 : 1; 
28339 : 1; 
28340 : 1; 
28341 : 1; 
28342 : 1; 
28343 : 1; 
28344 : 1; 
28345 : 1; 
28346 : 1; 
28347 : 1; 
28348 : 1; 
28349 : 1; 
28350 : 1; 
28351 : 1; 
28352 : 1; 
28353 : 1; 
28354 : 1; 
28355 : 1; 
28356 : 1; 
28357 : 1; 
28358 : 1; 
28359 : 1; 
28360 : 1; 
28361 : 1; 
28362 : 1; 
28363 : 1; 
28364 : 1; 
28365 : 1; 
28366 : 1; 
28367 : 1; 
28368 : 1; 
28369 : 1; 
28370 : 1; 
28371 : 1; 
28372 : 1; 
28373 : 1; 
28374 : 1; 
28375 : 1; 
28376 : 1; 
28377 : 1; 
28378 : 1; 
28379 : 1; 
28380 : 1; 
28381 : 1; 
28382 : 1; 
28383 : 1; 
28384 : 1; 
28385 : 1; 
28386 : 1; 
28387 : 1; 
28388 : 1; 
28389 : 1; 
28390 : 1; 
28391 : 1; 
28392 : 1; 
28393 : 1; 
28394 : 1; 
28395 : 1; 
28396 : 1; 
28397 : 1; 
28398 : 1; 
28399 : 1; 
28400 : 1; 
28401 : 1; 
28402 : 1; 
28403 : 1; 
28404 : 1; 
28405 : 1; 
28406 : 1; 
28407 : 1; 
28408 : 1; 
28409 : 1; 
28410 : 1; 
28411 : 1; 
28412 : 1; 
28413 : 1; 
28414 : 1; 
28415 : 1; 
28416 : 2; 
28417 : 2; 
28418 : 2; 
28419 : 2; 
28420 : 2; 
28421 : 2; 
28422 : 2; 
28423 : 2; 
28424 : 2; 
28425 : 2; 
28426 : 2; 
28427 : 2; 
28428 : 2; 
28429 : 2; 
28430 : 2; 
28431 : 2; 
28432 : 2; 
28433 : 2; 
28434 : 2; 
28435 : 2; 
28436 : 2; 
28437 : 2; 
28438 : 2; 
28439 : 2; 
28440 : 2; 
28441 : 2; 
28442 : 2; 
28443 : 2; 
28444 : 2; 
28445 : 2; 
28446 : 2; 
28447 : 2; 
28448 : 2; 
28449 : 2; 
28450 : 2; 
28451 : 2; 
28452 : 2; 
28453 : 2; 
28454 : 2; 
28455 : 2; 
28456 : 2; 
28457 : 2; 
28458 : 2; 
28459 : 2; 
28460 : 2; 
28461 : 2; 
28462 : 2; 
28463 : 2; 
28464 : 2; 
28465 : 2; 
28466 : 2; 
28467 : 2; 
28468 : 2; 
28469 : 2; 
28470 : 2; 
28471 : 2; 
28472 : 2; 
28473 : 2; 
28474 : 2; 
28475 : 2; 
28476 : 2; 
28477 : 2; 
28478 : 2; 
28479 : 2; 
28480 : 2; 
28481 : 2; 
28482 : 2; 
28483 : 2; 
28484 : 2; 
28485 : 2; 
28486 : 2; 
28487 : 2; 
28488 : 2; 
28489 : 2; 
28490 : 2; 
28491 : 2; 
28492 : 2; 
28493 : 2; 
28494 : 2; 
28495 : 2; 
28496 : 2; 
28497 : 2; 
28498 : 2; 
28499 : 2; 
28500 : 2; 
28501 : 2; 
28502 : 2; 
28503 : 2; 
28504 : 2; 
28505 : 2; 
28506 : 2; 
28507 : 2; 
28508 : 2; 
28509 : 2; 
28510 : 2; 
28511 : 2; 
28512 : 2; 
28513 : 2; 
28514 : 2; 
28515 : 2; 
28516 : 2; 
28517 : 2; 
28518 : 2; 
28519 : 2; 
28520 : 2; 
28521 : 2; 
28522 : 2; 
28523 : 2; 
28524 : 2; 
28525 : 2; 
28526 : 2; 
28527 : 3; 
28528 : 3; 
28529 : 3; 
28530 : 3; 
28531 : 3; 
28532 : 3; 
28533 : 3; 
28534 : 3; 
28535 : 3; 
28536 : 3; 
28537 : 3; 
28538 : 3; 
28539 : 3; 
28540 : 3; 
28541 : 3; 
28542 : 3; 
28543 : 3; 
28544 : 2; 
28545 : 0; 
28546 : 0; 
28547 : 0; 
28548 : 0; 
28549 : 0; 
28550 : 0; 
28551 : 0; 
28552 : 0; 
28553 : 0; 
28554 : 0; 
28555 : 0; 
28556 : 0; 
28557 : 0; 
28558 : 0; 
28559 : 0; 
28560 : 0; 
28561 : 1; 
28562 : 1; 
28563 : 1; 
28564 : 1; 
28565 : 1; 
28566 : 1; 
28567 : 1; 
28568 : 1; 
28569 : 1; 
28570 : 1; 
28571 : 1; 
28572 : 1; 
28573 : 1; 
28574 : 1; 
28575 : 1; 
28576 : 1; 
28577 : 1; 
28578 : 1; 
28579 : 1; 
28580 : 1; 
28581 : 1; 
28582 : 1; 
28583 : 1; 
28584 : 1; 
28585 : 1; 
28586 : 1; 
28587 : 1; 
28588 : 1; 
28589 : 1; 
28590 : 1; 
28591 : 1; 
28592 : 1; 
28593 : 1; 
28594 : 1; 
28595 : 1; 
28596 : 1; 
28597 : 1; 
28598 : 1; 
28599 : 1; 
28600 : 1; 
28601 : 1; 
28602 : 1; 
28603 : 1; 
28604 : 1; 
28605 : 1; 
28606 : 1; 
28607 : 1; 
28608 : 1; 
28609 : 1; 
28610 : 1; 
28611 : 1; 
28612 : 1; 
28613 : 1; 
28614 : 1; 
28615 : 1; 
28616 : 1; 
28617 : 1; 
28618 : 1; 
28619 : 1; 
28620 : 1; 
28621 : 1; 
28622 : 1; 
28623 : 1; 
28624 : 1; 
28625 : 1; 
28626 : 1; 
28627 : 1; 
28628 : 1; 
28629 : 1; 
28630 : 1; 
28631 : 1; 
28632 : 1; 
28633 : 1; 
28634 : 1; 
28635 : 1; 
28636 : 1; 
28637 : 1; 
28638 : 1; 
28639 : 1; 
28640 : 1; 
28641 : 1; 
28642 : 1; 
28643 : 1; 
28644 : 1; 
28645 : 1; 
28646 : 1; 
28647 : 1; 
28648 : 1; 
28649 : 1; 
28650 : 1; 
28651 : 1; 
28652 : 1; 
28653 : 1; 
28654 : 1; 
28655 : 1; 
28656 : 1; 
28657 : 1; 
28658 : 1; 
28659 : 1; 
28660 : 1; 
28661 : 1; 
28662 : 1; 
28663 : 1; 
28664 : 1; 
28665 : 1; 
28666 : 1; 
28667 : 1; 
28668 : 1; 
28669 : 1; 
28670 : 1; 
28671 : 1; 
28672 : 2; 
28673 : 2; 
28674 : 2; 
28675 : 2; 
28676 : 2; 
28677 : 2; 
28678 : 2; 
28679 : 2; 
28680 : 2; 
28681 : 2; 
28682 : 2; 
28683 : 2; 
28684 : 2; 
28685 : 2; 
28686 : 2; 
28687 : 2; 
28688 : 2; 
28689 : 2; 
28690 : 2; 
28691 : 2; 
28692 : 2; 
28693 : 2; 
28694 : 2; 
28695 : 2; 
28696 : 2; 
28697 : 2; 
28698 : 2; 
28699 : 2; 
28700 : 2; 
28701 : 2; 
28702 : 2; 
28703 : 2; 
28704 : 2; 
28705 : 2; 
28706 : 2; 
28707 : 2; 
28708 : 2; 
28709 : 2; 
28710 : 2; 
28711 : 2; 
28712 : 2; 
28713 : 2; 
28714 : 2; 
28715 : 2; 
28716 : 2; 
28717 : 2; 
28718 : 2; 
28719 : 2; 
28720 : 2; 
28721 : 2; 
28722 : 2; 
28723 : 2; 
28724 : 2; 
28725 : 2; 
28726 : 2; 
28727 : 2; 
28728 : 2; 
28729 : 2; 
28730 : 2; 
28731 : 2; 
28732 : 2; 
28733 : 2; 
28734 : 2; 
28735 : 2; 
28736 : 2; 
28737 : 2; 
28738 : 2; 
28739 : 2; 
28740 : 2; 
28741 : 2; 
28742 : 2; 
28743 : 2; 
28744 : 2; 
28745 : 2; 
28746 : 2; 
28747 : 2; 
28748 : 2; 
28749 : 2; 
28750 : 2; 
28751 : 2; 
28752 : 2; 
28753 : 2; 
28754 : 2; 
28755 : 2; 
28756 : 2; 
28757 : 2; 
28758 : 2; 
28759 : 2; 
28760 : 2; 
28761 : 2; 
28762 : 2; 
28763 : 2; 
28764 : 2; 
28765 : 2; 
28766 : 2; 
28767 : 2; 
28768 : 2; 
28769 : 2; 
28770 : 2; 
28771 : 2; 
28772 : 2; 
28773 : 2; 
28774 : 2; 
28775 : 2; 
28776 : 2; 
28777 : 2; 
28778 : 2; 
28779 : 2; 
28780 : 2; 
28781 : 2; 
28782 : 2; 
28783 : 2; 
28784 : 3; 
28785 : 3; 
28786 : 3; 
28787 : 3; 
28788 : 3; 
28789 : 3; 
28790 : 3; 
28791 : 3; 
28792 : 3; 
28793 : 3; 
28794 : 3; 
28795 : 3; 
28796 : 3; 
28797 : 3; 
28798 : 3; 
28799 : 3; 
28800 : 2; 
28801 : 0; 
28802 : 0; 
28803 : 0; 
28804 : 0; 
28805 : 0; 
28806 : 0; 
28807 : 0; 
28808 : 0; 
28809 : 0; 
28810 : 0; 
28811 : 0; 
28812 : 0; 
28813 : 0; 
28814 : 0; 
28815 : 0; 
28816 : 1; 
28817 : 1; 
28818 : 1; 
28819 : 1; 
28820 : 1; 
28821 : 1; 
28822 : 1; 
28823 : 1; 
28824 : 1; 
28825 : 1; 
28826 : 1; 
28827 : 1; 
28828 : 1; 
28829 : 1; 
28830 : 1; 
28831 : 1; 
28832 : 1; 
28833 : 1; 
28834 : 1; 
28835 : 1; 
28836 : 1; 
28837 : 1; 
28838 : 1; 
28839 : 1; 
28840 : 1; 
28841 : 1; 
28842 : 1; 
28843 : 1; 
28844 : 1; 
28845 : 1; 
28846 : 1; 
28847 : 1; 
28848 : 1; 
28849 : 1; 
28850 : 1; 
28851 : 1; 
28852 : 1; 
28853 : 1; 
28854 : 1; 
28855 : 1; 
28856 : 1; 
28857 : 1; 
28858 : 1; 
28859 : 1; 
28860 : 1; 
28861 : 1; 
28862 : 1; 
28863 : 1; 
28864 : 1; 
28865 : 1; 
28866 : 1; 
28867 : 1; 
28868 : 1; 
28869 : 1; 
28870 : 1; 
28871 : 1; 
28872 : 1; 
28873 : 1; 
28874 : 1; 
28875 : 1; 
28876 : 1; 
28877 : 1; 
28878 : 1; 
28879 : 1; 
28880 : 1; 
28881 : 1; 
28882 : 1; 
28883 : 1; 
28884 : 1; 
28885 : 1; 
28886 : 1; 
28887 : 1; 
28888 : 1; 
28889 : 1; 
28890 : 1; 
28891 : 1; 
28892 : 1; 
28893 : 1; 
28894 : 1; 
28895 : 1; 
28896 : 1; 
28897 : 1; 
28898 : 1; 
28899 : 1; 
28900 : 1; 
28901 : 1; 
28902 : 1; 
28903 : 1; 
28904 : 1; 
28905 : 1; 
28906 : 1; 
28907 : 1; 
28908 : 1; 
28909 : 1; 
28910 : 1; 
28911 : 1; 
28912 : 1; 
28913 : 1; 
28914 : 1; 
28915 : 1; 
28916 : 1; 
28917 : 1; 
28918 : 1; 
28919 : 1; 
28920 : 1; 
28921 : 1; 
28922 : 1; 
28923 : 1; 
28924 : 1; 
28925 : 1; 
28926 : 1; 
28927 : 1; 
28928 : 2; 
28929 : 2; 
28930 : 2; 
28931 : 2; 
28932 : 2; 
28933 : 2; 
28934 : 2; 
28935 : 2; 
28936 : 2; 
28937 : 2; 
28938 : 2; 
28939 : 2; 
28940 : 2; 
28941 : 2; 
28942 : 2; 
28943 : 2; 
28944 : 2; 
28945 : 2; 
28946 : 2; 
28947 : 2; 
28948 : 2; 
28949 : 2; 
28950 : 2; 
28951 : 2; 
28952 : 2; 
28953 : 2; 
28954 : 2; 
28955 : 2; 
28956 : 2; 
28957 : 2; 
28958 : 2; 
28959 : 2; 
28960 : 2; 
28961 : 2; 
28962 : 2; 
28963 : 2; 
28964 : 2; 
28965 : 2; 
28966 : 2; 
28967 : 2; 
28968 : 2; 
28969 : 2; 
28970 : 2; 
28971 : 2; 
28972 : 2; 
28973 : 2; 
28974 : 2; 
28975 : 2; 
28976 : 2; 
28977 : 2; 
28978 : 2; 
28979 : 2; 
28980 : 2; 
28981 : 2; 
28982 : 2; 
28983 : 2; 
28984 : 2; 
28985 : 2; 
28986 : 2; 
28987 : 2; 
28988 : 2; 
28989 : 2; 
28990 : 2; 
28991 : 2; 
28992 : 2; 
28993 : 2; 
28994 : 2; 
28995 : 2; 
28996 : 2; 
28997 : 2; 
28998 : 2; 
28999 : 2; 
29000 : 2; 
29001 : 2; 
29002 : 2; 
29003 : 2; 
29004 : 2; 
29005 : 2; 
29006 : 2; 
29007 : 2; 
29008 : 2; 
29009 : 2; 
29010 : 2; 
29011 : 2; 
29012 : 2; 
29013 : 2; 
29014 : 2; 
29015 : 2; 
29016 : 2; 
29017 : 2; 
29018 : 2; 
29019 : 2; 
29020 : 2; 
29021 : 2; 
29022 : 2; 
29023 : 2; 
29024 : 2; 
29025 : 2; 
29026 : 2; 
29027 : 2; 
29028 : 2; 
29029 : 2; 
29030 : 2; 
29031 : 2; 
29032 : 2; 
29033 : 2; 
29034 : 2; 
29035 : 2; 
29036 : 2; 
29037 : 2; 
29038 : 2; 
29039 : 2; 
29040 : 2; 
29041 : 3; 
29042 : 3; 
29043 : 3; 
29044 : 3; 
29045 : 3; 
29046 : 3; 
29047 : 3; 
29048 : 3; 
29049 : 3; 
29050 : 3; 
29051 : 3; 
29052 : 3; 
29053 : 3; 
29054 : 3; 
29055 : 3; 
29056 : 2; 
29057 : 0; 
29058 : 0; 
29059 : 0; 
29060 : 0; 
29061 : 0; 
29062 : 0; 
29063 : 0; 
29064 : 0; 
29065 : 0; 
29066 : 0; 
29067 : 0; 
29068 : 0; 
29069 : 0; 
29070 : 0; 
29071 : 1; 
29072 : 1; 
29073 : 1; 
29074 : 1; 
29075 : 1; 
29076 : 1; 
29077 : 1; 
29078 : 1; 
29079 : 1; 
29080 : 1; 
29081 : 1; 
29082 : 1; 
29083 : 1; 
29084 : 1; 
29085 : 1; 
29086 : 1; 
29087 : 1; 
29088 : 1; 
29089 : 1; 
29090 : 1; 
29091 : 1; 
29092 : 1; 
29093 : 1; 
29094 : 1; 
29095 : 1; 
29096 : 1; 
29097 : 1; 
29098 : 1; 
29099 : 1; 
29100 : 1; 
29101 : 1; 
29102 : 1; 
29103 : 1; 
29104 : 1; 
29105 : 1; 
29106 : 1; 
29107 : 1; 
29108 : 1; 
29109 : 1; 
29110 : 1; 
29111 : 1; 
29112 : 1; 
29113 : 1; 
29114 : 1; 
29115 : 1; 
29116 : 1; 
29117 : 1; 
29118 : 1; 
29119 : 1; 
29120 : 1; 
29121 : 1; 
29122 : 1; 
29123 : 1; 
29124 : 1; 
29125 : 1; 
29126 : 1; 
29127 : 1; 
29128 : 1; 
29129 : 1; 
29130 : 1; 
29131 : 1; 
29132 : 1; 
29133 : 1; 
29134 : 1; 
29135 : 1; 
29136 : 1; 
29137 : 1; 
29138 : 1; 
29139 : 1; 
29140 : 1; 
29141 : 1; 
29142 : 1; 
29143 : 1; 
29144 : 1; 
29145 : 1; 
29146 : 1; 
29147 : 1; 
29148 : 1; 
29149 : 1; 
29150 : 1; 
29151 : 1; 
29152 : 1; 
29153 : 1; 
29154 : 1; 
29155 : 1; 
29156 : 1; 
29157 : 1; 
29158 : 1; 
29159 : 1; 
29160 : 1; 
29161 : 1; 
29162 : 1; 
29163 : 1; 
29164 : 1; 
29165 : 1; 
29166 : 1; 
29167 : 1; 
29168 : 1; 
29169 : 1; 
29170 : 1; 
29171 : 1; 
29172 : 1; 
29173 : 1; 
29174 : 1; 
29175 : 1; 
29176 : 1; 
29177 : 1; 
29178 : 1; 
29179 : 1; 
29180 : 1; 
29181 : 1; 
29182 : 1; 
29183 : 1; 
29184 : 2; 
29185 : 2; 
29186 : 2; 
29187 : 2; 
29188 : 2; 
29189 : 2; 
29190 : 2; 
29191 : 2; 
29192 : 2; 
29193 : 2; 
29194 : 2; 
29195 : 2; 
29196 : 2; 
29197 : 2; 
29198 : 2; 
29199 : 2; 
29200 : 2; 
29201 : 2; 
29202 : 2; 
29203 : 2; 
29204 : 2; 
29205 : 2; 
29206 : 2; 
29207 : 2; 
29208 : 2; 
29209 : 2; 
29210 : 2; 
29211 : 2; 
29212 : 2; 
29213 : 2; 
29214 : 2; 
29215 : 2; 
29216 : 2; 
29217 : 2; 
29218 : 2; 
29219 : 2; 
29220 : 2; 
29221 : 2; 
29222 : 2; 
29223 : 2; 
29224 : 2; 
29225 : 2; 
29226 : 2; 
29227 : 2; 
29228 : 2; 
29229 : 2; 
29230 : 2; 
29231 : 2; 
29232 : 2; 
29233 : 2; 
29234 : 2; 
29235 : 2; 
29236 : 2; 
29237 : 2; 
29238 : 2; 
29239 : 2; 
29240 : 2; 
29241 : 2; 
29242 : 2; 
29243 : 2; 
29244 : 2; 
29245 : 2; 
29246 : 2; 
29247 : 2; 
29248 : 2; 
29249 : 2; 
29250 : 2; 
29251 : 2; 
29252 : 2; 
29253 : 2; 
29254 : 2; 
29255 : 2; 
29256 : 2; 
29257 : 2; 
29258 : 2; 
29259 : 2; 
29260 : 2; 
29261 : 2; 
29262 : 2; 
29263 : 2; 
29264 : 2; 
29265 : 2; 
29266 : 2; 
29267 : 2; 
29268 : 2; 
29269 : 2; 
29270 : 2; 
29271 : 2; 
29272 : 2; 
29273 : 2; 
29274 : 2; 
29275 : 2; 
29276 : 2; 
29277 : 2; 
29278 : 2; 
29279 : 2; 
29280 : 2; 
29281 : 2; 
29282 : 2; 
29283 : 2; 
29284 : 2; 
29285 : 2; 
29286 : 2; 
29287 : 2; 
29288 : 2; 
29289 : 2; 
29290 : 2; 
29291 : 2; 
29292 : 2; 
29293 : 2; 
29294 : 2; 
29295 : 2; 
29296 : 2; 
29297 : 2; 
29298 : 3; 
29299 : 3; 
29300 : 3; 
29301 : 3; 
29302 : 3; 
29303 : 3; 
29304 : 3; 
29305 : 3; 
29306 : 3; 
29307 : 3; 
29308 : 3; 
29309 : 3; 
29310 : 3; 
29311 : 3; 
29312 : 2; 
29313 : 0; 
29314 : 0; 
29315 : 0; 
29316 : 0; 
29317 : 0; 
29318 : 0; 
29319 : 0; 
29320 : 0; 
29321 : 0; 
29322 : 0; 
29323 : 0; 
29324 : 0; 
29325 : 0; 
29326 : 1; 
29327 : 1; 
29328 : 1; 
29329 : 1; 
29330 : 1; 
29331 : 1; 
29332 : 1; 
29333 : 1; 
29334 : 1; 
29335 : 1; 
29336 : 1; 
29337 : 1; 
29338 : 1; 
29339 : 1; 
29340 : 1; 
29341 : 1; 
29342 : 1; 
29343 : 1; 
29344 : 1; 
29345 : 1; 
29346 : 1; 
29347 : 1; 
29348 : 1; 
29349 : 1; 
29350 : 1; 
29351 : 1; 
29352 : 1; 
29353 : 1; 
29354 : 1; 
29355 : 1; 
29356 : 1; 
29357 : 1; 
29358 : 1; 
29359 : 1; 
29360 : 1; 
29361 : 1; 
29362 : 1; 
29363 : 1; 
29364 : 1; 
29365 : 1; 
29366 : 1; 
29367 : 1; 
29368 : 1; 
29369 : 1; 
29370 : 1; 
29371 : 1; 
29372 : 1; 
29373 : 1; 
29374 : 1; 
29375 : 1; 
29376 : 1; 
29377 : 1; 
29378 : 1; 
29379 : 1; 
29380 : 1; 
29381 : 1; 
29382 : 1; 
29383 : 1; 
29384 : 1; 
29385 : 1; 
29386 : 1; 
29387 : 1; 
29388 : 1; 
29389 : 1; 
29390 : 1; 
29391 : 1; 
29392 : 1; 
29393 : 1; 
29394 : 1; 
29395 : 1; 
29396 : 1; 
29397 : 1; 
29398 : 1; 
29399 : 1; 
29400 : 1; 
29401 : 1; 
29402 : 1; 
29403 : 1; 
29404 : 1; 
29405 : 1; 
29406 : 1; 
29407 : 1; 
29408 : 1; 
29409 : 1; 
29410 : 1; 
29411 : 1; 
29412 : 1; 
29413 : 1; 
29414 : 1; 
29415 : 1; 
29416 : 1; 
29417 : 1; 
29418 : 1; 
29419 : 1; 
29420 : 1; 
29421 : 1; 
29422 : 1; 
29423 : 1; 
29424 : 1; 
29425 : 1; 
29426 : 1; 
29427 : 1; 
29428 : 1; 
29429 : 1; 
29430 : 1; 
29431 : 1; 
29432 : 1; 
29433 : 1; 
29434 : 1; 
29435 : 1; 
29436 : 1; 
29437 : 1; 
29438 : 1; 
29439 : 1; 
29440 : 2; 
29441 : 2; 
29442 : 2; 
29443 : 2; 
29444 : 2; 
29445 : 2; 
29446 : 2; 
29447 : 2; 
29448 : 2; 
29449 : 2; 
29450 : 2; 
29451 : 2; 
29452 : 2; 
29453 : 2; 
29454 : 2; 
29455 : 2; 
29456 : 2; 
29457 : 2; 
29458 : 2; 
29459 : 2; 
29460 : 2; 
29461 : 2; 
29462 : 2; 
29463 : 2; 
29464 : 2; 
29465 : 2; 
29466 : 2; 
29467 : 2; 
29468 : 2; 
29469 : 2; 
29470 : 2; 
29471 : 2; 
29472 : 2; 
29473 : 2; 
29474 : 2; 
29475 : 2; 
29476 : 2; 
29477 : 2; 
29478 : 2; 
29479 : 2; 
29480 : 2; 
29481 : 2; 
29482 : 2; 
29483 : 2; 
29484 : 2; 
29485 : 2; 
29486 : 2; 
29487 : 2; 
29488 : 2; 
29489 : 2; 
29490 : 2; 
29491 : 2; 
29492 : 2; 
29493 : 2; 
29494 : 2; 
29495 : 2; 
29496 : 2; 
29497 : 2; 
29498 : 2; 
29499 : 2; 
29500 : 2; 
29501 : 2; 
29502 : 2; 
29503 : 2; 
29504 : 2; 
29505 : 2; 
29506 : 2; 
29507 : 2; 
29508 : 2; 
29509 : 2; 
29510 : 2; 
29511 : 2; 
29512 : 2; 
29513 : 2; 
29514 : 2; 
29515 : 2; 
29516 : 2; 
29517 : 2; 
29518 : 2; 
29519 : 2; 
29520 : 2; 
29521 : 2; 
29522 : 2; 
29523 : 2; 
29524 : 2; 
29525 : 2; 
29526 : 2; 
29527 : 2; 
29528 : 2; 
29529 : 2; 
29530 : 2; 
29531 : 2; 
29532 : 2; 
29533 : 2; 
29534 : 2; 
29535 : 2; 
29536 : 2; 
29537 : 2; 
29538 : 2; 
29539 : 2; 
29540 : 2; 
29541 : 2; 
29542 : 2; 
29543 : 2; 
29544 : 2; 
29545 : 2; 
29546 : 2; 
29547 : 2; 
29548 : 2; 
29549 : 2; 
29550 : 2; 
29551 : 2; 
29552 : 2; 
29553 : 2; 
29554 : 2; 
29555 : 3; 
29556 : 3; 
29557 : 3; 
29558 : 3; 
29559 : 3; 
29560 : 3; 
29561 : 3; 
29562 : 3; 
29563 : 3; 
29564 : 3; 
29565 : 3; 
29566 : 3; 
29567 : 3; 
29568 : 2; 
29569 : 0; 
29570 : 0; 
29571 : 0; 
29572 : 0; 
29573 : 0; 
29574 : 0; 
29575 : 0; 
29576 : 0; 
29577 : 0; 
29578 : 0; 
29579 : 0; 
29580 : 0; 
29581 : 1; 
29582 : 1; 
29583 : 1; 
29584 : 1; 
29585 : 1; 
29586 : 1; 
29587 : 1; 
29588 : 1; 
29589 : 1; 
29590 : 1; 
29591 : 1; 
29592 : 1; 
29593 : 1; 
29594 : 1; 
29595 : 1; 
29596 : 1; 
29597 : 1; 
29598 : 1; 
29599 : 1; 
29600 : 1; 
29601 : 1; 
29602 : 1; 
29603 : 1; 
29604 : 1; 
29605 : 1; 
29606 : 1; 
29607 : 1; 
29608 : 1; 
29609 : 1; 
29610 : 1; 
29611 : 1; 
29612 : 1; 
29613 : 1; 
29614 : 1; 
29615 : 1; 
29616 : 1; 
29617 : 1; 
29618 : 1; 
29619 : 1; 
29620 : 1; 
29621 : 1; 
29622 : 1; 
29623 : 1; 
29624 : 1; 
29625 : 1; 
29626 : 1; 
29627 : 1; 
29628 : 1; 
29629 : 1; 
29630 : 1; 
29631 : 1; 
29632 : 1; 
29633 : 1; 
29634 : 1; 
29635 : 1; 
29636 : 1; 
29637 : 1; 
29638 : 1; 
29639 : 1; 
29640 : 1; 
29641 : 1; 
29642 : 1; 
29643 : 1; 
29644 : 1; 
29645 : 1; 
29646 : 1; 
29647 : 1; 
29648 : 1; 
29649 : 1; 
29650 : 1; 
29651 : 1; 
29652 : 1; 
29653 : 1; 
29654 : 1; 
29655 : 1; 
29656 : 1; 
29657 : 1; 
29658 : 1; 
29659 : 1; 
29660 : 1; 
29661 : 1; 
29662 : 1; 
29663 : 1; 
29664 : 1; 
29665 : 1; 
29666 : 1; 
29667 : 1; 
29668 : 1; 
29669 : 1; 
29670 : 1; 
29671 : 1; 
29672 : 1; 
29673 : 1; 
29674 : 1; 
29675 : 1; 
29676 : 1; 
29677 : 1; 
29678 : 1; 
29679 : 1; 
29680 : 1; 
29681 : 1; 
29682 : 1; 
29683 : 1; 
29684 : 1; 
29685 : 1; 
29686 : 1; 
29687 : 1; 
29688 : 1; 
29689 : 1; 
29690 : 1; 
29691 : 1; 
29692 : 1; 
29693 : 1; 
29694 : 1; 
29695 : 1; 
29696 : 2; 
29697 : 2; 
29698 : 2; 
29699 : 2; 
29700 : 2; 
29701 : 2; 
29702 : 2; 
29703 : 2; 
29704 : 2; 
29705 : 2; 
29706 : 2; 
29707 : 2; 
29708 : 2; 
29709 : 2; 
29710 : 2; 
29711 : 2; 
29712 : 2; 
29713 : 2; 
29714 : 2; 
29715 : 2; 
29716 : 2; 
29717 : 2; 
29718 : 2; 
29719 : 2; 
29720 : 2; 
29721 : 2; 
29722 : 2; 
29723 : 2; 
29724 : 2; 
29725 : 2; 
29726 : 2; 
29727 : 2; 
29728 : 2; 
29729 : 2; 
29730 : 2; 
29731 : 2; 
29732 : 2; 
29733 : 2; 
29734 : 2; 
29735 : 2; 
29736 : 2; 
29737 : 2; 
29738 : 2; 
29739 : 2; 
29740 : 2; 
29741 : 2; 
29742 : 2; 
29743 : 2; 
29744 : 2; 
29745 : 2; 
29746 : 2; 
29747 : 2; 
29748 : 2; 
29749 : 2; 
29750 : 2; 
29751 : 2; 
29752 : 2; 
29753 : 2; 
29754 : 2; 
29755 : 2; 
29756 : 2; 
29757 : 2; 
29758 : 2; 
29759 : 2; 
29760 : 2; 
29761 : 2; 
29762 : 2; 
29763 : 2; 
29764 : 2; 
29765 : 2; 
29766 : 2; 
29767 : 2; 
29768 : 2; 
29769 : 2; 
29770 : 2; 
29771 : 2; 
29772 : 2; 
29773 : 2; 
29774 : 2; 
29775 : 2; 
29776 : 2; 
29777 : 2; 
29778 : 2; 
29779 : 2; 
29780 : 2; 
29781 : 2; 
29782 : 2; 
29783 : 2; 
29784 : 2; 
29785 : 2; 
29786 : 2; 
29787 : 2; 
29788 : 2; 
29789 : 2; 
29790 : 2; 
29791 : 2; 
29792 : 2; 
29793 : 2; 
29794 : 2; 
29795 : 2; 
29796 : 2; 
29797 : 2; 
29798 : 2; 
29799 : 2; 
29800 : 2; 
29801 : 2; 
29802 : 2; 
29803 : 2; 
29804 : 2; 
29805 : 2; 
29806 : 2; 
29807 : 2; 
29808 : 2; 
29809 : 2; 
29810 : 2; 
29811 : 2; 
29812 : 3; 
29813 : 3; 
29814 : 3; 
29815 : 3; 
29816 : 3; 
29817 : 3; 
29818 : 3; 
29819 : 3; 
29820 : 3; 
29821 : 3; 
29822 : 3; 
29823 : 3; 
29824 : 2; 
29825 : 0; 
29826 : 0; 
29827 : 0; 
29828 : 0; 
29829 : 0; 
29830 : 0; 
29831 : 0; 
29832 : 0; 
29833 : 0; 
29834 : 0; 
29835 : 0; 
29836 : 1; 
29837 : 1; 
29838 : 1; 
29839 : 1; 
29840 : 1; 
29841 : 1; 
29842 : 1; 
29843 : 1; 
29844 : 1; 
29845 : 1; 
29846 : 1; 
29847 : 1; 
29848 : 1; 
29849 : 1; 
29850 : 1; 
29851 : 1; 
29852 : 1; 
29853 : 1; 
29854 : 1; 
29855 : 1; 
29856 : 1; 
29857 : 1; 
29858 : 1; 
29859 : 1; 
29860 : 1; 
29861 : 1; 
29862 : 1; 
29863 : 1; 
29864 : 1; 
29865 : 1; 
29866 : 1; 
29867 : 1; 
29868 : 1; 
29869 : 1; 
29870 : 1; 
29871 : 1; 
29872 : 1; 
29873 : 1; 
29874 : 1; 
29875 : 1; 
29876 : 1; 
29877 : 1; 
29878 : 1; 
29879 : 1; 
29880 : 1; 
29881 : 1; 
29882 : 1; 
29883 : 1; 
29884 : 1; 
29885 : 1; 
29886 : 1; 
29887 : 1; 
29888 : 1; 
29889 : 1; 
29890 : 1; 
29891 : 1; 
29892 : 1; 
29893 : 1; 
29894 : 1; 
29895 : 1; 
29896 : 1; 
29897 : 1; 
29898 : 1; 
29899 : 1; 
29900 : 1; 
29901 : 1; 
29902 : 1; 
29903 : 1; 
29904 : 1; 
29905 : 1; 
29906 : 1; 
29907 : 1; 
29908 : 1; 
29909 : 1; 
29910 : 1; 
29911 : 1; 
29912 : 1; 
29913 : 1; 
29914 : 1; 
29915 : 1; 
29916 : 1; 
29917 : 1; 
29918 : 1; 
29919 : 1; 
29920 : 1; 
29921 : 1; 
29922 : 1; 
29923 : 1; 
29924 : 1; 
29925 : 1; 
29926 : 1; 
29927 : 1; 
29928 : 1; 
29929 : 1; 
29930 : 1; 
29931 : 1; 
29932 : 1; 
29933 : 1; 
29934 : 1; 
29935 : 1; 
29936 : 1; 
29937 : 1; 
29938 : 1; 
29939 : 1; 
29940 : 1; 
29941 : 1; 
29942 : 1; 
29943 : 1; 
29944 : 1; 
29945 : 1; 
29946 : 1; 
29947 : 1; 
29948 : 1; 
29949 : 1; 
29950 : 1; 
29951 : 1; 
29952 : 2; 
29953 : 2; 
29954 : 2; 
29955 : 2; 
29956 : 2; 
29957 : 2; 
29958 : 2; 
29959 : 2; 
29960 : 2; 
29961 : 2; 
29962 : 2; 
29963 : 2; 
29964 : 2; 
29965 : 2; 
29966 : 2; 
29967 : 2; 
29968 : 2; 
29969 : 2; 
29970 : 2; 
29971 : 2; 
29972 : 2; 
29973 : 2; 
29974 : 2; 
29975 : 2; 
29976 : 2; 
29977 : 2; 
29978 : 2; 
29979 : 2; 
29980 : 2; 
29981 : 2; 
29982 : 2; 
29983 : 2; 
29984 : 2; 
29985 : 2; 
29986 : 2; 
29987 : 2; 
29988 : 2; 
29989 : 2; 
29990 : 2; 
29991 : 2; 
29992 : 2; 
29993 : 2; 
29994 : 2; 
29995 : 2; 
29996 : 2; 
29997 : 2; 
29998 : 2; 
29999 : 2; 
30000 : 2; 
30001 : 2; 
30002 : 2; 
30003 : 2; 
30004 : 2; 
30005 : 2; 
30006 : 2; 
30007 : 2; 
30008 : 2; 
30009 : 2; 
30010 : 2; 
30011 : 2; 
30012 : 2; 
30013 : 2; 
30014 : 2; 
30015 : 2; 
30016 : 2; 
30017 : 2; 
30018 : 2; 
30019 : 2; 
30020 : 2; 
30021 : 2; 
30022 : 2; 
30023 : 2; 
30024 : 2; 
30025 : 2; 
30026 : 2; 
30027 : 2; 
30028 : 2; 
30029 : 2; 
30030 : 2; 
30031 : 2; 
30032 : 2; 
30033 : 2; 
30034 : 2; 
30035 : 2; 
30036 : 2; 
30037 : 2; 
30038 : 2; 
30039 : 2; 
30040 : 2; 
30041 : 2; 
30042 : 2; 
30043 : 2; 
30044 : 2; 
30045 : 2; 
30046 : 2; 
30047 : 2; 
30048 : 2; 
30049 : 2; 
30050 : 2; 
30051 : 2; 
30052 : 2; 
30053 : 2; 
30054 : 2; 
30055 : 2; 
30056 : 2; 
30057 : 2; 
30058 : 2; 
30059 : 2; 
30060 : 2; 
30061 : 2; 
30062 : 2; 
30063 : 2; 
30064 : 2; 
30065 : 2; 
30066 : 2; 
30067 : 2; 
30068 : 2; 
30069 : 3; 
30070 : 3; 
30071 : 3; 
30072 : 3; 
30073 : 3; 
30074 : 3; 
30075 : 3; 
30076 : 3; 
30077 : 3; 
30078 : 3; 
30079 : 3; 
30080 : 2; 
30081 : 0; 
30082 : 0; 
30083 : 0; 
30084 : 0; 
30085 : 0; 
30086 : 0; 
30087 : 0; 
30088 : 0; 
30089 : 0; 
30090 : 0; 
30091 : 1; 
30092 : 1; 
30093 : 1; 
30094 : 1; 
30095 : 1; 
30096 : 1; 
30097 : 1; 
30098 : 1; 
30099 : 1; 
30100 : 1; 
30101 : 1; 
30102 : 1; 
30103 : 1; 
30104 : 1; 
30105 : 1; 
30106 : 1; 
30107 : 1; 
30108 : 1; 
30109 : 1; 
30110 : 1; 
30111 : 1; 
30112 : 1; 
30113 : 1; 
30114 : 1; 
30115 : 1; 
30116 : 1; 
30117 : 1; 
30118 : 1; 
30119 : 1; 
30120 : 1; 
30121 : 1; 
30122 : 1; 
30123 : 1; 
30124 : 1; 
30125 : 1; 
30126 : 1; 
30127 : 1; 
30128 : 1; 
30129 : 1; 
30130 : 1; 
30131 : 1; 
30132 : 1; 
30133 : 1; 
30134 : 1; 
30135 : 1; 
30136 : 1; 
30137 : 1; 
30138 : 1; 
30139 : 1; 
30140 : 1; 
30141 : 1; 
30142 : 1; 
30143 : 1; 
30144 : 1; 
30145 : 1; 
30146 : 1; 
30147 : 1; 
30148 : 1; 
30149 : 1; 
30150 : 1; 
30151 : 1; 
30152 : 1; 
30153 : 1; 
30154 : 1; 
30155 : 1; 
30156 : 1; 
30157 : 1; 
30158 : 1; 
30159 : 1; 
30160 : 1; 
30161 : 1; 
30162 : 1; 
30163 : 1; 
30164 : 1; 
30165 : 1; 
30166 : 1; 
30167 : 1; 
30168 : 1; 
30169 : 1; 
30170 : 1; 
30171 : 1; 
30172 : 1; 
30173 : 1; 
30174 : 1; 
30175 : 1; 
30176 : 1; 
30177 : 1; 
30178 : 1; 
30179 : 1; 
30180 : 1; 
30181 : 1; 
30182 : 1; 
30183 : 1; 
30184 : 1; 
30185 : 1; 
30186 : 1; 
30187 : 1; 
30188 : 1; 
30189 : 1; 
30190 : 1; 
30191 : 1; 
30192 : 1; 
30193 : 1; 
30194 : 1; 
30195 : 1; 
30196 : 1; 
30197 : 1; 
30198 : 1; 
30199 : 1; 
30200 : 1; 
30201 : 1; 
30202 : 1; 
30203 : 1; 
30204 : 1; 
30205 : 1; 
30206 : 1; 
30207 : 1; 
30208 : 2; 
30209 : 2; 
30210 : 2; 
30211 : 2; 
30212 : 2; 
30213 : 2; 
30214 : 2; 
30215 : 2; 
30216 : 2; 
30217 : 2; 
30218 : 2; 
30219 : 2; 
30220 : 2; 
30221 : 2; 
30222 : 2; 
30223 : 2; 
30224 : 2; 
30225 : 2; 
30226 : 2; 
30227 : 2; 
30228 : 2; 
30229 : 2; 
30230 : 2; 
30231 : 2; 
30232 : 2; 
30233 : 2; 
30234 : 2; 
30235 : 2; 
30236 : 2; 
30237 : 2; 
30238 : 2; 
30239 : 2; 
30240 : 2; 
30241 : 2; 
30242 : 2; 
30243 : 2; 
30244 : 2; 
30245 : 2; 
30246 : 2; 
30247 : 2; 
30248 : 2; 
30249 : 2; 
30250 : 2; 
30251 : 2; 
30252 : 2; 
30253 : 2; 
30254 : 2; 
30255 : 2; 
30256 : 2; 
30257 : 2; 
30258 : 2; 
30259 : 2; 
30260 : 2; 
30261 : 2; 
30262 : 2; 
30263 : 2; 
30264 : 2; 
30265 : 2; 
30266 : 2; 
30267 : 2; 
30268 : 2; 
30269 : 2; 
30270 : 2; 
30271 : 2; 
30272 : 2; 
30273 : 2; 
30274 : 2; 
30275 : 2; 
30276 : 2; 
30277 : 2; 
30278 : 2; 
30279 : 2; 
30280 : 2; 
30281 : 2; 
30282 : 2; 
30283 : 2; 
30284 : 2; 
30285 : 2; 
30286 : 2; 
30287 : 2; 
30288 : 2; 
30289 : 2; 
30290 : 2; 
30291 : 2; 
30292 : 2; 
30293 : 2; 
30294 : 2; 
30295 : 2; 
30296 : 2; 
30297 : 2; 
30298 : 2; 
30299 : 2; 
30300 : 2; 
30301 : 2; 
30302 : 2; 
30303 : 2; 
30304 : 2; 
30305 : 2; 
30306 : 2; 
30307 : 2; 
30308 : 2; 
30309 : 2; 
30310 : 2; 
30311 : 2; 
30312 : 2; 
30313 : 2; 
30314 : 2; 
30315 : 2; 
30316 : 2; 
30317 : 2; 
30318 : 2; 
30319 : 2; 
30320 : 2; 
30321 : 2; 
30322 : 2; 
30323 : 2; 
30324 : 2; 
30325 : 2; 
30326 : 3; 
30327 : 3; 
30328 : 3; 
30329 : 3; 
30330 : 3; 
30331 : 3; 
30332 : 3; 
30333 : 3; 
30334 : 3; 
30335 : 3; 
30336 : 2; 
30337 : 0; 
30338 : 0; 
30339 : 0; 
30340 : 0; 
30341 : 0; 
30342 : 0; 
30343 : 0; 
30344 : 0; 
30345 : 0; 
30346 : 1; 
30347 : 1; 
30348 : 1; 
30349 : 1; 
30350 : 1; 
30351 : 1; 
30352 : 1; 
30353 : 1; 
30354 : 1; 
30355 : 1; 
30356 : 1; 
30357 : 1; 
30358 : 1; 
30359 : 1; 
30360 : 1; 
30361 : 1; 
30362 : 1; 
30363 : 1; 
30364 : 1; 
30365 : 1; 
30366 : 1; 
30367 : 1; 
30368 : 1; 
30369 : 1; 
30370 : 1; 
30371 : 1; 
30372 : 1; 
30373 : 1; 
30374 : 1; 
30375 : 1; 
30376 : 1; 
30377 : 1; 
30378 : 1; 
30379 : 1; 
30380 : 1; 
30381 : 1; 
30382 : 1; 
30383 : 1; 
30384 : 1; 
30385 : 1; 
30386 : 1; 
30387 : 1; 
30388 : 1; 
30389 : 1; 
30390 : 1; 
30391 : 1; 
30392 : 1; 
30393 : 1; 
30394 : 1; 
30395 : 1; 
30396 : 1; 
30397 : 1; 
30398 : 1; 
30399 : 1; 
30400 : 1; 
30401 : 1; 
30402 : 1; 
30403 : 1; 
30404 : 1; 
30405 : 1; 
30406 : 1; 
30407 : 1; 
30408 : 1; 
30409 : 1; 
30410 : 1; 
30411 : 1; 
30412 : 1; 
30413 : 1; 
30414 : 1; 
30415 : 1; 
30416 : 1; 
30417 : 1; 
30418 : 1; 
30419 : 1; 
30420 : 1; 
30421 : 1; 
30422 : 1; 
30423 : 1; 
30424 : 1; 
30425 : 1; 
30426 : 1; 
30427 : 1; 
30428 : 1; 
30429 : 1; 
30430 : 1; 
30431 : 1; 
30432 : 1; 
30433 : 1; 
30434 : 1; 
30435 : 1; 
30436 : 1; 
30437 : 1; 
30438 : 1; 
30439 : 1; 
30440 : 1; 
30441 : 1; 
30442 : 1; 
30443 : 1; 
30444 : 1; 
30445 : 1; 
30446 : 1; 
30447 : 1; 
30448 : 1; 
30449 : 1; 
30450 : 1; 
30451 : 1; 
30452 : 1; 
30453 : 1; 
30454 : 1; 
30455 : 1; 
30456 : 1; 
30457 : 1; 
30458 : 1; 
30459 : 1; 
30460 : 1; 
30461 : 1; 
30462 : 1; 
30463 : 1; 
30464 : 2; 
30465 : 2; 
30466 : 2; 
30467 : 2; 
30468 : 2; 
30469 : 2; 
30470 : 2; 
30471 : 2; 
30472 : 2; 
30473 : 2; 
30474 : 2; 
30475 : 2; 
30476 : 2; 
30477 : 2; 
30478 : 2; 
30479 : 2; 
30480 : 2; 
30481 : 2; 
30482 : 2; 
30483 : 2; 
30484 : 2; 
30485 : 2; 
30486 : 2; 
30487 : 2; 
30488 : 2; 
30489 : 2; 
30490 : 2; 
30491 : 2; 
30492 : 2; 
30493 : 2; 
30494 : 2; 
30495 : 2; 
30496 : 2; 
30497 : 2; 
30498 : 2; 
30499 : 2; 
30500 : 2; 
30501 : 2; 
30502 : 2; 
30503 : 2; 
30504 : 2; 
30505 : 2; 
30506 : 2; 
30507 : 2; 
30508 : 2; 
30509 : 2; 
30510 : 2; 
30511 : 2; 
30512 : 2; 
30513 : 2; 
30514 : 2; 
30515 : 2; 
30516 : 2; 
30517 : 2; 
30518 : 2; 
30519 : 2; 
30520 : 2; 
30521 : 2; 
30522 : 2; 
30523 : 2; 
30524 : 2; 
30525 : 2; 
30526 : 2; 
30527 : 2; 
30528 : 2; 
30529 : 2; 
30530 : 2; 
30531 : 2; 
30532 : 2; 
30533 : 2; 
30534 : 2; 
30535 : 2; 
30536 : 2; 
30537 : 2; 
30538 : 2; 
30539 : 2; 
30540 : 2; 
30541 : 2; 
30542 : 2; 
30543 : 2; 
30544 : 2; 
30545 : 2; 
30546 : 2; 
30547 : 2; 
30548 : 2; 
30549 : 2; 
30550 : 2; 
30551 : 2; 
30552 : 2; 
30553 : 2; 
30554 : 2; 
30555 : 2; 
30556 : 2; 
30557 : 2; 
30558 : 2; 
30559 : 2; 
30560 : 2; 
30561 : 2; 
30562 : 2; 
30563 : 2; 
30564 : 2; 
30565 : 2; 
30566 : 2; 
30567 : 2; 
30568 : 2; 
30569 : 2; 
30570 : 2; 
30571 : 2; 
30572 : 2; 
30573 : 2; 
30574 : 2; 
30575 : 2; 
30576 : 2; 
30577 : 2; 
30578 : 2; 
30579 : 2; 
30580 : 2; 
30581 : 2; 
30582 : 2; 
30583 : 3; 
30584 : 3; 
30585 : 3; 
30586 : 3; 
30587 : 3; 
30588 : 3; 
30589 : 3; 
30590 : 3; 
30591 : 3; 
30592 : 2; 
30593 : 0; 
30594 : 0; 
30595 : 0; 
30596 : 0; 
30597 : 0; 
30598 : 0; 
30599 : 0; 
30600 : 0; 
30601 : 1; 
30602 : 1; 
30603 : 1; 
30604 : 1; 
30605 : 1; 
30606 : 1; 
30607 : 1; 
30608 : 1; 
30609 : 1; 
30610 : 1; 
30611 : 1; 
30612 : 1; 
30613 : 1; 
30614 : 1; 
30615 : 1; 
30616 : 1; 
30617 : 1; 
30618 : 1; 
30619 : 1; 
30620 : 1; 
30621 : 1; 
30622 : 1; 
30623 : 1; 
30624 : 1; 
30625 : 1; 
30626 : 1; 
30627 : 1; 
30628 : 1; 
30629 : 1; 
30630 : 1; 
30631 : 1; 
30632 : 1; 
30633 : 1; 
30634 : 1; 
30635 : 1; 
30636 : 1; 
30637 : 1; 
30638 : 1; 
30639 : 1; 
30640 : 1; 
30641 : 1; 
30642 : 1; 
30643 : 1; 
30644 : 1; 
30645 : 1; 
30646 : 1; 
30647 : 1; 
30648 : 1; 
30649 : 1; 
30650 : 1; 
30651 : 1; 
30652 : 1; 
30653 : 1; 
30654 : 1; 
30655 : 1; 
30656 : 1; 
30657 : 1; 
30658 : 1; 
30659 : 1; 
30660 : 1; 
30661 : 1; 
30662 : 1; 
30663 : 1; 
30664 : 1; 
30665 : 1; 
30666 : 1; 
30667 : 1; 
30668 : 1; 
30669 : 1; 
30670 : 1; 
30671 : 1; 
30672 : 1; 
30673 : 1; 
30674 : 1; 
30675 : 1; 
30676 : 1; 
30677 : 1; 
30678 : 1; 
30679 : 1; 
30680 : 1; 
30681 : 1; 
30682 : 1; 
30683 : 1; 
30684 : 1; 
30685 : 1; 
30686 : 1; 
30687 : 1; 
30688 : 1; 
30689 : 1; 
30690 : 1; 
30691 : 1; 
30692 : 1; 
30693 : 1; 
30694 : 1; 
30695 : 1; 
30696 : 1; 
30697 : 1; 
30698 : 1; 
30699 : 1; 
30700 : 1; 
30701 : 1; 
30702 : 1; 
30703 : 1; 
30704 : 1; 
30705 : 1; 
30706 : 1; 
30707 : 1; 
30708 : 1; 
30709 : 1; 
30710 : 1; 
30711 : 1; 
30712 : 1; 
30713 : 1; 
30714 : 1; 
30715 : 1; 
30716 : 1; 
30717 : 1; 
30718 : 1; 
30719 : 1; 
30720 : 2; 
30721 : 2; 
30722 : 2; 
30723 : 2; 
30724 : 2; 
30725 : 2; 
30726 : 2; 
30727 : 2; 
30728 : 2; 
30729 : 2; 
30730 : 2; 
30731 : 2; 
30732 : 2; 
30733 : 2; 
30734 : 2; 
30735 : 2; 
30736 : 2; 
30737 : 2; 
30738 : 2; 
30739 : 2; 
30740 : 2; 
30741 : 2; 
30742 : 2; 
30743 : 2; 
30744 : 2; 
30745 : 2; 
30746 : 2; 
30747 : 2; 
30748 : 2; 
30749 : 2; 
30750 : 2; 
30751 : 2; 
30752 : 2; 
30753 : 2; 
30754 : 2; 
30755 : 2; 
30756 : 2; 
30757 : 2; 
30758 : 2; 
30759 : 2; 
30760 : 2; 
30761 : 2; 
30762 : 2; 
30763 : 2; 
30764 : 2; 
30765 : 2; 
30766 : 2; 
30767 : 2; 
30768 : 2; 
30769 : 2; 
30770 : 2; 
30771 : 2; 
30772 : 2; 
30773 : 2; 
30774 : 2; 
30775 : 2; 
30776 : 2; 
30777 : 2; 
30778 : 2; 
30779 : 2; 
30780 : 2; 
30781 : 2; 
30782 : 2; 
30783 : 2; 
30784 : 2; 
30785 : 2; 
30786 : 2; 
30787 : 2; 
30788 : 2; 
30789 : 2; 
30790 : 2; 
30791 : 2; 
30792 : 2; 
30793 : 2; 
30794 : 2; 
30795 : 2; 
30796 : 2; 
30797 : 2; 
30798 : 2; 
30799 : 2; 
30800 : 2; 
30801 : 2; 
30802 : 2; 
30803 : 2; 
30804 : 2; 
30805 : 2; 
30806 : 2; 
30807 : 2; 
30808 : 2; 
30809 : 2; 
30810 : 2; 
30811 : 2; 
30812 : 2; 
30813 : 2; 
30814 : 2; 
30815 : 2; 
30816 : 2; 
30817 : 2; 
30818 : 2; 
30819 : 2; 
30820 : 2; 
30821 : 2; 
30822 : 2; 
30823 : 2; 
30824 : 2; 
30825 : 2; 
30826 : 2; 
30827 : 2; 
30828 : 2; 
30829 : 2; 
30830 : 2; 
30831 : 2; 
30832 : 2; 
30833 : 2; 
30834 : 2; 
30835 : 2; 
30836 : 2; 
30837 : 2; 
30838 : 2; 
30839 : 2; 
30840 : 3; 
30841 : 3; 
30842 : 3; 
30843 : 3; 
30844 : 3; 
30845 : 3; 
30846 : 3; 
30847 : 3; 
30848 : 2; 
30849 : 0; 
30850 : 0; 
30851 : 0; 
30852 : 0; 
30853 : 0; 
30854 : 0; 
30855 : 0; 
30856 : 1; 
30857 : 1; 
30858 : 1; 
30859 : 1; 
30860 : 1; 
30861 : 1; 
30862 : 1; 
30863 : 1; 
30864 : 1; 
30865 : 1; 
30866 : 1; 
30867 : 1; 
30868 : 1; 
30869 : 1; 
30870 : 1; 
30871 : 1; 
30872 : 1; 
30873 : 1; 
30874 : 1; 
30875 : 1; 
30876 : 1; 
30877 : 1; 
30878 : 1; 
30879 : 1; 
30880 : 1; 
30881 : 1; 
30882 : 1; 
30883 : 1; 
30884 : 1; 
30885 : 1; 
30886 : 1; 
30887 : 1; 
30888 : 1; 
30889 : 1; 
30890 : 1; 
30891 : 1; 
30892 : 1; 
30893 : 1; 
30894 : 1; 
30895 : 1; 
30896 : 1; 
30897 : 1; 
30898 : 1; 
30899 : 1; 
30900 : 1; 
30901 : 1; 
30902 : 1; 
30903 : 1; 
30904 : 1; 
30905 : 1; 
30906 : 1; 
30907 : 1; 
30908 : 1; 
30909 : 1; 
30910 : 1; 
30911 : 1; 
30912 : 1; 
30913 : 1; 
30914 : 1; 
30915 : 1; 
30916 : 1; 
30917 : 1; 
30918 : 1; 
30919 : 1; 
30920 : 1; 
30921 : 1; 
30922 : 1; 
30923 : 1; 
30924 : 1; 
30925 : 1; 
30926 : 1; 
30927 : 1; 
30928 : 1; 
30929 : 1; 
30930 : 1; 
30931 : 1; 
30932 : 1; 
30933 : 1; 
30934 : 1; 
30935 : 1; 
30936 : 1; 
30937 : 1; 
30938 : 1; 
30939 : 1; 
30940 : 1; 
30941 : 1; 
30942 : 1; 
30943 : 1; 
30944 : 1; 
30945 : 1; 
30946 : 1; 
30947 : 1; 
30948 : 1; 
30949 : 1; 
30950 : 1; 
30951 : 1; 
30952 : 1; 
30953 : 1; 
30954 : 1; 
30955 : 1; 
30956 : 1; 
30957 : 1; 
30958 : 1; 
30959 : 1; 
30960 : 1; 
30961 : 1; 
30962 : 1; 
30963 : 1; 
30964 : 1; 
30965 : 1; 
30966 : 1; 
30967 : 1; 
30968 : 1; 
30969 : 1; 
30970 : 1; 
30971 : 1; 
30972 : 1; 
30973 : 1; 
30974 : 1; 
30975 : 1; 
30976 : 2; 
30977 : 2; 
30978 : 2; 
30979 : 2; 
30980 : 2; 
30981 : 2; 
30982 : 2; 
30983 : 2; 
30984 : 2; 
30985 : 2; 
30986 : 2; 
30987 : 2; 
30988 : 2; 
30989 : 2; 
30990 : 2; 
30991 : 2; 
30992 : 2; 
30993 : 2; 
30994 : 2; 
30995 : 2; 
30996 : 2; 
30997 : 2; 
30998 : 2; 
30999 : 2; 
31000 : 2; 
31001 : 2; 
31002 : 2; 
31003 : 2; 
31004 : 2; 
31005 : 2; 
31006 : 2; 
31007 : 2; 
31008 : 2; 
31009 : 2; 
31010 : 2; 
31011 : 2; 
31012 : 2; 
31013 : 2; 
31014 : 2; 
31015 : 2; 
31016 : 2; 
31017 : 2; 
31018 : 2; 
31019 : 2; 
31020 : 2; 
31021 : 2; 
31022 : 2; 
31023 : 2; 
31024 : 2; 
31025 : 2; 
31026 : 2; 
31027 : 2; 
31028 : 2; 
31029 : 2; 
31030 : 2; 
31031 : 2; 
31032 : 2; 
31033 : 2; 
31034 : 2; 
31035 : 2; 
31036 : 2; 
31037 : 2; 
31038 : 2; 
31039 : 2; 
31040 : 2; 
31041 : 2; 
31042 : 2; 
31043 : 2; 
31044 : 2; 
31045 : 2; 
31046 : 2; 
31047 : 2; 
31048 : 2; 
31049 : 2; 
31050 : 2; 
31051 : 2; 
31052 : 2; 
31053 : 2; 
31054 : 2; 
31055 : 2; 
31056 : 2; 
31057 : 2; 
31058 : 2; 
31059 : 2; 
31060 : 2; 
31061 : 2; 
31062 : 2; 
31063 : 2; 
31064 : 2; 
31065 : 2; 
31066 : 2; 
31067 : 2; 
31068 : 2; 
31069 : 2; 
31070 : 2; 
31071 : 2; 
31072 : 2; 
31073 : 2; 
31074 : 2; 
31075 : 2; 
31076 : 2; 
31077 : 2; 
31078 : 2; 
31079 : 2; 
31080 : 2; 
31081 : 2; 
31082 : 2; 
31083 : 2; 
31084 : 2; 
31085 : 2; 
31086 : 2; 
31087 : 2; 
31088 : 2; 
31089 : 2; 
31090 : 2; 
31091 : 2; 
31092 : 2; 
31093 : 2; 
31094 : 2; 
31095 : 2; 
31096 : 2; 
31097 : 3; 
31098 : 3; 
31099 : 3; 
31100 : 3; 
31101 : 3; 
31102 : 3; 
31103 : 3; 
31104 : 2; 
31105 : 0; 
31106 : 0; 
31107 : 0; 
31108 : 0; 
31109 : 0; 
31110 : 0; 
31111 : 1; 
31112 : 1; 
31113 : 1; 
31114 : 1; 
31115 : 1; 
31116 : 1; 
31117 : 1; 
31118 : 1; 
31119 : 1; 
31120 : 1; 
31121 : 1; 
31122 : 1; 
31123 : 1; 
31124 : 1; 
31125 : 1; 
31126 : 1; 
31127 : 1; 
31128 : 1; 
31129 : 1; 
31130 : 1; 
31131 : 1; 
31132 : 1; 
31133 : 1; 
31134 : 1; 
31135 : 1; 
31136 : 1; 
31137 : 1; 
31138 : 1; 
31139 : 1; 
31140 : 1; 
31141 : 1; 
31142 : 1; 
31143 : 1; 
31144 : 1; 
31145 : 1; 
31146 : 1; 
31147 : 1; 
31148 : 1; 
31149 : 1; 
31150 : 1; 
31151 : 1; 
31152 : 1; 
31153 : 1; 
31154 : 1; 
31155 : 1; 
31156 : 1; 
31157 : 1; 
31158 : 1; 
31159 : 1; 
31160 : 1; 
31161 : 1; 
31162 : 1; 
31163 : 1; 
31164 : 1; 
31165 : 1; 
31166 : 1; 
31167 : 1; 
31168 : 1; 
31169 : 1; 
31170 : 1; 
31171 : 1; 
31172 : 1; 
31173 : 1; 
31174 : 1; 
31175 : 1; 
31176 : 1; 
31177 : 1; 
31178 : 1; 
31179 : 1; 
31180 : 1; 
31181 : 1; 
31182 : 1; 
31183 : 1; 
31184 : 1; 
31185 : 1; 
31186 : 1; 
31187 : 1; 
31188 : 1; 
31189 : 1; 
31190 : 1; 
31191 : 1; 
31192 : 1; 
31193 : 1; 
31194 : 1; 
31195 : 1; 
31196 : 1; 
31197 : 1; 
31198 : 1; 
31199 : 1; 
31200 : 1; 
31201 : 1; 
31202 : 1; 
31203 : 1; 
31204 : 1; 
31205 : 1; 
31206 : 1; 
31207 : 1; 
31208 : 1; 
31209 : 1; 
31210 : 1; 
31211 : 1; 
31212 : 1; 
31213 : 1; 
31214 : 1; 
31215 : 1; 
31216 : 1; 
31217 : 1; 
31218 : 1; 
31219 : 1; 
31220 : 1; 
31221 : 1; 
31222 : 1; 
31223 : 1; 
31224 : 1; 
31225 : 1; 
31226 : 1; 
31227 : 1; 
31228 : 1; 
31229 : 1; 
31230 : 1; 
31231 : 1; 
31232 : 2; 
31233 : 2; 
31234 : 2; 
31235 : 2; 
31236 : 2; 
31237 : 2; 
31238 : 2; 
31239 : 2; 
31240 : 2; 
31241 : 2; 
31242 : 2; 
31243 : 2; 
31244 : 2; 
31245 : 2; 
31246 : 2; 
31247 : 2; 
31248 : 2; 
31249 : 2; 
31250 : 2; 
31251 : 2; 
31252 : 2; 
31253 : 2; 
31254 : 2; 
31255 : 2; 
31256 : 2; 
31257 : 2; 
31258 : 2; 
31259 : 2; 
31260 : 2; 
31261 : 2; 
31262 : 2; 
31263 : 2; 
31264 : 2; 
31265 : 2; 
31266 : 2; 
31267 : 2; 
31268 : 2; 
31269 : 2; 
31270 : 2; 
31271 : 2; 
31272 : 2; 
31273 : 2; 
31274 : 2; 
31275 : 2; 
31276 : 2; 
31277 : 2; 
31278 : 2; 
31279 : 2; 
31280 : 2; 
31281 : 2; 
31282 : 2; 
31283 : 2; 
31284 : 2; 
31285 : 2; 
31286 : 2; 
31287 : 2; 
31288 : 2; 
31289 : 2; 
31290 : 2; 
31291 : 2; 
31292 : 2; 
31293 : 2; 
31294 : 2; 
31295 : 2; 
31296 : 2; 
31297 : 2; 
31298 : 2; 
31299 : 2; 
31300 : 2; 
31301 : 2; 
31302 : 2; 
31303 : 2; 
31304 : 2; 
31305 : 2; 
31306 : 2; 
31307 : 2; 
31308 : 2; 
31309 : 2; 
31310 : 2; 
31311 : 2; 
31312 : 2; 
31313 : 2; 
31314 : 2; 
31315 : 2; 
31316 : 2; 
31317 : 2; 
31318 : 2; 
31319 : 2; 
31320 : 2; 
31321 : 2; 
31322 : 2; 
31323 : 2; 
31324 : 2; 
31325 : 2; 
31326 : 2; 
31327 : 2; 
31328 : 2; 
31329 : 2; 
31330 : 2; 
31331 : 2; 
31332 : 2; 
31333 : 2; 
31334 : 2; 
31335 : 2; 
31336 : 2; 
31337 : 2; 
31338 : 2; 
31339 : 2; 
31340 : 2; 
31341 : 2; 
31342 : 2; 
31343 : 2; 
31344 : 2; 
31345 : 2; 
31346 : 2; 
31347 : 2; 
31348 : 2; 
31349 : 2; 
31350 : 2; 
31351 : 2; 
31352 : 2; 
31353 : 2; 
31354 : 3; 
31355 : 3; 
31356 : 3; 
31357 : 3; 
31358 : 3; 
31359 : 3; 
31360 : 2; 
31361 : 0; 
31362 : 0; 
31363 : 0; 
31364 : 0; 
31365 : 0; 
31366 : 1; 
31367 : 1; 
31368 : 1; 
31369 : 1; 
31370 : 1; 
31371 : 1; 
31372 : 1; 
31373 : 1; 
31374 : 1; 
31375 : 1; 
31376 : 1; 
31377 : 1; 
31378 : 1; 
31379 : 1; 
31380 : 1; 
31381 : 1; 
31382 : 1; 
31383 : 1; 
31384 : 1; 
31385 : 1; 
31386 : 1; 
31387 : 1; 
31388 : 1; 
31389 : 1; 
31390 : 1; 
31391 : 1; 
31392 : 1; 
31393 : 1; 
31394 : 1; 
31395 : 1; 
31396 : 1; 
31397 : 1; 
31398 : 1; 
31399 : 1; 
31400 : 1; 
31401 : 1; 
31402 : 1; 
31403 : 1; 
31404 : 1; 
31405 : 1; 
31406 : 1; 
31407 : 1; 
31408 : 1; 
31409 : 1; 
31410 : 1; 
31411 : 1; 
31412 : 1; 
31413 : 1; 
31414 : 1; 
31415 : 1; 
31416 : 1; 
31417 : 1; 
31418 : 1; 
31419 : 1; 
31420 : 1; 
31421 : 1; 
31422 : 1; 
31423 : 1; 
31424 : 1; 
31425 : 1; 
31426 : 1; 
31427 : 1; 
31428 : 1; 
31429 : 1; 
31430 : 1; 
31431 : 1; 
31432 : 1; 
31433 : 1; 
31434 : 1; 
31435 : 1; 
31436 : 1; 
31437 : 1; 
31438 : 1; 
31439 : 1; 
31440 : 1; 
31441 : 1; 
31442 : 1; 
31443 : 1; 
31444 : 1; 
31445 : 1; 
31446 : 1; 
31447 : 1; 
31448 : 1; 
31449 : 1; 
31450 : 1; 
31451 : 1; 
31452 : 1; 
31453 : 1; 
31454 : 1; 
31455 : 1; 
31456 : 1; 
31457 : 1; 
31458 : 1; 
31459 : 1; 
31460 : 1; 
31461 : 1; 
31462 : 1; 
31463 : 1; 
31464 : 1; 
31465 : 1; 
31466 : 1; 
31467 : 1; 
31468 : 1; 
31469 : 1; 
31470 : 1; 
31471 : 1; 
31472 : 1; 
31473 : 1; 
31474 : 1; 
31475 : 1; 
31476 : 1; 
31477 : 1; 
31478 : 1; 
31479 : 1; 
31480 : 1; 
31481 : 1; 
31482 : 1; 
31483 : 1; 
31484 : 1; 
31485 : 1; 
31486 : 1; 
31487 : 1; 
31488 : 2; 
31489 : 2; 
31490 : 2; 
31491 : 2; 
31492 : 2; 
31493 : 2; 
31494 : 2; 
31495 : 2; 
31496 : 2; 
31497 : 2; 
31498 : 2; 
31499 : 2; 
31500 : 2; 
31501 : 2; 
31502 : 2; 
31503 : 2; 
31504 : 2; 
31505 : 2; 
31506 : 2; 
31507 : 2; 
31508 : 2; 
31509 : 2; 
31510 : 2; 
31511 : 2; 
31512 : 2; 
31513 : 2; 
31514 : 2; 
31515 : 2; 
31516 : 2; 
31517 : 2; 
31518 : 2; 
31519 : 2; 
31520 : 2; 
31521 : 2; 
31522 : 2; 
31523 : 2; 
31524 : 2; 
31525 : 2; 
31526 : 2; 
31527 : 2; 
31528 : 2; 
31529 : 2; 
31530 : 2; 
31531 : 2; 
31532 : 2; 
31533 : 2; 
31534 : 2; 
31535 : 2; 
31536 : 2; 
31537 : 2; 
31538 : 2; 
31539 : 2; 
31540 : 2; 
31541 : 2; 
31542 : 2; 
31543 : 2; 
31544 : 2; 
31545 : 2; 
31546 : 2; 
31547 : 2; 
31548 : 2; 
31549 : 2; 
31550 : 2; 
31551 : 2; 
31552 : 2; 
31553 : 2; 
31554 : 2; 
31555 : 2; 
31556 : 2; 
31557 : 2; 
31558 : 2; 
31559 : 2; 
31560 : 2; 
31561 : 2; 
31562 : 2; 
31563 : 2; 
31564 : 2; 
31565 : 2; 
31566 : 2; 
31567 : 2; 
31568 : 2; 
31569 : 2; 
31570 : 2; 
31571 : 2; 
31572 : 2; 
31573 : 2; 
31574 : 2; 
31575 : 2; 
31576 : 2; 
31577 : 2; 
31578 : 2; 
31579 : 2; 
31580 : 2; 
31581 : 2; 
31582 : 2; 
31583 : 2; 
31584 : 2; 
31585 : 2; 
31586 : 2; 
31587 : 2; 
31588 : 2; 
31589 : 2; 
31590 : 2; 
31591 : 2; 
31592 : 2; 
31593 : 2; 
31594 : 2; 
31595 : 2; 
31596 : 2; 
31597 : 2; 
31598 : 2; 
31599 : 2; 
31600 : 2; 
31601 : 2; 
31602 : 2; 
31603 : 2; 
31604 : 2; 
31605 : 2; 
31606 : 2; 
31607 : 2; 
31608 : 2; 
31609 : 2; 
31610 : 2; 
31611 : 3; 
31612 : 3; 
31613 : 3; 
31614 : 3; 
31615 : 3; 
31616 : 2; 
31617 : 0; 
31618 : 0; 
31619 : 0; 
31620 : 0; 
31621 : 1; 
31622 : 1; 
31623 : 1; 
31624 : 1; 
31625 : 1; 
31626 : 1; 
31627 : 1; 
31628 : 1; 
31629 : 1; 
31630 : 1; 
31631 : 1; 
31632 : 1; 
31633 : 1; 
31634 : 1; 
31635 : 1; 
31636 : 1; 
31637 : 1; 
31638 : 1; 
31639 : 1; 
31640 : 1; 
31641 : 1; 
31642 : 1; 
31643 : 1; 
31644 : 1; 
31645 : 1; 
31646 : 1; 
31647 : 1; 
31648 : 1; 
31649 : 1; 
31650 : 1; 
31651 : 1; 
31652 : 1; 
31653 : 1; 
31654 : 1; 
31655 : 1; 
31656 : 1; 
31657 : 1; 
31658 : 1; 
31659 : 1; 
31660 : 1; 
31661 : 1; 
31662 : 1; 
31663 : 1; 
31664 : 1; 
31665 : 1; 
31666 : 1; 
31667 : 1; 
31668 : 1; 
31669 : 1; 
31670 : 1; 
31671 : 1; 
31672 : 1; 
31673 : 1; 
31674 : 1; 
31675 : 1; 
31676 : 1; 
31677 : 1; 
31678 : 1; 
31679 : 1; 
31680 : 1; 
31681 : 1; 
31682 : 1; 
31683 : 1; 
31684 : 1; 
31685 : 1; 
31686 : 1; 
31687 : 1; 
31688 : 1; 
31689 : 1; 
31690 : 1; 
31691 : 1; 
31692 : 1; 
31693 : 1; 
31694 : 1; 
31695 : 1; 
31696 : 1; 
31697 : 1; 
31698 : 1; 
31699 : 1; 
31700 : 1; 
31701 : 1; 
31702 : 1; 
31703 : 1; 
31704 : 1; 
31705 : 1; 
31706 : 1; 
31707 : 1; 
31708 : 1; 
31709 : 1; 
31710 : 1; 
31711 : 1; 
31712 : 1; 
31713 : 1; 
31714 : 1; 
31715 : 1; 
31716 : 1; 
31717 : 1; 
31718 : 1; 
31719 : 1; 
31720 : 1; 
31721 : 1; 
31722 : 1; 
31723 : 1; 
31724 : 1; 
31725 : 1; 
31726 : 1; 
31727 : 1; 
31728 : 1; 
31729 : 1; 
31730 : 1; 
31731 : 1; 
31732 : 1; 
31733 : 1; 
31734 : 1; 
31735 : 1; 
31736 : 1; 
31737 : 1; 
31738 : 1; 
31739 : 1; 
31740 : 1; 
31741 : 1; 
31742 : 1; 
31743 : 1; 
31744 : 2; 
31745 : 2; 
31746 : 2; 
31747 : 2; 
31748 : 2; 
31749 : 2; 
31750 : 2; 
31751 : 2; 
31752 : 2; 
31753 : 2; 
31754 : 2; 
31755 : 2; 
31756 : 2; 
31757 : 2; 
31758 : 2; 
31759 : 2; 
31760 : 2; 
31761 : 2; 
31762 : 2; 
31763 : 2; 
31764 : 2; 
31765 : 2; 
31766 : 2; 
31767 : 2; 
31768 : 2; 
31769 : 2; 
31770 : 2; 
31771 : 2; 
31772 : 2; 
31773 : 2; 
31774 : 2; 
31775 : 2; 
31776 : 2; 
31777 : 2; 
31778 : 2; 
31779 : 2; 
31780 : 2; 
31781 : 2; 
31782 : 2; 
31783 : 2; 
31784 : 2; 
31785 : 2; 
31786 : 2; 
31787 : 2; 
31788 : 2; 
31789 : 2; 
31790 : 2; 
31791 : 2; 
31792 : 2; 
31793 : 2; 
31794 : 2; 
31795 : 2; 
31796 : 2; 
31797 : 2; 
31798 : 2; 
31799 : 2; 
31800 : 2; 
31801 : 2; 
31802 : 2; 
31803 : 2; 
31804 : 2; 
31805 : 2; 
31806 : 2; 
31807 : 2; 
31808 : 2; 
31809 : 2; 
31810 : 2; 
31811 : 2; 
31812 : 2; 
31813 : 2; 
31814 : 2; 
31815 : 2; 
31816 : 2; 
31817 : 2; 
31818 : 2; 
31819 : 2; 
31820 : 2; 
31821 : 2; 
31822 : 2; 
31823 : 2; 
31824 : 2; 
31825 : 2; 
31826 : 2; 
31827 : 2; 
31828 : 2; 
31829 : 2; 
31830 : 2; 
31831 : 2; 
31832 : 2; 
31833 : 2; 
31834 : 2; 
31835 : 2; 
31836 : 2; 
31837 : 2; 
31838 : 2; 
31839 : 2; 
31840 : 2; 
31841 : 2; 
31842 : 2; 
31843 : 2; 
31844 : 2; 
31845 : 2; 
31846 : 2; 
31847 : 2; 
31848 : 2; 
31849 : 2; 
31850 : 2; 
31851 : 2; 
31852 : 2; 
31853 : 2; 
31854 : 2; 
31855 : 2; 
31856 : 2; 
31857 : 2; 
31858 : 2; 
31859 : 2; 
31860 : 2; 
31861 : 2; 
31862 : 2; 
31863 : 2; 
31864 : 2; 
31865 : 2; 
31866 : 2; 
31867 : 2; 
31868 : 3; 
31869 : 3; 
31870 : 3; 
31871 : 3; 
31872 : 2; 
31873 : 0; 
31874 : 0; 
31875 : 0; 
31876 : 1; 
31877 : 1; 
31878 : 1; 
31879 : 1; 
31880 : 1; 
31881 : 1; 
31882 : 1; 
31883 : 1; 
31884 : 1; 
31885 : 1; 
31886 : 1; 
31887 : 1; 
31888 : 1; 
31889 : 1; 
31890 : 1; 
31891 : 1; 
31892 : 1; 
31893 : 1; 
31894 : 1; 
31895 : 1; 
31896 : 1; 
31897 : 1; 
31898 : 1; 
31899 : 1; 
31900 : 1; 
31901 : 1; 
31902 : 1; 
31903 : 1; 
31904 : 1; 
31905 : 1; 
31906 : 1; 
31907 : 1; 
31908 : 1; 
31909 : 1; 
31910 : 1; 
31911 : 1; 
31912 : 1; 
31913 : 1; 
31914 : 1; 
31915 : 1; 
31916 : 1; 
31917 : 1; 
31918 : 1; 
31919 : 1; 
31920 : 1; 
31921 : 1; 
31922 : 1; 
31923 : 1; 
31924 : 1; 
31925 : 1; 
31926 : 1; 
31927 : 1; 
31928 : 1; 
31929 : 1; 
31930 : 1; 
31931 : 1; 
31932 : 1; 
31933 : 1; 
31934 : 1; 
31935 : 1; 
31936 : 1; 
31937 : 1; 
31938 : 1; 
31939 : 1; 
31940 : 1; 
31941 : 1; 
31942 : 1; 
31943 : 1; 
31944 : 1; 
31945 : 1; 
31946 : 1; 
31947 : 1; 
31948 : 1; 
31949 : 1; 
31950 : 1; 
31951 : 1; 
31952 : 1; 
31953 : 1; 
31954 : 1; 
31955 : 1; 
31956 : 1; 
31957 : 1; 
31958 : 1; 
31959 : 1; 
31960 : 1; 
31961 : 1; 
31962 : 1; 
31963 : 1; 
31964 : 1; 
31965 : 1; 
31966 : 1; 
31967 : 1; 
31968 : 1; 
31969 : 1; 
31970 : 1; 
31971 : 1; 
31972 : 1; 
31973 : 1; 
31974 : 1; 
31975 : 1; 
31976 : 1; 
31977 : 1; 
31978 : 1; 
31979 : 1; 
31980 : 1; 
31981 : 1; 
31982 : 1; 
31983 : 1; 
31984 : 1; 
31985 : 1; 
31986 : 1; 
31987 : 1; 
31988 : 1; 
31989 : 1; 
31990 : 1; 
31991 : 1; 
31992 : 1; 
31993 : 1; 
31994 : 1; 
31995 : 1; 
31996 : 1; 
31997 : 1; 
31998 : 1; 
31999 : 1; 
32000 : 2; 
32001 : 2; 
32002 : 2; 
32003 : 2; 
32004 : 2; 
32005 : 2; 
32006 : 2; 
32007 : 2; 
32008 : 2; 
32009 : 2; 
32010 : 2; 
32011 : 2; 
32012 : 2; 
32013 : 2; 
32014 : 2; 
32015 : 2; 
32016 : 2; 
32017 : 2; 
32018 : 2; 
32019 : 2; 
32020 : 2; 
32021 : 2; 
32022 : 2; 
32023 : 2; 
32024 : 2; 
32025 : 2; 
32026 : 2; 
32027 : 2; 
32028 : 2; 
32029 : 2; 
32030 : 2; 
32031 : 2; 
32032 : 2; 
32033 : 2; 
32034 : 2; 
32035 : 2; 
32036 : 2; 
32037 : 2; 
32038 : 2; 
32039 : 2; 
32040 : 2; 
32041 : 2; 
32042 : 2; 
32043 : 2; 
32044 : 2; 
32045 : 2; 
32046 : 2; 
32047 : 2; 
32048 : 2; 
32049 : 2; 
32050 : 2; 
32051 : 2; 
32052 : 2; 
32053 : 2; 
32054 : 2; 
32055 : 2; 
32056 : 2; 
32057 : 2; 
32058 : 2; 
32059 : 2; 
32060 : 2; 
32061 : 2; 
32062 : 2; 
32063 : 2; 
32064 : 2; 
32065 : 2; 
32066 : 2; 
32067 : 2; 
32068 : 2; 
32069 : 2; 
32070 : 2; 
32071 : 2; 
32072 : 2; 
32073 : 2; 
32074 : 2; 
32075 : 2; 
32076 : 2; 
32077 : 2; 
32078 : 2; 
32079 : 2; 
32080 : 2; 
32081 : 2; 
32082 : 2; 
32083 : 2; 
32084 : 2; 
32085 : 2; 
32086 : 2; 
32087 : 2; 
32088 : 2; 
32089 : 2; 
32090 : 2; 
32091 : 2; 
32092 : 2; 
32093 : 2; 
32094 : 2; 
32095 : 2; 
32096 : 2; 
32097 : 2; 
32098 : 2; 
32099 : 2; 
32100 : 2; 
32101 : 2; 
32102 : 2; 
32103 : 2; 
32104 : 2; 
32105 : 2; 
32106 : 2; 
32107 : 2; 
32108 : 2; 
32109 : 2; 
32110 : 2; 
32111 : 2; 
32112 : 2; 
32113 : 2; 
32114 : 2; 
32115 : 2; 
32116 : 2; 
32117 : 2; 
32118 : 2; 
32119 : 2; 
32120 : 2; 
32121 : 2; 
32122 : 2; 
32123 : 2; 
32124 : 2; 
32125 : 3; 
32126 : 3; 
32127 : 3; 
32128 : 2; 
32129 : 0; 
32130 : 0; 
32131 : 1; 
32132 : 1; 
32133 : 1; 
32134 : 1; 
32135 : 1; 
32136 : 1; 
32137 : 1; 
32138 : 1; 
32139 : 1; 
32140 : 1; 
32141 : 1; 
32142 : 1; 
32143 : 1; 
32144 : 1; 
32145 : 1; 
32146 : 1; 
32147 : 1; 
32148 : 1; 
32149 : 1; 
32150 : 1; 
32151 : 1; 
32152 : 1; 
32153 : 1; 
32154 : 1; 
32155 : 1; 
32156 : 1; 
32157 : 1; 
32158 : 1; 
32159 : 1; 
32160 : 1; 
32161 : 1; 
32162 : 1; 
32163 : 1; 
32164 : 1; 
32165 : 1; 
32166 : 1; 
32167 : 1; 
32168 : 1; 
32169 : 1; 
32170 : 1; 
32171 : 1; 
32172 : 1; 
32173 : 1; 
32174 : 1; 
32175 : 1; 
32176 : 1; 
32177 : 1; 
32178 : 1; 
32179 : 1; 
32180 : 1; 
32181 : 1; 
32182 : 1; 
32183 : 1; 
32184 : 1; 
32185 : 1; 
32186 : 1; 
32187 : 1; 
32188 : 1; 
32189 : 1; 
32190 : 1; 
32191 : 1; 
32192 : 1; 
32193 : 1; 
32194 : 1; 
32195 : 1; 
32196 : 1; 
32197 : 1; 
32198 : 1; 
32199 : 1; 
32200 : 1; 
32201 : 1; 
32202 : 1; 
32203 : 1; 
32204 : 1; 
32205 : 1; 
32206 : 1; 
32207 : 1; 
32208 : 1; 
32209 : 1; 
32210 : 1; 
32211 : 1; 
32212 : 1; 
32213 : 1; 
32214 : 1; 
32215 : 1; 
32216 : 1; 
32217 : 1; 
32218 : 1; 
32219 : 1; 
32220 : 1; 
32221 : 1; 
32222 : 1; 
32223 : 1; 
32224 : 1; 
32225 : 1; 
32226 : 1; 
32227 : 1; 
32228 : 1; 
32229 : 1; 
32230 : 1; 
32231 : 1; 
32232 : 1; 
32233 : 1; 
32234 : 1; 
32235 : 1; 
32236 : 1; 
32237 : 1; 
32238 : 1; 
32239 : 1; 
32240 : 1; 
32241 : 1; 
32242 : 1; 
32243 : 1; 
32244 : 1; 
32245 : 1; 
32246 : 1; 
32247 : 1; 
32248 : 1; 
32249 : 1; 
32250 : 1; 
32251 : 1; 
32252 : 1; 
32253 : 1; 
32254 : 1; 
32255 : 1; 
32256 : 2; 
32257 : 2; 
32258 : 2; 
32259 : 2; 
32260 : 2; 
32261 : 2; 
32262 : 2; 
32263 : 2; 
32264 : 2; 
32265 : 2; 
32266 : 2; 
32267 : 2; 
32268 : 2; 
32269 : 2; 
32270 : 2; 
32271 : 2; 
32272 : 2; 
32273 : 2; 
32274 : 2; 
32275 : 2; 
32276 : 2; 
32277 : 2; 
32278 : 2; 
32279 : 2; 
32280 : 2; 
32281 : 2; 
32282 : 2; 
32283 : 2; 
32284 : 2; 
32285 : 2; 
32286 : 2; 
32287 : 2; 
32288 : 2; 
32289 : 2; 
32290 : 2; 
32291 : 2; 
32292 : 2; 
32293 : 2; 
32294 : 2; 
32295 : 2; 
32296 : 2; 
32297 : 2; 
32298 : 2; 
32299 : 2; 
32300 : 2; 
32301 : 2; 
32302 : 2; 
32303 : 2; 
32304 : 2; 
32305 : 2; 
32306 : 2; 
32307 : 2; 
32308 : 2; 
32309 : 2; 
32310 : 2; 
32311 : 2; 
32312 : 2; 
32313 : 2; 
32314 : 2; 
32315 : 2; 
32316 : 2; 
32317 : 2; 
32318 : 2; 
32319 : 2; 
32320 : 2; 
32321 : 2; 
32322 : 2; 
32323 : 2; 
32324 : 2; 
32325 : 2; 
32326 : 2; 
32327 : 2; 
32328 : 2; 
32329 : 2; 
32330 : 2; 
32331 : 2; 
32332 : 2; 
32333 : 2; 
32334 : 2; 
32335 : 2; 
32336 : 2; 
32337 : 2; 
32338 : 2; 
32339 : 2; 
32340 : 2; 
32341 : 2; 
32342 : 2; 
32343 : 2; 
32344 : 2; 
32345 : 2; 
32346 : 2; 
32347 : 2; 
32348 : 2; 
32349 : 2; 
32350 : 2; 
32351 : 2; 
32352 : 2; 
32353 : 2; 
32354 : 2; 
32355 : 2; 
32356 : 2; 
32357 : 2; 
32358 : 2; 
32359 : 2; 
32360 : 2; 
32361 : 2; 
32362 : 2; 
32363 : 2; 
32364 : 2; 
32365 : 2; 
32366 : 2; 
32367 : 2; 
32368 : 2; 
32369 : 2; 
32370 : 2; 
32371 : 2; 
32372 : 2; 
32373 : 2; 
32374 : 2; 
32375 : 2; 
32376 : 2; 
32377 : 2; 
32378 : 2; 
32379 : 2; 
32380 : 2; 
32381 : 2; 
32382 : 3; 
32383 : 3; 
32384 : 2; 
32385 : 0; 
32386 : 1; 
32387 : 1; 
32388 : 1; 
32389 : 1; 
32390 : 1; 
32391 : 1; 
32392 : 1; 
32393 : 1; 
32394 : 1; 
32395 : 1; 
32396 : 1; 
32397 : 1; 
32398 : 1; 
32399 : 1; 
32400 : 1; 
32401 : 1; 
32402 : 1; 
32403 : 1; 
32404 : 1; 
32405 : 1; 
32406 : 1; 
32407 : 1; 
32408 : 1; 
32409 : 1; 
32410 : 1; 
32411 : 1; 
32412 : 1; 
32413 : 1; 
32414 : 1; 
32415 : 1; 
32416 : 1; 
32417 : 1; 
32418 : 1; 
32419 : 1; 
32420 : 1; 
32421 : 1; 
32422 : 1; 
32423 : 1; 
32424 : 1; 
32425 : 1; 
32426 : 1; 
32427 : 1; 
32428 : 1; 
32429 : 1; 
32430 : 1; 
32431 : 1; 
32432 : 1; 
32433 : 1; 
32434 : 1; 
32435 : 1; 
32436 : 1; 
32437 : 1; 
32438 : 1; 
32439 : 1; 
32440 : 1; 
32441 : 1; 
32442 : 1; 
32443 : 1; 
32444 : 1; 
32445 : 1; 
32446 : 1; 
32447 : 1; 
32448 : 1; 
32449 : 1; 
32450 : 1; 
32451 : 1; 
32452 : 1; 
32453 : 1; 
32454 : 1; 
32455 : 1; 
32456 : 1; 
32457 : 1; 
32458 : 1; 
32459 : 1; 
32460 : 1; 
32461 : 1; 
32462 : 1; 
32463 : 1; 
32464 : 1; 
32465 : 1; 
32466 : 1; 
32467 : 1; 
32468 : 1; 
32469 : 1; 
32470 : 1; 
32471 : 1; 
32472 : 1; 
32473 : 1; 
32474 : 1; 
32475 : 1; 
32476 : 1; 
32477 : 1; 
32478 : 1; 
32479 : 1; 
32480 : 1; 
32481 : 1; 
32482 : 1; 
32483 : 1; 
32484 : 1; 
32485 : 1; 
32486 : 1; 
32487 : 1; 
32488 : 1; 
32489 : 1; 
32490 : 1; 
32491 : 1; 
32492 : 1; 
32493 : 1; 
32494 : 1; 
32495 : 1; 
32496 : 1; 
32497 : 1; 
32498 : 1; 
32499 : 1; 
32500 : 1; 
32501 : 1; 
32502 : 1; 
32503 : 1; 
32504 : 1; 
32505 : 1; 
32506 : 1; 
32507 : 1; 
32508 : 1; 
32509 : 1; 
32510 : 1; 
32511 : 1; 
32512 : 2; 
32513 : 2; 
32514 : 2; 
32515 : 2; 
32516 : 2; 
32517 : 2; 
32518 : 2; 
32519 : 2; 
32520 : 2; 
32521 : 2; 
32522 : 2; 
32523 : 2; 
32524 : 2; 
32525 : 2; 
32526 : 2; 
32527 : 2; 
32528 : 2; 
32529 : 2; 
32530 : 2; 
32531 : 2; 
32532 : 2; 
32533 : 2; 
32534 : 2; 
32535 : 2; 
32536 : 2; 
32537 : 2; 
32538 : 2; 
32539 : 2; 
32540 : 2; 
32541 : 2; 
32542 : 2; 
32543 : 2; 
32544 : 2; 
32545 : 2; 
32546 : 2; 
32547 : 2; 
32548 : 2; 
32549 : 2; 
32550 : 2; 
32551 : 2; 
32552 : 2; 
32553 : 2; 
32554 : 2; 
32555 : 2; 
32556 : 2; 
32557 : 2; 
32558 : 2; 
32559 : 2; 
32560 : 2; 
32561 : 2; 
32562 : 2; 
32563 : 2; 
32564 : 2; 
32565 : 2; 
32566 : 2; 
32567 : 2; 
32568 : 2; 
32569 : 2; 
32570 : 2; 
32571 : 2; 
32572 : 2; 
32573 : 2; 
32574 : 2; 
32575 : 2; 
32576 : 2; 
32577 : 2; 
32578 : 2; 
32579 : 2; 
32580 : 2; 
32581 : 2; 
32582 : 2; 
32583 : 2; 
32584 : 2; 
32585 : 2; 
32586 : 2; 
32587 : 2; 
32588 : 2; 
32589 : 2; 
32590 : 2; 
32591 : 2; 
32592 : 2; 
32593 : 2; 
32594 : 2; 
32595 : 2; 
32596 : 2; 
32597 : 2; 
32598 : 2; 
32599 : 2; 
32600 : 2; 
32601 : 2; 
32602 : 2; 
32603 : 2; 
32604 : 2; 
32605 : 2; 
32606 : 2; 
32607 : 2; 
32608 : 2; 
32609 : 2; 
32610 : 2; 
32611 : 2; 
32612 : 2; 
32613 : 2; 
32614 : 2; 
32615 : 2; 
32616 : 2; 
32617 : 2; 
32618 : 2; 
32619 : 2; 
32620 : 2; 
32621 : 2; 
32622 : 2; 
32623 : 2; 
32624 : 2; 
32625 : 2; 
32626 : 2; 
32627 : 2; 
32628 : 2; 
32629 : 2; 
32630 : 2; 
32631 : 2; 
32632 : 2; 
32633 : 2; 
32634 : 2; 
32635 : 2; 
32636 : 2; 
32637 : 2; 
32638 : 2; 
32639 : 3; 
32640 : 2; 
32641 : 1; 
32642 : 1; 
32643 : 1; 
32644 : 1; 
32645 : 1; 
32646 : 1; 
32647 : 1; 
32648 : 1; 
32649 : 1; 
32650 : 1; 
32651 : 1; 
32652 : 1; 
32653 : 1; 
32654 : 1; 
32655 : 1; 
32656 : 1; 
32657 : 1; 
32658 : 1; 
32659 : 1; 
32660 : 1; 
32661 : 1; 
32662 : 1; 
32663 : 1; 
32664 : 1; 
32665 : 1; 
32666 : 1; 
32667 : 1; 
32668 : 1; 
32669 : 1; 
32670 : 1; 
32671 : 1; 
32672 : 1; 
32673 : 1; 
32674 : 1; 
32675 : 1; 
32676 : 1; 
32677 : 1; 
32678 : 1; 
32679 : 1; 
32680 : 1; 
32681 : 1; 
32682 : 1; 
32683 : 1; 
32684 : 1; 
32685 : 1; 
32686 : 1; 
32687 : 1; 
32688 : 1; 
32689 : 1; 
32690 : 1; 
32691 : 1; 
32692 : 1; 
32693 : 1; 
32694 : 1; 
32695 : 1; 
32696 : 1; 
32697 : 1; 
32698 : 1; 
32699 : 1; 
32700 : 1; 
32701 : 1; 
32702 : 1; 
32703 : 1; 
32704 : 1; 
32705 : 1; 
32706 : 1; 
32707 : 1; 
32708 : 1; 
32709 : 1; 
32710 : 1; 
32711 : 1; 
32712 : 1; 
32713 : 1; 
32714 : 1; 
32715 : 1; 
32716 : 1; 
32717 : 1; 
32718 : 1; 
32719 : 1; 
32720 : 1; 
32721 : 1; 
32722 : 1; 
32723 : 1; 
32724 : 1; 
32725 : 1; 
32726 : 1; 
32727 : 1; 
32728 : 1; 
32729 : 1; 
32730 : 1; 
32731 : 1; 
32732 : 1; 
32733 : 1; 
32734 : 1; 
32735 : 1; 
32736 : 1; 
32737 : 1; 
32738 : 1; 
32739 : 1; 
32740 : 1; 
32741 : 1; 
32742 : 1; 
32743 : 1; 
32744 : 1; 
32745 : 1; 
32746 : 1; 
32747 : 1; 
32748 : 1; 
32749 : 1; 
32750 : 1; 
32751 : 1; 
32752 : 1; 
32753 : 1; 
32754 : 1; 
32755 : 1; 
32756 : 1; 
32757 : 1; 
32758 : 1; 
32759 : 1; 
32760 : 1; 
32761 : 1; 
32762 : 1; 
32763 : 1; 
32764 : 1; 
32765 : 1; 
32766 : 1; 
32767 : 1; 
32768 : 2; 
32769 : 2; 
32770 : 2; 
32771 : 2; 
32772 : 2; 
32773 : 2; 
32774 : 2; 
32775 : 2; 
32776 : 2; 
32777 : 2; 
32778 : 2; 
32779 : 2; 
32780 : 2; 
32781 : 2; 
32782 : 2; 
32783 : 2; 
32784 : 2; 
32785 : 2; 
32786 : 2; 
32787 : 2; 
32788 : 2; 
32789 : 2; 
32790 : 2; 
32791 : 2; 
32792 : 2; 
32793 : 2; 
32794 : 2; 
32795 : 2; 
32796 : 2; 
32797 : 2; 
32798 : 2; 
32799 : 2; 
32800 : 2; 
32801 : 2; 
32802 : 2; 
32803 : 2; 
32804 : 2; 
32805 : 2; 
32806 : 2; 
32807 : 2; 
32808 : 2; 
32809 : 2; 
32810 : 2; 
32811 : 2; 
32812 : 2; 
32813 : 2; 
32814 : 2; 
32815 : 2; 
32816 : 2; 
32817 : 2; 
32818 : 2; 
32819 : 2; 
32820 : 2; 
32821 : 2; 
32822 : 2; 
32823 : 2; 
32824 : 2; 
32825 : 2; 
32826 : 2; 
32827 : 2; 
32828 : 2; 
32829 : 2; 
32830 : 2; 
32831 : 2; 
32832 : 2; 
32833 : 2; 
32834 : 2; 
32835 : 2; 
32836 : 2; 
32837 : 2; 
32838 : 2; 
32839 : 2; 
32840 : 2; 
32841 : 2; 
32842 : 2; 
32843 : 2; 
32844 : 2; 
32845 : 2; 
32846 : 2; 
32847 : 2; 
32848 : 2; 
32849 : 2; 
32850 : 2; 
32851 : 2; 
32852 : 2; 
32853 : 2; 
32854 : 2; 
32855 : 2; 
32856 : 2; 
32857 : 2; 
32858 : 2; 
32859 : 2; 
32860 : 2; 
32861 : 2; 
32862 : 2; 
32863 : 2; 
32864 : 2; 
32865 : 2; 
32866 : 2; 
32867 : 2; 
32868 : 2; 
32869 : 2; 
32870 : 2; 
32871 : 2; 
32872 : 2; 
32873 : 2; 
32874 : 2; 
32875 : 2; 
32876 : 2; 
32877 : 2; 
32878 : 2; 
32879 : 2; 
32880 : 2; 
32881 : 2; 
32882 : 2; 
32883 : 2; 
32884 : 2; 
32885 : 2; 
32886 : 2; 
32887 : 2; 
32888 : 2; 
32889 : 2; 
32890 : 2; 
32891 : 2; 
32892 : 2; 
32893 : 2; 
32894 : 2; 
32895 : 2; 
32896 : 2; 
32897 : 2; 
32898 : 2; 
32899 : 2; 
32900 : 2; 
32901 : 2; 
32902 : 2; 
32903 : 2; 
32904 : 2; 
32905 : 2; 
32906 : 2; 
32907 : 2; 
32908 : 2; 
32909 : 2; 
32910 : 2; 
32911 : 2; 
32912 : 2; 
32913 : 2; 
32914 : 2; 
32915 : 2; 
32916 : 2; 
32917 : 2; 
32918 : 2; 
32919 : 2; 
32920 : 2; 
32921 : 2; 
32922 : 2; 
32923 : 2; 
32924 : 2; 
32925 : 2; 
32926 : 2; 
32927 : 2; 
32928 : 2; 
32929 : 2; 
32930 : 2; 
32931 : 2; 
32932 : 2; 
32933 : 2; 
32934 : 2; 
32935 : 2; 
32936 : 2; 
32937 : 2; 
32938 : 2; 
32939 : 2; 
32940 : 2; 
32941 : 2; 
32942 : 2; 
32943 : 2; 
32944 : 2; 
32945 : 2; 
32946 : 2; 
32947 : 2; 
32948 : 2; 
32949 : 2; 
32950 : 2; 
32951 : 2; 
32952 : 2; 
32953 : 2; 
32954 : 2; 
32955 : 2; 
32956 : 2; 
32957 : 2; 
32958 : 2; 
32959 : 2; 
32960 : 2; 
32961 : 2; 
32962 : 2; 
32963 : 2; 
32964 : 2; 
32965 : 2; 
32966 : 2; 
32967 : 2; 
32968 : 2; 
32969 : 2; 
32970 : 2; 
32971 : 2; 
32972 : 2; 
32973 : 2; 
32974 : 2; 
32975 : 2; 
32976 : 2; 
32977 : 2; 
32978 : 2; 
32979 : 2; 
32980 : 2; 
32981 : 2; 
32982 : 2; 
32983 : 2; 
32984 : 2; 
32985 : 2; 
32986 : 2; 
32987 : 2; 
32988 : 2; 
32989 : 2; 
32990 : 2; 
32991 : 2; 
32992 : 2; 
32993 : 2; 
32994 : 2; 
32995 : 2; 
32996 : 2; 
32997 : 2; 
32998 : 2; 
32999 : 2; 
33000 : 2; 
33001 : 2; 
33002 : 2; 
33003 : 2; 
33004 : 2; 
33005 : 2; 
33006 : 2; 
33007 : 2; 
33008 : 2; 
33009 : 2; 
33010 : 2; 
33011 : 2; 
33012 : 2; 
33013 : 2; 
33014 : 2; 
33015 : 2; 
33016 : 2; 
33017 : 2; 
33018 : 2; 
33019 : 2; 
33020 : 2; 
33021 : 2; 
33022 : 2; 
33023 : 2; 
33024 : 1; 
33025 : 1; 
33026 : 1; 
33027 : 1; 
33028 : 1; 
33029 : 1; 
33030 : 1; 
33031 : 1; 
33032 : 1; 
33033 : 1; 
33034 : 1; 
33035 : 1; 
33036 : 1; 
33037 : 1; 
33038 : 1; 
33039 : 1; 
33040 : 1; 
33041 : 1; 
33042 : 1; 
33043 : 1; 
33044 : 1; 
33045 : 1; 
33046 : 1; 
33047 : 1; 
33048 : 1; 
33049 : 1; 
33050 : 1; 
33051 : 1; 
33052 : 1; 
33053 : 1; 
33054 : 1; 
33055 : 1; 
33056 : 1; 
33057 : 1; 
33058 : 1; 
33059 : 1; 
33060 : 1; 
33061 : 1; 
33062 : 1; 
33063 : 1; 
33064 : 1; 
33065 : 1; 
33066 : 1; 
33067 : 1; 
33068 : 1; 
33069 : 1; 
33070 : 1; 
33071 : 1; 
33072 : 1; 
33073 : 1; 
33074 : 1; 
33075 : 1; 
33076 : 1; 
33077 : 1; 
33078 : 1; 
33079 : 1; 
33080 : 1; 
33081 : 1; 
33082 : 1; 
33083 : 1; 
33084 : 1; 
33085 : 1; 
33086 : 1; 
33087 : 1; 
33088 : 1; 
33089 : 1; 
33090 : 1; 
33091 : 1; 
33092 : 1; 
33093 : 1; 
33094 : 1; 
33095 : 1; 
33096 : 1; 
33097 : 1; 
33098 : 1; 
33099 : 1; 
33100 : 1; 
33101 : 1; 
33102 : 1; 
33103 : 1; 
33104 : 1; 
33105 : 1; 
33106 : 1; 
33107 : 1; 
33108 : 1; 
33109 : 1; 
33110 : 1; 
33111 : 1; 
33112 : 1; 
33113 : 1; 
33114 : 1; 
33115 : 1; 
33116 : 1; 
33117 : 1; 
33118 : 1; 
33119 : 1; 
33120 : 1; 
33121 : 1; 
33122 : 1; 
33123 : 1; 
33124 : 1; 
33125 : 1; 
33126 : 1; 
33127 : 1; 
33128 : 1; 
33129 : 1; 
33130 : 1; 
33131 : 1; 
33132 : 1; 
33133 : 1; 
33134 : 1; 
33135 : 1; 
33136 : 1; 
33137 : 1; 
33138 : 1; 
33139 : 1; 
33140 : 1; 
33141 : 1; 
33142 : 1; 
33143 : 1; 
33144 : 1; 
33145 : 1; 
33146 : 1; 
33147 : 1; 
33148 : 1; 
33149 : 1; 
33150 : 1; 
33151 : 1; 
33152 : 2; 
33153 : 3; 
33154 : 2; 
33155 : 2; 
33156 : 2; 
33157 : 2; 
33158 : 2; 
33159 : 2; 
33160 : 2; 
33161 : 2; 
33162 : 2; 
33163 : 2; 
33164 : 2; 
33165 : 2; 
33166 : 2; 
33167 : 2; 
33168 : 2; 
33169 : 2; 
33170 : 2; 
33171 : 2; 
33172 : 2; 
33173 : 2; 
33174 : 2; 
33175 : 2; 
33176 : 2; 
33177 : 2; 
33178 : 2; 
33179 : 2; 
33180 : 2; 
33181 : 2; 
33182 : 2; 
33183 : 2; 
33184 : 2; 
33185 : 2; 
33186 : 2; 
33187 : 2; 
33188 : 2; 
33189 : 2; 
33190 : 2; 
33191 : 2; 
33192 : 2; 
33193 : 2; 
33194 : 2; 
33195 : 2; 
33196 : 2; 
33197 : 2; 
33198 : 2; 
33199 : 2; 
33200 : 2; 
33201 : 2; 
33202 : 2; 
33203 : 2; 
33204 : 2; 
33205 : 2; 
33206 : 2; 
33207 : 2; 
33208 : 2; 
33209 : 2; 
33210 : 2; 
33211 : 2; 
33212 : 2; 
33213 : 2; 
33214 : 2; 
33215 : 2; 
33216 : 2; 
33217 : 2; 
33218 : 2; 
33219 : 2; 
33220 : 2; 
33221 : 2; 
33222 : 2; 
33223 : 2; 
33224 : 2; 
33225 : 2; 
33226 : 2; 
33227 : 2; 
33228 : 2; 
33229 : 2; 
33230 : 2; 
33231 : 2; 
33232 : 2; 
33233 : 2; 
33234 : 2; 
33235 : 2; 
33236 : 2; 
33237 : 2; 
33238 : 2; 
33239 : 2; 
33240 : 2; 
33241 : 2; 
33242 : 2; 
33243 : 2; 
33244 : 2; 
33245 : 2; 
33246 : 2; 
33247 : 2; 
33248 : 2; 
33249 : 2; 
33250 : 2; 
33251 : 2; 
33252 : 2; 
33253 : 2; 
33254 : 2; 
33255 : 2; 
33256 : 2; 
33257 : 2; 
33258 : 2; 
33259 : 2; 
33260 : 2; 
33261 : 2; 
33262 : 2; 
33263 : 2; 
33264 : 2; 
33265 : 2; 
33266 : 2; 
33267 : 2; 
33268 : 2; 
33269 : 2; 
33270 : 2; 
33271 : 2; 
33272 : 2; 
33273 : 2; 
33274 : 2; 
33275 : 2; 
33276 : 2; 
33277 : 2; 
33278 : 2; 
33279 : 2; 
33280 : 1; 
33281 : 1; 
33282 : 1; 
33283 : 1; 
33284 : 1; 
33285 : 1; 
33286 : 1; 
33287 : 1; 
33288 : 1; 
33289 : 1; 
33290 : 1; 
33291 : 1; 
33292 : 1; 
33293 : 1; 
33294 : 1; 
33295 : 1; 
33296 : 1; 
33297 : 1; 
33298 : 1; 
33299 : 1; 
33300 : 1; 
33301 : 1; 
33302 : 1; 
33303 : 1; 
33304 : 1; 
33305 : 1; 
33306 : 1; 
33307 : 1; 
33308 : 1; 
33309 : 1; 
33310 : 1; 
33311 : 1; 
33312 : 1; 
33313 : 1; 
33314 : 1; 
33315 : 1; 
33316 : 1; 
33317 : 1; 
33318 : 1; 
33319 : 1; 
33320 : 1; 
33321 : 1; 
33322 : 1; 
33323 : 1; 
33324 : 1; 
33325 : 1; 
33326 : 1; 
33327 : 1; 
33328 : 1; 
33329 : 1; 
33330 : 1; 
33331 : 1; 
33332 : 1; 
33333 : 1; 
33334 : 1; 
33335 : 1; 
33336 : 1; 
33337 : 1; 
33338 : 1; 
33339 : 1; 
33340 : 1; 
33341 : 1; 
33342 : 1; 
33343 : 1; 
33344 : 1; 
33345 : 1; 
33346 : 1; 
33347 : 1; 
33348 : 1; 
33349 : 1; 
33350 : 1; 
33351 : 1; 
33352 : 1; 
33353 : 1; 
33354 : 1; 
33355 : 1; 
33356 : 1; 
33357 : 1; 
33358 : 1; 
33359 : 1; 
33360 : 1; 
33361 : 1; 
33362 : 1; 
33363 : 1; 
33364 : 1; 
33365 : 1; 
33366 : 1; 
33367 : 1; 
33368 : 1; 
33369 : 1; 
33370 : 1; 
33371 : 1; 
33372 : 1; 
33373 : 1; 
33374 : 1; 
33375 : 1; 
33376 : 1; 
33377 : 1; 
33378 : 1; 
33379 : 1; 
33380 : 1; 
33381 : 1; 
33382 : 1; 
33383 : 1; 
33384 : 1; 
33385 : 1; 
33386 : 1; 
33387 : 1; 
33388 : 1; 
33389 : 1; 
33390 : 1; 
33391 : 1; 
33392 : 1; 
33393 : 1; 
33394 : 1; 
33395 : 1; 
33396 : 1; 
33397 : 1; 
33398 : 1; 
33399 : 1; 
33400 : 1; 
33401 : 1; 
33402 : 1; 
33403 : 1; 
33404 : 1; 
33405 : 1; 
33406 : 1; 
33407 : 0; 
33408 : 2; 
33409 : 3; 
33410 : 3; 
33411 : 2; 
33412 : 2; 
33413 : 2; 
33414 : 2; 
33415 : 2; 
33416 : 2; 
33417 : 2; 
33418 : 2; 
33419 : 2; 
33420 : 2; 
33421 : 2; 
33422 : 2; 
33423 : 2; 
33424 : 2; 
33425 : 2; 
33426 : 2; 
33427 : 2; 
33428 : 2; 
33429 : 2; 
33430 : 2; 
33431 : 2; 
33432 : 2; 
33433 : 2; 
33434 : 2; 
33435 : 2; 
33436 : 2; 
33437 : 2; 
33438 : 2; 
33439 : 2; 
33440 : 2; 
33441 : 2; 
33442 : 2; 
33443 : 2; 
33444 : 2; 
33445 : 2; 
33446 : 2; 
33447 : 2; 
33448 : 2; 
33449 : 2; 
33450 : 2; 
33451 : 2; 
33452 : 2; 
33453 : 2; 
33454 : 2; 
33455 : 2; 
33456 : 2; 
33457 : 2; 
33458 : 2; 
33459 : 2; 
33460 : 2; 
33461 : 2; 
33462 : 2; 
33463 : 2; 
33464 : 2; 
33465 : 2; 
33466 : 2; 
33467 : 2; 
33468 : 2; 
33469 : 2; 
33470 : 2; 
33471 : 2; 
33472 : 2; 
33473 : 2; 
33474 : 2; 
33475 : 2; 
33476 : 2; 
33477 : 2; 
33478 : 2; 
33479 : 2; 
33480 : 2; 
33481 : 2; 
33482 : 2; 
33483 : 2; 
33484 : 2; 
33485 : 2; 
33486 : 2; 
33487 : 2; 
33488 : 2; 
33489 : 2; 
33490 : 2; 
33491 : 2; 
33492 : 2; 
33493 : 2; 
33494 : 2; 
33495 : 2; 
33496 : 2; 
33497 : 2; 
33498 : 2; 
33499 : 2; 
33500 : 2; 
33501 : 2; 
33502 : 2; 
33503 : 2; 
33504 : 2; 
33505 : 2; 
33506 : 2; 
33507 : 2; 
33508 : 2; 
33509 : 2; 
33510 : 2; 
33511 : 2; 
33512 : 2; 
33513 : 2; 
33514 : 2; 
33515 : 2; 
33516 : 2; 
33517 : 2; 
33518 : 2; 
33519 : 2; 
33520 : 2; 
33521 : 2; 
33522 : 2; 
33523 : 2; 
33524 : 2; 
33525 : 2; 
33526 : 2; 
33527 : 2; 
33528 : 2; 
33529 : 2; 
33530 : 2; 
33531 : 2; 
33532 : 2; 
33533 : 2; 
33534 : 2; 
33535 : 2; 
33536 : 1; 
33537 : 1; 
33538 : 1; 
33539 : 1; 
33540 : 1; 
33541 : 1; 
33542 : 1; 
33543 : 1; 
33544 : 1; 
33545 : 1; 
33546 : 1; 
33547 : 1; 
33548 : 1; 
33549 : 1; 
33550 : 1; 
33551 : 1; 
33552 : 1; 
33553 : 1; 
33554 : 1; 
33555 : 1; 
33556 : 1; 
33557 : 1; 
33558 : 1; 
33559 : 1; 
33560 : 1; 
33561 : 1; 
33562 : 1; 
33563 : 1; 
33564 : 1; 
33565 : 1; 
33566 : 1; 
33567 : 1; 
33568 : 1; 
33569 : 1; 
33570 : 1; 
33571 : 1; 
33572 : 1; 
33573 : 1; 
33574 : 1; 
33575 : 1; 
33576 : 1; 
33577 : 1; 
33578 : 1; 
33579 : 1; 
33580 : 1; 
33581 : 1; 
33582 : 1; 
33583 : 1; 
33584 : 1; 
33585 : 1; 
33586 : 1; 
33587 : 1; 
33588 : 1; 
33589 : 1; 
33590 : 1; 
33591 : 1; 
33592 : 1; 
33593 : 1; 
33594 : 1; 
33595 : 1; 
33596 : 1; 
33597 : 1; 
33598 : 1; 
33599 : 1; 
33600 : 1; 
33601 : 1; 
33602 : 1; 
33603 : 1; 
33604 : 1; 
33605 : 1; 
33606 : 1; 
33607 : 1; 
33608 : 1; 
33609 : 1; 
33610 : 1; 
33611 : 1; 
33612 : 1; 
33613 : 1; 
33614 : 1; 
33615 : 1; 
33616 : 1; 
33617 : 1; 
33618 : 1; 
33619 : 1; 
33620 : 1; 
33621 : 1; 
33622 : 1; 
33623 : 1; 
33624 : 1; 
33625 : 1; 
33626 : 1; 
33627 : 1; 
33628 : 1; 
33629 : 1; 
33630 : 1; 
33631 : 1; 
33632 : 1; 
33633 : 1; 
33634 : 1; 
33635 : 1; 
33636 : 1; 
33637 : 1; 
33638 : 1; 
33639 : 1; 
33640 : 1; 
33641 : 1; 
33642 : 1; 
33643 : 1; 
33644 : 1; 
33645 : 1; 
33646 : 1; 
33647 : 1; 
33648 : 1; 
33649 : 1; 
33650 : 1; 
33651 : 1; 
33652 : 1; 
33653 : 1; 
33654 : 1; 
33655 : 1; 
33656 : 1; 
33657 : 1; 
33658 : 1; 
33659 : 1; 
33660 : 1; 
33661 : 1; 
33662 : 0; 
33663 : 0; 
33664 : 2; 
33665 : 3; 
33666 : 3; 
33667 : 3; 
33668 : 2; 
33669 : 2; 
33670 : 2; 
33671 : 2; 
33672 : 2; 
33673 : 2; 
33674 : 2; 
33675 : 2; 
33676 : 2; 
33677 : 2; 
33678 : 2; 
33679 : 2; 
33680 : 2; 
33681 : 2; 
33682 : 2; 
33683 : 2; 
33684 : 2; 
33685 : 2; 
33686 : 2; 
33687 : 2; 
33688 : 2; 
33689 : 2; 
33690 : 2; 
33691 : 2; 
33692 : 2; 
33693 : 2; 
33694 : 2; 
33695 : 2; 
33696 : 2; 
33697 : 2; 
33698 : 2; 
33699 : 2; 
33700 : 2; 
33701 : 2; 
33702 : 2; 
33703 : 2; 
33704 : 2; 
33705 : 2; 
33706 : 2; 
33707 : 2; 
33708 : 2; 
33709 : 2; 
33710 : 2; 
33711 : 2; 
33712 : 2; 
33713 : 2; 
33714 : 2; 
33715 : 2; 
33716 : 2; 
33717 : 2; 
33718 : 2; 
33719 : 2; 
33720 : 2; 
33721 : 2; 
33722 : 2; 
33723 : 2; 
33724 : 2; 
33725 : 2; 
33726 : 2; 
33727 : 2; 
33728 : 2; 
33729 : 2; 
33730 : 2; 
33731 : 2; 
33732 : 2; 
33733 : 2; 
33734 : 2; 
33735 : 2; 
33736 : 2; 
33737 : 2; 
33738 : 2; 
33739 : 2; 
33740 : 2; 
33741 : 2; 
33742 : 2; 
33743 : 2; 
33744 : 2; 
33745 : 2; 
33746 : 2; 
33747 : 2; 
33748 : 2; 
33749 : 2; 
33750 : 2; 
33751 : 2; 
33752 : 2; 
33753 : 2; 
33754 : 2; 
33755 : 2; 
33756 : 2; 
33757 : 2; 
33758 : 2; 
33759 : 2; 
33760 : 2; 
33761 : 2; 
33762 : 2; 
33763 : 2; 
33764 : 2; 
33765 : 2; 
33766 : 2; 
33767 : 2; 
33768 : 2; 
33769 : 2; 
33770 : 2; 
33771 : 2; 
33772 : 2; 
33773 : 2; 
33774 : 2; 
33775 : 2; 
33776 : 2; 
33777 : 2; 
33778 : 2; 
33779 : 2; 
33780 : 2; 
33781 : 2; 
33782 : 2; 
33783 : 2; 
33784 : 2; 
33785 : 2; 
33786 : 2; 
33787 : 2; 
33788 : 2; 
33789 : 2; 
33790 : 2; 
33791 : 2; 
33792 : 1; 
33793 : 1; 
33794 : 1; 
33795 : 1; 
33796 : 1; 
33797 : 1; 
33798 : 1; 
33799 : 1; 
33800 : 1; 
33801 : 1; 
33802 : 1; 
33803 : 1; 
33804 : 1; 
33805 : 1; 
33806 : 1; 
33807 : 1; 
33808 : 1; 
33809 : 1; 
33810 : 1; 
33811 : 1; 
33812 : 1; 
33813 : 1; 
33814 : 1; 
33815 : 1; 
33816 : 1; 
33817 : 1; 
33818 : 1; 
33819 : 1; 
33820 : 1; 
33821 : 1; 
33822 : 1; 
33823 : 1; 
33824 : 1; 
33825 : 1; 
33826 : 1; 
33827 : 1; 
33828 : 1; 
33829 : 1; 
33830 : 1; 
33831 : 1; 
33832 : 1; 
33833 : 1; 
33834 : 1; 
33835 : 1; 
33836 : 1; 
33837 : 1; 
33838 : 1; 
33839 : 1; 
33840 : 1; 
33841 : 1; 
33842 : 1; 
33843 : 1; 
33844 : 1; 
33845 : 1; 
33846 : 1; 
33847 : 1; 
33848 : 1; 
33849 : 1; 
33850 : 1; 
33851 : 1; 
33852 : 1; 
33853 : 1; 
33854 : 1; 
33855 : 1; 
33856 : 1; 
33857 : 1; 
33858 : 1; 
33859 : 1; 
33860 : 1; 
33861 : 1; 
33862 : 1; 
33863 : 1; 
33864 : 1; 
33865 : 1; 
33866 : 1; 
33867 : 1; 
33868 : 1; 
33869 : 1; 
33870 : 1; 
33871 : 1; 
33872 : 1; 
33873 : 1; 
33874 : 1; 
33875 : 1; 
33876 : 1; 
33877 : 1; 
33878 : 1; 
33879 : 1; 
33880 : 1; 
33881 : 1; 
33882 : 1; 
33883 : 1; 
33884 : 1; 
33885 : 1; 
33886 : 1; 
33887 : 1; 
33888 : 1; 
33889 : 1; 
33890 : 1; 
33891 : 1; 
33892 : 1; 
33893 : 1; 
33894 : 1; 
33895 : 1; 
33896 : 1; 
33897 : 1; 
33898 : 1; 
33899 : 1; 
33900 : 1; 
33901 : 1; 
33902 : 1; 
33903 : 1; 
33904 : 1; 
33905 : 1; 
33906 : 1; 
33907 : 1; 
33908 : 1; 
33909 : 1; 
33910 : 1; 
33911 : 1; 
33912 : 1; 
33913 : 1; 
33914 : 1; 
33915 : 1; 
33916 : 1; 
33917 : 0; 
33918 : 0; 
33919 : 0; 
33920 : 2; 
33921 : 3; 
33922 : 3; 
33923 : 3; 
33924 : 3; 
33925 : 2; 
33926 : 2; 
33927 : 2; 
33928 : 2; 
33929 : 2; 
33930 : 2; 
33931 : 2; 
33932 : 2; 
33933 : 2; 
33934 : 2; 
33935 : 2; 
33936 : 2; 
33937 : 2; 
33938 : 2; 
33939 : 2; 
33940 : 2; 
33941 : 2; 
33942 : 2; 
33943 : 2; 
33944 : 2; 
33945 : 2; 
33946 : 2; 
33947 : 2; 
33948 : 2; 
33949 : 2; 
33950 : 2; 
33951 : 2; 
33952 : 2; 
33953 : 2; 
33954 : 2; 
33955 : 2; 
33956 : 2; 
33957 : 2; 
33958 : 2; 
33959 : 2; 
33960 : 2; 
33961 : 2; 
33962 : 2; 
33963 : 2; 
33964 : 2; 
33965 : 2; 
33966 : 2; 
33967 : 2; 
33968 : 2; 
33969 : 2; 
33970 : 2; 
33971 : 2; 
33972 : 2; 
33973 : 2; 
33974 : 2; 
33975 : 2; 
33976 : 2; 
33977 : 2; 
33978 : 2; 
33979 : 2; 
33980 : 2; 
33981 : 2; 
33982 : 2; 
33983 : 2; 
33984 : 2; 
33985 : 2; 
33986 : 2; 
33987 : 2; 
33988 : 2; 
33989 : 2; 
33990 : 2; 
33991 : 2; 
33992 : 2; 
33993 : 2; 
33994 : 2; 
33995 : 2; 
33996 : 2; 
33997 : 2; 
33998 : 2; 
33999 : 2; 
34000 : 2; 
34001 : 2; 
34002 : 2; 
34003 : 2; 
34004 : 2; 
34005 : 2; 
34006 : 2; 
34007 : 2; 
34008 : 2; 
34009 : 2; 
34010 : 2; 
34011 : 2; 
34012 : 2; 
34013 : 2; 
34014 : 2; 
34015 : 2; 
34016 : 2; 
34017 : 2; 
34018 : 2; 
34019 : 2; 
34020 : 2; 
34021 : 2; 
34022 : 2; 
34023 : 2; 
34024 : 2; 
34025 : 2; 
34026 : 2; 
34027 : 2; 
34028 : 2; 
34029 : 2; 
34030 : 2; 
34031 : 2; 
34032 : 2; 
34033 : 2; 
34034 : 2; 
34035 : 2; 
34036 : 2; 
34037 : 2; 
34038 : 2; 
34039 : 2; 
34040 : 2; 
34041 : 2; 
34042 : 2; 
34043 : 2; 
34044 : 2; 
34045 : 2; 
34046 : 2; 
34047 : 2; 
34048 : 1; 
34049 : 1; 
34050 : 1; 
34051 : 1; 
34052 : 1; 
34053 : 1; 
34054 : 1; 
34055 : 1; 
34056 : 1; 
34057 : 1; 
34058 : 1; 
34059 : 1; 
34060 : 1; 
34061 : 1; 
34062 : 1; 
34063 : 1; 
34064 : 1; 
34065 : 1; 
34066 : 1; 
34067 : 1; 
34068 : 1; 
34069 : 1; 
34070 : 1; 
34071 : 1; 
34072 : 1; 
34073 : 1; 
34074 : 1; 
34075 : 1; 
34076 : 1; 
34077 : 1; 
34078 : 1; 
34079 : 1; 
34080 : 1; 
34081 : 1; 
34082 : 1; 
34083 : 1; 
34084 : 1; 
34085 : 1; 
34086 : 1; 
34087 : 1; 
34088 : 1; 
34089 : 1; 
34090 : 1; 
34091 : 1; 
34092 : 1; 
34093 : 1; 
34094 : 1; 
34095 : 1; 
34096 : 1; 
34097 : 1; 
34098 : 1; 
34099 : 1; 
34100 : 1; 
34101 : 1; 
34102 : 1; 
34103 : 1; 
34104 : 1; 
34105 : 1; 
34106 : 1; 
34107 : 1; 
34108 : 1; 
34109 : 1; 
34110 : 1; 
34111 : 1; 
34112 : 1; 
34113 : 1; 
34114 : 1; 
34115 : 1; 
34116 : 1; 
34117 : 1; 
34118 : 1; 
34119 : 1; 
34120 : 1; 
34121 : 1; 
34122 : 1; 
34123 : 1; 
34124 : 1; 
34125 : 1; 
34126 : 1; 
34127 : 1; 
34128 : 1; 
34129 : 1; 
34130 : 1; 
34131 : 1; 
34132 : 1; 
34133 : 1; 
34134 : 1; 
34135 : 1; 
34136 : 1; 
34137 : 1; 
34138 : 1; 
34139 : 1; 
34140 : 1; 
34141 : 1; 
34142 : 1; 
34143 : 1; 
34144 : 1; 
34145 : 1; 
34146 : 1; 
34147 : 1; 
34148 : 1; 
34149 : 1; 
34150 : 1; 
34151 : 1; 
34152 : 1; 
34153 : 1; 
34154 : 1; 
34155 : 1; 
34156 : 1; 
34157 : 1; 
34158 : 1; 
34159 : 1; 
34160 : 1; 
34161 : 1; 
34162 : 1; 
34163 : 1; 
34164 : 1; 
34165 : 1; 
34166 : 1; 
34167 : 1; 
34168 : 1; 
34169 : 1; 
34170 : 1; 
34171 : 1; 
34172 : 0; 
34173 : 0; 
34174 : 0; 
34175 : 0; 
34176 : 2; 
34177 : 3; 
34178 : 3; 
34179 : 3; 
34180 : 3; 
34181 : 3; 
34182 : 2; 
34183 : 2; 
34184 : 2; 
34185 : 2; 
34186 : 2; 
34187 : 2; 
34188 : 2; 
34189 : 2; 
34190 : 2; 
34191 : 2; 
34192 : 2; 
34193 : 2; 
34194 : 2; 
34195 : 2; 
34196 : 2; 
34197 : 2; 
34198 : 2; 
34199 : 2; 
34200 : 2; 
34201 : 2; 
34202 : 2; 
34203 : 2; 
34204 : 2; 
34205 : 2; 
34206 : 2; 
34207 : 2; 
34208 : 2; 
34209 : 2; 
34210 : 2; 
34211 : 2; 
34212 : 2; 
34213 : 2; 
34214 : 2; 
34215 : 2; 
34216 : 2; 
34217 : 2; 
34218 : 2; 
34219 : 2; 
34220 : 2; 
34221 : 2; 
34222 : 2; 
34223 : 2; 
34224 : 2; 
34225 : 2; 
34226 : 2; 
34227 : 2; 
34228 : 2; 
34229 : 2; 
34230 : 2; 
34231 : 2; 
34232 : 2; 
34233 : 2; 
34234 : 2; 
34235 : 2; 
34236 : 2; 
34237 : 2; 
34238 : 2; 
34239 : 2; 
34240 : 2; 
34241 : 2; 
34242 : 2; 
34243 : 2; 
34244 : 2; 
34245 : 2; 
34246 : 2; 
34247 : 2; 
34248 : 2; 
34249 : 2; 
34250 : 2; 
34251 : 2; 
34252 : 2; 
34253 : 2; 
34254 : 2; 
34255 : 2; 
34256 : 2; 
34257 : 2; 
34258 : 2; 
34259 : 2; 
34260 : 2; 
34261 : 2; 
34262 : 2; 
34263 : 2; 
34264 : 2; 
34265 : 2; 
34266 : 2; 
34267 : 2; 
34268 : 2; 
34269 : 2; 
34270 : 2; 
34271 : 2; 
34272 : 2; 
34273 : 2; 
34274 : 2; 
34275 : 2; 
34276 : 2; 
34277 : 2; 
34278 : 2; 
34279 : 2; 
34280 : 2; 
34281 : 2; 
34282 : 2; 
34283 : 2; 
34284 : 2; 
34285 : 2; 
34286 : 2; 
34287 : 2; 
34288 : 2; 
34289 : 2; 
34290 : 2; 
34291 : 2; 
34292 : 2; 
34293 : 2; 
34294 : 2; 
34295 : 2; 
34296 : 2; 
34297 : 2; 
34298 : 2; 
34299 : 2; 
34300 : 2; 
34301 : 2; 
34302 : 2; 
34303 : 2; 
34304 : 1; 
34305 : 1; 
34306 : 1; 
34307 : 1; 
34308 : 1; 
34309 : 1; 
34310 : 1; 
34311 : 1; 
34312 : 1; 
34313 : 1; 
34314 : 1; 
34315 : 1; 
34316 : 1; 
34317 : 1; 
34318 : 1; 
34319 : 1; 
34320 : 1; 
34321 : 1; 
34322 : 1; 
34323 : 1; 
34324 : 1; 
34325 : 1; 
34326 : 1; 
34327 : 1; 
34328 : 1; 
34329 : 1; 
34330 : 1; 
34331 : 1; 
34332 : 1; 
34333 : 1; 
34334 : 1; 
34335 : 1; 
34336 : 1; 
34337 : 1; 
34338 : 1; 
34339 : 1; 
34340 : 1; 
34341 : 1; 
34342 : 1; 
34343 : 1; 
34344 : 1; 
34345 : 1; 
34346 : 1; 
34347 : 1; 
34348 : 1; 
34349 : 1; 
34350 : 1; 
34351 : 1; 
34352 : 1; 
34353 : 1; 
34354 : 1; 
34355 : 1; 
34356 : 1; 
34357 : 1; 
34358 : 1; 
34359 : 1; 
34360 : 1; 
34361 : 1; 
34362 : 1; 
34363 : 1; 
34364 : 1; 
34365 : 1; 
34366 : 1; 
34367 : 1; 
34368 : 1; 
34369 : 1; 
34370 : 1; 
34371 : 1; 
34372 : 1; 
34373 : 1; 
34374 : 1; 
34375 : 1; 
34376 : 1; 
34377 : 1; 
34378 : 1; 
34379 : 1; 
34380 : 1; 
34381 : 1; 
34382 : 1; 
34383 : 1; 
34384 : 1; 
34385 : 1; 
34386 : 1; 
34387 : 1; 
34388 : 1; 
34389 : 1; 
34390 : 1; 
34391 : 1; 
34392 : 1; 
34393 : 1; 
34394 : 1; 
34395 : 1; 
34396 : 1; 
34397 : 1; 
34398 : 1; 
34399 : 1; 
34400 : 1; 
34401 : 1; 
34402 : 1; 
34403 : 1; 
34404 : 1; 
34405 : 1; 
34406 : 1; 
34407 : 1; 
34408 : 1; 
34409 : 1; 
34410 : 1; 
34411 : 1; 
34412 : 1; 
34413 : 1; 
34414 : 1; 
34415 : 1; 
34416 : 1; 
34417 : 1; 
34418 : 1; 
34419 : 1; 
34420 : 1; 
34421 : 1; 
34422 : 1; 
34423 : 1; 
34424 : 1; 
34425 : 1; 
34426 : 1; 
34427 : 0; 
34428 : 0; 
34429 : 0; 
34430 : 0; 
34431 : 0; 
34432 : 2; 
34433 : 3; 
34434 : 3; 
34435 : 3; 
34436 : 3; 
34437 : 3; 
34438 : 3; 
34439 : 2; 
34440 : 2; 
34441 : 2; 
34442 : 2; 
34443 : 2; 
34444 : 2; 
34445 : 2; 
34446 : 2; 
34447 : 2; 
34448 : 2; 
34449 : 2; 
34450 : 2; 
34451 : 2; 
34452 : 2; 
34453 : 2; 
34454 : 2; 
34455 : 2; 
34456 : 2; 
34457 : 2; 
34458 : 2; 
34459 : 2; 
34460 : 2; 
34461 : 2; 
34462 : 2; 
34463 : 2; 
34464 : 2; 
34465 : 2; 
34466 : 2; 
34467 : 2; 
34468 : 2; 
34469 : 2; 
34470 : 2; 
34471 : 2; 
34472 : 2; 
34473 : 2; 
34474 : 2; 
34475 : 2; 
34476 : 2; 
34477 : 2; 
34478 : 2; 
34479 : 2; 
34480 : 2; 
34481 : 2; 
34482 : 2; 
34483 : 2; 
34484 : 2; 
34485 : 2; 
34486 : 2; 
34487 : 2; 
34488 : 2; 
34489 : 2; 
34490 : 2; 
34491 : 2; 
34492 : 2; 
34493 : 2; 
34494 : 2; 
34495 : 2; 
34496 : 2; 
34497 : 2; 
34498 : 2; 
34499 : 2; 
34500 : 2; 
34501 : 2; 
34502 : 2; 
34503 : 2; 
34504 : 2; 
34505 : 2; 
34506 : 2; 
34507 : 2; 
34508 : 2; 
34509 : 2; 
34510 : 2; 
34511 : 2; 
34512 : 2; 
34513 : 2; 
34514 : 2; 
34515 : 2; 
34516 : 2; 
34517 : 2; 
34518 : 2; 
34519 : 2; 
34520 : 2; 
34521 : 2; 
34522 : 2; 
34523 : 2; 
34524 : 2; 
34525 : 2; 
34526 : 2; 
34527 : 2; 
34528 : 2; 
34529 : 2; 
34530 : 2; 
34531 : 2; 
34532 : 2; 
34533 : 2; 
34534 : 2; 
34535 : 2; 
34536 : 2; 
34537 : 2; 
34538 : 2; 
34539 : 2; 
34540 : 2; 
34541 : 2; 
34542 : 2; 
34543 : 2; 
34544 : 2; 
34545 : 2; 
34546 : 2; 
34547 : 2; 
34548 : 2; 
34549 : 2; 
34550 : 2; 
34551 : 2; 
34552 : 2; 
34553 : 2; 
34554 : 2; 
34555 : 2; 
34556 : 2; 
34557 : 2; 
34558 : 2; 
34559 : 2; 
34560 : 1; 
34561 : 1; 
34562 : 1; 
34563 : 1; 
34564 : 1; 
34565 : 1; 
34566 : 1; 
34567 : 1; 
34568 : 1; 
34569 : 1; 
34570 : 1; 
34571 : 1; 
34572 : 1; 
34573 : 1; 
34574 : 1; 
34575 : 1; 
34576 : 1; 
34577 : 1; 
34578 : 1; 
34579 : 1; 
34580 : 1; 
34581 : 1; 
34582 : 1; 
34583 : 1; 
34584 : 1; 
34585 : 1; 
34586 : 1; 
34587 : 1; 
34588 : 1; 
34589 : 1; 
34590 : 1; 
34591 : 1; 
34592 : 1; 
34593 : 1; 
34594 : 1; 
34595 : 1; 
34596 : 1; 
34597 : 1; 
34598 : 1; 
34599 : 1; 
34600 : 1; 
34601 : 1; 
34602 : 1; 
34603 : 1; 
34604 : 1; 
34605 : 1; 
34606 : 1; 
34607 : 1; 
34608 : 1; 
34609 : 1; 
34610 : 1; 
34611 : 1; 
34612 : 1; 
34613 : 1; 
34614 : 1; 
34615 : 1; 
34616 : 1; 
34617 : 1; 
34618 : 1; 
34619 : 1; 
34620 : 1; 
34621 : 1; 
34622 : 1; 
34623 : 1; 
34624 : 1; 
34625 : 1; 
34626 : 1; 
34627 : 1; 
34628 : 1; 
34629 : 1; 
34630 : 1; 
34631 : 1; 
34632 : 1; 
34633 : 1; 
34634 : 1; 
34635 : 1; 
34636 : 1; 
34637 : 1; 
34638 : 1; 
34639 : 1; 
34640 : 1; 
34641 : 1; 
34642 : 1; 
34643 : 1; 
34644 : 1; 
34645 : 1; 
34646 : 1; 
34647 : 1; 
34648 : 1; 
34649 : 1; 
34650 : 1; 
34651 : 1; 
34652 : 1; 
34653 : 1; 
34654 : 1; 
34655 : 1; 
34656 : 1; 
34657 : 1; 
34658 : 1; 
34659 : 1; 
34660 : 1; 
34661 : 1; 
34662 : 1; 
34663 : 1; 
34664 : 1; 
34665 : 1; 
34666 : 1; 
34667 : 1; 
34668 : 1; 
34669 : 1; 
34670 : 1; 
34671 : 1; 
34672 : 1; 
34673 : 1; 
34674 : 1; 
34675 : 1; 
34676 : 1; 
34677 : 1; 
34678 : 1; 
34679 : 1; 
34680 : 1; 
34681 : 1; 
34682 : 0; 
34683 : 0; 
34684 : 0; 
34685 : 0; 
34686 : 0; 
34687 : 0; 
34688 : 2; 
34689 : 3; 
34690 : 3; 
34691 : 3; 
34692 : 3; 
34693 : 3; 
34694 : 3; 
34695 : 3; 
34696 : 2; 
34697 : 2; 
34698 : 2; 
34699 : 2; 
34700 : 2; 
34701 : 2; 
34702 : 2; 
34703 : 2; 
34704 : 2; 
34705 : 2; 
34706 : 2; 
34707 : 2; 
34708 : 2; 
34709 : 2; 
34710 : 2; 
34711 : 2; 
34712 : 2; 
34713 : 2; 
34714 : 2; 
34715 : 2; 
34716 : 2; 
34717 : 2; 
34718 : 2; 
34719 : 2; 
34720 : 2; 
34721 : 2; 
34722 : 2; 
34723 : 2; 
34724 : 2; 
34725 : 2; 
34726 : 2; 
34727 : 2; 
34728 : 2; 
34729 : 2; 
34730 : 2; 
34731 : 2; 
34732 : 2; 
34733 : 2; 
34734 : 2; 
34735 : 2; 
34736 : 2; 
34737 : 2; 
34738 : 2; 
34739 : 2; 
34740 : 2; 
34741 : 2; 
34742 : 2; 
34743 : 2; 
34744 : 2; 
34745 : 2; 
34746 : 2; 
34747 : 2; 
34748 : 2; 
34749 : 2; 
34750 : 2; 
34751 : 2; 
34752 : 2; 
34753 : 2; 
34754 : 2; 
34755 : 2; 
34756 : 2; 
34757 : 2; 
34758 : 2; 
34759 : 2; 
34760 : 2; 
34761 : 2; 
34762 : 2; 
34763 : 2; 
34764 : 2; 
34765 : 2; 
34766 : 2; 
34767 : 2; 
34768 : 2; 
34769 : 2; 
34770 : 2; 
34771 : 2; 
34772 : 2; 
34773 : 2; 
34774 : 2; 
34775 : 2; 
34776 : 2; 
34777 : 2; 
34778 : 2; 
34779 : 2; 
34780 : 2; 
34781 : 2; 
34782 : 2; 
34783 : 2; 
34784 : 2; 
34785 : 2; 
34786 : 2; 
34787 : 2; 
34788 : 2; 
34789 : 2; 
34790 : 2; 
34791 : 2; 
34792 : 2; 
34793 : 2; 
34794 : 2; 
34795 : 2; 
34796 : 2; 
34797 : 2; 
34798 : 2; 
34799 : 2; 
34800 : 2; 
34801 : 2; 
34802 : 2; 
34803 : 2; 
34804 : 2; 
34805 : 2; 
34806 : 2; 
34807 : 2; 
34808 : 2; 
34809 : 2; 
34810 : 2; 
34811 : 2; 
34812 : 2; 
34813 : 2; 
34814 : 2; 
34815 : 2; 
34816 : 1; 
34817 : 1; 
34818 : 1; 
34819 : 1; 
34820 : 1; 
34821 : 1; 
34822 : 1; 
34823 : 1; 
34824 : 1; 
34825 : 1; 
34826 : 1; 
34827 : 1; 
34828 : 1; 
34829 : 1; 
34830 : 1; 
34831 : 1; 
34832 : 1; 
34833 : 1; 
34834 : 1; 
34835 : 1; 
34836 : 1; 
34837 : 1; 
34838 : 1; 
34839 : 1; 
34840 : 1; 
34841 : 1; 
34842 : 1; 
34843 : 1; 
34844 : 1; 
34845 : 1; 
34846 : 1; 
34847 : 1; 
34848 : 1; 
34849 : 1; 
34850 : 1; 
34851 : 1; 
34852 : 1; 
34853 : 1; 
34854 : 1; 
34855 : 1; 
34856 : 1; 
34857 : 1; 
34858 : 1; 
34859 : 1; 
34860 : 1; 
34861 : 1; 
34862 : 1; 
34863 : 1; 
34864 : 1; 
34865 : 1; 
34866 : 1; 
34867 : 1; 
34868 : 1; 
34869 : 1; 
34870 : 1; 
34871 : 1; 
34872 : 1; 
34873 : 1; 
34874 : 1; 
34875 : 1; 
34876 : 1; 
34877 : 1; 
34878 : 1; 
34879 : 1; 
34880 : 1; 
34881 : 1; 
34882 : 1; 
34883 : 1; 
34884 : 1; 
34885 : 1; 
34886 : 1; 
34887 : 1; 
34888 : 1; 
34889 : 1; 
34890 : 1; 
34891 : 1; 
34892 : 1; 
34893 : 1; 
34894 : 1; 
34895 : 1; 
34896 : 1; 
34897 : 1; 
34898 : 1; 
34899 : 1; 
34900 : 1; 
34901 : 1; 
34902 : 1; 
34903 : 1; 
34904 : 1; 
34905 : 1; 
34906 : 1; 
34907 : 1; 
34908 : 1; 
34909 : 1; 
34910 : 1; 
34911 : 1; 
34912 : 1; 
34913 : 1; 
34914 : 1; 
34915 : 1; 
34916 : 1; 
34917 : 1; 
34918 : 1; 
34919 : 1; 
34920 : 1; 
34921 : 1; 
34922 : 1; 
34923 : 1; 
34924 : 1; 
34925 : 1; 
34926 : 1; 
34927 : 1; 
34928 : 1; 
34929 : 1; 
34930 : 1; 
34931 : 1; 
34932 : 1; 
34933 : 1; 
34934 : 1; 
34935 : 1; 
34936 : 1; 
34937 : 0; 
34938 : 0; 
34939 : 0; 
34940 : 0; 
34941 : 0; 
34942 : 0; 
34943 : 0; 
34944 : 2; 
34945 : 3; 
34946 : 3; 
34947 : 3; 
34948 : 3; 
34949 : 3; 
34950 : 3; 
34951 : 3; 
34952 : 3; 
34953 : 2; 
34954 : 2; 
34955 : 2; 
34956 : 2; 
34957 : 2; 
34958 : 2; 
34959 : 2; 
34960 : 2; 
34961 : 2; 
34962 : 2; 
34963 : 2; 
34964 : 2; 
34965 : 2; 
34966 : 2; 
34967 : 2; 
34968 : 2; 
34969 : 2; 
34970 : 2; 
34971 : 2; 
34972 : 2; 
34973 : 2; 
34974 : 2; 
34975 : 2; 
34976 : 2; 
34977 : 2; 
34978 : 2; 
34979 : 2; 
34980 : 2; 
34981 : 2; 
34982 : 2; 
34983 : 2; 
34984 : 2; 
34985 : 2; 
34986 : 2; 
34987 : 2; 
34988 : 2; 
34989 : 2; 
34990 : 2; 
34991 : 2; 
34992 : 2; 
34993 : 2; 
34994 : 2; 
34995 : 2; 
34996 : 2; 
34997 : 2; 
34998 : 2; 
34999 : 2; 
35000 : 2; 
35001 : 2; 
35002 : 2; 
35003 : 2; 
35004 : 2; 
35005 : 2; 
35006 : 2; 
35007 : 2; 
35008 : 2; 
35009 : 2; 
35010 : 2; 
35011 : 2; 
35012 : 2; 
35013 : 2; 
35014 : 2; 
35015 : 2; 
35016 : 2; 
35017 : 2; 
35018 : 2; 
35019 : 2; 
35020 : 2; 
35021 : 2; 
35022 : 2; 
35023 : 2; 
35024 : 2; 
35025 : 2; 
35026 : 2; 
35027 : 2; 
35028 : 2; 
35029 : 2; 
35030 : 2; 
35031 : 2; 
35032 : 2; 
35033 : 2; 
35034 : 2; 
35035 : 2; 
35036 : 2; 
35037 : 2; 
35038 : 2; 
35039 : 2; 
35040 : 2; 
35041 : 2; 
35042 : 2; 
35043 : 2; 
35044 : 2; 
35045 : 2; 
35046 : 2; 
35047 : 2; 
35048 : 2; 
35049 : 2; 
35050 : 2; 
35051 : 2; 
35052 : 2; 
35053 : 2; 
35054 : 2; 
35055 : 2; 
35056 : 2; 
35057 : 2; 
35058 : 2; 
35059 : 2; 
35060 : 2; 
35061 : 2; 
35062 : 2; 
35063 : 2; 
35064 : 2; 
35065 : 2; 
35066 : 2; 
35067 : 2; 
35068 : 2; 
35069 : 2; 
35070 : 2; 
35071 : 2; 
35072 : 1; 
35073 : 1; 
35074 : 1; 
35075 : 1; 
35076 : 1; 
35077 : 1; 
35078 : 1; 
35079 : 1; 
35080 : 1; 
35081 : 1; 
35082 : 1; 
35083 : 1; 
35084 : 1; 
35085 : 1; 
35086 : 1; 
35087 : 1; 
35088 : 1; 
35089 : 1; 
35090 : 1; 
35091 : 1; 
35092 : 1; 
35093 : 1; 
35094 : 1; 
35095 : 1; 
35096 : 1; 
35097 : 1; 
35098 : 1; 
35099 : 1; 
35100 : 1; 
35101 : 1; 
35102 : 1; 
35103 : 1; 
35104 : 1; 
35105 : 1; 
35106 : 1; 
35107 : 1; 
35108 : 1; 
35109 : 1; 
35110 : 1; 
35111 : 1; 
35112 : 1; 
35113 : 1; 
35114 : 1; 
35115 : 1; 
35116 : 1; 
35117 : 1; 
35118 : 1; 
35119 : 1; 
35120 : 1; 
35121 : 1; 
35122 : 1; 
35123 : 1; 
35124 : 1; 
35125 : 1; 
35126 : 1; 
35127 : 1; 
35128 : 1; 
35129 : 1; 
35130 : 1; 
35131 : 1; 
35132 : 1; 
35133 : 1; 
35134 : 1; 
35135 : 1; 
35136 : 1; 
35137 : 1; 
35138 : 1; 
35139 : 1; 
35140 : 1; 
35141 : 1; 
35142 : 1; 
35143 : 1; 
35144 : 1; 
35145 : 1; 
35146 : 1; 
35147 : 1; 
35148 : 1; 
35149 : 1; 
35150 : 1; 
35151 : 1; 
35152 : 1; 
35153 : 1; 
35154 : 1; 
35155 : 1; 
35156 : 1; 
35157 : 1; 
35158 : 1; 
35159 : 1; 
35160 : 1; 
35161 : 1; 
35162 : 1; 
35163 : 1; 
35164 : 1; 
35165 : 1; 
35166 : 1; 
35167 : 1; 
35168 : 1; 
35169 : 1; 
35170 : 1; 
35171 : 1; 
35172 : 1; 
35173 : 1; 
35174 : 1; 
35175 : 1; 
35176 : 1; 
35177 : 1; 
35178 : 1; 
35179 : 1; 
35180 : 1; 
35181 : 1; 
35182 : 1; 
35183 : 1; 
35184 : 1; 
35185 : 1; 
35186 : 1; 
35187 : 1; 
35188 : 1; 
35189 : 1; 
35190 : 1; 
35191 : 1; 
35192 : 0; 
35193 : 0; 
35194 : 0; 
35195 : 0; 
35196 : 0; 
35197 : 0; 
35198 : 0; 
35199 : 0; 
35200 : 2; 
35201 : 3; 
35202 : 3; 
35203 : 3; 
35204 : 3; 
35205 : 3; 
35206 : 3; 
35207 : 3; 
35208 : 3; 
35209 : 3; 
35210 : 2; 
35211 : 2; 
35212 : 2; 
35213 : 2; 
35214 : 2; 
35215 : 2; 
35216 : 2; 
35217 : 2; 
35218 : 2; 
35219 : 2; 
35220 : 2; 
35221 : 2; 
35222 : 2; 
35223 : 2; 
35224 : 2; 
35225 : 2; 
35226 : 2; 
35227 : 2; 
35228 : 2; 
35229 : 2; 
35230 : 2; 
35231 : 2; 
35232 : 2; 
35233 : 2; 
35234 : 2; 
35235 : 2; 
35236 : 2; 
35237 : 2; 
35238 : 2; 
35239 : 2; 
35240 : 2; 
35241 : 2; 
35242 : 2; 
35243 : 2; 
35244 : 2; 
35245 : 2; 
35246 : 2; 
35247 : 2; 
35248 : 2; 
35249 : 2; 
35250 : 2; 
35251 : 2; 
35252 : 2; 
35253 : 2; 
35254 : 2; 
35255 : 2; 
35256 : 2; 
35257 : 2; 
35258 : 2; 
35259 : 2; 
35260 : 2; 
35261 : 2; 
35262 : 2; 
35263 : 2; 
35264 : 2; 
35265 : 2; 
35266 : 2; 
35267 : 2; 
35268 : 2; 
35269 : 2; 
35270 : 2; 
35271 : 2; 
35272 : 2; 
35273 : 2; 
35274 : 2; 
35275 : 2; 
35276 : 2; 
35277 : 2; 
35278 : 2; 
35279 : 2; 
35280 : 2; 
35281 : 2; 
35282 : 2; 
35283 : 2; 
35284 : 2; 
35285 : 2; 
35286 : 2; 
35287 : 2; 
35288 : 2; 
35289 : 2; 
35290 : 2; 
35291 : 2; 
35292 : 2; 
35293 : 2; 
35294 : 2; 
35295 : 2; 
35296 : 2; 
35297 : 2; 
35298 : 2; 
35299 : 2; 
35300 : 2; 
35301 : 2; 
35302 : 2; 
35303 : 2; 
35304 : 2; 
35305 : 2; 
35306 : 2; 
35307 : 2; 
35308 : 2; 
35309 : 2; 
35310 : 2; 
35311 : 2; 
35312 : 2; 
35313 : 2; 
35314 : 2; 
35315 : 2; 
35316 : 2; 
35317 : 2; 
35318 : 2; 
35319 : 2; 
35320 : 2; 
35321 : 2; 
35322 : 2; 
35323 : 2; 
35324 : 2; 
35325 : 2; 
35326 : 2; 
35327 : 2; 
35328 : 1; 
35329 : 1; 
35330 : 1; 
35331 : 1; 
35332 : 1; 
35333 : 1; 
35334 : 1; 
35335 : 1; 
35336 : 1; 
35337 : 1; 
35338 : 1; 
35339 : 1; 
35340 : 1; 
35341 : 1; 
35342 : 1; 
35343 : 1; 
35344 : 1; 
35345 : 1; 
35346 : 1; 
35347 : 1; 
35348 : 1; 
35349 : 1; 
35350 : 1; 
35351 : 1; 
35352 : 1; 
35353 : 1; 
35354 : 1; 
35355 : 1; 
35356 : 1; 
35357 : 1; 
35358 : 1; 
35359 : 1; 
35360 : 1; 
35361 : 1; 
35362 : 1; 
35363 : 1; 
35364 : 1; 
35365 : 1; 
35366 : 1; 
35367 : 1; 
35368 : 1; 
35369 : 1; 
35370 : 1; 
35371 : 1; 
35372 : 1; 
35373 : 1; 
35374 : 1; 
35375 : 1; 
35376 : 1; 
35377 : 1; 
35378 : 1; 
35379 : 1; 
35380 : 1; 
35381 : 1; 
35382 : 1; 
35383 : 1; 
35384 : 1; 
35385 : 1; 
35386 : 1; 
35387 : 1; 
35388 : 1; 
35389 : 1; 
35390 : 1; 
35391 : 1; 
35392 : 1; 
35393 : 1; 
35394 : 1; 
35395 : 1; 
35396 : 1; 
35397 : 1; 
35398 : 1; 
35399 : 1; 
35400 : 1; 
35401 : 1; 
35402 : 1; 
35403 : 1; 
35404 : 1; 
35405 : 1; 
35406 : 1; 
35407 : 1; 
35408 : 1; 
35409 : 1; 
35410 : 1; 
35411 : 1; 
35412 : 1; 
35413 : 1; 
35414 : 1; 
35415 : 1; 
35416 : 1; 
35417 : 1; 
35418 : 1; 
35419 : 1; 
35420 : 1; 
35421 : 1; 
35422 : 1; 
35423 : 1; 
35424 : 1; 
35425 : 1; 
35426 : 1; 
35427 : 1; 
35428 : 1; 
35429 : 1; 
35430 : 1; 
35431 : 1; 
35432 : 1; 
35433 : 1; 
35434 : 1; 
35435 : 1; 
35436 : 1; 
35437 : 1; 
35438 : 1; 
35439 : 1; 
35440 : 1; 
35441 : 1; 
35442 : 1; 
35443 : 1; 
35444 : 1; 
35445 : 1; 
35446 : 1; 
35447 : 0; 
35448 : 0; 
35449 : 0; 
35450 : 0; 
35451 : 0; 
35452 : 0; 
35453 : 0; 
35454 : 0; 
35455 : 0; 
35456 : 2; 
35457 : 3; 
35458 : 3; 
35459 : 3; 
35460 : 3; 
35461 : 3; 
35462 : 3; 
35463 : 3; 
35464 : 3; 
35465 : 3; 
35466 : 3; 
35467 : 2; 
35468 : 2; 
35469 : 2; 
35470 : 2; 
35471 : 2; 
35472 : 2; 
35473 : 2; 
35474 : 2; 
35475 : 2; 
35476 : 2; 
35477 : 2; 
35478 : 2; 
35479 : 2; 
35480 : 2; 
35481 : 2; 
35482 : 2; 
35483 : 2; 
35484 : 2; 
35485 : 2; 
35486 : 2; 
35487 : 2; 
35488 : 2; 
35489 : 2; 
35490 : 2; 
35491 : 2; 
35492 : 2; 
35493 : 2; 
35494 : 2; 
35495 : 2; 
35496 : 2; 
35497 : 2; 
35498 : 2; 
35499 : 2; 
35500 : 2; 
35501 : 2; 
35502 : 2; 
35503 : 2; 
35504 : 2; 
35505 : 2; 
35506 : 2; 
35507 : 2; 
35508 : 2; 
35509 : 2; 
35510 : 2; 
35511 : 2; 
35512 : 2; 
35513 : 2; 
35514 : 2; 
35515 : 2; 
35516 : 2; 
35517 : 2; 
35518 : 2; 
35519 : 2; 
35520 : 2; 
35521 : 2; 
35522 : 2; 
35523 : 2; 
35524 : 2; 
35525 : 2; 
35526 : 2; 
35527 : 2; 
35528 : 2; 
35529 : 2; 
35530 : 2; 
35531 : 2; 
35532 : 2; 
35533 : 2; 
35534 : 2; 
35535 : 2; 
35536 : 2; 
35537 : 2; 
35538 : 2; 
35539 : 2; 
35540 : 2; 
35541 : 2; 
35542 : 2; 
35543 : 2; 
35544 : 2; 
35545 : 2; 
35546 : 2; 
35547 : 2; 
35548 : 2; 
35549 : 2; 
35550 : 2; 
35551 : 2; 
35552 : 2; 
35553 : 2; 
35554 : 2; 
35555 : 2; 
35556 : 2; 
35557 : 2; 
35558 : 2; 
35559 : 2; 
35560 : 2; 
35561 : 2; 
35562 : 2; 
35563 : 2; 
35564 : 2; 
35565 : 2; 
35566 : 2; 
35567 : 2; 
35568 : 2; 
35569 : 2; 
35570 : 2; 
35571 : 2; 
35572 : 2; 
35573 : 2; 
35574 : 2; 
35575 : 2; 
35576 : 2; 
35577 : 2; 
35578 : 2; 
35579 : 2; 
35580 : 2; 
35581 : 2; 
35582 : 2; 
35583 : 2; 
35584 : 1; 
35585 : 1; 
35586 : 1; 
35587 : 1; 
35588 : 1; 
35589 : 1; 
35590 : 1; 
35591 : 1; 
35592 : 1; 
35593 : 1; 
35594 : 1; 
35595 : 1; 
35596 : 1; 
35597 : 1; 
35598 : 1; 
35599 : 1; 
35600 : 1; 
35601 : 1; 
35602 : 1; 
35603 : 1; 
35604 : 1; 
35605 : 1; 
35606 : 1; 
35607 : 1; 
35608 : 1; 
35609 : 1; 
35610 : 1; 
35611 : 1; 
35612 : 1; 
35613 : 1; 
35614 : 1; 
35615 : 1; 
35616 : 1; 
35617 : 1; 
35618 : 1; 
35619 : 1; 
35620 : 1; 
35621 : 1; 
35622 : 1; 
35623 : 1; 
35624 : 1; 
35625 : 1; 
35626 : 1; 
35627 : 1; 
35628 : 1; 
35629 : 1; 
35630 : 1; 
35631 : 1; 
35632 : 1; 
35633 : 1; 
35634 : 1; 
35635 : 1; 
35636 : 1; 
35637 : 1; 
35638 : 1; 
35639 : 1; 
35640 : 1; 
35641 : 1; 
35642 : 1; 
35643 : 1; 
35644 : 1; 
35645 : 1; 
35646 : 1; 
35647 : 1; 
35648 : 1; 
35649 : 1; 
35650 : 1; 
35651 : 1; 
35652 : 1; 
35653 : 1; 
35654 : 1; 
35655 : 1; 
35656 : 1; 
35657 : 1; 
35658 : 1; 
35659 : 1; 
35660 : 1; 
35661 : 1; 
35662 : 1; 
35663 : 1; 
35664 : 1; 
35665 : 1; 
35666 : 1; 
35667 : 1; 
35668 : 1; 
35669 : 1; 
35670 : 1; 
35671 : 1; 
35672 : 1; 
35673 : 1; 
35674 : 1; 
35675 : 1; 
35676 : 1; 
35677 : 1; 
35678 : 1; 
35679 : 1; 
35680 : 1; 
35681 : 1; 
35682 : 1; 
35683 : 1; 
35684 : 1; 
35685 : 1; 
35686 : 1; 
35687 : 1; 
35688 : 1; 
35689 : 1; 
35690 : 1; 
35691 : 1; 
35692 : 1; 
35693 : 1; 
35694 : 1; 
35695 : 1; 
35696 : 1; 
35697 : 1; 
35698 : 1; 
35699 : 1; 
35700 : 1; 
35701 : 1; 
35702 : 0; 
35703 : 0; 
35704 : 0; 
35705 : 0; 
35706 : 0; 
35707 : 0; 
35708 : 0; 
35709 : 0; 
35710 : 0; 
35711 : 0; 
35712 : 2; 
35713 : 3; 
35714 : 3; 
35715 : 3; 
35716 : 3; 
35717 : 3; 
35718 : 3; 
35719 : 3; 
35720 : 3; 
35721 : 3; 
35722 : 3; 
35723 : 3; 
35724 : 2; 
35725 : 2; 
35726 : 2; 
35727 : 2; 
35728 : 2; 
35729 : 2; 
35730 : 2; 
35731 : 2; 
35732 : 2; 
35733 : 2; 
35734 : 2; 
35735 : 2; 
35736 : 2; 
35737 : 2; 
35738 : 2; 
35739 : 2; 
35740 : 2; 
35741 : 2; 
35742 : 2; 
35743 : 2; 
35744 : 2; 
35745 : 2; 
35746 : 2; 
35747 : 2; 
35748 : 2; 
35749 : 2; 
35750 : 2; 
35751 : 2; 
35752 : 2; 
35753 : 2; 
35754 : 2; 
35755 : 2; 
35756 : 2; 
35757 : 2; 
35758 : 2; 
35759 : 2; 
35760 : 2; 
35761 : 2; 
35762 : 2; 
35763 : 2; 
35764 : 2; 
35765 : 2; 
35766 : 2; 
35767 : 2; 
35768 : 2; 
35769 : 2; 
35770 : 2; 
35771 : 2; 
35772 : 2; 
35773 : 2; 
35774 : 2; 
35775 : 2; 
35776 : 2; 
35777 : 2; 
35778 : 2; 
35779 : 2; 
35780 : 2; 
35781 : 2; 
35782 : 2; 
35783 : 2; 
35784 : 2; 
35785 : 2; 
35786 : 2; 
35787 : 2; 
35788 : 2; 
35789 : 2; 
35790 : 2; 
35791 : 2; 
35792 : 2; 
35793 : 2; 
35794 : 2; 
35795 : 2; 
35796 : 2; 
35797 : 2; 
35798 : 2; 
35799 : 2; 
35800 : 2; 
35801 : 2; 
35802 : 2; 
35803 : 2; 
35804 : 2; 
35805 : 2; 
35806 : 2; 
35807 : 2; 
35808 : 2; 
35809 : 2; 
35810 : 2; 
35811 : 2; 
35812 : 2; 
35813 : 2; 
35814 : 2; 
35815 : 2; 
35816 : 2; 
35817 : 2; 
35818 : 2; 
35819 : 2; 
35820 : 2; 
35821 : 2; 
35822 : 2; 
35823 : 2; 
35824 : 2; 
35825 : 2; 
35826 : 2; 
35827 : 2; 
35828 : 2; 
35829 : 2; 
35830 : 2; 
35831 : 2; 
35832 : 2; 
35833 : 2; 
35834 : 2; 
35835 : 2; 
35836 : 2; 
35837 : 2; 
35838 : 2; 
35839 : 2; 
35840 : 1; 
35841 : 1; 
35842 : 1; 
35843 : 1; 
35844 : 1; 
35845 : 1; 
35846 : 1; 
35847 : 1; 
35848 : 1; 
35849 : 1; 
35850 : 1; 
35851 : 1; 
35852 : 1; 
35853 : 1; 
35854 : 1; 
35855 : 1; 
35856 : 1; 
35857 : 1; 
35858 : 1; 
35859 : 1; 
35860 : 1; 
35861 : 1; 
35862 : 1; 
35863 : 1; 
35864 : 1; 
35865 : 1; 
35866 : 1; 
35867 : 1; 
35868 : 1; 
35869 : 1; 
35870 : 1; 
35871 : 1; 
35872 : 1; 
35873 : 1; 
35874 : 1; 
35875 : 1; 
35876 : 1; 
35877 : 1; 
35878 : 1; 
35879 : 1; 
35880 : 1; 
35881 : 1; 
35882 : 1; 
35883 : 1; 
35884 : 1; 
35885 : 1; 
35886 : 1; 
35887 : 1; 
35888 : 1; 
35889 : 1; 
35890 : 1; 
35891 : 1; 
35892 : 1; 
35893 : 1; 
35894 : 1; 
35895 : 1; 
35896 : 1; 
35897 : 1; 
35898 : 1; 
35899 : 1; 
35900 : 1; 
35901 : 1; 
35902 : 1; 
35903 : 1; 
35904 : 1; 
35905 : 1; 
35906 : 1; 
35907 : 1; 
35908 : 1; 
35909 : 1; 
35910 : 1; 
35911 : 1; 
35912 : 1; 
35913 : 1; 
35914 : 1; 
35915 : 1; 
35916 : 1; 
35917 : 1; 
35918 : 1; 
35919 : 1; 
35920 : 1; 
35921 : 1; 
35922 : 1; 
35923 : 1; 
35924 : 1; 
35925 : 1; 
35926 : 1; 
35927 : 1; 
35928 : 1; 
35929 : 1; 
35930 : 1; 
35931 : 1; 
35932 : 1; 
35933 : 1; 
35934 : 1; 
35935 : 1; 
35936 : 1; 
35937 : 1; 
35938 : 1; 
35939 : 1; 
35940 : 1; 
35941 : 1; 
35942 : 1; 
35943 : 1; 
35944 : 1; 
35945 : 1; 
35946 : 1; 
35947 : 1; 
35948 : 1; 
35949 : 1; 
35950 : 1; 
35951 : 1; 
35952 : 1; 
35953 : 1; 
35954 : 1; 
35955 : 1; 
35956 : 1; 
35957 : 0; 
35958 : 0; 
35959 : 0; 
35960 : 0; 
35961 : 0; 
35962 : 0; 
35963 : 0; 
35964 : 0; 
35965 : 0; 
35966 : 0; 
35967 : 0; 
35968 : 2; 
35969 : 3; 
35970 : 3; 
35971 : 3; 
35972 : 3; 
35973 : 3; 
35974 : 3; 
35975 : 3; 
35976 : 3; 
35977 : 3; 
35978 : 3; 
35979 : 3; 
35980 : 3; 
35981 : 2; 
35982 : 2; 
35983 : 2; 
35984 : 2; 
35985 : 2; 
35986 : 2; 
35987 : 2; 
35988 : 2; 
35989 : 2; 
35990 : 2; 
35991 : 2; 
35992 : 2; 
35993 : 2; 
35994 : 2; 
35995 : 2; 
35996 : 2; 
35997 : 2; 
35998 : 2; 
35999 : 2; 
36000 : 2; 
36001 : 2; 
36002 : 2; 
36003 : 2; 
36004 : 2; 
36005 : 2; 
36006 : 2; 
36007 : 2; 
36008 : 2; 
36009 : 2; 
36010 : 2; 
36011 : 2; 
36012 : 2; 
36013 : 2; 
36014 : 2; 
36015 : 2; 
36016 : 2; 
36017 : 2; 
36018 : 2; 
36019 : 2; 
36020 : 2; 
36021 : 2; 
36022 : 2; 
36023 : 2; 
36024 : 2; 
36025 : 2; 
36026 : 2; 
36027 : 2; 
36028 : 2; 
36029 : 2; 
36030 : 2; 
36031 : 2; 
36032 : 2; 
36033 : 2; 
36034 : 2; 
36035 : 2; 
36036 : 2; 
36037 : 2; 
36038 : 2; 
36039 : 2; 
36040 : 2; 
36041 : 2; 
36042 : 2; 
36043 : 2; 
36044 : 2; 
36045 : 2; 
36046 : 2; 
36047 : 2; 
36048 : 2; 
36049 : 2; 
36050 : 2; 
36051 : 2; 
36052 : 2; 
36053 : 2; 
36054 : 2; 
36055 : 2; 
36056 : 2; 
36057 : 2; 
36058 : 2; 
36059 : 2; 
36060 : 2; 
36061 : 2; 
36062 : 2; 
36063 : 2; 
36064 : 2; 
36065 : 2; 
36066 : 2; 
36067 : 2; 
36068 : 2; 
36069 : 2; 
36070 : 2; 
36071 : 2; 
36072 : 2; 
36073 : 2; 
36074 : 2; 
36075 : 2; 
36076 : 2; 
36077 : 2; 
36078 : 2; 
36079 : 2; 
36080 : 2; 
36081 : 2; 
36082 : 2; 
36083 : 2; 
36084 : 2; 
36085 : 2; 
36086 : 2; 
36087 : 2; 
36088 : 2; 
36089 : 2; 
36090 : 2; 
36091 : 2; 
36092 : 2; 
36093 : 2; 
36094 : 2; 
36095 : 2; 
36096 : 1; 
36097 : 1; 
36098 : 1; 
36099 : 1; 
36100 : 1; 
36101 : 1; 
36102 : 1; 
36103 : 1; 
36104 : 1; 
36105 : 1; 
36106 : 1; 
36107 : 1; 
36108 : 1; 
36109 : 1; 
36110 : 1; 
36111 : 1; 
36112 : 1; 
36113 : 1; 
36114 : 1; 
36115 : 1; 
36116 : 1; 
36117 : 1; 
36118 : 1; 
36119 : 1; 
36120 : 1; 
36121 : 1; 
36122 : 1; 
36123 : 1; 
36124 : 1; 
36125 : 1; 
36126 : 1; 
36127 : 1; 
36128 : 1; 
36129 : 1; 
36130 : 1; 
36131 : 1; 
36132 : 1; 
36133 : 1; 
36134 : 1; 
36135 : 1; 
36136 : 1; 
36137 : 1; 
36138 : 1; 
36139 : 1; 
36140 : 1; 
36141 : 1; 
36142 : 1; 
36143 : 1; 
36144 : 1; 
36145 : 1; 
36146 : 1; 
36147 : 1; 
36148 : 1; 
36149 : 1; 
36150 : 1; 
36151 : 1; 
36152 : 1; 
36153 : 1; 
36154 : 1; 
36155 : 1; 
36156 : 1; 
36157 : 1; 
36158 : 1; 
36159 : 1; 
36160 : 1; 
36161 : 1; 
36162 : 1; 
36163 : 1; 
36164 : 1; 
36165 : 1; 
36166 : 1; 
36167 : 1; 
36168 : 1; 
36169 : 1; 
36170 : 1; 
36171 : 1; 
36172 : 1; 
36173 : 1; 
36174 : 1; 
36175 : 1; 
36176 : 1; 
36177 : 1; 
36178 : 1; 
36179 : 1; 
36180 : 1; 
36181 : 1; 
36182 : 1; 
36183 : 1; 
36184 : 1; 
36185 : 1; 
36186 : 1; 
36187 : 1; 
36188 : 1; 
36189 : 1; 
36190 : 1; 
36191 : 1; 
36192 : 1; 
36193 : 1; 
36194 : 1; 
36195 : 1; 
36196 : 1; 
36197 : 1; 
36198 : 1; 
36199 : 1; 
36200 : 1; 
36201 : 1; 
36202 : 1; 
36203 : 1; 
36204 : 1; 
36205 : 1; 
36206 : 1; 
36207 : 1; 
36208 : 1; 
36209 : 1; 
36210 : 1; 
36211 : 1; 
36212 : 0; 
36213 : 0; 
36214 : 0; 
36215 : 0; 
36216 : 0; 
36217 : 0; 
36218 : 0; 
36219 : 0; 
36220 : 0; 
36221 : 0; 
36222 : 0; 
36223 : 0; 
36224 : 2; 
36225 : 3; 
36226 : 3; 
36227 : 3; 
36228 : 3; 
36229 : 3; 
36230 : 3; 
36231 : 3; 
36232 : 3; 
36233 : 3; 
36234 : 3; 
36235 : 3; 
36236 : 3; 
36237 : 3; 
36238 : 2; 
36239 : 2; 
36240 : 2; 
36241 : 2; 
36242 : 2; 
36243 : 2; 
36244 : 2; 
36245 : 2; 
36246 : 2; 
36247 : 2; 
36248 : 2; 
36249 : 2; 
36250 : 2; 
36251 : 2; 
36252 : 2; 
36253 : 2; 
36254 : 2; 
36255 : 2; 
36256 : 2; 
36257 : 2; 
36258 : 2; 
36259 : 2; 
36260 : 2; 
36261 : 2; 
36262 : 2; 
36263 : 2; 
36264 : 2; 
36265 : 2; 
36266 : 2; 
36267 : 2; 
36268 : 2; 
36269 : 2; 
36270 : 2; 
36271 : 2; 
36272 : 2; 
36273 : 2; 
36274 : 2; 
36275 : 2; 
36276 : 2; 
36277 : 2; 
36278 : 2; 
36279 : 2; 
36280 : 2; 
36281 : 2; 
36282 : 2; 
36283 : 2; 
36284 : 2; 
36285 : 2; 
36286 : 2; 
36287 : 2; 
36288 : 2; 
36289 : 2; 
36290 : 2; 
36291 : 2; 
36292 : 2; 
36293 : 2; 
36294 : 2; 
36295 : 2; 
36296 : 2; 
36297 : 2; 
36298 : 2; 
36299 : 2; 
36300 : 2; 
36301 : 2; 
36302 : 2; 
36303 : 2; 
36304 : 2; 
36305 : 2; 
36306 : 2; 
36307 : 2; 
36308 : 2; 
36309 : 2; 
36310 : 2; 
36311 : 2; 
36312 : 2; 
36313 : 2; 
36314 : 2; 
36315 : 2; 
36316 : 2; 
36317 : 2; 
36318 : 2; 
36319 : 2; 
36320 : 2; 
36321 : 2; 
36322 : 2; 
36323 : 2; 
36324 : 2; 
36325 : 2; 
36326 : 2; 
36327 : 2; 
36328 : 2; 
36329 : 2; 
36330 : 2; 
36331 : 2; 
36332 : 2; 
36333 : 2; 
36334 : 2; 
36335 : 2; 
36336 : 2; 
36337 : 2; 
36338 : 2; 
36339 : 2; 
36340 : 2; 
36341 : 2; 
36342 : 2; 
36343 : 2; 
36344 : 2; 
36345 : 2; 
36346 : 2; 
36347 : 2; 
36348 : 2; 
36349 : 2; 
36350 : 2; 
36351 : 2; 
36352 : 1; 
36353 : 1; 
36354 : 1; 
36355 : 1; 
36356 : 1; 
36357 : 1; 
36358 : 1; 
36359 : 1; 
36360 : 1; 
36361 : 1; 
36362 : 1; 
36363 : 1; 
36364 : 1; 
36365 : 1; 
36366 : 1; 
36367 : 1; 
36368 : 1; 
36369 : 1; 
36370 : 1; 
36371 : 1; 
36372 : 1; 
36373 : 1; 
36374 : 1; 
36375 : 1; 
36376 : 1; 
36377 : 1; 
36378 : 1; 
36379 : 1; 
36380 : 1; 
36381 : 1; 
36382 : 1; 
36383 : 1; 
36384 : 1; 
36385 : 1; 
36386 : 1; 
36387 : 1; 
36388 : 1; 
36389 : 1; 
36390 : 1; 
36391 : 1; 
36392 : 1; 
36393 : 1; 
36394 : 1; 
36395 : 1; 
36396 : 1; 
36397 : 1; 
36398 : 1; 
36399 : 1; 
36400 : 1; 
36401 : 1; 
36402 : 1; 
36403 : 1; 
36404 : 1; 
36405 : 1; 
36406 : 1; 
36407 : 1; 
36408 : 1; 
36409 : 1; 
36410 : 1; 
36411 : 1; 
36412 : 1; 
36413 : 1; 
36414 : 1; 
36415 : 1; 
36416 : 1; 
36417 : 1; 
36418 : 1; 
36419 : 1; 
36420 : 1; 
36421 : 1; 
36422 : 1; 
36423 : 1; 
36424 : 1; 
36425 : 1; 
36426 : 1; 
36427 : 1; 
36428 : 1; 
36429 : 1; 
36430 : 1; 
36431 : 1; 
36432 : 1; 
36433 : 1; 
36434 : 1; 
36435 : 1; 
36436 : 1; 
36437 : 1; 
36438 : 1; 
36439 : 1; 
36440 : 1; 
36441 : 1; 
36442 : 1; 
36443 : 1; 
36444 : 1; 
36445 : 1; 
36446 : 1; 
36447 : 1; 
36448 : 1; 
36449 : 1; 
36450 : 1; 
36451 : 1; 
36452 : 1; 
36453 : 1; 
36454 : 1; 
36455 : 1; 
36456 : 1; 
36457 : 1; 
36458 : 1; 
36459 : 1; 
36460 : 1; 
36461 : 1; 
36462 : 1; 
36463 : 1; 
36464 : 1; 
36465 : 1; 
36466 : 1; 
36467 : 0; 
36468 : 0; 
36469 : 0; 
36470 : 0; 
36471 : 0; 
36472 : 0; 
36473 : 0; 
36474 : 0; 
36475 : 0; 
36476 : 0; 
36477 : 0; 
36478 : 0; 
36479 : 0; 
36480 : 2; 
36481 : 3; 
36482 : 3; 
36483 : 3; 
36484 : 3; 
36485 : 3; 
36486 : 3; 
36487 : 3; 
36488 : 3; 
36489 : 3; 
36490 : 3; 
36491 : 3; 
36492 : 3; 
36493 : 3; 
36494 : 3; 
36495 : 2; 
36496 : 2; 
36497 : 2; 
36498 : 2; 
36499 : 2; 
36500 : 2; 
36501 : 2; 
36502 : 2; 
36503 : 2; 
36504 : 2; 
36505 : 2; 
36506 : 2; 
36507 : 2; 
36508 : 2; 
36509 : 2; 
36510 : 2; 
36511 : 2; 
36512 : 2; 
36513 : 2; 
36514 : 2; 
36515 : 2; 
36516 : 2; 
36517 : 2; 
36518 : 2; 
36519 : 2; 
36520 : 2; 
36521 : 2; 
36522 : 2; 
36523 : 2; 
36524 : 2; 
36525 : 2; 
36526 : 2; 
36527 : 2; 
36528 : 2; 
36529 : 2; 
36530 : 2; 
36531 : 2; 
36532 : 2; 
36533 : 2; 
36534 : 2; 
36535 : 2; 
36536 : 2; 
36537 : 2; 
36538 : 2; 
36539 : 2; 
36540 : 2; 
36541 : 2; 
36542 : 2; 
36543 : 2; 
36544 : 2; 
36545 : 2; 
36546 : 2; 
36547 : 2; 
36548 : 2; 
36549 : 2; 
36550 : 2; 
36551 : 2; 
36552 : 2; 
36553 : 2; 
36554 : 2; 
36555 : 2; 
36556 : 2; 
36557 : 2; 
36558 : 2; 
36559 : 2; 
36560 : 2; 
36561 : 2; 
36562 : 2; 
36563 : 2; 
36564 : 2; 
36565 : 2; 
36566 : 2; 
36567 : 2; 
36568 : 2; 
36569 : 2; 
36570 : 2; 
36571 : 2; 
36572 : 2; 
36573 : 2; 
36574 : 2; 
36575 : 2; 
36576 : 2; 
36577 : 2; 
36578 : 2; 
36579 : 2; 
36580 : 2; 
36581 : 2; 
36582 : 2; 
36583 : 2; 
36584 : 2; 
36585 : 2; 
36586 : 2; 
36587 : 2; 
36588 : 2; 
36589 : 2; 
36590 : 2; 
36591 : 2; 
36592 : 2; 
36593 : 2; 
36594 : 2; 
36595 : 2; 
36596 : 2; 
36597 : 2; 
36598 : 2; 
36599 : 2; 
36600 : 2; 
36601 : 2; 
36602 : 2; 
36603 : 2; 
36604 : 2; 
36605 : 2; 
36606 : 2; 
36607 : 2; 
36608 : 1; 
36609 : 1; 
36610 : 1; 
36611 : 1; 
36612 : 1; 
36613 : 1; 
36614 : 1; 
36615 : 1; 
36616 : 1; 
36617 : 1; 
36618 : 1; 
36619 : 1; 
36620 : 1; 
36621 : 1; 
36622 : 1; 
36623 : 1; 
36624 : 1; 
36625 : 1; 
36626 : 1; 
36627 : 1; 
36628 : 1; 
36629 : 1; 
36630 : 1; 
36631 : 1; 
36632 : 1; 
36633 : 1; 
36634 : 1; 
36635 : 1; 
36636 : 1; 
36637 : 1; 
36638 : 1; 
36639 : 1; 
36640 : 1; 
36641 : 1; 
36642 : 1; 
36643 : 1; 
36644 : 1; 
36645 : 1; 
36646 : 1; 
36647 : 1; 
36648 : 1; 
36649 : 1; 
36650 : 1; 
36651 : 1; 
36652 : 1; 
36653 : 1; 
36654 : 1; 
36655 : 1; 
36656 : 1; 
36657 : 1; 
36658 : 1; 
36659 : 1; 
36660 : 1; 
36661 : 1; 
36662 : 1; 
36663 : 1; 
36664 : 1; 
36665 : 1; 
36666 : 1; 
36667 : 1; 
36668 : 1; 
36669 : 1; 
36670 : 1; 
36671 : 1; 
36672 : 1; 
36673 : 1; 
36674 : 1; 
36675 : 1; 
36676 : 1; 
36677 : 1; 
36678 : 1; 
36679 : 1; 
36680 : 1; 
36681 : 1; 
36682 : 1; 
36683 : 1; 
36684 : 1; 
36685 : 1; 
36686 : 1; 
36687 : 1; 
36688 : 1; 
36689 : 1; 
36690 : 1; 
36691 : 1; 
36692 : 1; 
36693 : 1; 
36694 : 1; 
36695 : 1; 
36696 : 1; 
36697 : 1; 
36698 : 1; 
36699 : 1; 
36700 : 1; 
36701 : 1; 
36702 : 1; 
36703 : 1; 
36704 : 1; 
36705 : 1; 
36706 : 1; 
36707 : 1; 
36708 : 1; 
36709 : 1; 
36710 : 1; 
36711 : 1; 
36712 : 1; 
36713 : 1; 
36714 : 1; 
36715 : 1; 
36716 : 1; 
36717 : 1; 
36718 : 1; 
36719 : 1; 
36720 : 1; 
36721 : 1; 
36722 : 0; 
36723 : 0; 
36724 : 0; 
36725 : 0; 
36726 : 0; 
36727 : 0; 
36728 : 0; 
36729 : 0; 
36730 : 0; 
36731 : 0; 
36732 : 0; 
36733 : 0; 
36734 : 0; 
36735 : 0; 
36736 : 2; 
36737 : 3; 
36738 : 3; 
36739 : 3; 
36740 : 3; 
36741 : 3; 
36742 : 3; 
36743 : 3; 
36744 : 3; 
36745 : 3; 
36746 : 3; 
36747 : 3; 
36748 : 3; 
36749 : 3; 
36750 : 3; 
36751 : 3; 
36752 : 2; 
36753 : 2; 
36754 : 2; 
36755 : 2; 
36756 : 2; 
36757 : 2; 
36758 : 2; 
36759 : 2; 
36760 : 2; 
36761 : 2; 
36762 : 2; 
36763 : 2; 
36764 : 2; 
36765 : 2; 
36766 : 2; 
36767 : 2; 
36768 : 2; 
36769 : 2; 
36770 : 2; 
36771 : 2; 
36772 : 2; 
36773 : 2; 
36774 : 2; 
36775 : 2; 
36776 : 2; 
36777 : 2; 
36778 : 2; 
36779 : 2; 
36780 : 2; 
36781 : 2; 
36782 : 2; 
36783 : 2; 
36784 : 2; 
36785 : 2; 
36786 : 2; 
36787 : 2; 
36788 : 2; 
36789 : 2; 
36790 : 2; 
36791 : 2; 
36792 : 2; 
36793 : 2; 
36794 : 2; 
36795 : 2; 
36796 : 2; 
36797 : 2; 
36798 : 2; 
36799 : 2; 
36800 : 2; 
36801 : 2; 
36802 : 2; 
36803 : 2; 
36804 : 2; 
36805 : 2; 
36806 : 2; 
36807 : 2; 
36808 : 2; 
36809 : 2; 
36810 : 2; 
36811 : 2; 
36812 : 2; 
36813 : 2; 
36814 : 2; 
36815 : 2; 
36816 : 2; 
36817 : 2; 
36818 : 2; 
36819 : 2; 
36820 : 2; 
36821 : 2; 
36822 : 2; 
36823 : 2; 
36824 : 2; 
36825 : 2; 
36826 : 2; 
36827 : 2; 
36828 : 2; 
36829 : 2; 
36830 : 2; 
36831 : 2; 
36832 : 2; 
36833 : 2; 
36834 : 2; 
36835 : 2; 
36836 : 2; 
36837 : 2; 
36838 : 2; 
36839 : 2; 
36840 : 2; 
36841 : 2; 
36842 : 2; 
36843 : 2; 
36844 : 2; 
36845 : 2; 
36846 : 2; 
36847 : 2; 
36848 : 2; 
36849 : 2; 
36850 : 2; 
36851 : 2; 
36852 : 2; 
36853 : 2; 
36854 : 2; 
36855 : 2; 
36856 : 2; 
36857 : 2; 
36858 : 2; 
36859 : 2; 
36860 : 2; 
36861 : 2; 
36862 : 2; 
36863 : 2; 
36864 : 1; 
36865 : 1; 
36866 : 1; 
36867 : 1; 
36868 : 1; 
36869 : 1; 
36870 : 1; 
36871 : 1; 
36872 : 1; 
36873 : 1; 
36874 : 1; 
36875 : 1; 
36876 : 1; 
36877 : 1; 
36878 : 1; 
36879 : 1; 
36880 : 1; 
36881 : 1; 
36882 : 1; 
36883 : 1; 
36884 : 1; 
36885 : 1; 
36886 : 1; 
36887 : 1; 
36888 : 1; 
36889 : 1; 
36890 : 1; 
36891 : 1; 
36892 : 1; 
36893 : 1; 
36894 : 1; 
36895 : 1; 
36896 : 1; 
36897 : 1; 
36898 : 1; 
36899 : 1; 
36900 : 1; 
36901 : 1; 
36902 : 1; 
36903 : 1; 
36904 : 1; 
36905 : 1; 
36906 : 1; 
36907 : 1; 
36908 : 1; 
36909 : 1; 
36910 : 1; 
36911 : 1; 
36912 : 1; 
36913 : 1; 
36914 : 1; 
36915 : 1; 
36916 : 1; 
36917 : 1; 
36918 : 1; 
36919 : 1; 
36920 : 1; 
36921 : 1; 
36922 : 1; 
36923 : 1; 
36924 : 1; 
36925 : 1; 
36926 : 1; 
36927 : 1; 
36928 : 1; 
36929 : 1; 
36930 : 1; 
36931 : 1; 
36932 : 1; 
36933 : 1; 
36934 : 1; 
36935 : 1; 
36936 : 1; 
36937 : 1; 
36938 : 1; 
36939 : 1; 
36940 : 1; 
36941 : 1; 
36942 : 1; 
36943 : 1; 
36944 : 1; 
36945 : 1; 
36946 : 1; 
36947 : 1; 
36948 : 1; 
36949 : 1; 
36950 : 1; 
36951 : 1; 
36952 : 1; 
36953 : 1; 
36954 : 1; 
36955 : 1; 
36956 : 1; 
36957 : 1; 
36958 : 1; 
36959 : 1; 
36960 : 1; 
36961 : 1; 
36962 : 1; 
36963 : 1; 
36964 : 1; 
36965 : 1; 
36966 : 1; 
36967 : 1; 
36968 : 1; 
36969 : 1; 
36970 : 1; 
36971 : 1; 
36972 : 1; 
36973 : 1; 
36974 : 1; 
36975 : 1; 
36976 : 1; 
36977 : 0; 
36978 : 0; 
36979 : 0; 
36980 : 0; 
36981 : 0; 
36982 : 0; 
36983 : 0; 
36984 : 0; 
36985 : 0; 
36986 : 0; 
36987 : 0; 
36988 : 0; 
36989 : 0; 
36990 : 0; 
36991 : 0; 
36992 : 2; 
36993 : 3; 
36994 : 3; 
36995 : 3; 
36996 : 3; 
36997 : 3; 
36998 : 3; 
36999 : 3; 
37000 : 3; 
37001 : 3; 
37002 : 3; 
37003 : 3; 
37004 : 3; 
37005 : 3; 
37006 : 3; 
37007 : 3; 
37008 : 3; 
37009 : 2; 
37010 : 2; 
37011 : 2; 
37012 : 2; 
37013 : 2; 
37014 : 2; 
37015 : 2; 
37016 : 2; 
37017 : 2; 
37018 : 2; 
37019 : 2; 
37020 : 2; 
37021 : 2; 
37022 : 2; 
37023 : 2; 
37024 : 2; 
37025 : 2; 
37026 : 2; 
37027 : 2; 
37028 : 2; 
37029 : 2; 
37030 : 2; 
37031 : 2; 
37032 : 2; 
37033 : 2; 
37034 : 2; 
37035 : 2; 
37036 : 2; 
37037 : 2; 
37038 : 2; 
37039 : 2; 
37040 : 2; 
37041 : 2; 
37042 : 2; 
37043 : 2; 
37044 : 2; 
37045 : 2; 
37046 : 2; 
37047 : 2; 
37048 : 2; 
37049 : 2; 
37050 : 2; 
37051 : 2; 
37052 : 2; 
37053 : 2; 
37054 : 2; 
37055 : 2; 
37056 : 2; 
37057 : 2; 
37058 : 2; 
37059 : 2; 
37060 : 2; 
37061 : 2; 
37062 : 2; 
37063 : 2; 
37064 : 2; 
37065 : 2; 
37066 : 2; 
37067 : 2; 
37068 : 2; 
37069 : 2; 
37070 : 2; 
37071 : 2; 
37072 : 2; 
37073 : 2; 
37074 : 2; 
37075 : 2; 
37076 : 2; 
37077 : 2; 
37078 : 2; 
37079 : 2; 
37080 : 2; 
37081 : 2; 
37082 : 2; 
37083 : 2; 
37084 : 2; 
37085 : 2; 
37086 : 2; 
37087 : 2; 
37088 : 2; 
37089 : 2; 
37090 : 2; 
37091 : 2; 
37092 : 2; 
37093 : 2; 
37094 : 2; 
37095 : 2; 
37096 : 2; 
37097 : 2; 
37098 : 2; 
37099 : 2; 
37100 : 2; 
37101 : 2; 
37102 : 2; 
37103 : 2; 
37104 : 2; 
37105 : 2; 
37106 : 2; 
37107 : 2; 
37108 : 2; 
37109 : 2; 
37110 : 2; 
37111 : 2; 
37112 : 2; 
37113 : 2; 
37114 : 2; 
37115 : 2; 
37116 : 2; 
37117 : 2; 
37118 : 2; 
37119 : 2; 
37120 : 1; 
37121 : 1; 
37122 : 1; 
37123 : 1; 
37124 : 1; 
37125 : 1; 
37126 : 1; 
37127 : 1; 
37128 : 1; 
37129 : 1; 
37130 : 1; 
37131 : 1; 
37132 : 1; 
37133 : 1; 
37134 : 1; 
37135 : 1; 
37136 : 1; 
37137 : 1; 
37138 : 1; 
37139 : 1; 
37140 : 1; 
37141 : 1; 
37142 : 1; 
37143 : 1; 
37144 : 1; 
37145 : 1; 
37146 : 1; 
37147 : 1; 
37148 : 1; 
37149 : 1; 
37150 : 1; 
37151 : 1; 
37152 : 1; 
37153 : 1; 
37154 : 1; 
37155 : 1; 
37156 : 1; 
37157 : 1; 
37158 : 1; 
37159 : 1; 
37160 : 1; 
37161 : 1; 
37162 : 1; 
37163 : 1; 
37164 : 1; 
37165 : 1; 
37166 : 1; 
37167 : 1; 
37168 : 1; 
37169 : 1; 
37170 : 1; 
37171 : 1; 
37172 : 1; 
37173 : 1; 
37174 : 1; 
37175 : 1; 
37176 : 1; 
37177 : 1; 
37178 : 1; 
37179 : 1; 
37180 : 1; 
37181 : 1; 
37182 : 1; 
37183 : 1; 
37184 : 1; 
37185 : 1; 
37186 : 1; 
37187 : 1; 
37188 : 1; 
37189 : 1; 
37190 : 1; 
37191 : 1; 
37192 : 1; 
37193 : 1; 
37194 : 1; 
37195 : 1; 
37196 : 1; 
37197 : 1; 
37198 : 1; 
37199 : 1; 
37200 : 1; 
37201 : 1; 
37202 : 1; 
37203 : 1; 
37204 : 1; 
37205 : 1; 
37206 : 1; 
37207 : 1; 
37208 : 1; 
37209 : 1; 
37210 : 1; 
37211 : 1; 
37212 : 1; 
37213 : 1; 
37214 : 1; 
37215 : 1; 
37216 : 1; 
37217 : 1; 
37218 : 1; 
37219 : 1; 
37220 : 1; 
37221 : 1; 
37222 : 1; 
37223 : 1; 
37224 : 1; 
37225 : 1; 
37226 : 1; 
37227 : 1; 
37228 : 1; 
37229 : 1; 
37230 : 1; 
37231 : 1; 
37232 : 0; 
37233 : 0; 
37234 : 0; 
37235 : 0; 
37236 : 0; 
37237 : 0; 
37238 : 0; 
37239 : 0; 
37240 : 0; 
37241 : 0; 
37242 : 0; 
37243 : 0; 
37244 : 0; 
37245 : 0; 
37246 : 0; 
37247 : 0; 
37248 : 2; 
37249 : 3; 
37250 : 3; 
37251 : 3; 
37252 : 3; 
37253 : 3; 
37254 : 3; 
37255 : 3; 
37256 : 3; 
37257 : 3; 
37258 : 3; 
37259 : 3; 
37260 : 3; 
37261 : 3; 
37262 : 3; 
37263 : 3; 
37264 : 3; 
37265 : 3; 
37266 : 2; 
37267 : 2; 
37268 : 2; 
37269 : 2; 
37270 : 2; 
37271 : 2; 
37272 : 2; 
37273 : 2; 
37274 : 2; 
37275 : 2; 
37276 : 2; 
37277 : 2; 
37278 : 2; 
37279 : 2; 
37280 : 2; 
37281 : 2; 
37282 : 2; 
37283 : 2; 
37284 : 2; 
37285 : 2; 
37286 : 2; 
37287 : 2; 
37288 : 2; 
37289 : 2; 
37290 : 2; 
37291 : 2; 
37292 : 2; 
37293 : 2; 
37294 : 2; 
37295 : 2; 
37296 : 2; 
37297 : 2; 
37298 : 2; 
37299 : 2; 
37300 : 2; 
37301 : 2; 
37302 : 2; 
37303 : 2; 
37304 : 2; 
37305 : 2; 
37306 : 2; 
37307 : 2; 
37308 : 2; 
37309 : 2; 
37310 : 2; 
37311 : 2; 
37312 : 2; 
37313 : 2; 
37314 : 2; 
37315 : 2; 
37316 : 2; 
37317 : 2; 
37318 : 2; 
37319 : 2; 
37320 : 2; 
37321 : 2; 
37322 : 2; 
37323 : 2; 
37324 : 2; 
37325 : 2; 
37326 : 2; 
37327 : 2; 
37328 : 2; 
37329 : 2; 
37330 : 2; 
37331 : 2; 
37332 : 2; 
37333 : 2; 
37334 : 2; 
37335 : 2; 
37336 : 2; 
37337 : 2; 
37338 : 2; 
37339 : 2; 
37340 : 2; 
37341 : 2; 
37342 : 2; 
37343 : 2; 
37344 : 2; 
37345 : 2; 
37346 : 2; 
37347 : 2; 
37348 : 2; 
37349 : 2; 
37350 : 2; 
37351 : 2; 
37352 : 2; 
37353 : 2; 
37354 : 2; 
37355 : 2; 
37356 : 2; 
37357 : 2; 
37358 : 2; 
37359 : 2; 
37360 : 2; 
37361 : 2; 
37362 : 2; 
37363 : 2; 
37364 : 2; 
37365 : 2; 
37366 : 2; 
37367 : 2; 
37368 : 2; 
37369 : 2; 
37370 : 2; 
37371 : 2; 
37372 : 2; 
37373 : 2; 
37374 : 2; 
37375 : 2; 
37376 : 1; 
37377 : 1; 
37378 : 1; 
37379 : 1; 
37380 : 1; 
37381 : 1; 
37382 : 1; 
37383 : 1; 
37384 : 1; 
37385 : 1; 
37386 : 1; 
37387 : 1; 
37388 : 1; 
37389 : 1; 
37390 : 1; 
37391 : 1; 
37392 : 1; 
37393 : 1; 
37394 : 1; 
37395 : 1; 
37396 : 1; 
37397 : 1; 
37398 : 1; 
37399 : 1; 
37400 : 1; 
37401 : 1; 
37402 : 1; 
37403 : 1; 
37404 : 1; 
37405 : 1; 
37406 : 1; 
37407 : 1; 
37408 : 1; 
37409 : 1; 
37410 : 1; 
37411 : 1; 
37412 : 1; 
37413 : 1; 
37414 : 1; 
37415 : 1; 
37416 : 1; 
37417 : 1; 
37418 : 1; 
37419 : 1; 
37420 : 1; 
37421 : 1; 
37422 : 1; 
37423 : 1; 
37424 : 1; 
37425 : 1; 
37426 : 1; 
37427 : 1; 
37428 : 1; 
37429 : 1; 
37430 : 1; 
37431 : 1; 
37432 : 1; 
37433 : 1; 
37434 : 1; 
37435 : 1; 
37436 : 1; 
37437 : 1; 
37438 : 1; 
37439 : 1; 
37440 : 1; 
37441 : 1; 
37442 : 1; 
37443 : 1; 
37444 : 1; 
37445 : 1; 
37446 : 1; 
37447 : 1; 
37448 : 1; 
37449 : 1; 
37450 : 1; 
37451 : 1; 
37452 : 1; 
37453 : 1; 
37454 : 1; 
37455 : 1; 
37456 : 1; 
37457 : 1; 
37458 : 1; 
37459 : 1; 
37460 : 1; 
37461 : 1; 
37462 : 1; 
37463 : 1; 
37464 : 1; 
37465 : 1; 
37466 : 1; 
37467 : 1; 
37468 : 1; 
37469 : 1; 
37470 : 1; 
37471 : 1; 
37472 : 1; 
37473 : 1; 
37474 : 1; 
37475 : 1; 
37476 : 1; 
37477 : 1; 
37478 : 1; 
37479 : 1; 
37480 : 1; 
37481 : 1; 
37482 : 1; 
37483 : 1; 
37484 : 1; 
37485 : 1; 
37486 : 1; 
37487 : 0; 
37488 : 0; 
37489 : 0; 
37490 : 0; 
37491 : 0; 
37492 : 0; 
37493 : 0; 
37494 : 0; 
37495 : 0; 
37496 : 0; 
37497 : 0; 
37498 : 0; 
37499 : 0; 
37500 : 0; 
37501 : 0; 
37502 : 0; 
37503 : 0; 
37504 : 2; 
37505 : 3; 
37506 : 3; 
37507 : 3; 
37508 : 3; 
37509 : 3; 
37510 : 3; 
37511 : 3; 
37512 : 3; 
37513 : 3; 
37514 : 3; 
37515 : 3; 
37516 : 3; 
37517 : 3; 
37518 : 3; 
37519 : 3; 
37520 : 3; 
37521 : 3; 
37522 : 3; 
37523 : 2; 
37524 : 2; 
37525 : 2; 
37526 : 2; 
37527 : 2; 
37528 : 2; 
37529 : 2; 
37530 : 2; 
37531 : 2; 
37532 : 2; 
37533 : 2; 
37534 : 2; 
37535 : 2; 
37536 : 2; 
37537 : 2; 
37538 : 2; 
37539 : 2; 
37540 : 2; 
37541 : 2; 
37542 : 2; 
37543 : 2; 
37544 : 2; 
37545 : 2; 
37546 : 2; 
37547 : 2; 
37548 : 2; 
37549 : 2; 
37550 : 2; 
37551 : 2; 
37552 : 2; 
37553 : 2; 
37554 : 2; 
37555 : 2; 
37556 : 2; 
37557 : 2; 
37558 : 2; 
37559 : 2; 
37560 : 2; 
37561 : 2; 
37562 : 2; 
37563 : 2; 
37564 : 2; 
37565 : 2; 
37566 : 2; 
37567 : 2; 
37568 : 2; 
37569 : 2; 
37570 : 2; 
37571 : 2; 
37572 : 2; 
37573 : 2; 
37574 : 2; 
37575 : 2; 
37576 : 2; 
37577 : 2; 
37578 : 2; 
37579 : 2; 
37580 : 2; 
37581 : 2; 
37582 : 2; 
37583 : 2; 
37584 : 2; 
37585 : 2; 
37586 : 2; 
37587 : 2; 
37588 : 2; 
37589 : 2; 
37590 : 2; 
37591 : 2; 
37592 : 2; 
37593 : 2; 
37594 : 2; 
37595 : 2; 
37596 : 2; 
37597 : 2; 
37598 : 2; 
37599 : 2; 
37600 : 2; 
37601 : 2; 
37602 : 2; 
37603 : 2; 
37604 : 2; 
37605 : 2; 
37606 : 2; 
37607 : 2; 
37608 : 2; 
37609 : 2; 
37610 : 2; 
37611 : 2; 
37612 : 2; 
37613 : 2; 
37614 : 2; 
37615 : 2; 
37616 : 2; 
37617 : 2; 
37618 : 2; 
37619 : 2; 
37620 : 2; 
37621 : 2; 
37622 : 2; 
37623 : 2; 
37624 : 2; 
37625 : 2; 
37626 : 2; 
37627 : 2; 
37628 : 2; 
37629 : 2; 
37630 : 2; 
37631 : 2; 
37632 : 1; 
37633 : 1; 
37634 : 1; 
37635 : 1; 
37636 : 1; 
37637 : 1; 
37638 : 1; 
37639 : 1; 
37640 : 1; 
37641 : 1; 
37642 : 1; 
37643 : 1; 
37644 : 1; 
37645 : 1; 
37646 : 1; 
37647 : 1; 
37648 : 1; 
37649 : 1; 
37650 : 1; 
37651 : 1; 
37652 : 1; 
37653 : 1; 
37654 : 1; 
37655 : 1; 
37656 : 1; 
37657 : 1; 
37658 : 1; 
37659 : 1; 
37660 : 1; 
37661 : 1; 
37662 : 1; 
37663 : 1; 
37664 : 1; 
37665 : 1; 
37666 : 1; 
37667 : 1; 
37668 : 1; 
37669 : 1; 
37670 : 1; 
37671 : 1; 
37672 : 1; 
37673 : 1; 
37674 : 1; 
37675 : 1; 
37676 : 1; 
37677 : 1; 
37678 : 1; 
37679 : 1; 
37680 : 1; 
37681 : 1; 
37682 : 1; 
37683 : 1; 
37684 : 1; 
37685 : 1; 
37686 : 1; 
37687 : 1; 
37688 : 1; 
37689 : 1; 
37690 : 1; 
37691 : 1; 
37692 : 1; 
37693 : 1; 
37694 : 1; 
37695 : 1; 
37696 : 1; 
37697 : 1; 
37698 : 1; 
37699 : 1; 
37700 : 1; 
37701 : 1; 
37702 : 1; 
37703 : 1; 
37704 : 1; 
37705 : 1; 
37706 : 1; 
37707 : 1; 
37708 : 1; 
37709 : 1; 
37710 : 1; 
37711 : 1; 
37712 : 1; 
37713 : 1; 
37714 : 1; 
37715 : 1; 
37716 : 1; 
37717 : 1; 
37718 : 1; 
37719 : 1; 
37720 : 1; 
37721 : 1; 
37722 : 1; 
37723 : 1; 
37724 : 1; 
37725 : 1; 
37726 : 1; 
37727 : 1; 
37728 : 1; 
37729 : 1; 
37730 : 1; 
37731 : 1; 
37732 : 1; 
37733 : 1; 
37734 : 1; 
37735 : 1; 
37736 : 1; 
37737 : 1; 
37738 : 1; 
37739 : 1; 
37740 : 1; 
37741 : 1; 
37742 : 0; 
37743 : 0; 
37744 : 0; 
37745 : 0; 
37746 : 0; 
37747 : 0; 
37748 : 0; 
37749 : 0; 
37750 : 0; 
37751 : 0; 
37752 : 0; 
37753 : 0; 
37754 : 0; 
37755 : 0; 
37756 : 0; 
37757 : 0; 
37758 : 0; 
37759 : 0; 
37760 : 2; 
37761 : 3; 
37762 : 3; 
37763 : 3; 
37764 : 3; 
37765 : 3; 
37766 : 3; 
37767 : 3; 
37768 : 3; 
37769 : 3; 
37770 : 3; 
37771 : 3; 
37772 : 3; 
37773 : 3; 
37774 : 3; 
37775 : 3; 
37776 : 3; 
37777 : 3; 
37778 : 3; 
37779 : 3; 
37780 : 2; 
37781 : 2; 
37782 : 2; 
37783 : 2; 
37784 : 2; 
37785 : 2; 
37786 : 2; 
37787 : 2; 
37788 : 2; 
37789 : 2; 
37790 : 2; 
37791 : 2; 
37792 : 2; 
37793 : 2; 
37794 : 2; 
37795 : 2; 
37796 : 2; 
37797 : 2; 
37798 : 2; 
37799 : 2; 
37800 : 2; 
37801 : 2; 
37802 : 2; 
37803 : 2; 
37804 : 2; 
37805 : 2; 
37806 : 2; 
37807 : 2; 
37808 : 2; 
37809 : 2; 
37810 : 2; 
37811 : 2; 
37812 : 2; 
37813 : 2; 
37814 : 2; 
37815 : 2; 
37816 : 2; 
37817 : 2; 
37818 : 2; 
37819 : 2; 
37820 : 2; 
37821 : 2; 
37822 : 2; 
37823 : 2; 
37824 : 2; 
37825 : 2; 
37826 : 2; 
37827 : 2; 
37828 : 2; 
37829 : 2; 
37830 : 2; 
37831 : 2; 
37832 : 2; 
37833 : 2; 
37834 : 2; 
37835 : 2; 
37836 : 2; 
37837 : 2; 
37838 : 2; 
37839 : 2; 
37840 : 2; 
37841 : 2; 
37842 : 2; 
37843 : 2; 
37844 : 2; 
37845 : 2; 
37846 : 2; 
37847 : 2; 
37848 : 2; 
37849 : 2; 
37850 : 2; 
37851 : 2; 
37852 : 2; 
37853 : 2; 
37854 : 2; 
37855 : 2; 
37856 : 2; 
37857 : 2; 
37858 : 2; 
37859 : 2; 
37860 : 2; 
37861 : 2; 
37862 : 2; 
37863 : 2; 
37864 : 2; 
37865 : 2; 
37866 : 2; 
37867 : 2; 
37868 : 2; 
37869 : 2; 
37870 : 2; 
37871 : 2; 
37872 : 2; 
37873 : 2; 
37874 : 2; 
37875 : 2; 
37876 : 2; 
37877 : 2; 
37878 : 2; 
37879 : 2; 
37880 : 2; 
37881 : 2; 
37882 : 2; 
37883 : 2; 
37884 : 2; 
37885 : 2; 
37886 : 2; 
37887 : 2; 
37888 : 1; 
37889 : 1; 
37890 : 1; 
37891 : 1; 
37892 : 1; 
37893 : 1; 
37894 : 1; 
37895 : 1; 
37896 : 1; 
37897 : 1; 
37898 : 1; 
37899 : 1; 
37900 : 1; 
37901 : 1; 
37902 : 1; 
37903 : 1; 
37904 : 1; 
37905 : 1; 
37906 : 1; 
37907 : 1; 
37908 : 1; 
37909 : 1; 
37910 : 1; 
37911 : 1; 
37912 : 1; 
37913 : 1; 
37914 : 1; 
37915 : 1; 
37916 : 1; 
37917 : 1; 
37918 : 1; 
37919 : 1; 
37920 : 1; 
37921 : 1; 
37922 : 1; 
37923 : 1; 
37924 : 1; 
37925 : 1; 
37926 : 1; 
37927 : 1; 
37928 : 1; 
37929 : 1; 
37930 : 1; 
37931 : 1; 
37932 : 1; 
37933 : 1; 
37934 : 1; 
37935 : 1; 
37936 : 1; 
37937 : 1; 
37938 : 1; 
37939 : 1; 
37940 : 1; 
37941 : 1; 
37942 : 1; 
37943 : 1; 
37944 : 1; 
37945 : 1; 
37946 : 1; 
37947 : 1; 
37948 : 1; 
37949 : 1; 
37950 : 1; 
37951 : 1; 
37952 : 1; 
37953 : 1; 
37954 : 1; 
37955 : 1; 
37956 : 1; 
37957 : 1; 
37958 : 1; 
37959 : 1; 
37960 : 1; 
37961 : 1; 
37962 : 1; 
37963 : 1; 
37964 : 1; 
37965 : 1; 
37966 : 1; 
37967 : 1; 
37968 : 1; 
37969 : 1; 
37970 : 1; 
37971 : 1; 
37972 : 1; 
37973 : 1; 
37974 : 1; 
37975 : 1; 
37976 : 1; 
37977 : 1; 
37978 : 1; 
37979 : 1; 
37980 : 1; 
37981 : 1; 
37982 : 1; 
37983 : 1; 
37984 : 1; 
37985 : 1; 
37986 : 1; 
37987 : 1; 
37988 : 1; 
37989 : 1; 
37990 : 1; 
37991 : 1; 
37992 : 1; 
37993 : 1; 
37994 : 1; 
37995 : 1; 
37996 : 1; 
37997 : 0; 
37998 : 0; 
37999 : 0; 
38000 : 0; 
38001 : 0; 
38002 : 0; 
38003 : 0; 
38004 : 0; 
38005 : 0; 
38006 : 0; 
38007 : 0; 
38008 : 0; 
38009 : 0; 
38010 : 0; 
38011 : 0; 
38012 : 0; 
38013 : 0; 
38014 : 0; 
38015 : 0; 
38016 : 2; 
38017 : 3; 
38018 : 3; 
38019 : 3; 
38020 : 3; 
38021 : 3; 
38022 : 3; 
38023 : 3; 
38024 : 3; 
38025 : 3; 
38026 : 3; 
38027 : 3; 
38028 : 3; 
38029 : 3; 
38030 : 3; 
38031 : 3; 
38032 : 3; 
38033 : 3; 
38034 : 3; 
38035 : 3; 
38036 : 3; 
38037 : 2; 
38038 : 2; 
38039 : 2; 
38040 : 2; 
38041 : 2; 
38042 : 2; 
38043 : 2; 
38044 : 2; 
38045 : 2; 
38046 : 2; 
38047 : 2; 
38048 : 2; 
38049 : 2; 
38050 : 2; 
38051 : 2; 
38052 : 2; 
38053 : 2; 
38054 : 2; 
38055 : 2; 
38056 : 2; 
38057 : 2; 
38058 : 2; 
38059 : 2; 
38060 : 2; 
38061 : 2; 
38062 : 2; 
38063 : 2; 
38064 : 2; 
38065 : 2; 
38066 : 2; 
38067 : 2; 
38068 : 2; 
38069 : 2; 
38070 : 2; 
38071 : 2; 
38072 : 2; 
38073 : 2; 
38074 : 2; 
38075 : 2; 
38076 : 2; 
38077 : 2; 
38078 : 2; 
38079 : 2; 
38080 : 2; 
38081 : 2; 
38082 : 2; 
38083 : 2; 
38084 : 2; 
38085 : 2; 
38086 : 2; 
38087 : 2; 
38088 : 2; 
38089 : 2; 
38090 : 2; 
38091 : 2; 
38092 : 2; 
38093 : 2; 
38094 : 2; 
38095 : 2; 
38096 : 2; 
38097 : 2; 
38098 : 2; 
38099 : 2; 
38100 : 2; 
38101 : 2; 
38102 : 2; 
38103 : 2; 
38104 : 2; 
38105 : 2; 
38106 : 2; 
38107 : 2; 
38108 : 2; 
38109 : 2; 
38110 : 2; 
38111 : 2; 
38112 : 2; 
38113 : 2; 
38114 : 2; 
38115 : 2; 
38116 : 2; 
38117 : 2; 
38118 : 2; 
38119 : 2; 
38120 : 2; 
38121 : 2; 
38122 : 2; 
38123 : 2; 
38124 : 2; 
38125 : 2; 
38126 : 2; 
38127 : 2; 
38128 : 2; 
38129 : 2; 
38130 : 2; 
38131 : 2; 
38132 : 2; 
38133 : 2; 
38134 : 2; 
38135 : 2; 
38136 : 2; 
38137 : 2; 
38138 : 2; 
38139 : 2; 
38140 : 2; 
38141 : 2; 
38142 : 2; 
38143 : 2; 
38144 : 1; 
38145 : 1; 
38146 : 1; 
38147 : 1; 
38148 : 1; 
38149 : 1; 
38150 : 1; 
38151 : 1; 
38152 : 1; 
38153 : 1; 
38154 : 1; 
38155 : 1; 
38156 : 1; 
38157 : 1; 
38158 : 1; 
38159 : 1; 
38160 : 1; 
38161 : 1; 
38162 : 1; 
38163 : 1; 
38164 : 1; 
38165 : 1; 
38166 : 1; 
38167 : 1; 
38168 : 1; 
38169 : 1; 
38170 : 1; 
38171 : 1; 
38172 : 1; 
38173 : 1; 
38174 : 1; 
38175 : 1; 
38176 : 1; 
38177 : 1; 
38178 : 1; 
38179 : 1; 
38180 : 1; 
38181 : 1; 
38182 : 1; 
38183 : 1; 
38184 : 1; 
38185 : 1; 
38186 : 1; 
38187 : 1; 
38188 : 1; 
38189 : 1; 
38190 : 1; 
38191 : 1; 
38192 : 1; 
38193 : 1; 
38194 : 1; 
38195 : 1; 
38196 : 1; 
38197 : 1; 
38198 : 1; 
38199 : 1; 
38200 : 1; 
38201 : 1; 
38202 : 1; 
38203 : 1; 
38204 : 1; 
38205 : 1; 
38206 : 1; 
38207 : 1; 
38208 : 1; 
38209 : 1; 
38210 : 1; 
38211 : 1; 
38212 : 1; 
38213 : 1; 
38214 : 1; 
38215 : 1; 
38216 : 1; 
38217 : 1; 
38218 : 1; 
38219 : 1; 
38220 : 1; 
38221 : 1; 
38222 : 1; 
38223 : 1; 
38224 : 1; 
38225 : 1; 
38226 : 1; 
38227 : 1; 
38228 : 1; 
38229 : 1; 
38230 : 1; 
38231 : 1; 
38232 : 1; 
38233 : 1; 
38234 : 1; 
38235 : 1; 
38236 : 1; 
38237 : 1; 
38238 : 1; 
38239 : 1; 
38240 : 1; 
38241 : 1; 
38242 : 1; 
38243 : 1; 
38244 : 1; 
38245 : 1; 
38246 : 1; 
38247 : 1; 
38248 : 1; 
38249 : 1; 
38250 : 1; 
38251 : 1; 
38252 : 0; 
38253 : 0; 
38254 : 0; 
38255 : 0; 
38256 : 0; 
38257 : 0; 
38258 : 0; 
38259 : 0; 
38260 : 0; 
38261 : 0; 
38262 : 0; 
38263 : 0; 
38264 : 0; 
38265 : 0; 
38266 : 0; 
38267 : 0; 
38268 : 0; 
38269 : 0; 
38270 : 0; 
38271 : 0; 
38272 : 2; 
38273 : 3; 
38274 : 3; 
38275 : 3; 
38276 : 3; 
38277 : 3; 
38278 : 3; 
38279 : 3; 
38280 : 3; 
38281 : 3; 
38282 : 3; 
38283 : 3; 
38284 : 3; 
38285 : 3; 
38286 : 3; 
38287 : 3; 
38288 : 3; 
38289 : 3; 
38290 : 3; 
38291 : 3; 
38292 : 3; 
38293 : 3; 
38294 : 2; 
38295 : 2; 
38296 : 2; 
38297 : 2; 
38298 : 2; 
38299 : 2; 
38300 : 2; 
38301 : 2; 
38302 : 2; 
38303 : 2; 
38304 : 2; 
38305 : 2; 
38306 : 2; 
38307 : 2; 
38308 : 2; 
38309 : 2; 
38310 : 2; 
38311 : 2; 
38312 : 2; 
38313 : 2; 
38314 : 2; 
38315 : 2; 
38316 : 2; 
38317 : 2; 
38318 : 2; 
38319 : 2; 
38320 : 2; 
38321 : 2; 
38322 : 2; 
38323 : 2; 
38324 : 2; 
38325 : 2; 
38326 : 2; 
38327 : 2; 
38328 : 2; 
38329 : 2; 
38330 : 2; 
38331 : 2; 
38332 : 2; 
38333 : 2; 
38334 : 2; 
38335 : 2; 
38336 : 2; 
38337 : 2; 
38338 : 2; 
38339 : 2; 
38340 : 2; 
38341 : 2; 
38342 : 2; 
38343 : 2; 
38344 : 2; 
38345 : 2; 
38346 : 2; 
38347 : 2; 
38348 : 2; 
38349 : 2; 
38350 : 2; 
38351 : 2; 
38352 : 2; 
38353 : 2; 
38354 : 2; 
38355 : 2; 
38356 : 2; 
38357 : 2; 
38358 : 2; 
38359 : 2; 
38360 : 2; 
38361 : 2; 
38362 : 2; 
38363 : 2; 
38364 : 2; 
38365 : 2; 
38366 : 2; 
38367 : 2; 
38368 : 2; 
38369 : 2; 
38370 : 2; 
38371 : 2; 
38372 : 2; 
38373 : 2; 
38374 : 2; 
38375 : 2; 
38376 : 2; 
38377 : 2; 
38378 : 2; 
38379 : 2; 
38380 : 2; 
38381 : 2; 
38382 : 2; 
38383 : 2; 
38384 : 2; 
38385 : 2; 
38386 : 2; 
38387 : 2; 
38388 : 2; 
38389 : 2; 
38390 : 2; 
38391 : 2; 
38392 : 2; 
38393 : 2; 
38394 : 2; 
38395 : 2; 
38396 : 2; 
38397 : 2; 
38398 : 2; 
38399 : 2; 
38400 : 1; 
38401 : 1; 
38402 : 1; 
38403 : 1; 
38404 : 1; 
38405 : 1; 
38406 : 1; 
38407 : 1; 
38408 : 1; 
38409 : 1; 
38410 : 1; 
38411 : 1; 
38412 : 1; 
38413 : 1; 
38414 : 1; 
38415 : 1; 
38416 : 1; 
38417 : 1; 
38418 : 1; 
38419 : 1; 
38420 : 1; 
38421 : 1; 
38422 : 1; 
38423 : 1; 
38424 : 1; 
38425 : 1; 
38426 : 1; 
38427 : 1; 
38428 : 1; 
38429 : 1; 
38430 : 1; 
38431 : 1; 
38432 : 1; 
38433 : 1; 
38434 : 1; 
38435 : 1; 
38436 : 1; 
38437 : 1; 
38438 : 1; 
38439 : 1; 
38440 : 1; 
38441 : 1; 
38442 : 1; 
38443 : 1; 
38444 : 1; 
38445 : 1; 
38446 : 1; 
38447 : 1; 
38448 : 1; 
38449 : 1; 
38450 : 1; 
38451 : 1; 
38452 : 1; 
38453 : 1; 
38454 : 1; 
38455 : 1; 
38456 : 1; 
38457 : 1; 
38458 : 1; 
38459 : 1; 
38460 : 1; 
38461 : 1; 
38462 : 1; 
38463 : 1; 
38464 : 1; 
38465 : 1; 
38466 : 1; 
38467 : 1; 
38468 : 1; 
38469 : 1; 
38470 : 1; 
38471 : 1; 
38472 : 1; 
38473 : 1; 
38474 : 1; 
38475 : 1; 
38476 : 1; 
38477 : 1; 
38478 : 1; 
38479 : 1; 
38480 : 1; 
38481 : 1; 
38482 : 1; 
38483 : 1; 
38484 : 1; 
38485 : 1; 
38486 : 1; 
38487 : 1; 
38488 : 1; 
38489 : 1; 
38490 : 1; 
38491 : 1; 
38492 : 1; 
38493 : 1; 
38494 : 1; 
38495 : 1; 
38496 : 1; 
38497 : 1; 
38498 : 1; 
38499 : 1; 
38500 : 1; 
38501 : 1; 
38502 : 1; 
38503 : 1; 
38504 : 1; 
38505 : 1; 
38506 : 1; 
38507 : 0; 
38508 : 0; 
38509 : 0; 
38510 : 0; 
38511 : 0; 
38512 : 0; 
38513 : 0; 
38514 : 0; 
38515 : 0; 
38516 : 0; 
38517 : 0; 
38518 : 0; 
38519 : 0; 
38520 : 0; 
38521 : 0; 
38522 : 0; 
38523 : 0; 
38524 : 0; 
38525 : 0; 
38526 : 0; 
38527 : 0; 
38528 : 2; 
38529 : 3; 
38530 : 3; 
38531 : 3; 
38532 : 3; 
38533 : 3; 
38534 : 3; 
38535 : 3; 
38536 : 3; 
38537 : 3; 
38538 : 3; 
38539 : 3; 
38540 : 3; 
38541 : 3; 
38542 : 3; 
38543 : 3; 
38544 : 3; 
38545 : 3; 
38546 : 3; 
38547 : 3; 
38548 : 3; 
38549 : 3; 
38550 : 3; 
38551 : 2; 
38552 : 2; 
38553 : 2; 
38554 : 2; 
38555 : 2; 
38556 : 2; 
38557 : 2; 
38558 : 2; 
38559 : 2; 
38560 : 2; 
38561 : 2; 
38562 : 2; 
38563 : 2; 
38564 : 2; 
38565 : 2; 
38566 : 2; 
38567 : 2; 
38568 : 2; 
38569 : 2; 
38570 : 2; 
38571 : 2; 
38572 : 2; 
38573 : 2; 
38574 : 2; 
38575 : 2; 
38576 : 2; 
38577 : 2; 
38578 : 2; 
38579 : 2; 
38580 : 2; 
38581 : 2; 
38582 : 2; 
38583 : 2; 
38584 : 2; 
38585 : 2; 
38586 : 2; 
38587 : 2; 
38588 : 2; 
38589 : 2; 
38590 : 2; 
38591 : 2; 
38592 : 2; 
38593 : 2; 
38594 : 2; 
38595 : 2; 
38596 : 2; 
38597 : 2; 
38598 : 2; 
38599 : 2; 
38600 : 2; 
38601 : 2; 
38602 : 2; 
38603 : 2; 
38604 : 2; 
38605 : 2; 
38606 : 2; 
38607 : 2; 
38608 : 2; 
38609 : 2; 
38610 : 2; 
38611 : 2; 
38612 : 2; 
38613 : 2; 
38614 : 2; 
38615 : 2; 
38616 : 2; 
38617 : 2; 
38618 : 2; 
38619 : 2; 
38620 : 2; 
38621 : 2; 
38622 : 2; 
38623 : 2; 
38624 : 2; 
38625 : 2; 
38626 : 2; 
38627 : 2; 
38628 : 2; 
38629 : 2; 
38630 : 2; 
38631 : 2; 
38632 : 2; 
38633 : 2; 
38634 : 2; 
38635 : 2; 
38636 : 2; 
38637 : 2; 
38638 : 2; 
38639 : 2; 
38640 : 2; 
38641 : 2; 
38642 : 2; 
38643 : 2; 
38644 : 2; 
38645 : 2; 
38646 : 2; 
38647 : 2; 
38648 : 2; 
38649 : 2; 
38650 : 2; 
38651 : 2; 
38652 : 2; 
38653 : 2; 
38654 : 2; 
38655 : 2; 
38656 : 1; 
38657 : 1; 
38658 : 1; 
38659 : 1; 
38660 : 1; 
38661 : 1; 
38662 : 1; 
38663 : 1; 
38664 : 1; 
38665 : 1; 
38666 : 1; 
38667 : 1; 
38668 : 1; 
38669 : 1; 
38670 : 1; 
38671 : 1; 
38672 : 1; 
38673 : 1; 
38674 : 1; 
38675 : 1; 
38676 : 1; 
38677 : 1; 
38678 : 1; 
38679 : 1; 
38680 : 1; 
38681 : 1; 
38682 : 1; 
38683 : 1; 
38684 : 1; 
38685 : 1; 
38686 : 1; 
38687 : 1; 
38688 : 1; 
38689 : 1; 
38690 : 1; 
38691 : 1; 
38692 : 1; 
38693 : 1; 
38694 : 1; 
38695 : 1; 
38696 : 1; 
38697 : 1; 
38698 : 1; 
38699 : 1; 
38700 : 1; 
38701 : 1; 
38702 : 1; 
38703 : 1; 
38704 : 1; 
38705 : 1; 
38706 : 1; 
38707 : 1; 
38708 : 1; 
38709 : 1; 
38710 : 1; 
38711 : 1; 
38712 : 1; 
38713 : 1; 
38714 : 1; 
38715 : 1; 
38716 : 1; 
38717 : 1; 
38718 : 1; 
38719 : 1; 
38720 : 1; 
38721 : 1; 
38722 : 1; 
38723 : 1; 
38724 : 1; 
38725 : 1; 
38726 : 1; 
38727 : 1; 
38728 : 1; 
38729 : 1; 
38730 : 1; 
38731 : 1; 
38732 : 1; 
38733 : 1; 
38734 : 1; 
38735 : 1; 
38736 : 1; 
38737 : 1; 
38738 : 1; 
38739 : 1; 
38740 : 1; 
38741 : 1; 
38742 : 1; 
38743 : 1; 
38744 : 1; 
38745 : 1; 
38746 : 1; 
38747 : 1; 
38748 : 1; 
38749 : 1; 
38750 : 1; 
38751 : 1; 
38752 : 1; 
38753 : 1; 
38754 : 1; 
38755 : 1; 
38756 : 1; 
38757 : 1; 
38758 : 1; 
38759 : 1; 
38760 : 1; 
38761 : 1; 
38762 : 0; 
38763 : 0; 
38764 : 0; 
38765 : 0; 
38766 : 0; 
38767 : 0; 
38768 : 0; 
38769 : 0; 
38770 : 0; 
38771 : 0; 
38772 : 0; 
38773 : 0; 
38774 : 0; 
38775 : 0; 
38776 : 0; 
38777 : 0; 
38778 : 0; 
38779 : 0; 
38780 : 0; 
38781 : 0; 
38782 : 0; 
38783 : 0; 
38784 : 2; 
38785 : 3; 
38786 : 3; 
38787 : 3; 
38788 : 3; 
38789 : 3; 
38790 : 3; 
38791 : 3; 
38792 : 3; 
38793 : 3; 
38794 : 3; 
38795 : 3; 
38796 : 3; 
38797 : 3; 
38798 : 3; 
38799 : 3; 
38800 : 3; 
38801 : 3; 
38802 : 3; 
38803 : 3; 
38804 : 3; 
38805 : 3; 
38806 : 3; 
38807 : 3; 
38808 : 2; 
38809 : 2; 
38810 : 2; 
38811 : 2; 
38812 : 2; 
38813 : 2; 
38814 : 2; 
38815 : 2; 
38816 : 2; 
38817 : 2; 
38818 : 2; 
38819 : 2; 
38820 : 2; 
38821 : 2; 
38822 : 2; 
38823 : 2; 
38824 : 2; 
38825 : 2; 
38826 : 2; 
38827 : 2; 
38828 : 2; 
38829 : 2; 
38830 : 2; 
38831 : 2; 
38832 : 2; 
38833 : 2; 
38834 : 2; 
38835 : 2; 
38836 : 2; 
38837 : 2; 
38838 : 2; 
38839 : 2; 
38840 : 2; 
38841 : 2; 
38842 : 2; 
38843 : 2; 
38844 : 2; 
38845 : 2; 
38846 : 2; 
38847 : 2; 
38848 : 2; 
38849 : 2; 
38850 : 2; 
38851 : 2; 
38852 : 2; 
38853 : 2; 
38854 : 2; 
38855 : 2; 
38856 : 2; 
38857 : 2; 
38858 : 2; 
38859 : 2; 
38860 : 2; 
38861 : 2; 
38862 : 2; 
38863 : 2; 
38864 : 2; 
38865 : 2; 
38866 : 2; 
38867 : 2; 
38868 : 2; 
38869 : 2; 
38870 : 2; 
38871 : 2; 
38872 : 2; 
38873 : 2; 
38874 : 2; 
38875 : 2; 
38876 : 2; 
38877 : 2; 
38878 : 2; 
38879 : 2; 
38880 : 2; 
38881 : 2; 
38882 : 2; 
38883 : 2; 
38884 : 2; 
38885 : 2; 
38886 : 2; 
38887 : 2; 
38888 : 2; 
38889 : 2; 
38890 : 2; 
38891 : 2; 
38892 : 2; 
38893 : 2; 
38894 : 2; 
38895 : 2; 
38896 : 2; 
38897 : 2; 
38898 : 2; 
38899 : 2; 
38900 : 2; 
38901 : 2; 
38902 : 2; 
38903 : 2; 
38904 : 2; 
38905 : 2; 
38906 : 2; 
38907 : 2; 
38908 : 2; 
38909 : 2; 
38910 : 2; 
38911 : 2; 
38912 : 1; 
38913 : 1; 
38914 : 1; 
38915 : 1; 
38916 : 1; 
38917 : 1; 
38918 : 1; 
38919 : 1; 
38920 : 1; 
38921 : 1; 
38922 : 1; 
38923 : 1; 
38924 : 1; 
38925 : 1; 
38926 : 1; 
38927 : 1; 
38928 : 1; 
38929 : 1; 
38930 : 1; 
38931 : 1; 
38932 : 1; 
38933 : 1; 
38934 : 1; 
38935 : 1; 
38936 : 1; 
38937 : 1; 
38938 : 1; 
38939 : 1; 
38940 : 1; 
38941 : 1; 
38942 : 1; 
38943 : 1; 
38944 : 1; 
38945 : 1; 
38946 : 1; 
38947 : 1; 
38948 : 1; 
38949 : 1; 
38950 : 1; 
38951 : 1; 
38952 : 1; 
38953 : 1; 
38954 : 1; 
38955 : 1; 
38956 : 1; 
38957 : 1; 
38958 : 1; 
38959 : 1; 
38960 : 1; 
38961 : 1; 
38962 : 1; 
38963 : 1; 
38964 : 1; 
38965 : 1; 
38966 : 1; 
38967 : 1; 
38968 : 1; 
38969 : 1; 
38970 : 1; 
38971 : 1; 
38972 : 1; 
38973 : 1; 
38974 : 1; 
38975 : 1; 
38976 : 1; 
38977 : 1; 
38978 : 1; 
38979 : 1; 
38980 : 1; 
38981 : 1; 
38982 : 1; 
38983 : 1; 
38984 : 1; 
38985 : 1; 
38986 : 1; 
38987 : 1; 
38988 : 1; 
38989 : 1; 
38990 : 1; 
38991 : 1; 
38992 : 1; 
38993 : 1; 
38994 : 1; 
38995 : 1; 
38996 : 1; 
38997 : 1; 
38998 : 1; 
38999 : 1; 
39000 : 1; 
39001 : 1; 
39002 : 1; 
39003 : 1; 
39004 : 1; 
39005 : 1; 
39006 : 1; 
39007 : 1; 
39008 : 1; 
39009 : 1; 
39010 : 1; 
39011 : 1; 
39012 : 1; 
39013 : 1; 
39014 : 1; 
39015 : 1; 
39016 : 1; 
39017 : 0; 
39018 : 0; 
39019 : 0; 
39020 : 0; 
39021 : 0; 
39022 : 0; 
39023 : 0; 
39024 : 0; 
39025 : 0; 
39026 : 0; 
39027 : 0; 
39028 : 0; 
39029 : 0; 
39030 : 0; 
39031 : 0; 
39032 : 0; 
39033 : 0; 
39034 : 0; 
39035 : 0; 
39036 : 0; 
39037 : 0; 
39038 : 0; 
39039 : 0; 
39040 : 2; 
39041 : 3; 
39042 : 3; 
39043 : 3; 
39044 : 3; 
39045 : 3; 
39046 : 3; 
39047 : 3; 
39048 : 3; 
39049 : 3; 
39050 : 3; 
39051 : 3; 
39052 : 3; 
39053 : 3; 
39054 : 3; 
39055 : 3; 
39056 : 3; 
39057 : 3; 
39058 : 3; 
39059 : 3; 
39060 : 3; 
39061 : 3; 
39062 : 3; 
39063 : 3; 
39064 : 3; 
39065 : 2; 
39066 : 2; 
39067 : 2; 
39068 : 2; 
39069 : 2; 
39070 : 2; 
39071 : 2; 
39072 : 2; 
39073 : 2; 
39074 : 2; 
39075 : 2; 
39076 : 2; 
39077 : 2; 
39078 : 2; 
39079 : 2; 
39080 : 2; 
39081 : 2; 
39082 : 2; 
39083 : 2; 
39084 : 2; 
39085 : 2; 
39086 : 2; 
39087 : 2; 
39088 : 2; 
39089 : 2; 
39090 : 2; 
39091 : 2; 
39092 : 2; 
39093 : 2; 
39094 : 2; 
39095 : 2; 
39096 : 2; 
39097 : 2; 
39098 : 2; 
39099 : 2; 
39100 : 2; 
39101 : 2; 
39102 : 2; 
39103 : 2; 
39104 : 2; 
39105 : 2; 
39106 : 2; 
39107 : 2; 
39108 : 2; 
39109 : 2; 
39110 : 2; 
39111 : 2; 
39112 : 2; 
39113 : 2; 
39114 : 2; 
39115 : 2; 
39116 : 2; 
39117 : 2; 
39118 : 2; 
39119 : 2; 
39120 : 2; 
39121 : 2; 
39122 : 2; 
39123 : 2; 
39124 : 2; 
39125 : 2; 
39126 : 2; 
39127 : 2; 
39128 : 2; 
39129 : 2; 
39130 : 2; 
39131 : 2; 
39132 : 2; 
39133 : 2; 
39134 : 2; 
39135 : 2; 
39136 : 2; 
39137 : 2; 
39138 : 2; 
39139 : 2; 
39140 : 2; 
39141 : 2; 
39142 : 2; 
39143 : 2; 
39144 : 2; 
39145 : 2; 
39146 : 2; 
39147 : 2; 
39148 : 2; 
39149 : 2; 
39150 : 2; 
39151 : 2; 
39152 : 2; 
39153 : 2; 
39154 : 2; 
39155 : 2; 
39156 : 2; 
39157 : 2; 
39158 : 2; 
39159 : 2; 
39160 : 2; 
39161 : 2; 
39162 : 2; 
39163 : 2; 
39164 : 2; 
39165 : 2; 
39166 : 2; 
39167 : 2; 
39168 : 1; 
39169 : 1; 
39170 : 1; 
39171 : 1; 
39172 : 1; 
39173 : 1; 
39174 : 1; 
39175 : 1; 
39176 : 1; 
39177 : 1; 
39178 : 1; 
39179 : 1; 
39180 : 1; 
39181 : 1; 
39182 : 1; 
39183 : 1; 
39184 : 1; 
39185 : 1; 
39186 : 1; 
39187 : 1; 
39188 : 1; 
39189 : 1; 
39190 : 1; 
39191 : 1; 
39192 : 1; 
39193 : 1; 
39194 : 1; 
39195 : 1; 
39196 : 1; 
39197 : 1; 
39198 : 1; 
39199 : 1; 
39200 : 1; 
39201 : 1; 
39202 : 1; 
39203 : 1; 
39204 : 1; 
39205 : 1; 
39206 : 1; 
39207 : 1; 
39208 : 1; 
39209 : 1; 
39210 : 1; 
39211 : 1; 
39212 : 1; 
39213 : 1; 
39214 : 1; 
39215 : 1; 
39216 : 1; 
39217 : 1; 
39218 : 1; 
39219 : 1; 
39220 : 1; 
39221 : 1; 
39222 : 1; 
39223 : 1; 
39224 : 1; 
39225 : 1; 
39226 : 1; 
39227 : 1; 
39228 : 1; 
39229 : 1; 
39230 : 1; 
39231 : 1; 
39232 : 1; 
39233 : 1; 
39234 : 1; 
39235 : 1; 
39236 : 1; 
39237 : 1; 
39238 : 1; 
39239 : 1; 
39240 : 1; 
39241 : 1; 
39242 : 1; 
39243 : 1; 
39244 : 1; 
39245 : 1; 
39246 : 1; 
39247 : 1; 
39248 : 1; 
39249 : 1; 
39250 : 1; 
39251 : 1; 
39252 : 1; 
39253 : 1; 
39254 : 1; 
39255 : 1; 
39256 : 1; 
39257 : 1; 
39258 : 1; 
39259 : 1; 
39260 : 1; 
39261 : 1; 
39262 : 1; 
39263 : 1; 
39264 : 1; 
39265 : 1; 
39266 : 1; 
39267 : 1; 
39268 : 1; 
39269 : 1; 
39270 : 1; 
39271 : 1; 
39272 : 0; 
39273 : 0; 
39274 : 0; 
39275 : 0; 
39276 : 0; 
39277 : 0; 
39278 : 0; 
39279 : 0; 
39280 : 0; 
39281 : 0; 
39282 : 0; 
39283 : 0; 
39284 : 0; 
39285 : 0; 
39286 : 0; 
39287 : 0; 
39288 : 0; 
39289 : 0; 
39290 : 0; 
39291 : 0; 
39292 : 0; 
39293 : 0; 
39294 : 0; 
39295 : 0; 
39296 : 2; 
39297 : 3; 
39298 : 3; 
39299 : 3; 
39300 : 3; 
39301 : 3; 
39302 : 3; 
39303 : 3; 
39304 : 3; 
39305 : 3; 
39306 : 3; 
39307 : 3; 
39308 : 3; 
39309 : 3; 
39310 : 3; 
39311 : 3; 
39312 : 3; 
39313 : 3; 
39314 : 3; 
39315 : 3; 
39316 : 3; 
39317 : 3; 
39318 : 3; 
39319 : 3; 
39320 : 3; 
39321 : 3; 
39322 : 2; 
39323 : 2; 
39324 : 2; 
39325 : 2; 
39326 : 2; 
39327 : 2; 
39328 : 2; 
39329 : 2; 
39330 : 2; 
39331 : 2; 
39332 : 2; 
39333 : 2; 
39334 : 2; 
39335 : 2; 
39336 : 2; 
39337 : 2; 
39338 : 2; 
39339 : 2; 
39340 : 2; 
39341 : 2; 
39342 : 2; 
39343 : 2; 
39344 : 2; 
39345 : 2; 
39346 : 2; 
39347 : 2; 
39348 : 2; 
39349 : 2; 
39350 : 2; 
39351 : 2; 
39352 : 2; 
39353 : 2; 
39354 : 2; 
39355 : 2; 
39356 : 2; 
39357 : 2; 
39358 : 2; 
39359 : 2; 
39360 : 2; 
39361 : 2; 
39362 : 2; 
39363 : 2; 
39364 : 2; 
39365 : 2; 
39366 : 2; 
39367 : 2; 
39368 : 2; 
39369 : 2; 
39370 : 2; 
39371 : 2; 
39372 : 2; 
39373 : 2; 
39374 : 2; 
39375 : 2; 
39376 : 2; 
39377 : 2; 
39378 : 2; 
39379 : 2; 
39380 : 2; 
39381 : 2; 
39382 : 2; 
39383 : 2; 
39384 : 2; 
39385 : 2; 
39386 : 2; 
39387 : 2; 
39388 : 2; 
39389 : 2; 
39390 : 2; 
39391 : 2; 
39392 : 2; 
39393 : 2; 
39394 : 2; 
39395 : 2; 
39396 : 2; 
39397 : 2; 
39398 : 2; 
39399 : 2; 
39400 : 2; 
39401 : 2; 
39402 : 2; 
39403 : 2; 
39404 : 2; 
39405 : 2; 
39406 : 2; 
39407 : 2; 
39408 : 2; 
39409 : 2; 
39410 : 2; 
39411 : 2; 
39412 : 2; 
39413 : 2; 
39414 : 2; 
39415 : 2; 
39416 : 2; 
39417 : 2; 
39418 : 2; 
39419 : 2; 
39420 : 2; 
39421 : 2; 
39422 : 2; 
39423 : 2; 
39424 : 1; 
39425 : 1; 
39426 : 1; 
39427 : 1; 
39428 : 1; 
39429 : 1; 
39430 : 1; 
39431 : 1; 
39432 : 1; 
39433 : 1; 
39434 : 1; 
39435 : 1; 
39436 : 1; 
39437 : 1; 
39438 : 1; 
39439 : 1; 
39440 : 1; 
39441 : 1; 
39442 : 1; 
39443 : 1; 
39444 : 1; 
39445 : 1; 
39446 : 1; 
39447 : 1; 
39448 : 1; 
39449 : 1; 
39450 : 1; 
39451 : 1; 
39452 : 1; 
39453 : 1; 
39454 : 1; 
39455 : 1; 
39456 : 1; 
39457 : 1; 
39458 : 1; 
39459 : 1; 
39460 : 1; 
39461 : 1; 
39462 : 1; 
39463 : 1; 
39464 : 1; 
39465 : 1; 
39466 : 1; 
39467 : 1; 
39468 : 1; 
39469 : 1; 
39470 : 1; 
39471 : 1; 
39472 : 1; 
39473 : 1; 
39474 : 1; 
39475 : 1; 
39476 : 1; 
39477 : 1; 
39478 : 1; 
39479 : 1; 
39480 : 1; 
39481 : 1; 
39482 : 1; 
39483 : 1; 
39484 : 1; 
39485 : 1; 
39486 : 1; 
39487 : 1; 
39488 : 1; 
39489 : 1; 
39490 : 1; 
39491 : 1; 
39492 : 1; 
39493 : 1; 
39494 : 1; 
39495 : 1; 
39496 : 1; 
39497 : 1; 
39498 : 1; 
39499 : 1; 
39500 : 1; 
39501 : 1; 
39502 : 1; 
39503 : 1; 
39504 : 1; 
39505 : 1; 
39506 : 1; 
39507 : 1; 
39508 : 1; 
39509 : 1; 
39510 : 1; 
39511 : 1; 
39512 : 1; 
39513 : 1; 
39514 : 1; 
39515 : 1; 
39516 : 1; 
39517 : 1; 
39518 : 1; 
39519 : 1; 
39520 : 1; 
39521 : 1; 
39522 : 1; 
39523 : 1; 
39524 : 1; 
39525 : 1; 
39526 : 1; 
39527 : 0; 
39528 : 0; 
39529 : 0; 
39530 : 0; 
39531 : 0; 
39532 : 0; 
39533 : 0; 
39534 : 0; 
39535 : 0; 
39536 : 0; 
39537 : 0; 
39538 : 0; 
39539 : 0; 
39540 : 0; 
39541 : 0; 
39542 : 0; 
39543 : 0; 
39544 : 0; 
39545 : 0; 
39546 : 0; 
39547 : 0; 
39548 : 0; 
39549 : 0; 
39550 : 0; 
39551 : 0; 
39552 : 2; 
39553 : 3; 
39554 : 3; 
39555 : 3; 
39556 : 3; 
39557 : 3; 
39558 : 3; 
39559 : 3; 
39560 : 3; 
39561 : 3; 
39562 : 3; 
39563 : 3; 
39564 : 3; 
39565 : 3; 
39566 : 3; 
39567 : 3; 
39568 : 3; 
39569 : 3; 
39570 : 3; 
39571 : 3; 
39572 : 3; 
39573 : 3; 
39574 : 3; 
39575 : 3; 
39576 : 3; 
39577 : 3; 
39578 : 3; 
39579 : 2; 
39580 : 2; 
39581 : 2; 
39582 : 2; 
39583 : 2; 
39584 : 2; 
39585 : 2; 
39586 : 2; 
39587 : 2; 
39588 : 2; 
39589 : 2; 
39590 : 2; 
39591 : 2; 
39592 : 2; 
39593 : 2; 
39594 : 2; 
39595 : 2; 
39596 : 2; 
39597 : 2; 
39598 : 2; 
39599 : 2; 
39600 : 2; 
39601 : 2; 
39602 : 2; 
39603 : 2; 
39604 : 2; 
39605 : 2; 
39606 : 2; 
39607 : 2; 
39608 : 2; 
39609 : 2; 
39610 : 2; 
39611 : 2; 
39612 : 2; 
39613 : 2; 
39614 : 2; 
39615 : 2; 
39616 : 2; 
39617 : 2; 
39618 : 2; 
39619 : 2; 
39620 : 2; 
39621 : 2; 
39622 : 2; 
39623 : 2; 
39624 : 2; 
39625 : 2; 
39626 : 2; 
39627 : 2; 
39628 : 2; 
39629 : 2; 
39630 : 2; 
39631 : 2; 
39632 : 2; 
39633 : 2; 
39634 : 2; 
39635 : 2; 
39636 : 2; 
39637 : 2; 
39638 : 2; 
39639 : 2; 
39640 : 2; 
39641 : 2; 
39642 : 2; 
39643 : 2; 
39644 : 2; 
39645 : 2; 
39646 : 2; 
39647 : 2; 
39648 : 2; 
39649 : 2; 
39650 : 2; 
39651 : 2; 
39652 : 2; 
39653 : 2; 
39654 : 2; 
39655 : 2; 
39656 : 2; 
39657 : 2; 
39658 : 2; 
39659 : 2; 
39660 : 2; 
39661 : 2; 
39662 : 2; 
39663 : 2; 
39664 : 2; 
39665 : 2; 
39666 : 2; 
39667 : 2; 
39668 : 2; 
39669 : 2; 
39670 : 2; 
39671 : 2; 
39672 : 2; 
39673 : 2; 
39674 : 2; 
39675 : 2; 
39676 : 2; 
39677 : 2; 
39678 : 2; 
39679 : 2; 
39680 : 1; 
39681 : 1; 
39682 : 1; 
39683 : 1; 
39684 : 1; 
39685 : 1; 
39686 : 1; 
39687 : 1; 
39688 : 1; 
39689 : 1; 
39690 : 1; 
39691 : 1; 
39692 : 1; 
39693 : 1; 
39694 : 1; 
39695 : 1; 
39696 : 1; 
39697 : 1; 
39698 : 1; 
39699 : 1; 
39700 : 1; 
39701 : 1; 
39702 : 1; 
39703 : 1; 
39704 : 1; 
39705 : 1; 
39706 : 1; 
39707 : 1; 
39708 : 1; 
39709 : 1; 
39710 : 1; 
39711 : 1; 
39712 : 1; 
39713 : 1; 
39714 : 1; 
39715 : 1; 
39716 : 1; 
39717 : 1; 
39718 : 1; 
39719 : 1; 
39720 : 1; 
39721 : 1; 
39722 : 1; 
39723 : 1; 
39724 : 1; 
39725 : 1; 
39726 : 1; 
39727 : 1; 
39728 : 1; 
39729 : 1; 
39730 : 1; 
39731 : 1; 
39732 : 1; 
39733 : 1; 
39734 : 1; 
39735 : 1; 
39736 : 1; 
39737 : 1; 
39738 : 1; 
39739 : 1; 
39740 : 1; 
39741 : 1; 
39742 : 1; 
39743 : 1; 
39744 : 1; 
39745 : 1; 
39746 : 1; 
39747 : 1; 
39748 : 1; 
39749 : 1; 
39750 : 1; 
39751 : 1; 
39752 : 1; 
39753 : 1; 
39754 : 1; 
39755 : 1; 
39756 : 1; 
39757 : 1; 
39758 : 1; 
39759 : 1; 
39760 : 1; 
39761 : 1; 
39762 : 1; 
39763 : 1; 
39764 : 1; 
39765 : 1; 
39766 : 1; 
39767 : 1; 
39768 : 1; 
39769 : 1; 
39770 : 1; 
39771 : 1; 
39772 : 1; 
39773 : 1; 
39774 : 1; 
39775 : 1; 
39776 : 1; 
39777 : 1; 
39778 : 1; 
39779 : 1; 
39780 : 1; 
39781 : 1; 
39782 : 0; 
39783 : 0; 
39784 : 0; 
39785 : 0; 
39786 : 0; 
39787 : 0; 
39788 : 0; 
39789 : 0; 
39790 : 0; 
39791 : 0; 
39792 : 0; 
39793 : 0; 
39794 : 0; 
39795 : 0; 
39796 : 0; 
39797 : 0; 
39798 : 0; 
39799 : 0; 
39800 : 0; 
39801 : 0; 
39802 : 0; 
39803 : 0; 
39804 : 0; 
39805 : 0; 
39806 : 0; 
39807 : 0; 
39808 : 2; 
39809 : 3; 
39810 : 3; 
39811 : 3; 
39812 : 3; 
39813 : 3; 
39814 : 3; 
39815 : 3; 
39816 : 3; 
39817 : 3; 
39818 : 3; 
39819 : 3; 
39820 : 3; 
39821 : 3; 
39822 : 3; 
39823 : 3; 
39824 : 3; 
39825 : 3; 
39826 : 3; 
39827 : 3; 
39828 : 3; 
39829 : 3; 
39830 : 3; 
39831 : 3; 
39832 : 3; 
39833 : 3; 
39834 : 3; 
39835 : 3; 
39836 : 2; 
39837 : 2; 
39838 : 2; 
39839 : 2; 
39840 : 2; 
39841 : 2; 
39842 : 2; 
39843 : 2; 
39844 : 2; 
39845 : 2; 
39846 : 2; 
39847 : 2; 
39848 : 2; 
39849 : 2; 
39850 : 2; 
39851 : 2; 
39852 : 2; 
39853 : 2; 
39854 : 2; 
39855 : 2; 
39856 : 2; 
39857 : 2; 
39858 : 2; 
39859 : 2; 
39860 : 2; 
39861 : 2; 
39862 : 2; 
39863 : 2; 
39864 : 2; 
39865 : 2; 
39866 : 2; 
39867 : 2; 
39868 : 2; 
39869 : 2; 
39870 : 2; 
39871 : 2; 
39872 : 2; 
39873 : 2; 
39874 : 2; 
39875 : 2; 
39876 : 2; 
39877 : 2; 
39878 : 2; 
39879 : 2; 
39880 : 2; 
39881 : 2; 
39882 : 2; 
39883 : 2; 
39884 : 2; 
39885 : 2; 
39886 : 2; 
39887 : 2; 
39888 : 2; 
39889 : 2; 
39890 : 2; 
39891 : 2; 
39892 : 2; 
39893 : 2; 
39894 : 2; 
39895 : 2; 
39896 : 2; 
39897 : 2; 
39898 : 2; 
39899 : 2; 
39900 : 2; 
39901 : 2; 
39902 : 2; 
39903 : 2; 
39904 : 2; 
39905 : 2; 
39906 : 2; 
39907 : 2; 
39908 : 2; 
39909 : 2; 
39910 : 2; 
39911 : 2; 
39912 : 2; 
39913 : 2; 
39914 : 2; 
39915 : 2; 
39916 : 2; 
39917 : 2; 
39918 : 2; 
39919 : 2; 
39920 : 2; 
39921 : 2; 
39922 : 2; 
39923 : 2; 
39924 : 2; 
39925 : 2; 
39926 : 2; 
39927 : 2; 
39928 : 2; 
39929 : 2; 
39930 : 2; 
39931 : 2; 
39932 : 2; 
39933 : 2; 
39934 : 2; 
39935 : 2; 
39936 : 1; 
39937 : 1; 
39938 : 1; 
39939 : 1; 
39940 : 1; 
39941 : 1; 
39942 : 1; 
39943 : 1; 
39944 : 1; 
39945 : 1; 
39946 : 1; 
39947 : 1; 
39948 : 1; 
39949 : 1; 
39950 : 1; 
39951 : 1; 
39952 : 1; 
39953 : 1; 
39954 : 1; 
39955 : 1; 
39956 : 1; 
39957 : 1; 
39958 : 1; 
39959 : 1; 
39960 : 1; 
39961 : 1; 
39962 : 1; 
39963 : 1; 
39964 : 1; 
39965 : 1; 
39966 : 1; 
39967 : 1; 
39968 : 1; 
39969 : 1; 
39970 : 1; 
39971 : 1; 
39972 : 1; 
39973 : 1; 
39974 : 1; 
39975 : 1; 
39976 : 1; 
39977 : 1; 
39978 : 1; 
39979 : 1; 
39980 : 1; 
39981 : 1; 
39982 : 1; 
39983 : 1; 
39984 : 1; 
39985 : 1; 
39986 : 1; 
39987 : 1; 
39988 : 1; 
39989 : 1; 
39990 : 1; 
39991 : 1; 
39992 : 1; 
39993 : 1; 
39994 : 1; 
39995 : 1; 
39996 : 1; 
39997 : 1; 
39998 : 1; 
39999 : 1; 
40000 : 1; 
40001 : 1; 
40002 : 1; 
40003 : 1; 
40004 : 1; 
40005 : 1; 
40006 : 1; 
40007 : 1; 
40008 : 1; 
40009 : 1; 
40010 : 1; 
40011 : 1; 
40012 : 1; 
40013 : 1; 
40014 : 1; 
40015 : 1; 
40016 : 1; 
40017 : 1; 
40018 : 1; 
40019 : 1; 
40020 : 1; 
40021 : 1; 
40022 : 1; 
40023 : 1; 
40024 : 1; 
40025 : 1; 
40026 : 1; 
40027 : 1; 
40028 : 1; 
40029 : 1; 
40030 : 1; 
40031 : 1; 
40032 : 1; 
40033 : 1; 
40034 : 1; 
40035 : 1; 
40036 : 1; 
40037 : 0; 
40038 : 0; 
40039 : 0; 
40040 : 0; 
40041 : 0; 
40042 : 0; 
40043 : 0; 
40044 : 0; 
40045 : 0; 
40046 : 0; 
40047 : 0; 
40048 : 0; 
40049 : 0; 
40050 : 0; 
40051 : 0; 
40052 : 0; 
40053 : 0; 
40054 : 0; 
40055 : 0; 
40056 : 0; 
40057 : 0; 
40058 : 0; 
40059 : 0; 
40060 : 0; 
40061 : 0; 
40062 : 0; 
40063 : 0; 
40064 : 2; 
40065 : 3; 
40066 : 3; 
40067 : 3; 
40068 : 3; 
40069 : 3; 
40070 : 3; 
40071 : 3; 
40072 : 3; 
40073 : 3; 
40074 : 3; 
40075 : 3; 
40076 : 3; 
40077 : 3; 
40078 : 3; 
40079 : 3; 
40080 : 3; 
40081 : 3; 
40082 : 3; 
40083 : 3; 
40084 : 3; 
40085 : 3; 
40086 : 3; 
40087 : 3; 
40088 : 3; 
40089 : 3; 
40090 : 3; 
40091 : 3; 
40092 : 3; 
40093 : 2; 
40094 : 2; 
40095 : 2; 
40096 : 2; 
40097 : 2; 
40098 : 2; 
40099 : 2; 
40100 : 2; 
40101 : 2; 
40102 : 2; 
40103 : 2; 
40104 : 2; 
40105 : 2; 
40106 : 2; 
40107 : 2; 
40108 : 2; 
40109 : 2; 
40110 : 2; 
40111 : 2; 
40112 : 2; 
40113 : 2; 
40114 : 2; 
40115 : 2; 
40116 : 2; 
40117 : 2; 
40118 : 2; 
40119 : 2; 
40120 : 2; 
40121 : 2; 
40122 : 2; 
40123 : 2; 
40124 : 2; 
40125 : 2; 
40126 : 2; 
40127 : 2; 
40128 : 2; 
40129 : 2; 
40130 : 2; 
40131 : 2; 
40132 : 2; 
40133 : 2; 
40134 : 2; 
40135 : 2; 
40136 : 2; 
40137 : 2; 
40138 : 2; 
40139 : 2; 
40140 : 2; 
40141 : 2; 
40142 : 2; 
40143 : 2; 
40144 : 2; 
40145 : 2; 
40146 : 2; 
40147 : 2; 
40148 : 2; 
40149 : 2; 
40150 : 2; 
40151 : 2; 
40152 : 2; 
40153 : 2; 
40154 : 2; 
40155 : 2; 
40156 : 2; 
40157 : 2; 
40158 : 2; 
40159 : 2; 
40160 : 2; 
40161 : 2; 
40162 : 2; 
40163 : 2; 
40164 : 2; 
40165 : 2; 
40166 : 2; 
40167 : 2; 
40168 : 2; 
40169 : 2; 
40170 : 2; 
40171 : 2; 
40172 : 2; 
40173 : 2; 
40174 : 2; 
40175 : 2; 
40176 : 2; 
40177 : 2; 
40178 : 2; 
40179 : 2; 
40180 : 2; 
40181 : 2; 
40182 : 2; 
40183 : 2; 
40184 : 2; 
40185 : 2; 
40186 : 2; 
40187 : 2; 
40188 : 2; 
40189 : 2; 
40190 : 2; 
40191 : 2; 
40192 : 1; 
40193 : 1; 
40194 : 1; 
40195 : 1; 
40196 : 1; 
40197 : 1; 
40198 : 1; 
40199 : 1; 
40200 : 1; 
40201 : 1; 
40202 : 1; 
40203 : 1; 
40204 : 1; 
40205 : 1; 
40206 : 1; 
40207 : 1; 
40208 : 1; 
40209 : 1; 
40210 : 1; 
40211 : 1; 
40212 : 1; 
40213 : 1; 
40214 : 1; 
40215 : 1; 
40216 : 1; 
40217 : 1; 
40218 : 1; 
40219 : 1; 
40220 : 1; 
40221 : 1; 
40222 : 1; 
40223 : 1; 
40224 : 1; 
40225 : 1; 
40226 : 1; 
40227 : 1; 
40228 : 1; 
40229 : 1; 
40230 : 1; 
40231 : 1; 
40232 : 1; 
40233 : 1; 
40234 : 1; 
40235 : 1; 
40236 : 1; 
40237 : 1; 
40238 : 1; 
40239 : 1; 
40240 : 1; 
40241 : 1; 
40242 : 1; 
40243 : 1; 
40244 : 1; 
40245 : 1; 
40246 : 1; 
40247 : 1; 
40248 : 1; 
40249 : 1; 
40250 : 1; 
40251 : 1; 
40252 : 1; 
40253 : 1; 
40254 : 1; 
40255 : 1; 
40256 : 1; 
40257 : 1; 
40258 : 1; 
40259 : 1; 
40260 : 1; 
40261 : 1; 
40262 : 1; 
40263 : 1; 
40264 : 1; 
40265 : 1; 
40266 : 1; 
40267 : 1; 
40268 : 1; 
40269 : 1; 
40270 : 1; 
40271 : 1; 
40272 : 1; 
40273 : 1; 
40274 : 1; 
40275 : 1; 
40276 : 1; 
40277 : 1; 
40278 : 1; 
40279 : 1; 
40280 : 1; 
40281 : 1; 
40282 : 1; 
40283 : 1; 
40284 : 1; 
40285 : 1; 
40286 : 1; 
40287 : 1; 
40288 : 1; 
40289 : 1; 
40290 : 1; 
40291 : 1; 
40292 : 0; 
40293 : 0; 
40294 : 0; 
40295 : 0; 
40296 : 0; 
40297 : 0; 
40298 : 0; 
40299 : 0; 
40300 : 0; 
40301 : 0; 
40302 : 0; 
40303 : 0; 
40304 : 0; 
40305 : 0; 
40306 : 0; 
40307 : 0; 
40308 : 0; 
40309 : 0; 
40310 : 0; 
40311 : 0; 
40312 : 0; 
40313 : 0; 
40314 : 0; 
40315 : 0; 
40316 : 0; 
40317 : 0; 
40318 : 0; 
40319 : 0; 
40320 : 2; 
40321 : 3; 
40322 : 3; 
40323 : 3; 
40324 : 3; 
40325 : 3; 
40326 : 3; 
40327 : 3; 
40328 : 3; 
40329 : 3; 
40330 : 3; 
40331 : 3; 
40332 : 3; 
40333 : 3; 
40334 : 3; 
40335 : 3; 
40336 : 3; 
40337 : 3; 
40338 : 3; 
40339 : 3; 
40340 : 3; 
40341 : 3; 
40342 : 3; 
40343 : 3; 
40344 : 3; 
40345 : 3; 
40346 : 3; 
40347 : 3; 
40348 : 3; 
40349 : 3; 
40350 : 2; 
40351 : 2; 
40352 : 2; 
40353 : 2; 
40354 : 2; 
40355 : 2; 
40356 : 2; 
40357 : 2; 
40358 : 2; 
40359 : 2; 
40360 : 2; 
40361 : 2; 
40362 : 2; 
40363 : 2; 
40364 : 2; 
40365 : 2; 
40366 : 2; 
40367 : 2; 
40368 : 2; 
40369 : 2; 
40370 : 2; 
40371 : 2; 
40372 : 2; 
40373 : 2; 
40374 : 2; 
40375 : 2; 
40376 : 2; 
40377 : 2; 
40378 : 2; 
40379 : 2; 
40380 : 2; 
40381 : 2; 
40382 : 2; 
40383 : 2; 
40384 : 2; 
40385 : 2; 
40386 : 2; 
40387 : 2; 
40388 : 2; 
40389 : 2; 
40390 : 2; 
40391 : 2; 
40392 : 2; 
40393 : 2; 
40394 : 2; 
40395 : 2; 
40396 : 2; 
40397 : 2; 
40398 : 2; 
40399 : 2; 
40400 : 2; 
40401 : 2; 
40402 : 2; 
40403 : 2; 
40404 : 2; 
40405 : 2; 
40406 : 2; 
40407 : 2; 
40408 : 2; 
40409 : 2; 
40410 : 2; 
40411 : 2; 
40412 : 2; 
40413 : 2; 
40414 : 2; 
40415 : 2; 
40416 : 2; 
40417 : 2; 
40418 : 2; 
40419 : 2; 
40420 : 2; 
40421 : 2; 
40422 : 2; 
40423 : 2; 
40424 : 2; 
40425 : 2; 
40426 : 2; 
40427 : 2; 
40428 : 2; 
40429 : 2; 
40430 : 2; 
40431 : 2; 
40432 : 2; 
40433 : 2; 
40434 : 2; 
40435 : 2; 
40436 : 2; 
40437 : 2; 
40438 : 2; 
40439 : 2; 
40440 : 2; 
40441 : 2; 
40442 : 2; 
40443 : 2; 
40444 : 2; 
40445 : 2; 
40446 : 2; 
40447 : 2; 
40448 : 1; 
40449 : 1; 
40450 : 1; 
40451 : 1; 
40452 : 1; 
40453 : 1; 
40454 : 1; 
40455 : 1; 
40456 : 1; 
40457 : 1; 
40458 : 1; 
40459 : 1; 
40460 : 1; 
40461 : 1; 
40462 : 1; 
40463 : 1; 
40464 : 1; 
40465 : 1; 
40466 : 1; 
40467 : 1; 
40468 : 1; 
40469 : 1; 
40470 : 1; 
40471 : 1; 
40472 : 1; 
40473 : 1; 
40474 : 1; 
40475 : 1; 
40476 : 1; 
40477 : 1; 
40478 : 1; 
40479 : 1; 
40480 : 1; 
40481 : 1; 
40482 : 1; 
40483 : 1; 
40484 : 1; 
40485 : 1; 
40486 : 1; 
40487 : 1; 
40488 : 1; 
40489 : 1; 
40490 : 1; 
40491 : 1; 
40492 : 1; 
40493 : 1; 
40494 : 1; 
40495 : 1; 
40496 : 1; 
40497 : 1; 
40498 : 1; 
40499 : 1; 
40500 : 1; 
40501 : 1; 
40502 : 1; 
40503 : 1; 
40504 : 1; 
40505 : 1; 
40506 : 1; 
40507 : 1; 
40508 : 1; 
40509 : 1; 
40510 : 1; 
40511 : 1; 
40512 : 1; 
40513 : 1; 
40514 : 1; 
40515 : 1; 
40516 : 1; 
40517 : 1; 
40518 : 1; 
40519 : 1; 
40520 : 1; 
40521 : 1; 
40522 : 1; 
40523 : 1; 
40524 : 1; 
40525 : 1; 
40526 : 1; 
40527 : 1; 
40528 : 1; 
40529 : 1; 
40530 : 1; 
40531 : 1; 
40532 : 1; 
40533 : 1; 
40534 : 1; 
40535 : 1; 
40536 : 1; 
40537 : 1; 
40538 : 1; 
40539 : 1; 
40540 : 1; 
40541 : 1; 
40542 : 1; 
40543 : 1; 
40544 : 1; 
40545 : 1; 
40546 : 1; 
40547 : 0; 
40548 : 0; 
40549 : 0; 
40550 : 0; 
40551 : 0; 
40552 : 0; 
40553 : 0; 
40554 : 0; 
40555 : 0; 
40556 : 0; 
40557 : 0; 
40558 : 0; 
40559 : 0; 
40560 : 0; 
40561 : 0; 
40562 : 0; 
40563 : 0; 
40564 : 0; 
40565 : 0; 
40566 : 0; 
40567 : 0; 
40568 : 0; 
40569 : 0; 
40570 : 0; 
40571 : 0; 
40572 : 0; 
40573 : 0; 
40574 : 0; 
40575 : 0; 
40576 : 2; 
40577 : 3; 
40578 : 3; 
40579 : 3; 
40580 : 3; 
40581 : 3; 
40582 : 3; 
40583 : 3; 
40584 : 3; 
40585 : 3; 
40586 : 3; 
40587 : 3; 
40588 : 3; 
40589 : 3; 
40590 : 3; 
40591 : 3; 
40592 : 3; 
40593 : 3; 
40594 : 3; 
40595 : 3; 
40596 : 3; 
40597 : 3; 
40598 : 3; 
40599 : 3; 
40600 : 3; 
40601 : 3; 
40602 : 3; 
40603 : 3; 
40604 : 3; 
40605 : 3; 
40606 : 3; 
40607 : 2; 
40608 : 2; 
40609 : 2; 
40610 : 2; 
40611 : 2; 
40612 : 2; 
40613 : 2; 
40614 : 2; 
40615 : 2; 
40616 : 2; 
40617 : 2; 
40618 : 2; 
40619 : 2; 
40620 : 2; 
40621 : 2; 
40622 : 2; 
40623 : 2; 
40624 : 2; 
40625 : 2; 
40626 : 2; 
40627 : 2; 
40628 : 2; 
40629 : 2; 
40630 : 2; 
40631 : 2; 
40632 : 2; 
40633 : 2; 
40634 : 2; 
40635 : 2; 
40636 : 2; 
40637 : 2; 
40638 : 2; 
40639 : 2; 
40640 : 2; 
40641 : 2; 
40642 : 2; 
40643 : 2; 
40644 : 2; 
40645 : 2; 
40646 : 2; 
40647 : 2; 
40648 : 2; 
40649 : 2; 
40650 : 2; 
40651 : 2; 
40652 : 2; 
40653 : 2; 
40654 : 2; 
40655 : 2; 
40656 : 2; 
40657 : 2; 
40658 : 2; 
40659 : 2; 
40660 : 2; 
40661 : 2; 
40662 : 2; 
40663 : 2; 
40664 : 2; 
40665 : 2; 
40666 : 2; 
40667 : 2; 
40668 : 2; 
40669 : 2; 
40670 : 2; 
40671 : 2; 
40672 : 2; 
40673 : 2; 
40674 : 2; 
40675 : 2; 
40676 : 2; 
40677 : 2; 
40678 : 2; 
40679 : 2; 
40680 : 2; 
40681 : 2; 
40682 : 2; 
40683 : 2; 
40684 : 2; 
40685 : 2; 
40686 : 2; 
40687 : 2; 
40688 : 2; 
40689 : 2; 
40690 : 2; 
40691 : 2; 
40692 : 2; 
40693 : 2; 
40694 : 2; 
40695 : 2; 
40696 : 2; 
40697 : 2; 
40698 : 2; 
40699 : 2; 
40700 : 2; 
40701 : 2; 
40702 : 2; 
40703 : 2; 
40704 : 1; 
40705 : 1; 
40706 : 1; 
40707 : 1; 
40708 : 1; 
40709 : 1; 
40710 : 1; 
40711 : 1; 
40712 : 1; 
40713 : 1; 
40714 : 1; 
40715 : 1; 
40716 : 1; 
40717 : 1; 
40718 : 1; 
40719 : 1; 
40720 : 1; 
40721 : 1; 
40722 : 1; 
40723 : 1; 
40724 : 1; 
40725 : 1; 
40726 : 1; 
40727 : 1; 
40728 : 1; 
40729 : 1; 
40730 : 1; 
40731 : 1; 
40732 : 1; 
40733 : 1; 
40734 : 1; 
40735 : 1; 
40736 : 1; 
40737 : 1; 
40738 : 1; 
40739 : 1; 
40740 : 1; 
40741 : 1; 
40742 : 1; 
40743 : 1; 
40744 : 1; 
40745 : 1; 
40746 : 1; 
40747 : 1; 
40748 : 1; 
40749 : 1; 
40750 : 1; 
40751 : 1; 
40752 : 1; 
40753 : 1; 
40754 : 1; 
40755 : 1; 
40756 : 1; 
40757 : 1; 
40758 : 1; 
40759 : 1; 
40760 : 1; 
40761 : 1; 
40762 : 1; 
40763 : 1; 
40764 : 1; 
40765 : 1; 
40766 : 1; 
40767 : 1; 
40768 : 1; 
40769 : 1; 
40770 : 1; 
40771 : 1; 
40772 : 1; 
40773 : 1; 
40774 : 1; 
40775 : 1; 
40776 : 1; 
40777 : 1; 
40778 : 1; 
40779 : 1; 
40780 : 1; 
40781 : 1; 
40782 : 1; 
40783 : 1; 
40784 : 1; 
40785 : 1; 
40786 : 1; 
40787 : 1; 
40788 : 1; 
40789 : 1; 
40790 : 1; 
40791 : 1; 
40792 : 1; 
40793 : 1; 
40794 : 1; 
40795 : 1; 
40796 : 1; 
40797 : 1; 
40798 : 1; 
40799 : 1; 
40800 : 1; 
40801 : 1; 
40802 : 0; 
40803 : 0; 
40804 : 0; 
40805 : 0; 
40806 : 0; 
40807 : 0; 
40808 : 0; 
40809 : 0; 
40810 : 0; 
40811 : 0; 
40812 : 0; 
40813 : 0; 
40814 : 0; 
40815 : 0; 
40816 : 0; 
40817 : 0; 
40818 : 0; 
40819 : 0; 
40820 : 0; 
40821 : 0; 
40822 : 0; 
40823 : 0; 
40824 : 0; 
40825 : 0; 
40826 : 0; 
40827 : 0; 
40828 : 0; 
40829 : 0; 
40830 : 0; 
40831 : 0; 
40832 : 2; 
40833 : 3; 
40834 : 3; 
40835 : 3; 
40836 : 3; 
40837 : 3; 
40838 : 3; 
40839 : 3; 
40840 : 3; 
40841 : 3; 
40842 : 3; 
40843 : 3; 
40844 : 3; 
40845 : 3; 
40846 : 3; 
40847 : 3; 
40848 : 3; 
40849 : 3; 
40850 : 3; 
40851 : 3; 
40852 : 3; 
40853 : 3; 
40854 : 3; 
40855 : 3; 
40856 : 3; 
40857 : 3; 
40858 : 3; 
40859 : 3; 
40860 : 3; 
40861 : 3; 
40862 : 3; 
40863 : 3; 
40864 : 2; 
40865 : 2; 
40866 : 2; 
40867 : 2; 
40868 : 2; 
40869 : 2; 
40870 : 2; 
40871 : 2; 
40872 : 2; 
40873 : 2; 
40874 : 2; 
40875 : 2; 
40876 : 2; 
40877 : 2; 
40878 : 2; 
40879 : 2; 
40880 : 2; 
40881 : 2; 
40882 : 2; 
40883 : 2; 
40884 : 2; 
40885 : 2; 
40886 : 2; 
40887 : 2; 
40888 : 2; 
40889 : 2; 
40890 : 2; 
40891 : 2; 
40892 : 2; 
40893 : 2; 
40894 : 2; 
40895 : 2; 
40896 : 2; 
40897 : 2; 
40898 : 2; 
40899 : 2; 
40900 : 2; 
40901 : 2; 
40902 : 2; 
40903 : 2; 
40904 : 2; 
40905 : 2; 
40906 : 2; 
40907 : 2; 
40908 : 2; 
40909 : 2; 
40910 : 2; 
40911 : 2; 
40912 : 2; 
40913 : 2; 
40914 : 2; 
40915 : 2; 
40916 : 2; 
40917 : 2; 
40918 : 2; 
40919 : 2; 
40920 : 2; 
40921 : 2; 
40922 : 2; 
40923 : 2; 
40924 : 2; 
40925 : 2; 
40926 : 2; 
40927 : 2; 
40928 : 2; 
40929 : 2; 
40930 : 2; 
40931 : 2; 
40932 : 2; 
40933 : 2; 
40934 : 2; 
40935 : 2; 
40936 : 2; 
40937 : 2; 
40938 : 2; 
40939 : 2; 
40940 : 2; 
40941 : 2; 
40942 : 2; 
40943 : 2; 
40944 : 2; 
40945 : 2; 
40946 : 2; 
40947 : 2; 
40948 : 2; 
40949 : 2; 
40950 : 2; 
40951 : 2; 
40952 : 2; 
40953 : 2; 
40954 : 2; 
40955 : 2; 
40956 : 2; 
40957 : 2; 
40958 : 2; 
40959 : 2; 
40960 : 1; 
40961 : 1; 
40962 : 1; 
40963 : 1; 
40964 : 1; 
40965 : 1; 
40966 : 1; 
40967 : 1; 
40968 : 1; 
40969 : 1; 
40970 : 1; 
40971 : 1; 
40972 : 1; 
40973 : 1; 
40974 : 1; 
40975 : 1; 
40976 : 1; 
40977 : 1; 
40978 : 1; 
40979 : 1; 
40980 : 1; 
40981 : 1; 
40982 : 1; 
40983 : 1; 
40984 : 1; 
40985 : 1; 
40986 : 1; 
40987 : 1; 
40988 : 1; 
40989 : 1; 
40990 : 1; 
40991 : 1; 
40992 : 1; 
40993 : 1; 
40994 : 1; 
40995 : 1; 
40996 : 1; 
40997 : 1; 
40998 : 1; 
40999 : 1; 
41000 : 1; 
41001 : 1; 
41002 : 1; 
41003 : 1; 
41004 : 1; 
41005 : 1; 
41006 : 1; 
41007 : 1; 
41008 : 1; 
41009 : 1; 
41010 : 1; 
41011 : 1; 
41012 : 1; 
41013 : 1; 
41014 : 1; 
41015 : 1; 
41016 : 1; 
41017 : 1; 
41018 : 1; 
41019 : 1; 
41020 : 1; 
41021 : 1; 
41022 : 1; 
41023 : 1; 
41024 : 1; 
41025 : 1; 
41026 : 1; 
41027 : 1; 
41028 : 1; 
41029 : 1; 
41030 : 1; 
41031 : 1; 
41032 : 1; 
41033 : 1; 
41034 : 1; 
41035 : 1; 
41036 : 1; 
41037 : 1; 
41038 : 1; 
41039 : 1; 
41040 : 1; 
41041 : 1; 
41042 : 1; 
41043 : 1; 
41044 : 1; 
41045 : 1; 
41046 : 1; 
41047 : 1; 
41048 : 1; 
41049 : 1; 
41050 : 1; 
41051 : 1; 
41052 : 1; 
41053 : 1; 
41054 : 1; 
41055 : 1; 
41056 : 1; 
41057 : 0; 
41058 : 0; 
41059 : 0; 
41060 : 0; 
41061 : 0; 
41062 : 0; 
41063 : 0; 
41064 : 0; 
41065 : 0; 
41066 : 0; 
41067 : 0; 
41068 : 0; 
41069 : 0; 
41070 : 0; 
41071 : 0; 
41072 : 0; 
41073 : 0; 
41074 : 0; 
41075 : 0; 
41076 : 0; 
41077 : 0; 
41078 : 0; 
41079 : 0; 
41080 : 0; 
41081 : 0; 
41082 : 0; 
41083 : 0; 
41084 : 0; 
41085 : 0; 
41086 : 0; 
41087 : 0; 
41088 : 2; 
41089 : 3; 
41090 : 3; 
41091 : 3; 
41092 : 3; 
41093 : 3; 
41094 : 3; 
41095 : 3; 
41096 : 3; 
41097 : 3; 
41098 : 3; 
41099 : 3; 
41100 : 3; 
41101 : 3; 
41102 : 3; 
41103 : 3; 
41104 : 3; 
41105 : 3; 
41106 : 3; 
41107 : 3; 
41108 : 3; 
41109 : 3; 
41110 : 3; 
41111 : 3; 
41112 : 3; 
41113 : 3; 
41114 : 3; 
41115 : 3; 
41116 : 3; 
41117 : 3; 
41118 : 3; 
41119 : 3; 
41120 : 3; 
41121 : 2; 
41122 : 2; 
41123 : 2; 
41124 : 2; 
41125 : 2; 
41126 : 2; 
41127 : 2; 
41128 : 2; 
41129 : 2; 
41130 : 2; 
41131 : 2; 
41132 : 2; 
41133 : 2; 
41134 : 2; 
41135 : 2; 
41136 : 2; 
41137 : 2; 
41138 : 2; 
41139 : 2; 
41140 : 2; 
41141 : 2; 
41142 : 2; 
41143 : 2; 
41144 : 2; 
41145 : 2; 
41146 : 2; 
41147 : 2; 
41148 : 2; 
41149 : 2; 
41150 : 2; 
41151 : 2; 
41152 : 2; 
41153 : 2; 
41154 : 2; 
41155 : 2; 
41156 : 2; 
41157 : 2; 
41158 : 2; 
41159 : 2; 
41160 : 2; 
41161 : 2; 
41162 : 2; 
41163 : 2; 
41164 : 2; 
41165 : 2; 
41166 : 2; 
41167 : 2; 
41168 : 2; 
41169 : 2; 
41170 : 2; 
41171 : 2; 
41172 : 2; 
41173 : 2; 
41174 : 2; 
41175 : 2; 
41176 : 2; 
41177 : 2; 
41178 : 2; 
41179 : 2; 
41180 : 2; 
41181 : 2; 
41182 : 2; 
41183 : 2; 
41184 : 2; 
41185 : 2; 
41186 : 2; 
41187 : 2; 
41188 : 2; 
41189 : 2; 
41190 : 2; 
41191 : 2; 
41192 : 2; 
41193 : 2; 
41194 : 2; 
41195 : 2; 
41196 : 2; 
41197 : 2; 
41198 : 2; 
41199 : 2; 
41200 : 2; 
41201 : 2; 
41202 : 2; 
41203 : 2; 
41204 : 2; 
41205 : 2; 
41206 : 2; 
41207 : 2; 
41208 : 2; 
41209 : 2; 
41210 : 2; 
41211 : 2; 
41212 : 2; 
41213 : 2; 
41214 : 2; 
41215 : 2; 
41216 : 1; 
41217 : 1; 
41218 : 1; 
41219 : 1; 
41220 : 1; 
41221 : 1; 
41222 : 1; 
41223 : 1; 
41224 : 1; 
41225 : 1; 
41226 : 1; 
41227 : 1; 
41228 : 1; 
41229 : 1; 
41230 : 1; 
41231 : 1; 
41232 : 1; 
41233 : 1; 
41234 : 1; 
41235 : 1; 
41236 : 1; 
41237 : 1; 
41238 : 1; 
41239 : 1; 
41240 : 1; 
41241 : 1; 
41242 : 1; 
41243 : 1; 
41244 : 1; 
41245 : 1; 
41246 : 1; 
41247 : 1; 
41248 : 1; 
41249 : 1; 
41250 : 1; 
41251 : 1; 
41252 : 1; 
41253 : 1; 
41254 : 1; 
41255 : 1; 
41256 : 1; 
41257 : 1; 
41258 : 1; 
41259 : 1; 
41260 : 1; 
41261 : 1; 
41262 : 1; 
41263 : 1; 
41264 : 1; 
41265 : 1; 
41266 : 1; 
41267 : 1; 
41268 : 1; 
41269 : 1; 
41270 : 1; 
41271 : 1; 
41272 : 1; 
41273 : 1; 
41274 : 1; 
41275 : 1; 
41276 : 1; 
41277 : 1; 
41278 : 1; 
41279 : 1; 
41280 : 1; 
41281 : 1; 
41282 : 1; 
41283 : 1; 
41284 : 1; 
41285 : 1; 
41286 : 1; 
41287 : 1; 
41288 : 1; 
41289 : 1; 
41290 : 1; 
41291 : 1; 
41292 : 1; 
41293 : 1; 
41294 : 1; 
41295 : 1; 
41296 : 1; 
41297 : 1; 
41298 : 1; 
41299 : 1; 
41300 : 1; 
41301 : 1; 
41302 : 1; 
41303 : 1; 
41304 : 1; 
41305 : 1; 
41306 : 1; 
41307 : 1; 
41308 : 1; 
41309 : 1; 
41310 : 1; 
41311 : 1; 
41312 : 0; 
41313 : 0; 
41314 : 0; 
41315 : 0; 
41316 : 0; 
41317 : 0; 
41318 : 0; 
41319 : 0; 
41320 : 0; 
41321 : 0; 
41322 : 0; 
41323 : 0; 
41324 : 0; 
41325 : 0; 
41326 : 0; 
41327 : 0; 
41328 : 0; 
41329 : 0; 
41330 : 0; 
41331 : 0; 
41332 : 0; 
41333 : 0; 
41334 : 0; 
41335 : 0; 
41336 : 0; 
41337 : 0; 
41338 : 0; 
41339 : 0; 
41340 : 0; 
41341 : 0; 
41342 : 0; 
41343 : 0; 
41344 : 2; 
41345 : 3; 
41346 : 3; 
41347 : 3; 
41348 : 3; 
41349 : 3; 
41350 : 3; 
41351 : 3; 
41352 : 3; 
41353 : 3; 
41354 : 3; 
41355 : 3; 
41356 : 3; 
41357 : 3; 
41358 : 3; 
41359 : 3; 
41360 : 3; 
41361 : 3; 
41362 : 3; 
41363 : 3; 
41364 : 3; 
41365 : 3; 
41366 : 3; 
41367 : 3; 
41368 : 3; 
41369 : 3; 
41370 : 3; 
41371 : 3; 
41372 : 3; 
41373 : 3; 
41374 : 3; 
41375 : 3; 
41376 : 3; 
41377 : 3; 
41378 : 2; 
41379 : 2; 
41380 : 2; 
41381 : 2; 
41382 : 2; 
41383 : 2; 
41384 : 2; 
41385 : 2; 
41386 : 2; 
41387 : 2; 
41388 : 2; 
41389 : 2; 
41390 : 2; 
41391 : 2; 
41392 : 2; 
41393 : 2; 
41394 : 2; 
41395 : 2; 
41396 : 2; 
41397 : 2; 
41398 : 2; 
41399 : 2; 
41400 : 2; 
41401 : 2; 
41402 : 2; 
41403 : 2; 
41404 : 2; 
41405 : 2; 
41406 : 2; 
41407 : 2; 
41408 : 2; 
41409 : 2; 
41410 : 2; 
41411 : 2; 
41412 : 2; 
41413 : 2; 
41414 : 2; 
41415 : 2; 
41416 : 2; 
41417 : 2; 
41418 : 2; 
41419 : 2; 
41420 : 2; 
41421 : 2; 
41422 : 2; 
41423 : 2; 
41424 : 2; 
41425 : 2; 
41426 : 2; 
41427 : 2; 
41428 : 2; 
41429 : 2; 
41430 : 2; 
41431 : 2; 
41432 : 2; 
41433 : 2; 
41434 : 2; 
41435 : 2; 
41436 : 2; 
41437 : 2; 
41438 : 2; 
41439 : 2; 
41440 : 2; 
41441 : 2; 
41442 : 2; 
41443 : 2; 
41444 : 2; 
41445 : 2; 
41446 : 2; 
41447 : 2; 
41448 : 2; 
41449 : 2; 
41450 : 2; 
41451 : 2; 
41452 : 2; 
41453 : 2; 
41454 : 2; 
41455 : 2; 
41456 : 2; 
41457 : 2; 
41458 : 2; 
41459 : 2; 
41460 : 2; 
41461 : 2; 
41462 : 2; 
41463 : 2; 
41464 : 2; 
41465 : 2; 
41466 : 2; 
41467 : 2; 
41468 : 2; 
41469 : 2; 
41470 : 2; 
41471 : 2; 
41472 : 1; 
41473 : 1; 
41474 : 1; 
41475 : 1; 
41476 : 1; 
41477 : 1; 
41478 : 1; 
41479 : 1; 
41480 : 1; 
41481 : 1; 
41482 : 1; 
41483 : 1; 
41484 : 1; 
41485 : 1; 
41486 : 1; 
41487 : 1; 
41488 : 1; 
41489 : 1; 
41490 : 1; 
41491 : 1; 
41492 : 1; 
41493 : 1; 
41494 : 1; 
41495 : 1; 
41496 : 1; 
41497 : 1; 
41498 : 1; 
41499 : 1; 
41500 : 1; 
41501 : 1; 
41502 : 1; 
41503 : 1; 
41504 : 1; 
41505 : 1; 
41506 : 1; 
41507 : 1; 
41508 : 1; 
41509 : 1; 
41510 : 1; 
41511 : 1; 
41512 : 1; 
41513 : 1; 
41514 : 1; 
41515 : 1; 
41516 : 1; 
41517 : 1; 
41518 : 1; 
41519 : 1; 
41520 : 1; 
41521 : 1; 
41522 : 1; 
41523 : 1; 
41524 : 1; 
41525 : 1; 
41526 : 1; 
41527 : 1; 
41528 : 1; 
41529 : 1; 
41530 : 1; 
41531 : 1; 
41532 : 1; 
41533 : 1; 
41534 : 1; 
41535 : 1; 
41536 : 1; 
41537 : 1; 
41538 : 1; 
41539 : 1; 
41540 : 1; 
41541 : 1; 
41542 : 1; 
41543 : 1; 
41544 : 1; 
41545 : 1; 
41546 : 1; 
41547 : 1; 
41548 : 1; 
41549 : 1; 
41550 : 1; 
41551 : 1; 
41552 : 1; 
41553 : 1; 
41554 : 1; 
41555 : 1; 
41556 : 1; 
41557 : 1; 
41558 : 1; 
41559 : 1; 
41560 : 1; 
41561 : 1; 
41562 : 1; 
41563 : 1; 
41564 : 1; 
41565 : 1; 
41566 : 1; 
41567 : 0; 
41568 : 0; 
41569 : 0; 
41570 : 0; 
41571 : 0; 
41572 : 0; 
41573 : 0; 
41574 : 0; 
41575 : 0; 
41576 : 0; 
41577 : 0; 
41578 : 0; 
41579 : 0; 
41580 : 0; 
41581 : 0; 
41582 : 0; 
41583 : 0; 
41584 : 0; 
41585 : 0; 
41586 : 0; 
41587 : 0; 
41588 : 0; 
41589 : 0; 
41590 : 0; 
41591 : 0; 
41592 : 0; 
41593 : 0; 
41594 : 0; 
41595 : 0; 
41596 : 0; 
41597 : 0; 
41598 : 0; 
41599 : 0; 
41600 : 2; 
41601 : 3; 
41602 : 3; 
41603 : 3; 
41604 : 3; 
41605 : 3; 
41606 : 3; 
41607 : 3; 
41608 : 3; 
41609 : 3; 
41610 : 3; 
41611 : 3; 
41612 : 3; 
41613 : 3; 
41614 : 3; 
41615 : 3; 
41616 : 3; 
41617 : 3; 
41618 : 3; 
41619 : 3; 
41620 : 3; 
41621 : 3; 
41622 : 3; 
41623 : 3; 
41624 : 3; 
41625 : 3; 
41626 : 3; 
41627 : 3; 
41628 : 3; 
41629 : 3; 
41630 : 3; 
41631 : 3; 
41632 : 3; 
41633 : 3; 
41634 : 3; 
41635 : 2; 
41636 : 2; 
41637 : 2; 
41638 : 2; 
41639 : 2; 
41640 : 2; 
41641 : 2; 
41642 : 2; 
41643 : 2; 
41644 : 2; 
41645 : 2; 
41646 : 2; 
41647 : 2; 
41648 : 2; 
41649 : 2; 
41650 : 2; 
41651 : 2; 
41652 : 2; 
41653 : 2; 
41654 : 2; 
41655 : 2; 
41656 : 2; 
41657 : 2; 
41658 : 2; 
41659 : 2; 
41660 : 2; 
41661 : 2; 
41662 : 2; 
41663 : 2; 
41664 : 2; 
41665 : 2; 
41666 : 2; 
41667 : 2; 
41668 : 2; 
41669 : 2; 
41670 : 2; 
41671 : 2; 
41672 : 2; 
41673 : 2; 
41674 : 2; 
41675 : 2; 
41676 : 2; 
41677 : 2; 
41678 : 2; 
41679 : 2; 
41680 : 2; 
41681 : 2; 
41682 : 2; 
41683 : 2; 
41684 : 2; 
41685 : 2; 
41686 : 2; 
41687 : 2; 
41688 : 2; 
41689 : 2; 
41690 : 2; 
41691 : 2; 
41692 : 2; 
41693 : 2; 
41694 : 2; 
41695 : 2; 
41696 : 2; 
41697 : 2; 
41698 : 2; 
41699 : 2; 
41700 : 2; 
41701 : 2; 
41702 : 2; 
41703 : 2; 
41704 : 2; 
41705 : 2; 
41706 : 2; 
41707 : 2; 
41708 : 2; 
41709 : 2; 
41710 : 2; 
41711 : 2; 
41712 : 2; 
41713 : 2; 
41714 : 2; 
41715 : 2; 
41716 : 2; 
41717 : 2; 
41718 : 2; 
41719 : 2; 
41720 : 2; 
41721 : 2; 
41722 : 2; 
41723 : 2; 
41724 : 2; 
41725 : 2; 
41726 : 2; 
41727 : 2; 
41728 : 1; 
41729 : 1; 
41730 : 1; 
41731 : 1; 
41732 : 1; 
41733 : 1; 
41734 : 1; 
41735 : 1; 
41736 : 1; 
41737 : 1; 
41738 : 1; 
41739 : 1; 
41740 : 1; 
41741 : 1; 
41742 : 1; 
41743 : 1; 
41744 : 1; 
41745 : 1; 
41746 : 1; 
41747 : 1; 
41748 : 1; 
41749 : 1; 
41750 : 1; 
41751 : 1; 
41752 : 1; 
41753 : 1; 
41754 : 1; 
41755 : 1; 
41756 : 1; 
41757 : 1; 
41758 : 1; 
41759 : 1; 
41760 : 1; 
41761 : 1; 
41762 : 1; 
41763 : 1; 
41764 : 1; 
41765 : 1; 
41766 : 1; 
41767 : 1; 
41768 : 1; 
41769 : 1; 
41770 : 1; 
41771 : 1; 
41772 : 1; 
41773 : 1; 
41774 : 1; 
41775 : 1; 
41776 : 1; 
41777 : 1; 
41778 : 1; 
41779 : 1; 
41780 : 1; 
41781 : 1; 
41782 : 1; 
41783 : 1; 
41784 : 1; 
41785 : 1; 
41786 : 1; 
41787 : 1; 
41788 : 1; 
41789 : 1; 
41790 : 1; 
41791 : 1; 
41792 : 1; 
41793 : 1; 
41794 : 1; 
41795 : 1; 
41796 : 1; 
41797 : 1; 
41798 : 1; 
41799 : 1; 
41800 : 1; 
41801 : 1; 
41802 : 1; 
41803 : 1; 
41804 : 1; 
41805 : 1; 
41806 : 1; 
41807 : 1; 
41808 : 1; 
41809 : 1; 
41810 : 1; 
41811 : 1; 
41812 : 1; 
41813 : 1; 
41814 : 1; 
41815 : 1; 
41816 : 1; 
41817 : 1; 
41818 : 1; 
41819 : 1; 
41820 : 1; 
41821 : 1; 
41822 : 0; 
41823 : 0; 
41824 : 0; 
41825 : 0; 
41826 : 0; 
41827 : 0; 
41828 : 0; 
41829 : 0; 
41830 : 0; 
41831 : 0; 
41832 : 0; 
41833 : 0; 
41834 : 0; 
41835 : 0; 
41836 : 0; 
41837 : 0; 
41838 : 0; 
41839 : 0; 
41840 : 0; 
41841 : 0; 
41842 : 0; 
41843 : 0; 
41844 : 0; 
41845 : 0; 
41846 : 0; 
41847 : 0; 
41848 : 0; 
41849 : 0; 
41850 : 0; 
41851 : 0; 
41852 : 0; 
41853 : 0; 
41854 : 0; 
41855 : 0; 
41856 : 2; 
41857 : 3; 
41858 : 3; 
41859 : 3; 
41860 : 3; 
41861 : 3; 
41862 : 3; 
41863 : 3; 
41864 : 3; 
41865 : 3; 
41866 : 3; 
41867 : 3; 
41868 : 3; 
41869 : 3; 
41870 : 3; 
41871 : 3; 
41872 : 3; 
41873 : 3; 
41874 : 3; 
41875 : 3; 
41876 : 3; 
41877 : 3; 
41878 : 3; 
41879 : 3; 
41880 : 3; 
41881 : 3; 
41882 : 3; 
41883 : 3; 
41884 : 3; 
41885 : 3; 
41886 : 3; 
41887 : 3; 
41888 : 3; 
41889 : 3; 
41890 : 3; 
41891 : 3; 
41892 : 2; 
41893 : 2; 
41894 : 2; 
41895 : 2; 
41896 : 2; 
41897 : 2; 
41898 : 2; 
41899 : 2; 
41900 : 2; 
41901 : 2; 
41902 : 2; 
41903 : 2; 
41904 : 2; 
41905 : 2; 
41906 : 2; 
41907 : 2; 
41908 : 2; 
41909 : 2; 
41910 : 2; 
41911 : 2; 
41912 : 2; 
41913 : 2; 
41914 : 2; 
41915 : 2; 
41916 : 2; 
41917 : 2; 
41918 : 2; 
41919 : 2; 
41920 : 2; 
41921 : 2; 
41922 : 2; 
41923 : 2; 
41924 : 2; 
41925 : 2; 
41926 : 2; 
41927 : 2; 
41928 : 2; 
41929 : 2; 
41930 : 2; 
41931 : 2; 
41932 : 2; 
41933 : 2; 
41934 : 2; 
41935 : 2; 
41936 : 2; 
41937 : 2; 
41938 : 2; 
41939 : 2; 
41940 : 2; 
41941 : 2; 
41942 : 2; 
41943 : 2; 
41944 : 2; 
41945 : 2; 
41946 : 2; 
41947 : 2; 
41948 : 2; 
41949 : 2; 
41950 : 2; 
41951 : 2; 
41952 : 2; 
41953 : 2; 
41954 : 2; 
41955 : 2; 
41956 : 2; 
41957 : 2; 
41958 : 2; 
41959 : 2; 
41960 : 2; 
41961 : 2; 
41962 : 2; 
41963 : 2; 
41964 : 2; 
41965 : 2; 
41966 : 2; 
41967 : 2; 
41968 : 2; 
41969 : 2; 
41970 : 2; 
41971 : 2; 
41972 : 2; 
41973 : 2; 
41974 : 2; 
41975 : 2; 
41976 : 2; 
41977 : 2; 
41978 : 2; 
41979 : 2; 
41980 : 2; 
41981 : 2; 
41982 : 2; 
41983 : 2; 
41984 : 1; 
41985 : 1; 
41986 : 1; 
41987 : 1; 
41988 : 1; 
41989 : 1; 
41990 : 1; 
41991 : 1; 
41992 : 1; 
41993 : 1; 
41994 : 1; 
41995 : 1; 
41996 : 1; 
41997 : 1; 
41998 : 1; 
41999 : 1; 
42000 : 1; 
42001 : 1; 
42002 : 1; 
42003 : 1; 
42004 : 1; 
42005 : 1; 
42006 : 1; 
42007 : 1; 
42008 : 1; 
42009 : 1; 
42010 : 1; 
42011 : 1; 
42012 : 1; 
42013 : 1; 
42014 : 1; 
42015 : 1; 
42016 : 1; 
42017 : 1; 
42018 : 1; 
42019 : 1; 
42020 : 1; 
42021 : 1; 
42022 : 1; 
42023 : 1; 
42024 : 1; 
42025 : 1; 
42026 : 1; 
42027 : 1; 
42028 : 1; 
42029 : 1; 
42030 : 1; 
42031 : 1; 
42032 : 1; 
42033 : 1; 
42034 : 1; 
42035 : 1; 
42036 : 1; 
42037 : 1; 
42038 : 1; 
42039 : 1; 
42040 : 1; 
42041 : 1; 
42042 : 1; 
42043 : 1; 
42044 : 1; 
42045 : 1; 
42046 : 1; 
42047 : 1; 
42048 : 1; 
42049 : 1; 
42050 : 1; 
42051 : 1; 
42052 : 1; 
42053 : 1; 
42054 : 1; 
42055 : 1; 
42056 : 1; 
42057 : 1; 
42058 : 1; 
42059 : 1; 
42060 : 1; 
42061 : 1; 
42062 : 1; 
42063 : 1; 
42064 : 1; 
42065 : 1; 
42066 : 1; 
42067 : 1; 
42068 : 1; 
42069 : 1; 
42070 : 1; 
42071 : 1; 
42072 : 1; 
42073 : 1; 
42074 : 1; 
42075 : 1; 
42076 : 1; 
42077 : 0; 
42078 : 0; 
42079 : 0; 
42080 : 0; 
42081 : 0; 
42082 : 0; 
42083 : 0; 
42084 : 0; 
42085 : 0; 
42086 : 0; 
42087 : 0; 
42088 : 0; 
42089 : 0; 
42090 : 0; 
42091 : 0; 
42092 : 0; 
42093 : 0; 
42094 : 0; 
42095 : 0; 
42096 : 0; 
42097 : 0; 
42098 : 0; 
42099 : 0; 
42100 : 0; 
42101 : 0; 
42102 : 0; 
42103 : 0; 
42104 : 0; 
42105 : 0; 
42106 : 0; 
42107 : 0; 
42108 : 0; 
42109 : 0; 
42110 : 0; 
42111 : 0; 
42112 : 2; 
42113 : 3; 
42114 : 3; 
42115 : 3; 
42116 : 3; 
42117 : 3; 
42118 : 3; 
42119 : 3; 
42120 : 3; 
42121 : 3; 
42122 : 3; 
42123 : 3; 
42124 : 3; 
42125 : 3; 
42126 : 3; 
42127 : 3; 
42128 : 3; 
42129 : 3; 
42130 : 3; 
42131 : 3; 
42132 : 3; 
42133 : 3; 
42134 : 3; 
42135 : 3; 
42136 : 3; 
42137 : 3; 
42138 : 3; 
42139 : 3; 
42140 : 3; 
42141 : 3; 
42142 : 3; 
42143 : 3; 
42144 : 3; 
42145 : 3; 
42146 : 3; 
42147 : 3; 
42148 : 3; 
42149 : 2; 
42150 : 2; 
42151 : 2; 
42152 : 2; 
42153 : 2; 
42154 : 2; 
42155 : 2; 
42156 : 2; 
42157 : 2; 
42158 : 2; 
42159 : 2; 
42160 : 2; 
42161 : 2; 
42162 : 2; 
42163 : 2; 
42164 : 2; 
42165 : 2; 
42166 : 2; 
42167 : 2; 
42168 : 2; 
42169 : 2; 
42170 : 2; 
42171 : 2; 
42172 : 2; 
42173 : 2; 
42174 : 2; 
42175 : 2; 
42176 : 2; 
42177 : 2; 
42178 : 2; 
42179 : 2; 
42180 : 2; 
42181 : 2; 
42182 : 2; 
42183 : 2; 
42184 : 2; 
42185 : 2; 
42186 : 2; 
42187 : 2; 
42188 : 2; 
42189 : 2; 
42190 : 2; 
42191 : 2; 
42192 : 2; 
42193 : 2; 
42194 : 2; 
42195 : 2; 
42196 : 2; 
42197 : 2; 
42198 : 2; 
42199 : 2; 
42200 : 2; 
42201 : 2; 
42202 : 2; 
42203 : 2; 
42204 : 2; 
42205 : 2; 
42206 : 2; 
42207 : 2; 
42208 : 2; 
42209 : 2; 
42210 : 2; 
42211 : 2; 
42212 : 2; 
42213 : 2; 
42214 : 2; 
42215 : 2; 
42216 : 2; 
42217 : 2; 
42218 : 2; 
42219 : 2; 
42220 : 2; 
42221 : 2; 
42222 : 2; 
42223 : 2; 
42224 : 2; 
42225 : 2; 
42226 : 2; 
42227 : 2; 
42228 : 2; 
42229 : 2; 
42230 : 2; 
42231 : 2; 
42232 : 2; 
42233 : 2; 
42234 : 2; 
42235 : 2; 
42236 : 2; 
42237 : 2; 
42238 : 2; 
42239 : 2; 
42240 : 1; 
42241 : 1; 
42242 : 1; 
42243 : 1; 
42244 : 1; 
42245 : 1; 
42246 : 1; 
42247 : 1; 
42248 : 1; 
42249 : 1; 
42250 : 1; 
42251 : 1; 
42252 : 1; 
42253 : 1; 
42254 : 1; 
42255 : 1; 
42256 : 1; 
42257 : 1; 
42258 : 1; 
42259 : 1; 
42260 : 1; 
42261 : 1; 
42262 : 1; 
42263 : 1; 
42264 : 1; 
42265 : 1; 
42266 : 1; 
42267 : 1; 
42268 : 1; 
42269 : 1; 
42270 : 1; 
42271 : 1; 
42272 : 1; 
42273 : 1; 
42274 : 1; 
42275 : 1; 
42276 : 1; 
42277 : 1; 
42278 : 1; 
42279 : 1; 
42280 : 1; 
42281 : 1; 
42282 : 1; 
42283 : 1; 
42284 : 1; 
42285 : 1; 
42286 : 1; 
42287 : 1; 
42288 : 1; 
42289 : 1; 
42290 : 1; 
42291 : 1; 
42292 : 1; 
42293 : 1; 
42294 : 1; 
42295 : 1; 
42296 : 1; 
42297 : 1; 
42298 : 1; 
42299 : 1; 
42300 : 1; 
42301 : 1; 
42302 : 1; 
42303 : 1; 
42304 : 1; 
42305 : 1; 
42306 : 1; 
42307 : 1; 
42308 : 1; 
42309 : 1; 
42310 : 1; 
42311 : 1; 
42312 : 1; 
42313 : 1; 
42314 : 1; 
42315 : 1; 
42316 : 1; 
42317 : 1; 
42318 : 1; 
42319 : 1; 
42320 : 1; 
42321 : 1; 
42322 : 1; 
42323 : 1; 
42324 : 1; 
42325 : 1; 
42326 : 1; 
42327 : 1; 
42328 : 1; 
42329 : 1; 
42330 : 1; 
42331 : 1; 
42332 : 0; 
42333 : 0; 
42334 : 0; 
42335 : 0; 
42336 : 0; 
42337 : 0; 
42338 : 0; 
42339 : 0; 
42340 : 0; 
42341 : 0; 
42342 : 0; 
42343 : 0; 
42344 : 0; 
42345 : 0; 
42346 : 0; 
42347 : 0; 
42348 : 0; 
42349 : 0; 
42350 : 0; 
42351 : 0; 
42352 : 0; 
42353 : 0; 
42354 : 0; 
42355 : 0; 
42356 : 0; 
42357 : 0; 
42358 : 0; 
42359 : 0; 
42360 : 0; 
42361 : 0; 
42362 : 0; 
42363 : 0; 
42364 : 0; 
42365 : 0; 
42366 : 0; 
42367 : 0; 
42368 : 2; 
42369 : 3; 
42370 : 3; 
42371 : 3; 
42372 : 3; 
42373 : 3; 
42374 : 3; 
42375 : 3; 
42376 : 3; 
42377 : 3; 
42378 : 3; 
42379 : 3; 
42380 : 3; 
42381 : 3; 
42382 : 3; 
42383 : 3; 
42384 : 3; 
42385 : 3; 
42386 : 3; 
42387 : 3; 
42388 : 3; 
42389 : 3; 
42390 : 3; 
42391 : 3; 
42392 : 3; 
42393 : 3; 
42394 : 3; 
42395 : 3; 
42396 : 3; 
42397 : 3; 
42398 : 3; 
42399 : 3; 
42400 : 3; 
42401 : 3; 
42402 : 3; 
42403 : 3; 
42404 : 3; 
42405 : 3; 
42406 : 2; 
42407 : 2; 
42408 : 2; 
42409 : 2; 
42410 : 2; 
42411 : 2; 
42412 : 2; 
42413 : 2; 
42414 : 2; 
42415 : 2; 
42416 : 2; 
42417 : 2; 
42418 : 2; 
42419 : 2; 
42420 : 2; 
42421 : 2; 
42422 : 2; 
42423 : 2; 
42424 : 2; 
42425 : 2; 
42426 : 2; 
42427 : 2; 
42428 : 2; 
42429 : 2; 
42430 : 2; 
42431 : 2; 
42432 : 2; 
42433 : 2; 
42434 : 2; 
42435 : 2; 
42436 : 2; 
42437 : 2; 
42438 : 2; 
42439 : 2; 
42440 : 2; 
42441 : 2; 
42442 : 2; 
42443 : 2; 
42444 : 2; 
42445 : 2; 
42446 : 2; 
42447 : 2; 
42448 : 2; 
42449 : 2; 
42450 : 2; 
42451 : 2; 
42452 : 2; 
42453 : 2; 
42454 : 2; 
42455 : 2; 
42456 : 2; 
42457 : 2; 
42458 : 2; 
42459 : 2; 
42460 : 2; 
42461 : 2; 
42462 : 2; 
42463 : 2; 
42464 : 2; 
42465 : 2; 
42466 : 2; 
42467 : 2; 
42468 : 2; 
42469 : 2; 
42470 : 2; 
42471 : 2; 
42472 : 2; 
42473 : 2; 
42474 : 2; 
42475 : 2; 
42476 : 2; 
42477 : 2; 
42478 : 2; 
42479 : 2; 
42480 : 2; 
42481 : 2; 
42482 : 2; 
42483 : 2; 
42484 : 2; 
42485 : 2; 
42486 : 2; 
42487 : 2; 
42488 : 2; 
42489 : 2; 
42490 : 2; 
42491 : 2; 
42492 : 2; 
42493 : 2; 
42494 : 2; 
42495 : 2; 
42496 : 1; 
42497 : 1; 
42498 : 1; 
42499 : 1; 
42500 : 1; 
42501 : 1; 
42502 : 1; 
42503 : 1; 
42504 : 1; 
42505 : 1; 
42506 : 1; 
42507 : 1; 
42508 : 1; 
42509 : 1; 
42510 : 1; 
42511 : 1; 
42512 : 1; 
42513 : 1; 
42514 : 1; 
42515 : 1; 
42516 : 1; 
42517 : 1; 
42518 : 1; 
42519 : 1; 
42520 : 1; 
42521 : 1; 
42522 : 1; 
42523 : 1; 
42524 : 1; 
42525 : 1; 
42526 : 1; 
42527 : 1; 
42528 : 1; 
42529 : 1; 
42530 : 1; 
42531 : 1; 
42532 : 1; 
42533 : 1; 
42534 : 1; 
42535 : 1; 
42536 : 1; 
42537 : 1; 
42538 : 1; 
42539 : 1; 
42540 : 1; 
42541 : 1; 
42542 : 1; 
42543 : 1; 
42544 : 1; 
42545 : 1; 
42546 : 1; 
42547 : 1; 
42548 : 1; 
42549 : 1; 
42550 : 1; 
42551 : 1; 
42552 : 1; 
42553 : 1; 
42554 : 1; 
42555 : 1; 
42556 : 1; 
42557 : 1; 
42558 : 1; 
42559 : 1; 
42560 : 1; 
42561 : 1; 
42562 : 1; 
42563 : 1; 
42564 : 1; 
42565 : 1; 
42566 : 1; 
42567 : 1; 
42568 : 1; 
42569 : 1; 
42570 : 1; 
42571 : 1; 
42572 : 1; 
42573 : 1; 
42574 : 1; 
42575 : 1; 
42576 : 1; 
42577 : 1; 
42578 : 1; 
42579 : 1; 
42580 : 1; 
42581 : 1; 
42582 : 1; 
42583 : 1; 
42584 : 1; 
42585 : 1; 
42586 : 1; 
42587 : 0; 
42588 : 0; 
42589 : 0; 
42590 : 0; 
42591 : 0; 
42592 : 0; 
42593 : 0; 
42594 : 0; 
42595 : 0; 
42596 : 0; 
42597 : 0; 
42598 : 0; 
42599 : 0; 
42600 : 0; 
42601 : 0; 
42602 : 0; 
42603 : 0; 
42604 : 0; 
42605 : 0; 
42606 : 0; 
42607 : 0; 
42608 : 0; 
42609 : 0; 
42610 : 0; 
42611 : 0; 
42612 : 0; 
42613 : 0; 
42614 : 0; 
42615 : 0; 
42616 : 0; 
42617 : 0; 
42618 : 0; 
42619 : 0; 
42620 : 0; 
42621 : 0; 
42622 : 0; 
42623 : 0; 
42624 : 2; 
42625 : 3; 
42626 : 3; 
42627 : 3; 
42628 : 3; 
42629 : 3; 
42630 : 3; 
42631 : 3; 
42632 : 3; 
42633 : 3; 
42634 : 3; 
42635 : 3; 
42636 : 3; 
42637 : 3; 
42638 : 3; 
42639 : 3; 
42640 : 3; 
42641 : 3; 
42642 : 3; 
42643 : 3; 
42644 : 3; 
42645 : 3; 
42646 : 3; 
42647 : 3; 
42648 : 3; 
42649 : 3; 
42650 : 3; 
42651 : 3; 
42652 : 3; 
42653 : 3; 
42654 : 3; 
42655 : 3; 
42656 : 3; 
42657 : 3; 
42658 : 3; 
42659 : 3; 
42660 : 3; 
42661 : 3; 
42662 : 3; 
42663 : 2; 
42664 : 2; 
42665 : 2; 
42666 : 2; 
42667 : 2; 
42668 : 2; 
42669 : 2; 
42670 : 2; 
42671 : 2; 
42672 : 2; 
42673 : 2; 
42674 : 2; 
42675 : 2; 
42676 : 2; 
42677 : 2; 
42678 : 2; 
42679 : 2; 
42680 : 2; 
42681 : 2; 
42682 : 2; 
42683 : 2; 
42684 : 2; 
42685 : 2; 
42686 : 2; 
42687 : 2; 
42688 : 2; 
42689 : 2; 
42690 : 2; 
42691 : 2; 
42692 : 2; 
42693 : 2; 
42694 : 2; 
42695 : 2; 
42696 : 2; 
42697 : 2; 
42698 : 2; 
42699 : 2; 
42700 : 2; 
42701 : 2; 
42702 : 2; 
42703 : 2; 
42704 : 2; 
42705 : 2; 
42706 : 2; 
42707 : 2; 
42708 : 2; 
42709 : 2; 
42710 : 2; 
42711 : 2; 
42712 : 2; 
42713 : 2; 
42714 : 2; 
42715 : 2; 
42716 : 2; 
42717 : 2; 
42718 : 2; 
42719 : 2; 
42720 : 2; 
42721 : 2; 
42722 : 2; 
42723 : 2; 
42724 : 2; 
42725 : 2; 
42726 : 2; 
42727 : 2; 
42728 : 2; 
42729 : 2; 
42730 : 2; 
42731 : 2; 
42732 : 2; 
42733 : 2; 
42734 : 2; 
42735 : 2; 
42736 : 2; 
42737 : 2; 
42738 : 2; 
42739 : 2; 
42740 : 2; 
42741 : 2; 
42742 : 2; 
42743 : 2; 
42744 : 2; 
42745 : 2; 
42746 : 2; 
42747 : 2; 
42748 : 2; 
42749 : 2; 
42750 : 2; 
42751 : 2; 
42752 : 1; 
42753 : 1; 
42754 : 1; 
42755 : 1; 
42756 : 1; 
42757 : 1; 
42758 : 1; 
42759 : 1; 
42760 : 1; 
42761 : 1; 
42762 : 1; 
42763 : 1; 
42764 : 1; 
42765 : 1; 
42766 : 1; 
42767 : 1; 
42768 : 1; 
42769 : 1; 
42770 : 1; 
42771 : 1; 
42772 : 1; 
42773 : 1; 
42774 : 1; 
42775 : 1; 
42776 : 1; 
42777 : 1; 
42778 : 1; 
42779 : 1; 
42780 : 1; 
42781 : 1; 
42782 : 1; 
42783 : 1; 
42784 : 1; 
42785 : 1; 
42786 : 1; 
42787 : 1; 
42788 : 1; 
42789 : 1; 
42790 : 1; 
42791 : 1; 
42792 : 1; 
42793 : 1; 
42794 : 1; 
42795 : 1; 
42796 : 1; 
42797 : 1; 
42798 : 1; 
42799 : 1; 
42800 : 1; 
42801 : 1; 
42802 : 1; 
42803 : 1; 
42804 : 1; 
42805 : 1; 
42806 : 1; 
42807 : 1; 
42808 : 1; 
42809 : 1; 
42810 : 1; 
42811 : 1; 
42812 : 1; 
42813 : 1; 
42814 : 1; 
42815 : 1; 
42816 : 1; 
42817 : 1; 
42818 : 1; 
42819 : 1; 
42820 : 1; 
42821 : 1; 
42822 : 1; 
42823 : 1; 
42824 : 1; 
42825 : 1; 
42826 : 1; 
42827 : 1; 
42828 : 1; 
42829 : 1; 
42830 : 1; 
42831 : 1; 
42832 : 1; 
42833 : 1; 
42834 : 1; 
42835 : 1; 
42836 : 1; 
42837 : 1; 
42838 : 1; 
42839 : 1; 
42840 : 1; 
42841 : 1; 
42842 : 0; 
42843 : 0; 
42844 : 0; 
42845 : 0; 
42846 : 0; 
42847 : 0; 
42848 : 0; 
42849 : 0; 
42850 : 0; 
42851 : 0; 
42852 : 0; 
42853 : 0; 
42854 : 0; 
42855 : 0; 
42856 : 0; 
42857 : 0; 
42858 : 0; 
42859 : 0; 
42860 : 0; 
42861 : 0; 
42862 : 0; 
42863 : 0; 
42864 : 0; 
42865 : 0; 
42866 : 0; 
42867 : 0; 
42868 : 0; 
42869 : 0; 
42870 : 0; 
42871 : 0; 
42872 : 0; 
42873 : 0; 
42874 : 0; 
42875 : 0; 
42876 : 0; 
42877 : 0; 
42878 : 0; 
42879 : 0; 
42880 : 2; 
42881 : 3; 
42882 : 3; 
42883 : 3; 
42884 : 3; 
42885 : 3; 
42886 : 3; 
42887 : 3; 
42888 : 3; 
42889 : 3; 
42890 : 3; 
42891 : 3; 
42892 : 3; 
42893 : 3; 
42894 : 3; 
42895 : 3; 
42896 : 3; 
42897 : 3; 
42898 : 3; 
42899 : 3; 
42900 : 3; 
42901 : 3; 
42902 : 3; 
42903 : 3; 
42904 : 3; 
42905 : 3; 
42906 : 3; 
42907 : 3; 
42908 : 3; 
42909 : 3; 
42910 : 3; 
42911 : 3; 
42912 : 3; 
42913 : 3; 
42914 : 3; 
42915 : 3; 
42916 : 3; 
42917 : 3; 
42918 : 3; 
42919 : 3; 
42920 : 2; 
42921 : 2; 
42922 : 2; 
42923 : 2; 
42924 : 2; 
42925 : 2; 
42926 : 2; 
42927 : 2; 
42928 : 2; 
42929 : 2; 
42930 : 2; 
42931 : 2; 
42932 : 2; 
42933 : 2; 
42934 : 2; 
42935 : 2; 
42936 : 2; 
42937 : 2; 
42938 : 2; 
42939 : 2; 
42940 : 2; 
42941 : 2; 
42942 : 2; 
42943 : 2; 
42944 : 2; 
42945 : 2; 
42946 : 2; 
42947 : 2; 
42948 : 2; 
42949 : 2; 
42950 : 2; 
42951 : 2; 
42952 : 2; 
42953 : 2; 
42954 : 2; 
42955 : 2; 
42956 : 2; 
42957 : 2; 
42958 : 2; 
42959 : 2; 
42960 : 2; 
42961 : 2; 
42962 : 2; 
42963 : 2; 
42964 : 2; 
42965 : 2; 
42966 : 2; 
42967 : 2; 
42968 : 2; 
42969 : 2; 
42970 : 2; 
42971 : 2; 
42972 : 2; 
42973 : 2; 
42974 : 2; 
42975 : 2; 
42976 : 2; 
42977 : 2; 
42978 : 2; 
42979 : 2; 
42980 : 2; 
42981 : 2; 
42982 : 2; 
42983 : 2; 
42984 : 2; 
42985 : 2; 
42986 : 2; 
42987 : 2; 
42988 : 2; 
42989 : 2; 
42990 : 2; 
42991 : 2; 
42992 : 2; 
42993 : 2; 
42994 : 2; 
42995 : 2; 
42996 : 2; 
42997 : 2; 
42998 : 2; 
42999 : 2; 
43000 : 2; 
43001 : 2; 
43002 : 2; 
43003 : 2; 
43004 : 2; 
43005 : 2; 
43006 : 2; 
43007 : 2; 
43008 : 1; 
43009 : 1; 
43010 : 1; 
43011 : 1; 
43012 : 1; 
43013 : 1; 
43014 : 1; 
43015 : 1; 
43016 : 1; 
43017 : 1; 
43018 : 1; 
43019 : 1; 
43020 : 1; 
43021 : 1; 
43022 : 1; 
43023 : 1; 
43024 : 1; 
43025 : 1; 
43026 : 1; 
43027 : 1; 
43028 : 1; 
43029 : 1; 
43030 : 1; 
43031 : 1; 
43032 : 1; 
43033 : 1; 
43034 : 1; 
43035 : 1; 
43036 : 1; 
43037 : 1; 
43038 : 1; 
43039 : 1; 
43040 : 1; 
43041 : 1; 
43042 : 1; 
43043 : 1; 
43044 : 1; 
43045 : 1; 
43046 : 1; 
43047 : 1; 
43048 : 1; 
43049 : 1; 
43050 : 1; 
43051 : 1; 
43052 : 1; 
43053 : 1; 
43054 : 1; 
43055 : 1; 
43056 : 1; 
43057 : 1; 
43058 : 1; 
43059 : 1; 
43060 : 1; 
43061 : 1; 
43062 : 1; 
43063 : 1; 
43064 : 1; 
43065 : 1; 
43066 : 1; 
43067 : 1; 
43068 : 1; 
43069 : 1; 
43070 : 1; 
43071 : 1; 
43072 : 1; 
43073 : 1; 
43074 : 1; 
43075 : 1; 
43076 : 1; 
43077 : 1; 
43078 : 1; 
43079 : 1; 
43080 : 1; 
43081 : 1; 
43082 : 1; 
43083 : 1; 
43084 : 1; 
43085 : 1; 
43086 : 1; 
43087 : 1; 
43088 : 1; 
43089 : 1; 
43090 : 1; 
43091 : 1; 
43092 : 1; 
43093 : 1; 
43094 : 1; 
43095 : 1; 
43096 : 1; 
43097 : 0; 
43098 : 0; 
43099 : 0; 
43100 : 0; 
43101 : 0; 
43102 : 0; 
43103 : 0; 
43104 : 0; 
43105 : 0; 
43106 : 0; 
43107 : 0; 
43108 : 0; 
43109 : 0; 
43110 : 0; 
43111 : 0; 
43112 : 0; 
43113 : 0; 
43114 : 0; 
43115 : 0; 
43116 : 0; 
43117 : 0; 
43118 : 0; 
43119 : 0; 
43120 : 0; 
43121 : 0; 
43122 : 0; 
43123 : 0; 
43124 : 0; 
43125 : 0; 
43126 : 0; 
43127 : 0; 
43128 : 0; 
43129 : 0; 
43130 : 0; 
43131 : 0; 
43132 : 0; 
43133 : 0; 
43134 : 0; 
43135 : 0; 
43136 : 2; 
43137 : 3; 
43138 : 3; 
43139 : 3; 
43140 : 3; 
43141 : 3; 
43142 : 3; 
43143 : 3; 
43144 : 3; 
43145 : 3; 
43146 : 3; 
43147 : 3; 
43148 : 3; 
43149 : 3; 
43150 : 3; 
43151 : 3; 
43152 : 3; 
43153 : 3; 
43154 : 3; 
43155 : 3; 
43156 : 3; 
43157 : 3; 
43158 : 3; 
43159 : 3; 
43160 : 3; 
43161 : 3; 
43162 : 3; 
43163 : 3; 
43164 : 3; 
43165 : 3; 
43166 : 3; 
43167 : 3; 
43168 : 3; 
43169 : 3; 
43170 : 3; 
43171 : 3; 
43172 : 3; 
43173 : 3; 
43174 : 3; 
43175 : 3; 
43176 : 3; 
43177 : 2; 
43178 : 2; 
43179 : 2; 
43180 : 2; 
43181 : 2; 
43182 : 2; 
43183 : 2; 
43184 : 2; 
43185 : 2; 
43186 : 2; 
43187 : 2; 
43188 : 2; 
43189 : 2; 
43190 : 2; 
43191 : 2; 
43192 : 2; 
43193 : 2; 
43194 : 2; 
43195 : 2; 
43196 : 2; 
43197 : 2; 
43198 : 2; 
43199 : 2; 
43200 : 2; 
43201 : 2; 
43202 : 2; 
43203 : 2; 
43204 : 2; 
43205 : 2; 
43206 : 2; 
43207 : 2; 
43208 : 2; 
43209 : 2; 
43210 : 2; 
43211 : 2; 
43212 : 2; 
43213 : 2; 
43214 : 2; 
43215 : 2; 
43216 : 2; 
43217 : 2; 
43218 : 2; 
43219 : 2; 
43220 : 2; 
43221 : 2; 
43222 : 2; 
43223 : 2; 
43224 : 2; 
43225 : 2; 
43226 : 2; 
43227 : 2; 
43228 : 2; 
43229 : 2; 
43230 : 2; 
43231 : 2; 
43232 : 2; 
43233 : 2; 
43234 : 2; 
43235 : 2; 
43236 : 2; 
43237 : 2; 
43238 : 2; 
43239 : 2; 
43240 : 2; 
43241 : 2; 
43242 : 2; 
43243 : 2; 
43244 : 2; 
43245 : 2; 
43246 : 2; 
43247 : 2; 
43248 : 2; 
43249 : 2; 
43250 : 2; 
43251 : 2; 
43252 : 2; 
43253 : 2; 
43254 : 2; 
43255 : 2; 
43256 : 2; 
43257 : 2; 
43258 : 2; 
43259 : 2; 
43260 : 2; 
43261 : 2; 
43262 : 2; 
43263 : 2; 
43264 : 1; 
43265 : 1; 
43266 : 1; 
43267 : 1; 
43268 : 1; 
43269 : 1; 
43270 : 1; 
43271 : 1; 
43272 : 1; 
43273 : 1; 
43274 : 1; 
43275 : 1; 
43276 : 1; 
43277 : 1; 
43278 : 1; 
43279 : 1; 
43280 : 1; 
43281 : 1; 
43282 : 1; 
43283 : 1; 
43284 : 1; 
43285 : 1; 
43286 : 1; 
43287 : 1; 
43288 : 1; 
43289 : 1; 
43290 : 1; 
43291 : 1; 
43292 : 1; 
43293 : 1; 
43294 : 1; 
43295 : 1; 
43296 : 1; 
43297 : 1; 
43298 : 1; 
43299 : 1; 
43300 : 1; 
43301 : 1; 
43302 : 1; 
43303 : 1; 
43304 : 1; 
43305 : 1; 
43306 : 1; 
43307 : 1; 
43308 : 1; 
43309 : 1; 
43310 : 1; 
43311 : 1; 
43312 : 1; 
43313 : 1; 
43314 : 1; 
43315 : 1; 
43316 : 1; 
43317 : 1; 
43318 : 1; 
43319 : 1; 
43320 : 1; 
43321 : 1; 
43322 : 1; 
43323 : 1; 
43324 : 1; 
43325 : 1; 
43326 : 1; 
43327 : 1; 
43328 : 1; 
43329 : 1; 
43330 : 1; 
43331 : 1; 
43332 : 1; 
43333 : 1; 
43334 : 1; 
43335 : 1; 
43336 : 1; 
43337 : 1; 
43338 : 1; 
43339 : 1; 
43340 : 1; 
43341 : 1; 
43342 : 1; 
43343 : 1; 
43344 : 1; 
43345 : 1; 
43346 : 1; 
43347 : 1; 
43348 : 1; 
43349 : 1; 
43350 : 1; 
43351 : 1; 
43352 : 0; 
43353 : 0; 
43354 : 0; 
43355 : 0; 
43356 : 0; 
43357 : 0; 
43358 : 0; 
43359 : 0; 
43360 : 0; 
43361 : 0; 
43362 : 0; 
43363 : 0; 
43364 : 0; 
43365 : 0; 
43366 : 0; 
43367 : 0; 
43368 : 0; 
43369 : 0; 
43370 : 0; 
43371 : 0; 
43372 : 0; 
43373 : 0; 
43374 : 0; 
43375 : 0; 
43376 : 0; 
43377 : 0; 
43378 : 0; 
43379 : 0; 
43380 : 0; 
43381 : 0; 
43382 : 0; 
43383 : 0; 
43384 : 0; 
43385 : 0; 
43386 : 0; 
43387 : 0; 
43388 : 0; 
43389 : 0; 
43390 : 0; 
43391 : 0; 
43392 : 2; 
43393 : 3; 
43394 : 3; 
43395 : 3; 
43396 : 3; 
43397 : 3; 
43398 : 3; 
43399 : 3; 
43400 : 3; 
43401 : 3; 
43402 : 3; 
43403 : 3; 
43404 : 3; 
43405 : 3; 
43406 : 3; 
43407 : 3; 
43408 : 3; 
43409 : 3; 
43410 : 3; 
43411 : 3; 
43412 : 3; 
43413 : 3; 
43414 : 3; 
43415 : 3; 
43416 : 3; 
43417 : 3; 
43418 : 3; 
43419 : 3; 
43420 : 3; 
43421 : 3; 
43422 : 3; 
43423 : 3; 
43424 : 3; 
43425 : 3; 
43426 : 3; 
43427 : 3; 
43428 : 3; 
43429 : 3; 
43430 : 3; 
43431 : 3; 
43432 : 3; 
43433 : 3; 
43434 : 2; 
43435 : 2; 
43436 : 2; 
43437 : 2; 
43438 : 2; 
43439 : 2; 
43440 : 2; 
43441 : 2; 
43442 : 2; 
43443 : 2; 
43444 : 2; 
43445 : 2; 
43446 : 2; 
43447 : 2; 
43448 : 2; 
43449 : 2; 
43450 : 2; 
43451 : 2; 
43452 : 2; 
43453 : 2; 
43454 : 2; 
43455 : 2; 
43456 : 2; 
43457 : 2; 
43458 : 2; 
43459 : 2; 
43460 : 2; 
43461 : 2; 
43462 : 2; 
43463 : 2; 
43464 : 2; 
43465 : 2; 
43466 : 2; 
43467 : 2; 
43468 : 2; 
43469 : 2; 
43470 : 2; 
43471 : 2; 
43472 : 2; 
43473 : 2; 
43474 : 2; 
43475 : 2; 
43476 : 2; 
43477 : 2; 
43478 : 2; 
43479 : 2; 
43480 : 2; 
43481 : 2; 
43482 : 2; 
43483 : 2; 
43484 : 2; 
43485 : 2; 
43486 : 2; 
43487 : 2; 
43488 : 2; 
43489 : 2; 
43490 : 2; 
43491 : 2; 
43492 : 2; 
43493 : 2; 
43494 : 2; 
43495 : 2; 
43496 : 2; 
43497 : 2; 
43498 : 2; 
43499 : 2; 
43500 : 2; 
43501 : 2; 
43502 : 2; 
43503 : 2; 
43504 : 2; 
43505 : 2; 
43506 : 2; 
43507 : 2; 
43508 : 2; 
43509 : 2; 
43510 : 2; 
43511 : 2; 
43512 : 2; 
43513 : 2; 
43514 : 2; 
43515 : 2; 
43516 : 2; 
43517 : 2; 
43518 : 2; 
43519 : 2; 
43520 : 1; 
43521 : 1; 
43522 : 1; 
43523 : 1; 
43524 : 1; 
43525 : 1; 
43526 : 1; 
43527 : 1; 
43528 : 1; 
43529 : 1; 
43530 : 1; 
43531 : 1; 
43532 : 1; 
43533 : 1; 
43534 : 1; 
43535 : 1; 
43536 : 1; 
43537 : 1; 
43538 : 1; 
43539 : 1; 
43540 : 1; 
43541 : 1; 
43542 : 1; 
43543 : 1; 
43544 : 1; 
43545 : 1; 
43546 : 1; 
43547 : 1; 
43548 : 1; 
43549 : 1; 
43550 : 1; 
43551 : 1; 
43552 : 1; 
43553 : 1; 
43554 : 1; 
43555 : 1; 
43556 : 1; 
43557 : 1; 
43558 : 1; 
43559 : 1; 
43560 : 1; 
43561 : 1; 
43562 : 1; 
43563 : 1; 
43564 : 1; 
43565 : 1; 
43566 : 1; 
43567 : 1; 
43568 : 1; 
43569 : 1; 
43570 : 1; 
43571 : 1; 
43572 : 1; 
43573 : 1; 
43574 : 1; 
43575 : 1; 
43576 : 1; 
43577 : 1; 
43578 : 1; 
43579 : 1; 
43580 : 1; 
43581 : 1; 
43582 : 1; 
43583 : 1; 
43584 : 1; 
43585 : 1; 
43586 : 1; 
43587 : 1; 
43588 : 1; 
43589 : 1; 
43590 : 1; 
43591 : 1; 
43592 : 1; 
43593 : 1; 
43594 : 1; 
43595 : 1; 
43596 : 1; 
43597 : 1; 
43598 : 1; 
43599 : 1; 
43600 : 1; 
43601 : 1; 
43602 : 1; 
43603 : 1; 
43604 : 1; 
43605 : 1; 
43606 : 1; 
43607 : 0; 
43608 : 0; 
43609 : 0; 
43610 : 0; 
43611 : 0; 
43612 : 0; 
43613 : 0; 
43614 : 0; 
43615 : 0; 
43616 : 0; 
43617 : 0; 
43618 : 0; 
43619 : 0; 
43620 : 0; 
43621 : 0; 
43622 : 0; 
43623 : 0; 
43624 : 0; 
43625 : 0; 
43626 : 0; 
43627 : 0; 
43628 : 0; 
43629 : 0; 
43630 : 0; 
43631 : 0; 
43632 : 0; 
43633 : 0; 
43634 : 0; 
43635 : 0; 
43636 : 0; 
43637 : 0; 
43638 : 0; 
43639 : 0; 
43640 : 0; 
43641 : 0; 
43642 : 0; 
43643 : 0; 
43644 : 0; 
43645 : 0; 
43646 : 0; 
43647 : 0; 
43648 : 2; 
43649 : 3; 
43650 : 3; 
43651 : 3; 
43652 : 3; 
43653 : 3; 
43654 : 3; 
43655 : 3; 
43656 : 3; 
43657 : 3; 
43658 : 3; 
43659 : 3; 
43660 : 3; 
43661 : 3; 
43662 : 3; 
43663 : 3; 
43664 : 3; 
43665 : 3; 
43666 : 3; 
43667 : 3; 
43668 : 3; 
43669 : 3; 
43670 : 3; 
43671 : 3; 
43672 : 3; 
43673 : 3; 
43674 : 3; 
43675 : 3; 
43676 : 3; 
43677 : 3; 
43678 : 3; 
43679 : 3; 
43680 : 3; 
43681 : 3; 
43682 : 3; 
43683 : 3; 
43684 : 3; 
43685 : 3; 
43686 : 3; 
43687 : 3; 
43688 : 3; 
43689 : 3; 
43690 : 3; 
43691 : 2; 
43692 : 2; 
43693 : 2; 
43694 : 2; 
43695 : 2; 
43696 : 2; 
43697 : 2; 
43698 : 2; 
43699 : 2; 
43700 : 2; 
43701 : 2; 
43702 : 2; 
43703 : 2; 
43704 : 2; 
43705 : 2; 
43706 : 2; 
43707 : 2; 
43708 : 2; 
43709 : 2; 
43710 : 2; 
43711 : 2; 
43712 : 2; 
43713 : 2; 
43714 : 2; 
43715 : 2; 
43716 : 2; 
43717 : 2; 
43718 : 2; 
43719 : 2; 
43720 : 2; 
43721 : 2; 
43722 : 2; 
43723 : 2; 
43724 : 2; 
43725 : 2; 
43726 : 2; 
43727 : 2; 
43728 : 2; 
43729 : 2; 
43730 : 2; 
43731 : 2; 
43732 : 2; 
43733 : 2; 
43734 : 2; 
43735 : 2; 
43736 : 2; 
43737 : 2; 
43738 : 2; 
43739 : 2; 
43740 : 2; 
43741 : 2; 
43742 : 2; 
43743 : 2; 
43744 : 2; 
43745 : 2; 
43746 : 2; 
43747 : 2; 
43748 : 2; 
43749 : 2; 
43750 : 2; 
43751 : 2; 
43752 : 2; 
43753 : 2; 
43754 : 2; 
43755 : 2; 
43756 : 2; 
43757 : 2; 
43758 : 2; 
43759 : 2; 
43760 : 2; 
43761 : 2; 
43762 : 2; 
43763 : 2; 
43764 : 2; 
43765 : 2; 
43766 : 2; 
43767 : 2; 
43768 : 2; 
43769 : 2; 
43770 : 2; 
43771 : 2; 
43772 : 2; 
43773 : 2; 
43774 : 2; 
43775 : 2; 
43776 : 1; 
43777 : 1; 
43778 : 1; 
43779 : 1; 
43780 : 1; 
43781 : 1; 
43782 : 1; 
43783 : 1; 
43784 : 1; 
43785 : 1; 
43786 : 1; 
43787 : 1; 
43788 : 1; 
43789 : 1; 
43790 : 1; 
43791 : 1; 
43792 : 1; 
43793 : 1; 
43794 : 1; 
43795 : 1; 
43796 : 1; 
43797 : 1; 
43798 : 1; 
43799 : 1; 
43800 : 1; 
43801 : 1; 
43802 : 1; 
43803 : 1; 
43804 : 1; 
43805 : 1; 
43806 : 1; 
43807 : 1; 
43808 : 1; 
43809 : 1; 
43810 : 1; 
43811 : 1; 
43812 : 1; 
43813 : 1; 
43814 : 1; 
43815 : 1; 
43816 : 1; 
43817 : 1; 
43818 : 1; 
43819 : 1; 
43820 : 1; 
43821 : 1; 
43822 : 1; 
43823 : 1; 
43824 : 1; 
43825 : 1; 
43826 : 1; 
43827 : 1; 
43828 : 1; 
43829 : 1; 
43830 : 1; 
43831 : 1; 
43832 : 1; 
43833 : 1; 
43834 : 1; 
43835 : 1; 
43836 : 1; 
43837 : 1; 
43838 : 1; 
43839 : 1; 
43840 : 1; 
43841 : 1; 
43842 : 1; 
43843 : 1; 
43844 : 1; 
43845 : 1; 
43846 : 1; 
43847 : 1; 
43848 : 1; 
43849 : 1; 
43850 : 1; 
43851 : 1; 
43852 : 1; 
43853 : 1; 
43854 : 1; 
43855 : 1; 
43856 : 1; 
43857 : 1; 
43858 : 1; 
43859 : 1; 
43860 : 1; 
43861 : 1; 
43862 : 0; 
43863 : 0; 
43864 : 0; 
43865 : 0; 
43866 : 0; 
43867 : 0; 
43868 : 0; 
43869 : 0; 
43870 : 0; 
43871 : 0; 
43872 : 0; 
43873 : 0; 
43874 : 0; 
43875 : 0; 
43876 : 0; 
43877 : 0; 
43878 : 0; 
43879 : 0; 
43880 : 0; 
43881 : 0; 
43882 : 0; 
43883 : 0; 
43884 : 0; 
43885 : 0; 
43886 : 0; 
43887 : 0; 
43888 : 0; 
43889 : 0; 
43890 : 0; 
43891 : 0; 
43892 : 0; 
43893 : 0; 
43894 : 0; 
43895 : 0; 
43896 : 0; 
43897 : 0; 
43898 : 0; 
43899 : 0; 
43900 : 0; 
43901 : 0; 
43902 : 0; 
43903 : 0; 
43904 : 2; 
43905 : 3; 
43906 : 3; 
43907 : 3; 
43908 : 3; 
43909 : 3; 
43910 : 3; 
43911 : 3; 
43912 : 3; 
43913 : 3; 
43914 : 3; 
43915 : 3; 
43916 : 3; 
43917 : 3; 
43918 : 3; 
43919 : 3; 
43920 : 3; 
43921 : 3; 
43922 : 3; 
43923 : 3; 
43924 : 3; 
43925 : 3; 
43926 : 3; 
43927 : 3; 
43928 : 3; 
43929 : 3; 
43930 : 3; 
43931 : 3; 
43932 : 3; 
43933 : 3; 
43934 : 3; 
43935 : 3; 
43936 : 3; 
43937 : 3; 
43938 : 3; 
43939 : 3; 
43940 : 3; 
43941 : 3; 
43942 : 3; 
43943 : 3; 
43944 : 3; 
43945 : 3; 
43946 : 3; 
43947 : 3; 
43948 : 2; 
43949 : 2; 
43950 : 2; 
43951 : 2; 
43952 : 2; 
43953 : 2; 
43954 : 2; 
43955 : 2; 
43956 : 2; 
43957 : 2; 
43958 : 2; 
43959 : 2; 
43960 : 2; 
43961 : 2; 
43962 : 2; 
43963 : 2; 
43964 : 2; 
43965 : 2; 
43966 : 2; 
43967 : 2; 
43968 : 2; 
43969 : 2; 
43970 : 2; 
43971 : 2; 
43972 : 2; 
43973 : 2; 
43974 : 2; 
43975 : 2; 
43976 : 2; 
43977 : 2; 
43978 : 2; 
43979 : 2; 
43980 : 2; 
43981 : 2; 
43982 : 2; 
43983 : 2; 
43984 : 2; 
43985 : 2; 
43986 : 2; 
43987 : 2; 
43988 : 2; 
43989 : 2; 
43990 : 2; 
43991 : 2; 
43992 : 2; 
43993 : 2; 
43994 : 2; 
43995 : 2; 
43996 : 2; 
43997 : 2; 
43998 : 2; 
43999 : 2; 
44000 : 2; 
44001 : 2; 
44002 : 2; 
44003 : 2; 
44004 : 2; 
44005 : 2; 
44006 : 2; 
44007 : 2; 
44008 : 2; 
44009 : 2; 
44010 : 2; 
44011 : 2; 
44012 : 2; 
44013 : 2; 
44014 : 2; 
44015 : 2; 
44016 : 2; 
44017 : 2; 
44018 : 2; 
44019 : 2; 
44020 : 2; 
44021 : 2; 
44022 : 2; 
44023 : 2; 
44024 : 2; 
44025 : 2; 
44026 : 2; 
44027 : 2; 
44028 : 2; 
44029 : 2; 
44030 : 2; 
44031 : 2; 
44032 : 1; 
44033 : 1; 
44034 : 1; 
44035 : 1; 
44036 : 1; 
44037 : 1; 
44038 : 1; 
44039 : 1; 
44040 : 1; 
44041 : 1; 
44042 : 1; 
44043 : 1; 
44044 : 1; 
44045 : 1; 
44046 : 1; 
44047 : 1; 
44048 : 1; 
44049 : 1; 
44050 : 1; 
44051 : 1; 
44052 : 1; 
44053 : 1; 
44054 : 1; 
44055 : 1; 
44056 : 1; 
44057 : 1; 
44058 : 1; 
44059 : 1; 
44060 : 1; 
44061 : 1; 
44062 : 1; 
44063 : 1; 
44064 : 1; 
44065 : 1; 
44066 : 1; 
44067 : 1; 
44068 : 1; 
44069 : 1; 
44070 : 1; 
44071 : 1; 
44072 : 1; 
44073 : 1; 
44074 : 1; 
44075 : 1; 
44076 : 1; 
44077 : 1; 
44078 : 1; 
44079 : 1; 
44080 : 1; 
44081 : 1; 
44082 : 1; 
44083 : 1; 
44084 : 1; 
44085 : 1; 
44086 : 1; 
44087 : 1; 
44088 : 1; 
44089 : 1; 
44090 : 1; 
44091 : 1; 
44092 : 1; 
44093 : 1; 
44094 : 1; 
44095 : 1; 
44096 : 1; 
44097 : 1; 
44098 : 1; 
44099 : 1; 
44100 : 1; 
44101 : 1; 
44102 : 1; 
44103 : 1; 
44104 : 1; 
44105 : 1; 
44106 : 1; 
44107 : 1; 
44108 : 1; 
44109 : 1; 
44110 : 1; 
44111 : 1; 
44112 : 1; 
44113 : 1; 
44114 : 1; 
44115 : 1; 
44116 : 1; 
44117 : 0; 
44118 : 0; 
44119 : 0; 
44120 : 0; 
44121 : 0; 
44122 : 0; 
44123 : 0; 
44124 : 0; 
44125 : 0; 
44126 : 0; 
44127 : 0; 
44128 : 0; 
44129 : 0; 
44130 : 0; 
44131 : 0; 
44132 : 0; 
44133 : 0; 
44134 : 0; 
44135 : 0; 
44136 : 0; 
44137 : 0; 
44138 : 0; 
44139 : 0; 
44140 : 0; 
44141 : 0; 
44142 : 0; 
44143 : 0; 
44144 : 0; 
44145 : 0; 
44146 : 0; 
44147 : 0; 
44148 : 0; 
44149 : 0; 
44150 : 0; 
44151 : 0; 
44152 : 0; 
44153 : 0; 
44154 : 0; 
44155 : 0; 
44156 : 0; 
44157 : 0; 
44158 : 0; 
44159 : 0; 
44160 : 2; 
44161 : 3; 
44162 : 3; 
44163 : 3; 
44164 : 3; 
44165 : 3; 
44166 : 3; 
44167 : 3; 
44168 : 3; 
44169 : 3; 
44170 : 3; 
44171 : 3; 
44172 : 3; 
44173 : 3; 
44174 : 3; 
44175 : 3; 
44176 : 3; 
44177 : 3; 
44178 : 3; 
44179 : 3; 
44180 : 3; 
44181 : 3; 
44182 : 3; 
44183 : 3; 
44184 : 3; 
44185 : 3; 
44186 : 3; 
44187 : 3; 
44188 : 3; 
44189 : 3; 
44190 : 3; 
44191 : 3; 
44192 : 3; 
44193 : 3; 
44194 : 3; 
44195 : 3; 
44196 : 3; 
44197 : 3; 
44198 : 3; 
44199 : 3; 
44200 : 3; 
44201 : 3; 
44202 : 3; 
44203 : 3; 
44204 : 3; 
44205 : 2; 
44206 : 2; 
44207 : 2; 
44208 : 2; 
44209 : 2; 
44210 : 2; 
44211 : 2; 
44212 : 2; 
44213 : 2; 
44214 : 2; 
44215 : 2; 
44216 : 2; 
44217 : 2; 
44218 : 2; 
44219 : 2; 
44220 : 2; 
44221 : 2; 
44222 : 2; 
44223 : 2; 
44224 : 2; 
44225 : 2; 
44226 : 2; 
44227 : 2; 
44228 : 2; 
44229 : 2; 
44230 : 2; 
44231 : 2; 
44232 : 2; 
44233 : 2; 
44234 : 2; 
44235 : 2; 
44236 : 2; 
44237 : 2; 
44238 : 2; 
44239 : 2; 
44240 : 2; 
44241 : 2; 
44242 : 2; 
44243 : 2; 
44244 : 2; 
44245 : 2; 
44246 : 2; 
44247 : 2; 
44248 : 2; 
44249 : 2; 
44250 : 2; 
44251 : 2; 
44252 : 2; 
44253 : 2; 
44254 : 2; 
44255 : 2; 
44256 : 2; 
44257 : 2; 
44258 : 2; 
44259 : 2; 
44260 : 2; 
44261 : 2; 
44262 : 2; 
44263 : 2; 
44264 : 2; 
44265 : 2; 
44266 : 2; 
44267 : 2; 
44268 : 2; 
44269 : 2; 
44270 : 2; 
44271 : 2; 
44272 : 2; 
44273 : 2; 
44274 : 2; 
44275 : 2; 
44276 : 2; 
44277 : 2; 
44278 : 2; 
44279 : 2; 
44280 : 2; 
44281 : 2; 
44282 : 2; 
44283 : 2; 
44284 : 2; 
44285 : 2; 
44286 : 2; 
44287 : 2; 
44288 : 1; 
44289 : 1; 
44290 : 1; 
44291 : 1; 
44292 : 1; 
44293 : 1; 
44294 : 1; 
44295 : 1; 
44296 : 1; 
44297 : 1; 
44298 : 1; 
44299 : 1; 
44300 : 1; 
44301 : 1; 
44302 : 1; 
44303 : 1; 
44304 : 1; 
44305 : 1; 
44306 : 1; 
44307 : 1; 
44308 : 1; 
44309 : 1; 
44310 : 1; 
44311 : 1; 
44312 : 1; 
44313 : 1; 
44314 : 1; 
44315 : 1; 
44316 : 1; 
44317 : 1; 
44318 : 1; 
44319 : 1; 
44320 : 1; 
44321 : 1; 
44322 : 1; 
44323 : 1; 
44324 : 1; 
44325 : 1; 
44326 : 1; 
44327 : 1; 
44328 : 1; 
44329 : 1; 
44330 : 1; 
44331 : 1; 
44332 : 1; 
44333 : 1; 
44334 : 1; 
44335 : 1; 
44336 : 1; 
44337 : 1; 
44338 : 1; 
44339 : 1; 
44340 : 1; 
44341 : 1; 
44342 : 1; 
44343 : 1; 
44344 : 1; 
44345 : 1; 
44346 : 1; 
44347 : 1; 
44348 : 1; 
44349 : 1; 
44350 : 1; 
44351 : 1; 
44352 : 1; 
44353 : 1; 
44354 : 1; 
44355 : 1; 
44356 : 1; 
44357 : 1; 
44358 : 1; 
44359 : 1; 
44360 : 1; 
44361 : 1; 
44362 : 1; 
44363 : 1; 
44364 : 1; 
44365 : 1; 
44366 : 1; 
44367 : 1; 
44368 : 1; 
44369 : 1; 
44370 : 1; 
44371 : 1; 
44372 : 0; 
44373 : 0; 
44374 : 0; 
44375 : 0; 
44376 : 0; 
44377 : 0; 
44378 : 0; 
44379 : 0; 
44380 : 0; 
44381 : 0; 
44382 : 0; 
44383 : 0; 
44384 : 0; 
44385 : 0; 
44386 : 0; 
44387 : 0; 
44388 : 0; 
44389 : 0; 
44390 : 0; 
44391 : 0; 
44392 : 0; 
44393 : 0; 
44394 : 0; 
44395 : 0; 
44396 : 0; 
44397 : 0; 
44398 : 0; 
44399 : 0; 
44400 : 0; 
44401 : 0; 
44402 : 0; 
44403 : 0; 
44404 : 0; 
44405 : 0; 
44406 : 0; 
44407 : 0; 
44408 : 0; 
44409 : 0; 
44410 : 0; 
44411 : 0; 
44412 : 0; 
44413 : 0; 
44414 : 0; 
44415 : 0; 
44416 : 2; 
44417 : 3; 
44418 : 3; 
44419 : 3; 
44420 : 3; 
44421 : 3; 
44422 : 3; 
44423 : 3; 
44424 : 3; 
44425 : 3; 
44426 : 3; 
44427 : 3; 
44428 : 3; 
44429 : 3; 
44430 : 3; 
44431 : 3; 
44432 : 3; 
44433 : 3; 
44434 : 3; 
44435 : 3; 
44436 : 3; 
44437 : 3; 
44438 : 3; 
44439 : 3; 
44440 : 3; 
44441 : 3; 
44442 : 3; 
44443 : 3; 
44444 : 3; 
44445 : 3; 
44446 : 3; 
44447 : 3; 
44448 : 3; 
44449 : 3; 
44450 : 3; 
44451 : 3; 
44452 : 3; 
44453 : 3; 
44454 : 3; 
44455 : 3; 
44456 : 3; 
44457 : 3; 
44458 : 3; 
44459 : 3; 
44460 : 3; 
44461 : 3; 
44462 : 2; 
44463 : 2; 
44464 : 2; 
44465 : 2; 
44466 : 2; 
44467 : 2; 
44468 : 2; 
44469 : 2; 
44470 : 2; 
44471 : 2; 
44472 : 2; 
44473 : 2; 
44474 : 2; 
44475 : 2; 
44476 : 2; 
44477 : 2; 
44478 : 2; 
44479 : 2; 
44480 : 2; 
44481 : 2; 
44482 : 2; 
44483 : 2; 
44484 : 2; 
44485 : 2; 
44486 : 2; 
44487 : 2; 
44488 : 2; 
44489 : 2; 
44490 : 2; 
44491 : 2; 
44492 : 2; 
44493 : 2; 
44494 : 2; 
44495 : 2; 
44496 : 2; 
44497 : 2; 
44498 : 2; 
44499 : 2; 
44500 : 2; 
44501 : 2; 
44502 : 2; 
44503 : 2; 
44504 : 2; 
44505 : 2; 
44506 : 2; 
44507 : 2; 
44508 : 2; 
44509 : 2; 
44510 : 2; 
44511 : 2; 
44512 : 2; 
44513 : 2; 
44514 : 2; 
44515 : 2; 
44516 : 2; 
44517 : 2; 
44518 : 2; 
44519 : 2; 
44520 : 2; 
44521 : 2; 
44522 : 2; 
44523 : 2; 
44524 : 2; 
44525 : 2; 
44526 : 2; 
44527 : 2; 
44528 : 2; 
44529 : 2; 
44530 : 2; 
44531 : 2; 
44532 : 2; 
44533 : 2; 
44534 : 2; 
44535 : 2; 
44536 : 2; 
44537 : 2; 
44538 : 2; 
44539 : 2; 
44540 : 2; 
44541 : 2; 
44542 : 2; 
44543 : 2; 
44544 : 1; 
44545 : 1; 
44546 : 1; 
44547 : 1; 
44548 : 1; 
44549 : 1; 
44550 : 1; 
44551 : 1; 
44552 : 1; 
44553 : 1; 
44554 : 1; 
44555 : 1; 
44556 : 1; 
44557 : 1; 
44558 : 1; 
44559 : 1; 
44560 : 1; 
44561 : 1; 
44562 : 1; 
44563 : 1; 
44564 : 1; 
44565 : 1; 
44566 : 1; 
44567 : 1; 
44568 : 1; 
44569 : 1; 
44570 : 1; 
44571 : 1; 
44572 : 1; 
44573 : 1; 
44574 : 1; 
44575 : 1; 
44576 : 1; 
44577 : 1; 
44578 : 1; 
44579 : 1; 
44580 : 1; 
44581 : 1; 
44582 : 1; 
44583 : 1; 
44584 : 1; 
44585 : 1; 
44586 : 1; 
44587 : 1; 
44588 : 1; 
44589 : 1; 
44590 : 1; 
44591 : 1; 
44592 : 1; 
44593 : 1; 
44594 : 1; 
44595 : 1; 
44596 : 1; 
44597 : 1; 
44598 : 1; 
44599 : 1; 
44600 : 1; 
44601 : 1; 
44602 : 1; 
44603 : 1; 
44604 : 1; 
44605 : 1; 
44606 : 1; 
44607 : 1; 
44608 : 1; 
44609 : 1; 
44610 : 1; 
44611 : 1; 
44612 : 1; 
44613 : 1; 
44614 : 1; 
44615 : 1; 
44616 : 1; 
44617 : 1; 
44618 : 1; 
44619 : 1; 
44620 : 1; 
44621 : 1; 
44622 : 1; 
44623 : 1; 
44624 : 1; 
44625 : 1; 
44626 : 1; 
44627 : 0; 
44628 : 0; 
44629 : 0; 
44630 : 0; 
44631 : 0; 
44632 : 0; 
44633 : 0; 
44634 : 0; 
44635 : 0; 
44636 : 0; 
44637 : 0; 
44638 : 0; 
44639 : 0; 
44640 : 0; 
44641 : 0; 
44642 : 0; 
44643 : 0; 
44644 : 0; 
44645 : 0; 
44646 : 0; 
44647 : 0; 
44648 : 0; 
44649 : 0; 
44650 : 0; 
44651 : 0; 
44652 : 0; 
44653 : 0; 
44654 : 0; 
44655 : 0; 
44656 : 0; 
44657 : 0; 
44658 : 0; 
44659 : 0; 
44660 : 0; 
44661 : 0; 
44662 : 0; 
44663 : 0; 
44664 : 0; 
44665 : 0; 
44666 : 0; 
44667 : 0; 
44668 : 0; 
44669 : 0; 
44670 : 0; 
44671 : 0; 
44672 : 2; 
44673 : 3; 
44674 : 3; 
44675 : 3; 
44676 : 3; 
44677 : 3; 
44678 : 3; 
44679 : 3; 
44680 : 3; 
44681 : 3; 
44682 : 3; 
44683 : 3; 
44684 : 3; 
44685 : 3; 
44686 : 3; 
44687 : 3; 
44688 : 3; 
44689 : 3; 
44690 : 3; 
44691 : 3; 
44692 : 3; 
44693 : 3; 
44694 : 3; 
44695 : 3; 
44696 : 3; 
44697 : 3; 
44698 : 3; 
44699 : 3; 
44700 : 3; 
44701 : 3; 
44702 : 3; 
44703 : 3; 
44704 : 3; 
44705 : 3; 
44706 : 3; 
44707 : 3; 
44708 : 3; 
44709 : 3; 
44710 : 3; 
44711 : 3; 
44712 : 3; 
44713 : 3; 
44714 : 3; 
44715 : 3; 
44716 : 3; 
44717 : 3; 
44718 : 3; 
44719 : 2; 
44720 : 2; 
44721 : 2; 
44722 : 2; 
44723 : 2; 
44724 : 2; 
44725 : 2; 
44726 : 2; 
44727 : 2; 
44728 : 2; 
44729 : 2; 
44730 : 2; 
44731 : 2; 
44732 : 2; 
44733 : 2; 
44734 : 2; 
44735 : 2; 
44736 : 2; 
44737 : 2; 
44738 : 2; 
44739 : 2; 
44740 : 2; 
44741 : 2; 
44742 : 2; 
44743 : 2; 
44744 : 2; 
44745 : 2; 
44746 : 2; 
44747 : 2; 
44748 : 2; 
44749 : 2; 
44750 : 2; 
44751 : 2; 
44752 : 2; 
44753 : 2; 
44754 : 2; 
44755 : 2; 
44756 : 2; 
44757 : 2; 
44758 : 2; 
44759 : 2; 
44760 : 2; 
44761 : 2; 
44762 : 2; 
44763 : 2; 
44764 : 2; 
44765 : 2; 
44766 : 2; 
44767 : 2; 
44768 : 2; 
44769 : 2; 
44770 : 2; 
44771 : 2; 
44772 : 2; 
44773 : 2; 
44774 : 2; 
44775 : 2; 
44776 : 2; 
44777 : 2; 
44778 : 2; 
44779 : 2; 
44780 : 2; 
44781 : 2; 
44782 : 2; 
44783 : 2; 
44784 : 2; 
44785 : 2; 
44786 : 2; 
44787 : 2; 
44788 : 2; 
44789 : 2; 
44790 : 2; 
44791 : 2; 
44792 : 2; 
44793 : 2; 
44794 : 2; 
44795 : 2; 
44796 : 2; 
44797 : 2; 
44798 : 2; 
44799 : 2; 
44800 : 1; 
44801 : 1; 
44802 : 1; 
44803 : 1; 
44804 : 1; 
44805 : 1; 
44806 : 1; 
44807 : 1; 
44808 : 1; 
44809 : 1; 
44810 : 1; 
44811 : 1; 
44812 : 1; 
44813 : 1; 
44814 : 1; 
44815 : 1; 
44816 : 1; 
44817 : 1; 
44818 : 1; 
44819 : 1; 
44820 : 1; 
44821 : 1; 
44822 : 1; 
44823 : 1; 
44824 : 1; 
44825 : 1; 
44826 : 1; 
44827 : 1; 
44828 : 1; 
44829 : 1; 
44830 : 1; 
44831 : 1; 
44832 : 1; 
44833 : 1; 
44834 : 1; 
44835 : 1; 
44836 : 1; 
44837 : 1; 
44838 : 1; 
44839 : 1; 
44840 : 1; 
44841 : 1; 
44842 : 1; 
44843 : 1; 
44844 : 1; 
44845 : 1; 
44846 : 1; 
44847 : 1; 
44848 : 1; 
44849 : 1; 
44850 : 1; 
44851 : 1; 
44852 : 1; 
44853 : 1; 
44854 : 1; 
44855 : 1; 
44856 : 1; 
44857 : 1; 
44858 : 1; 
44859 : 1; 
44860 : 1; 
44861 : 1; 
44862 : 1; 
44863 : 1; 
44864 : 1; 
44865 : 1; 
44866 : 1; 
44867 : 1; 
44868 : 1; 
44869 : 1; 
44870 : 1; 
44871 : 1; 
44872 : 1; 
44873 : 1; 
44874 : 1; 
44875 : 1; 
44876 : 1; 
44877 : 1; 
44878 : 1; 
44879 : 1; 
44880 : 1; 
44881 : 1; 
44882 : 0; 
44883 : 0; 
44884 : 0; 
44885 : 0; 
44886 : 0; 
44887 : 0; 
44888 : 0; 
44889 : 0; 
44890 : 0; 
44891 : 0; 
44892 : 0; 
44893 : 0; 
44894 : 0; 
44895 : 0; 
44896 : 0; 
44897 : 0; 
44898 : 0; 
44899 : 0; 
44900 : 0; 
44901 : 0; 
44902 : 0; 
44903 : 0; 
44904 : 0; 
44905 : 0; 
44906 : 0; 
44907 : 0; 
44908 : 0; 
44909 : 0; 
44910 : 0; 
44911 : 0; 
44912 : 0; 
44913 : 0; 
44914 : 0; 
44915 : 0; 
44916 : 0; 
44917 : 0; 
44918 : 0; 
44919 : 0; 
44920 : 0; 
44921 : 0; 
44922 : 0; 
44923 : 0; 
44924 : 0; 
44925 : 0; 
44926 : 0; 
44927 : 0; 
44928 : 2; 
44929 : 3; 
44930 : 3; 
44931 : 3; 
44932 : 3; 
44933 : 3; 
44934 : 3; 
44935 : 3; 
44936 : 3; 
44937 : 3; 
44938 : 3; 
44939 : 3; 
44940 : 3; 
44941 : 3; 
44942 : 3; 
44943 : 3; 
44944 : 3; 
44945 : 3; 
44946 : 3; 
44947 : 3; 
44948 : 3; 
44949 : 3; 
44950 : 3; 
44951 : 3; 
44952 : 3; 
44953 : 3; 
44954 : 3; 
44955 : 3; 
44956 : 3; 
44957 : 3; 
44958 : 3; 
44959 : 3; 
44960 : 3; 
44961 : 3; 
44962 : 3; 
44963 : 3; 
44964 : 3; 
44965 : 3; 
44966 : 3; 
44967 : 3; 
44968 : 3; 
44969 : 3; 
44970 : 3; 
44971 : 3; 
44972 : 3; 
44973 : 3; 
44974 : 3; 
44975 : 3; 
44976 : 2; 
44977 : 2; 
44978 : 2; 
44979 : 2; 
44980 : 2; 
44981 : 2; 
44982 : 2; 
44983 : 2; 
44984 : 2; 
44985 : 2; 
44986 : 2; 
44987 : 2; 
44988 : 2; 
44989 : 2; 
44990 : 2; 
44991 : 2; 
44992 : 2; 
44993 : 2; 
44994 : 2; 
44995 : 2; 
44996 : 2; 
44997 : 2; 
44998 : 2; 
44999 : 2; 
45000 : 2; 
45001 : 2; 
45002 : 2; 
45003 : 2; 
45004 : 2; 
45005 : 2; 
45006 : 2; 
45007 : 2; 
45008 : 2; 
45009 : 2; 
45010 : 2; 
45011 : 2; 
45012 : 2; 
45013 : 2; 
45014 : 2; 
45015 : 2; 
45016 : 2; 
45017 : 2; 
45018 : 2; 
45019 : 2; 
45020 : 2; 
45021 : 2; 
45022 : 2; 
45023 : 2; 
45024 : 2; 
45025 : 2; 
45026 : 2; 
45027 : 2; 
45028 : 2; 
45029 : 2; 
45030 : 2; 
45031 : 2; 
45032 : 2; 
45033 : 2; 
45034 : 2; 
45035 : 2; 
45036 : 2; 
45037 : 2; 
45038 : 2; 
45039 : 2; 
45040 : 2; 
45041 : 2; 
45042 : 2; 
45043 : 2; 
45044 : 2; 
45045 : 2; 
45046 : 2; 
45047 : 2; 
45048 : 2; 
45049 : 2; 
45050 : 2; 
45051 : 2; 
45052 : 2; 
45053 : 2; 
45054 : 2; 
45055 : 2; 
45056 : 1; 
45057 : 1; 
45058 : 1; 
45059 : 1; 
45060 : 1; 
45061 : 1; 
45062 : 1; 
45063 : 1; 
45064 : 1; 
45065 : 1; 
45066 : 1; 
45067 : 1; 
45068 : 1; 
45069 : 1; 
45070 : 1; 
45071 : 1; 
45072 : 1; 
45073 : 1; 
45074 : 1; 
45075 : 1; 
45076 : 1; 
45077 : 1; 
45078 : 1; 
45079 : 1; 
45080 : 1; 
45081 : 1; 
45082 : 1; 
45083 : 1; 
45084 : 1; 
45085 : 1; 
45086 : 1; 
45087 : 1; 
45088 : 1; 
45089 : 1; 
45090 : 1; 
45091 : 1; 
45092 : 1; 
45093 : 1; 
45094 : 1; 
45095 : 1; 
45096 : 1; 
45097 : 1; 
45098 : 1; 
45099 : 1; 
45100 : 1; 
45101 : 1; 
45102 : 1; 
45103 : 1; 
45104 : 1; 
45105 : 1; 
45106 : 1; 
45107 : 1; 
45108 : 1; 
45109 : 1; 
45110 : 1; 
45111 : 1; 
45112 : 1; 
45113 : 1; 
45114 : 1; 
45115 : 1; 
45116 : 1; 
45117 : 1; 
45118 : 1; 
45119 : 1; 
45120 : 1; 
45121 : 1; 
45122 : 1; 
45123 : 1; 
45124 : 1; 
45125 : 1; 
45126 : 1; 
45127 : 1; 
45128 : 1; 
45129 : 1; 
45130 : 1; 
45131 : 1; 
45132 : 1; 
45133 : 1; 
45134 : 1; 
45135 : 1; 
45136 : 1; 
45137 : 0; 
45138 : 0; 
45139 : 0; 
45140 : 0; 
45141 : 0; 
45142 : 0; 
45143 : 0; 
45144 : 0; 
45145 : 0; 
45146 : 0; 
45147 : 0; 
45148 : 0; 
45149 : 0; 
45150 : 0; 
45151 : 0; 
45152 : 0; 
45153 : 0; 
45154 : 0; 
45155 : 0; 
45156 : 0; 
45157 : 0; 
45158 : 0; 
45159 : 0; 
45160 : 0; 
45161 : 0; 
45162 : 0; 
45163 : 0; 
45164 : 0; 
45165 : 0; 
45166 : 0; 
45167 : 0; 
45168 : 0; 
45169 : 0; 
45170 : 0; 
45171 : 0; 
45172 : 0; 
45173 : 0; 
45174 : 0; 
45175 : 0; 
45176 : 0; 
45177 : 0; 
45178 : 0; 
45179 : 0; 
45180 : 0; 
45181 : 0; 
45182 : 0; 
45183 : 0; 
45184 : 2; 
45185 : 3; 
45186 : 3; 
45187 : 3; 
45188 : 3; 
45189 : 3; 
45190 : 3; 
45191 : 3; 
45192 : 3; 
45193 : 3; 
45194 : 3; 
45195 : 3; 
45196 : 3; 
45197 : 3; 
45198 : 3; 
45199 : 3; 
45200 : 3; 
45201 : 3; 
45202 : 3; 
45203 : 3; 
45204 : 3; 
45205 : 3; 
45206 : 3; 
45207 : 3; 
45208 : 3; 
45209 : 3; 
45210 : 3; 
45211 : 3; 
45212 : 3; 
45213 : 3; 
45214 : 3; 
45215 : 3; 
45216 : 3; 
45217 : 3; 
45218 : 3; 
45219 : 3; 
45220 : 3; 
45221 : 3; 
45222 : 3; 
45223 : 3; 
45224 : 3; 
45225 : 3; 
45226 : 3; 
45227 : 3; 
45228 : 3; 
45229 : 3; 
45230 : 3; 
45231 : 3; 
45232 : 3; 
45233 : 2; 
45234 : 2; 
45235 : 2; 
45236 : 2; 
45237 : 2; 
45238 : 2; 
45239 : 2; 
45240 : 2; 
45241 : 2; 
45242 : 2; 
45243 : 2; 
45244 : 2; 
45245 : 2; 
45246 : 2; 
45247 : 2; 
45248 : 2; 
45249 : 2; 
45250 : 2; 
45251 : 2; 
45252 : 2; 
45253 : 2; 
45254 : 2; 
45255 : 2; 
45256 : 2; 
45257 : 2; 
45258 : 2; 
45259 : 2; 
45260 : 2; 
45261 : 2; 
45262 : 2; 
45263 : 2; 
45264 : 2; 
45265 : 2; 
45266 : 2; 
45267 : 2; 
45268 : 2; 
45269 : 2; 
45270 : 2; 
45271 : 2; 
45272 : 2; 
45273 : 2; 
45274 : 2; 
45275 : 2; 
45276 : 2; 
45277 : 2; 
45278 : 2; 
45279 : 2; 
45280 : 2; 
45281 : 2; 
45282 : 2; 
45283 : 2; 
45284 : 2; 
45285 : 2; 
45286 : 2; 
45287 : 2; 
45288 : 2; 
45289 : 2; 
45290 : 2; 
45291 : 2; 
45292 : 2; 
45293 : 2; 
45294 : 2; 
45295 : 2; 
45296 : 2; 
45297 : 2; 
45298 : 2; 
45299 : 2; 
45300 : 2; 
45301 : 2; 
45302 : 2; 
45303 : 2; 
45304 : 2; 
45305 : 2; 
45306 : 2; 
45307 : 2; 
45308 : 2; 
45309 : 2; 
45310 : 2; 
45311 : 2; 
45312 : 1; 
45313 : 1; 
45314 : 1; 
45315 : 1; 
45316 : 1; 
45317 : 1; 
45318 : 1; 
45319 : 1; 
45320 : 1; 
45321 : 1; 
45322 : 1; 
45323 : 1; 
45324 : 1; 
45325 : 1; 
45326 : 1; 
45327 : 1; 
45328 : 1; 
45329 : 1; 
45330 : 1; 
45331 : 1; 
45332 : 1; 
45333 : 1; 
45334 : 1; 
45335 : 1; 
45336 : 1; 
45337 : 1; 
45338 : 1; 
45339 : 1; 
45340 : 1; 
45341 : 1; 
45342 : 1; 
45343 : 1; 
45344 : 1; 
45345 : 1; 
45346 : 1; 
45347 : 1; 
45348 : 1; 
45349 : 1; 
45350 : 1; 
45351 : 1; 
45352 : 1; 
45353 : 1; 
45354 : 1; 
45355 : 1; 
45356 : 1; 
45357 : 1; 
45358 : 1; 
45359 : 1; 
45360 : 1; 
45361 : 1; 
45362 : 1; 
45363 : 1; 
45364 : 1; 
45365 : 1; 
45366 : 1; 
45367 : 1; 
45368 : 1; 
45369 : 1; 
45370 : 1; 
45371 : 1; 
45372 : 1; 
45373 : 1; 
45374 : 1; 
45375 : 1; 
45376 : 1; 
45377 : 1; 
45378 : 1; 
45379 : 1; 
45380 : 1; 
45381 : 1; 
45382 : 1; 
45383 : 1; 
45384 : 1; 
45385 : 1; 
45386 : 1; 
45387 : 1; 
45388 : 1; 
45389 : 1; 
45390 : 1; 
45391 : 1; 
45392 : 0; 
45393 : 0; 
45394 : 0; 
45395 : 0; 
45396 : 0; 
45397 : 0; 
45398 : 0; 
45399 : 0; 
45400 : 0; 
45401 : 0; 
45402 : 0; 
45403 : 0; 
45404 : 0; 
45405 : 0; 
45406 : 0; 
45407 : 0; 
45408 : 0; 
45409 : 0; 
45410 : 0; 
45411 : 0; 
45412 : 0; 
45413 : 0; 
45414 : 0; 
45415 : 0; 
45416 : 0; 
45417 : 0; 
45418 : 0; 
45419 : 0; 
45420 : 0; 
45421 : 0; 
45422 : 0; 
45423 : 0; 
45424 : 0; 
45425 : 0; 
45426 : 0; 
45427 : 0; 
45428 : 0; 
45429 : 0; 
45430 : 0; 
45431 : 0; 
45432 : 0; 
45433 : 0; 
45434 : 0; 
45435 : 0; 
45436 : 0; 
45437 : 0; 
45438 : 0; 
45439 : 0; 
45440 : 2; 
45441 : 3; 
45442 : 3; 
45443 : 3; 
45444 : 3; 
45445 : 3; 
45446 : 3; 
45447 : 3; 
45448 : 3; 
45449 : 3; 
45450 : 3; 
45451 : 3; 
45452 : 3; 
45453 : 3; 
45454 : 3; 
45455 : 3; 
45456 : 3; 
45457 : 3; 
45458 : 3; 
45459 : 3; 
45460 : 3; 
45461 : 3; 
45462 : 3; 
45463 : 3; 
45464 : 3; 
45465 : 3; 
45466 : 3; 
45467 : 3; 
45468 : 3; 
45469 : 3; 
45470 : 3; 
45471 : 3; 
45472 : 3; 
45473 : 3; 
45474 : 3; 
45475 : 3; 
45476 : 3; 
45477 : 3; 
45478 : 3; 
45479 : 3; 
45480 : 3; 
45481 : 3; 
45482 : 3; 
45483 : 3; 
45484 : 3; 
45485 : 3; 
45486 : 3; 
45487 : 3; 
45488 : 3; 
45489 : 3; 
45490 : 2; 
45491 : 2; 
45492 : 2; 
45493 : 2; 
45494 : 2; 
45495 : 2; 
45496 : 2; 
45497 : 2; 
45498 : 2; 
45499 : 2; 
45500 : 2; 
45501 : 2; 
45502 : 2; 
45503 : 2; 
45504 : 2; 
45505 : 2; 
45506 : 2; 
45507 : 2; 
45508 : 2; 
45509 : 2; 
45510 : 2; 
45511 : 2; 
45512 : 2; 
45513 : 2; 
45514 : 2; 
45515 : 2; 
45516 : 2; 
45517 : 2; 
45518 : 2; 
45519 : 2; 
45520 : 2; 
45521 : 2; 
45522 : 2; 
45523 : 2; 
45524 : 2; 
45525 : 2; 
45526 : 2; 
45527 : 2; 
45528 : 2; 
45529 : 2; 
45530 : 2; 
45531 : 2; 
45532 : 2; 
45533 : 2; 
45534 : 2; 
45535 : 2; 
45536 : 2; 
45537 : 2; 
45538 : 2; 
45539 : 2; 
45540 : 2; 
45541 : 2; 
45542 : 2; 
45543 : 2; 
45544 : 2; 
45545 : 2; 
45546 : 2; 
45547 : 2; 
45548 : 2; 
45549 : 2; 
45550 : 2; 
45551 : 2; 
45552 : 2; 
45553 : 2; 
45554 : 2; 
45555 : 2; 
45556 : 2; 
45557 : 2; 
45558 : 2; 
45559 : 2; 
45560 : 2; 
45561 : 2; 
45562 : 2; 
45563 : 2; 
45564 : 2; 
45565 : 2; 
45566 : 2; 
45567 : 2; 
45568 : 1; 
45569 : 1; 
45570 : 1; 
45571 : 1; 
45572 : 1; 
45573 : 1; 
45574 : 1; 
45575 : 1; 
45576 : 1; 
45577 : 1; 
45578 : 1; 
45579 : 1; 
45580 : 1; 
45581 : 1; 
45582 : 1; 
45583 : 1; 
45584 : 1; 
45585 : 1; 
45586 : 1; 
45587 : 1; 
45588 : 1; 
45589 : 1; 
45590 : 1; 
45591 : 1; 
45592 : 1; 
45593 : 1; 
45594 : 1; 
45595 : 1; 
45596 : 1; 
45597 : 1; 
45598 : 1; 
45599 : 1; 
45600 : 1; 
45601 : 1; 
45602 : 1; 
45603 : 1; 
45604 : 1; 
45605 : 1; 
45606 : 1; 
45607 : 1; 
45608 : 1; 
45609 : 1; 
45610 : 1; 
45611 : 1; 
45612 : 1; 
45613 : 1; 
45614 : 1; 
45615 : 1; 
45616 : 1; 
45617 : 1; 
45618 : 1; 
45619 : 1; 
45620 : 1; 
45621 : 1; 
45622 : 1; 
45623 : 1; 
45624 : 1; 
45625 : 1; 
45626 : 1; 
45627 : 1; 
45628 : 1; 
45629 : 1; 
45630 : 1; 
45631 : 1; 
45632 : 1; 
45633 : 1; 
45634 : 1; 
45635 : 1; 
45636 : 1; 
45637 : 1; 
45638 : 1; 
45639 : 1; 
45640 : 1; 
45641 : 1; 
45642 : 1; 
45643 : 1; 
45644 : 1; 
45645 : 1; 
45646 : 1; 
45647 : 0; 
45648 : 0; 
45649 : 0; 
45650 : 0; 
45651 : 0; 
45652 : 0; 
45653 : 0; 
45654 : 0; 
45655 : 0; 
45656 : 0; 
45657 : 0; 
45658 : 0; 
45659 : 0; 
45660 : 0; 
45661 : 0; 
45662 : 0; 
45663 : 0; 
45664 : 0; 
45665 : 0; 
45666 : 0; 
45667 : 0; 
45668 : 0; 
45669 : 0; 
45670 : 0; 
45671 : 0; 
45672 : 0; 
45673 : 0; 
45674 : 0; 
45675 : 0; 
45676 : 0; 
45677 : 0; 
45678 : 0; 
45679 : 0; 
45680 : 0; 
45681 : 0; 
45682 : 0; 
45683 : 0; 
45684 : 0; 
45685 : 0; 
45686 : 0; 
45687 : 0; 
45688 : 0; 
45689 : 0; 
45690 : 0; 
45691 : 0; 
45692 : 0; 
45693 : 0; 
45694 : 0; 
45695 : 0; 
45696 : 2; 
45697 : 3; 
45698 : 3; 
45699 : 3; 
45700 : 3; 
45701 : 3; 
45702 : 3; 
45703 : 3; 
45704 : 3; 
45705 : 3; 
45706 : 3; 
45707 : 3; 
45708 : 3; 
45709 : 3; 
45710 : 3; 
45711 : 3; 
45712 : 3; 
45713 : 3; 
45714 : 3; 
45715 : 3; 
45716 : 3; 
45717 : 3; 
45718 : 3; 
45719 : 3; 
45720 : 3; 
45721 : 3; 
45722 : 3; 
45723 : 3; 
45724 : 3; 
45725 : 3; 
45726 : 3; 
45727 : 3; 
45728 : 3; 
45729 : 3; 
45730 : 3; 
45731 : 3; 
45732 : 3; 
45733 : 3; 
45734 : 3; 
45735 : 3; 
45736 : 3; 
45737 : 3; 
45738 : 3; 
45739 : 3; 
45740 : 3; 
45741 : 3; 
45742 : 3; 
45743 : 3; 
45744 : 3; 
45745 : 3; 
45746 : 3; 
45747 : 2; 
45748 : 2; 
45749 : 2; 
45750 : 2; 
45751 : 2; 
45752 : 2; 
45753 : 2; 
45754 : 2; 
45755 : 2; 
45756 : 2; 
45757 : 2; 
45758 : 2; 
45759 : 2; 
45760 : 2; 
45761 : 2; 
45762 : 2; 
45763 : 2; 
45764 : 2; 
45765 : 2; 
45766 : 2; 
45767 : 2; 
45768 : 2; 
45769 : 2; 
45770 : 2; 
45771 : 2; 
45772 : 2; 
45773 : 2; 
45774 : 2; 
45775 : 2; 
45776 : 2; 
45777 : 2; 
45778 : 2; 
45779 : 2; 
45780 : 2; 
45781 : 2; 
45782 : 2; 
45783 : 2; 
45784 : 2; 
45785 : 2; 
45786 : 2; 
45787 : 2; 
45788 : 2; 
45789 : 2; 
45790 : 2; 
45791 : 2; 
45792 : 2; 
45793 : 2; 
45794 : 2; 
45795 : 2; 
45796 : 2; 
45797 : 2; 
45798 : 2; 
45799 : 2; 
45800 : 2; 
45801 : 2; 
45802 : 2; 
45803 : 2; 
45804 : 2; 
45805 : 2; 
45806 : 2; 
45807 : 2; 
45808 : 2; 
45809 : 2; 
45810 : 2; 
45811 : 2; 
45812 : 2; 
45813 : 2; 
45814 : 2; 
45815 : 2; 
45816 : 2; 
45817 : 2; 
45818 : 2; 
45819 : 2; 
45820 : 2; 
45821 : 2; 
45822 : 2; 
45823 : 2; 
45824 : 1; 
45825 : 1; 
45826 : 1; 
45827 : 1; 
45828 : 1; 
45829 : 1; 
45830 : 1; 
45831 : 1; 
45832 : 1; 
45833 : 1; 
45834 : 1; 
45835 : 1; 
45836 : 1; 
45837 : 1; 
45838 : 1; 
45839 : 1; 
45840 : 1; 
45841 : 1; 
45842 : 1; 
45843 : 1; 
45844 : 1; 
45845 : 1; 
45846 : 1; 
45847 : 1; 
45848 : 1; 
45849 : 1; 
45850 : 1; 
45851 : 1; 
45852 : 1; 
45853 : 1; 
45854 : 1; 
45855 : 1; 
45856 : 1; 
45857 : 1; 
45858 : 1; 
45859 : 1; 
45860 : 1; 
45861 : 1; 
45862 : 1; 
45863 : 1; 
45864 : 1; 
45865 : 1; 
45866 : 1; 
45867 : 1; 
45868 : 1; 
45869 : 1; 
45870 : 1; 
45871 : 1; 
45872 : 1; 
45873 : 1; 
45874 : 1; 
45875 : 1; 
45876 : 1; 
45877 : 1; 
45878 : 1; 
45879 : 1; 
45880 : 1; 
45881 : 1; 
45882 : 1; 
45883 : 1; 
45884 : 1; 
45885 : 1; 
45886 : 1; 
45887 : 1; 
45888 : 1; 
45889 : 1; 
45890 : 1; 
45891 : 1; 
45892 : 1; 
45893 : 1; 
45894 : 1; 
45895 : 1; 
45896 : 1; 
45897 : 1; 
45898 : 1; 
45899 : 1; 
45900 : 1; 
45901 : 1; 
45902 : 0; 
45903 : 0; 
45904 : 0; 
45905 : 0; 
45906 : 0; 
45907 : 0; 
45908 : 0; 
45909 : 0; 
45910 : 0; 
45911 : 0; 
45912 : 0; 
45913 : 0; 
45914 : 0; 
45915 : 0; 
45916 : 0; 
45917 : 0; 
45918 : 0; 
45919 : 0; 
45920 : 0; 
45921 : 0; 
45922 : 0; 
45923 : 0; 
45924 : 0; 
45925 : 0; 
45926 : 0; 
45927 : 0; 
45928 : 0; 
45929 : 0; 
45930 : 0; 
45931 : 0; 
45932 : 0; 
45933 : 0; 
45934 : 0; 
45935 : 0; 
45936 : 0; 
45937 : 0; 
45938 : 0; 
45939 : 0; 
45940 : 0; 
45941 : 0; 
45942 : 0; 
45943 : 0; 
45944 : 0; 
45945 : 0; 
45946 : 0; 
45947 : 0; 
45948 : 0; 
45949 : 0; 
45950 : 0; 
45951 : 0; 
45952 : 2; 
45953 : 3; 
45954 : 3; 
45955 : 3; 
45956 : 3; 
45957 : 3; 
45958 : 3; 
45959 : 3; 
45960 : 3; 
45961 : 3; 
45962 : 3; 
45963 : 3; 
45964 : 3; 
45965 : 3; 
45966 : 3; 
45967 : 3; 
45968 : 3; 
45969 : 3; 
45970 : 3; 
45971 : 3; 
45972 : 3; 
45973 : 3; 
45974 : 3; 
45975 : 3; 
45976 : 3; 
45977 : 3; 
45978 : 3; 
45979 : 3; 
45980 : 3; 
45981 : 3; 
45982 : 3; 
45983 : 3; 
45984 : 3; 
45985 : 3; 
45986 : 3; 
45987 : 3; 
45988 : 3; 
45989 : 3; 
45990 : 3; 
45991 : 3; 
45992 : 3; 
45993 : 3; 
45994 : 3; 
45995 : 3; 
45996 : 3; 
45997 : 3; 
45998 : 3; 
45999 : 3; 
46000 : 3; 
46001 : 3; 
46002 : 3; 
46003 : 3; 
46004 : 2; 
46005 : 2; 
46006 : 2; 
46007 : 2; 
46008 : 2; 
46009 : 2; 
46010 : 2; 
46011 : 2; 
46012 : 2; 
46013 : 2; 
46014 : 2; 
46015 : 2; 
46016 : 2; 
46017 : 2; 
46018 : 2; 
46019 : 2; 
46020 : 2; 
46021 : 2; 
46022 : 2; 
46023 : 2; 
46024 : 2; 
46025 : 2; 
46026 : 2; 
46027 : 2; 
46028 : 2; 
46029 : 2; 
46030 : 2; 
46031 : 2; 
46032 : 2; 
46033 : 2; 
46034 : 2; 
46035 : 2; 
46036 : 2; 
46037 : 2; 
46038 : 2; 
46039 : 2; 
46040 : 2; 
46041 : 2; 
46042 : 2; 
46043 : 2; 
46044 : 2; 
46045 : 2; 
46046 : 2; 
46047 : 2; 
46048 : 2; 
46049 : 2; 
46050 : 2; 
46051 : 2; 
46052 : 2; 
46053 : 2; 
46054 : 2; 
46055 : 2; 
46056 : 2; 
46057 : 2; 
46058 : 2; 
46059 : 2; 
46060 : 2; 
46061 : 2; 
46062 : 2; 
46063 : 2; 
46064 : 2; 
46065 : 2; 
46066 : 2; 
46067 : 2; 
46068 : 2; 
46069 : 2; 
46070 : 2; 
46071 : 2; 
46072 : 2; 
46073 : 2; 
46074 : 2; 
46075 : 2; 
46076 : 2; 
46077 : 2; 
46078 : 2; 
46079 : 2; 
46080 : 1; 
46081 : 1; 
46082 : 1; 
46083 : 1; 
46084 : 1; 
46085 : 1; 
46086 : 1; 
46087 : 1; 
46088 : 1; 
46089 : 1; 
46090 : 1; 
46091 : 1; 
46092 : 1; 
46093 : 1; 
46094 : 1; 
46095 : 1; 
46096 : 1; 
46097 : 1; 
46098 : 1; 
46099 : 1; 
46100 : 1; 
46101 : 1; 
46102 : 1; 
46103 : 1; 
46104 : 1; 
46105 : 1; 
46106 : 1; 
46107 : 1; 
46108 : 1; 
46109 : 1; 
46110 : 1; 
46111 : 1; 
46112 : 1; 
46113 : 1; 
46114 : 1; 
46115 : 1; 
46116 : 1; 
46117 : 1; 
46118 : 1; 
46119 : 1; 
46120 : 1; 
46121 : 1; 
46122 : 1; 
46123 : 1; 
46124 : 1; 
46125 : 1; 
46126 : 1; 
46127 : 1; 
46128 : 1; 
46129 : 1; 
46130 : 1; 
46131 : 1; 
46132 : 1; 
46133 : 1; 
46134 : 1; 
46135 : 1; 
46136 : 1; 
46137 : 1; 
46138 : 1; 
46139 : 1; 
46140 : 1; 
46141 : 1; 
46142 : 1; 
46143 : 1; 
46144 : 1; 
46145 : 1; 
46146 : 1; 
46147 : 1; 
46148 : 1; 
46149 : 1; 
46150 : 1; 
46151 : 1; 
46152 : 1; 
46153 : 1; 
46154 : 1; 
46155 : 1; 
46156 : 1; 
46157 : 0; 
46158 : 0; 
46159 : 0; 
46160 : 0; 
46161 : 0; 
46162 : 0; 
46163 : 0; 
46164 : 0; 
46165 : 0; 
46166 : 0; 
46167 : 0; 
46168 : 0; 
46169 : 0; 
46170 : 0; 
46171 : 0; 
46172 : 0; 
46173 : 0; 
46174 : 0; 
46175 : 0; 
46176 : 0; 
46177 : 0; 
46178 : 0; 
46179 : 0; 
46180 : 0; 
46181 : 0; 
46182 : 0; 
46183 : 0; 
46184 : 0; 
46185 : 0; 
46186 : 0; 
46187 : 0; 
46188 : 0; 
46189 : 0; 
46190 : 0; 
46191 : 0; 
46192 : 0; 
46193 : 0; 
46194 : 0; 
46195 : 0; 
46196 : 0; 
46197 : 0; 
46198 : 0; 
46199 : 0; 
46200 : 0; 
46201 : 0; 
46202 : 0; 
46203 : 0; 
46204 : 0; 
46205 : 0; 
46206 : 0; 
46207 : 0; 
46208 : 2; 
46209 : 3; 
46210 : 3; 
46211 : 3; 
46212 : 3; 
46213 : 3; 
46214 : 3; 
46215 : 3; 
46216 : 3; 
46217 : 3; 
46218 : 3; 
46219 : 3; 
46220 : 3; 
46221 : 3; 
46222 : 3; 
46223 : 3; 
46224 : 3; 
46225 : 3; 
46226 : 3; 
46227 : 3; 
46228 : 3; 
46229 : 3; 
46230 : 3; 
46231 : 3; 
46232 : 3; 
46233 : 3; 
46234 : 3; 
46235 : 3; 
46236 : 3; 
46237 : 3; 
46238 : 3; 
46239 : 3; 
46240 : 3; 
46241 : 3; 
46242 : 3; 
46243 : 3; 
46244 : 3; 
46245 : 3; 
46246 : 3; 
46247 : 3; 
46248 : 3; 
46249 : 3; 
46250 : 3; 
46251 : 3; 
46252 : 3; 
46253 : 3; 
46254 : 3; 
46255 : 3; 
46256 : 3; 
46257 : 3; 
46258 : 3; 
46259 : 3; 
46260 : 3; 
46261 : 2; 
46262 : 2; 
46263 : 2; 
46264 : 2; 
46265 : 2; 
46266 : 2; 
46267 : 2; 
46268 : 2; 
46269 : 2; 
46270 : 2; 
46271 : 2; 
46272 : 2; 
46273 : 2; 
46274 : 2; 
46275 : 2; 
46276 : 2; 
46277 : 2; 
46278 : 2; 
46279 : 2; 
46280 : 2; 
46281 : 2; 
46282 : 2; 
46283 : 2; 
46284 : 2; 
46285 : 2; 
46286 : 2; 
46287 : 2; 
46288 : 2; 
46289 : 2; 
46290 : 2; 
46291 : 2; 
46292 : 2; 
46293 : 2; 
46294 : 2; 
46295 : 2; 
46296 : 2; 
46297 : 2; 
46298 : 2; 
46299 : 2; 
46300 : 2; 
46301 : 2; 
46302 : 2; 
46303 : 2; 
46304 : 2; 
46305 : 2; 
46306 : 2; 
46307 : 2; 
46308 : 2; 
46309 : 2; 
46310 : 2; 
46311 : 2; 
46312 : 2; 
46313 : 2; 
46314 : 2; 
46315 : 2; 
46316 : 2; 
46317 : 2; 
46318 : 2; 
46319 : 2; 
46320 : 2; 
46321 : 2; 
46322 : 2; 
46323 : 2; 
46324 : 2; 
46325 : 2; 
46326 : 2; 
46327 : 2; 
46328 : 2; 
46329 : 2; 
46330 : 2; 
46331 : 2; 
46332 : 2; 
46333 : 2; 
46334 : 2; 
46335 : 2; 
46336 : 1; 
46337 : 1; 
46338 : 1; 
46339 : 1; 
46340 : 1; 
46341 : 1; 
46342 : 1; 
46343 : 1; 
46344 : 1; 
46345 : 1; 
46346 : 1; 
46347 : 1; 
46348 : 1; 
46349 : 1; 
46350 : 1; 
46351 : 1; 
46352 : 1; 
46353 : 1; 
46354 : 1; 
46355 : 1; 
46356 : 1; 
46357 : 1; 
46358 : 1; 
46359 : 1; 
46360 : 1; 
46361 : 1; 
46362 : 1; 
46363 : 1; 
46364 : 1; 
46365 : 1; 
46366 : 1; 
46367 : 1; 
46368 : 1; 
46369 : 1; 
46370 : 1; 
46371 : 1; 
46372 : 1; 
46373 : 1; 
46374 : 1; 
46375 : 1; 
46376 : 1; 
46377 : 1; 
46378 : 1; 
46379 : 1; 
46380 : 1; 
46381 : 1; 
46382 : 1; 
46383 : 1; 
46384 : 1; 
46385 : 1; 
46386 : 1; 
46387 : 1; 
46388 : 1; 
46389 : 1; 
46390 : 1; 
46391 : 1; 
46392 : 1; 
46393 : 1; 
46394 : 1; 
46395 : 1; 
46396 : 1; 
46397 : 1; 
46398 : 1; 
46399 : 1; 
46400 : 1; 
46401 : 1; 
46402 : 1; 
46403 : 1; 
46404 : 1; 
46405 : 1; 
46406 : 1; 
46407 : 1; 
46408 : 1; 
46409 : 1; 
46410 : 1; 
46411 : 1; 
46412 : 0; 
46413 : 0; 
46414 : 0; 
46415 : 0; 
46416 : 0; 
46417 : 0; 
46418 : 0; 
46419 : 0; 
46420 : 0; 
46421 : 0; 
46422 : 0; 
46423 : 0; 
46424 : 0; 
46425 : 0; 
46426 : 0; 
46427 : 0; 
46428 : 0; 
46429 : 0; 
46430 : 0; 
46431 : 0; 
46432 : 0; 
46433 : 0; 
46434 : 0; 
46435 : 0; 
46436 : 0; 
46437 : 0; 
46438 : 0; 
46439 : 0; 
46440 : 0; 
46441 : 0; 
46442 : 0; 
46443 : 0; 
46444 : 0; 
46445 : 0; 
46446 : 0; 
46447 : 0; 
46448 : 0; 
46449 : 0; 
46450 : 0; 
46451 : 0; 
46452 : 0; 
46453 : 0; 
46454 : 0; 
46455 : 0; 
46456 : 0; 
46457 : 0; 
46458 : 0; 
46459 : 0; 
46460 : 0; 
46461 : 0; 
46462 : 0; 
46463 : 0; 
46464 : 2; 
46465 : 3; 
46466 : 3; 
46467 : 3; 
46468 : 3; 
46469 : 3; 
46470 : 3; 
46471 : 3; 
46472 : 3; 
46473 : 3; 
46474 : 3; 
46475 : 3; 
46476 : 3; 
46477 : 3; 
46478 : 3; 
46479 : 3; 
46480 : 3; 
46481 : 3; 
46482 : 3; 
46483 : 3; 
46484 : 3; 
46485 : 3; 
46486 : 3; 
46487 : 3; 
46488 : 3; 
46489 : 3; 
46490 : 3; 
46491 : 3; 
46492 : 3; 
46493 : 3; 
46494 : 3; 
46495 : 3; 
46496 : 3; 
46497 : 3; 
46498 : 3; 
46499 : 3; 
46500 : 3; 
46501 : 3; 
46502 : 3; 
46503 : 3; 
46504 : 3; 
46505 : 3; 
46506 : 3; 
46507 : 3; 
46508 : 3; 
46509 : 3; 
46510 : 3; 
46511 : 3; 
46512 : 3; 
46513 : 3; 
46514 : 3; 
46515 : 3; 
46516 : 3; 
46517 : 3; 
46518 : 2; 
46519 : 2; 
46520 : 2; 
46521 : 2; 
46522 : 2; 
46523 : 2; 
46524 : 2; 
46525 : 2; 
46526 : 2; 
46527 : 2; 
46528 : 2; 
46529 : 2; 
46530 : 2; 
46531 : 2; 
46532 : 2; 
46533 : 2; 
46534 : 2; 
46535 : 2; 
46536 : 2; 
46537 : 2; 
46538 : 2; 
46539 : 2; 
46540 : 2; 
46541 : 2; 
46542 : 2; 
46543 : 2; 
46544 : 2; 
46545 : 2; 
46546 : 2; 
46547 : 2; 
46548 : 2; 
46549 : 2; 
46550 : 2; 
46551 : 2; 
46552 : 2; 
46553 : 2; 
46554 : 2; 
46555 : 2; 
46556 : 2; 
46557 : 2; 
46558 : 2; 
46559 : 2; 
46560 : 2; 
46561 : 2; 
46562 : 2; 
46563 : 2; 
46564 : 2; 
46565 : 2; 
46566 : 2; 
46567 : 2; 
46568 : 2; 
46569 : 2; 
46570 : 2; 
46571 : 2; 
46572 : 2; 
46573 : 2; 
46574 : 2; 
46575 : 2; 
46576 : 2; 
46577 : 2; 
46578 : 2; 
46579 : 2; 
46580 : 2; 
46581 : 2; 
46582 : 2; 
46583 : 2; 
46584 : 2; 
46585 : 2; 
46586 : 2; 
46587 : 2; 
46588 : 2; 
46589 : 2; 
46590 : 2; 
46591 : 2; 
46592 : 1; 
46593 : 1; 
46594 : 1; 
46595 : 1; 
46596 : 1; 
46597 : 1; 
46598 : 1; 
46599 : 1; 
46600 : 1; 
46601 : 1; 
46602 : 1; 
46603 : 1; 
46604 : 1; 
46605 : 1; 
46606 : 1; 
46607 : 1; 
46608 : 1; 
46609 : 1; 
46610 : 1; 
46611 : 1; 
46612 : 1; 
46613 : 1; 
46614 : 1; 
46615 : 1; 
46616 : 1; 
46617 : 1; 
46618 : 1; 
46619 : 1; 
46620 : 1; 
46621 : 1; 
46622 : 1; 
46623 : 1; 
46624 : 1; 
46625 : 1; 
46626 : 1; 
46627 : 1; 
46628 : 1; 
46629 : 1; 
46630 : 1; 
46631 : 1; 
46632 : 1; 
46633 : 1; 
46634 : 1; 
46635 : 1; 
46636 : 1; 
46637 : 1; 
46638 : 1; 
46639 : 1; 
46640 : 1; 
46641 : 1; 
46642 : 1; 
46643 : 1; 
46644 : 1; 
46645 : 1; 
46646 : 1; 
46647 : 1; 
46648 : 1; 
46649 : 1; 
46650 : 1; 
46651 : 1; 
46652 : 1; 
46653 : 1; 
46654 : 1; 
46655 : 1; 
46656 : 1; 
46657 : 1; 
46658 : 1; 
46659 : 1; 
46660 : 1; 
46661 : 1; 
46662 : 1; 
46663 : 1; 
46664 : 1; 
46665 : 1; 
46666 : 1; 
46667 : 0; 
46668 : 0; 
46669 : 0; 
46670 : 0; 
46671 : 0; 
46672 : 0; 
46673 : 0; 
46674 : 0; 
46675 : 0; 
46676 : 0; 
46677 : 0; 
46678 : 0; 
46679 : 0; 
46680 : 0; 
46681 : 0; 
46682 : 0; 
46683 : 0; 
46684 : 0; 
46685 : 0; 
46686 : 0; 
46687 : 0; 
46688 : 0; 
46689 : 0; 
46690 : 0; 
46691 : 0; 
46692 : 0; 
46693 : 0; 
46694 : 0; 
46695 : 0; 
46696 : 0; 
46697 : 0; 
46698 : 0; 
46699 : 0; 
46700 : 0; 
46701 : 0; 
46702 : 0; 
46703 : 0; 
46704 : 0; 
46705 : 0; 
46706 : 0; 
46707 : 0; 
46708 : 0; 
46709 : 0; 
46710 : 0; 
46711 : 0; 
46712 : 0; 
46713 : 0; 
46714 : 0; 
46715 : 0; 
46716 : 0; 
46717 : 0; 
46718 : 0; 
46719 : 0; 
46720 : 2; 
46721 : 3; 
46722 : 3; 
46723 : 3; 
46724 : 3; 
46725 : 3; 
46726 : 3; 
46727 : 3; 
46728 : 3; 
46729 : 3; 
46730 : 3; 
46731 : 3; 
46732 : 3; 
46733 : 3; 
46734 : 3; 
46735 : 3; 
46736 : 3; 
46737 : 3; 
46738 : 3; 
46739 : 3; 
46740 : 3; 
46741 : 3; 
46742 : 3; 
46743 : 3; 
46744 : 3; 
46745 : 3; 
46746 : 3; 
46747 : 3; 
46748 : 3; 
46749 : 3; 
46750 : 3; 
46751 : 3; 
46752 : 3; 
46753 : 3; 
46754 : 3; 
46755 : 3; 
46756 : 3; 
46757 : 3; 
46758 : 3; 
46759 : 3; 
46760 : 3; 
46761 : 3; 
46762 : 3; 
46763 : 3; 
46764 : 3; 
46765 : 3; 
46766 : 3; 
46767 : 3; 
46768 : 3; 
46769 : 3; 
46770 : 3; 
46771 : 3; 
46772 : 3; 
46773 : 3; 
46774 : 3; 
46775 : 2; 
46776 : 2; 
46777 : 2; 
46778 : 2; 
46779 : 2; 
46780 : 2; 
46781 : 2; 
46782 : 2; 
46783 : 2; 
46784 : 2; 
46785 : 2; 
46786 : 2; 
46787 : 2; 
46788 : 2; 
46789 : 2; 
46790 : 2; 
46791 : 2; 
46792 : 2; 
46793 : 2; 
46794 : 2; 
46795 : 2; 
46796 : 2; 
46797 : 2; 
46798 : 2; 
46799 : 2; 
46800 : 2; 
46801 : 2; 
46802 : 2; 
46803 : 2; 
46804 : 2; 
46805 : 2; 
46806 : 2; 
46807 : 2; 
46808 : 2; 
46809 : 2; 
46810 : 2; 
46811 : 2; 
46812 : 2; 
46813 : 2; 
46814 : 2; 
46815 : 2; 
46816 : 2; 
46817 : 2; 
46818 : 2; 
46819 : 2; 
46820 : 2; 
46821 : 2; 
46822 : 2; 
46823 : 2; 
46824 : 2; 
46825 : 2; 
46826 : 2; 
46827 : 2; 
46828 : 2; 
46829 : 2; 
46830 : 2; 
46831 : 2; 
46832 : 2; 
46833 : 2; 
46834 : 2; 
46835 : 2; 
46836 : 2; 
46837 : 2; 
46838 : 2; 
46839 : 2; 
46840 : 2; 
46841 : 2; 
46842 : 2; 
46843 : 2; 
46844 : 2; 
46845 : 2; 
46846 : 2; 
46847 : 2; 
46848 : 1; 
46849 : 1; 
46850 : 1; 
46851 : 1; 
46852 : 1; 
46853 : 1; 
46854 : 1; 
46855 : 1; 
46856 : 1; 
46857 : 1; 
46858 : 1; 
46859 : 1; 
46860 : 1; 
46861 : 1; 
46862 : 1; 
46863 : 1; 
46864 : 1; 
46865 : 1; 
46866 : 1; 
46867 : 1; 
46868 : 1; 
46869 : 1; 
46870 : 1; 
46871 : 1; 
46872 : 1; 
46873 : 1; 
46874 : 1; 
46875 : 1; 
46876 : 1; 
46877 : 1; 
46878 : 1; 
46879 : 1; 
46880 : 1; 
46881 : 1; 
46882 : 1; 
46883 : 1; 
46884 : 1; 
46885 : 1; 
46886 : 1; 
46887 : 1; 
46888 : 1; 
46889 : 1; 
46890 : 1; 
46891 : 1; 
46892 : 1; 
46893 : 1; 
46894 : 1; 
46895 : 1; 
46896 : 1; 
46897 : 1; 
46898 : 1; 
46899 : 1; 
46900 : 1; 
46901 : 1; 
46902 : 1; 
46903 : 1; 
46904 : 1; 
46905 : 1; 
46906 : 1; 
46907 : 1; 
46908 : 1; 
46909 : 1; 
46910 : 1; 
46911 : 1; 
46912 : 1; 
46913 : 1; 
46914 : 1; 
46915 : 1; 
46916 : 1; 
46917 : 1; 
46918 : 1; 
46919 : 1; 
46920 : 1; 
46921 : 1; 
46922 : 0; 
46923 : 0; 
46924 : 0; 
46925 : 0; 
46926 : 0; 
46927 : 0; 
46928 : 0; 
46929 : 0; 
46930 : 0; 
46931 : 0; 
46932 : 0; 
46933 : 0; 
46934 : 0; 
46935 : 0; 
46936 : 0; 
46937 : 0; 
46938 : 0; 
46939 : 0; 
46940 : 0; 
46941 : 0; 
46942 : 0; 
46943 : 0; 
46944 : 0; 
46945 : 0; 
46946 : 0; 
46947 : 0; 
46948 : 0; 
46949 : 0; 
46950 : 0; 
46951 : 0; 
46952 : 0; 
46953 : 0; 
46954 : 0; 
46955 : 0; 
46956 : 0; 
46957 : 0; 
46958 : 0; 
46959 : 0; 
46960 : 0; 
46961 : 0; 
46962 : 0; 
46963 : 0; 
46964 : 0; 
46965 : 0; 
46966 : 0; 
46967 : 0; 
46968 : 0; 
46969 : 0; 
46970 : 0; 
46971 : 0; 
46972 : 0; 
46973 : 0; 
46974 : 0; 
46975 : 0; 
46976 : 2; 
46977 : 3; 
46978 : 3; 
46979 : 3; 
46980 : 3; 
46981 : 3; 
46982 : 3; 
46983 : 3; 
46984 : 3; 
46985 : 3; 
46986 : 3; 
46987 : 3; 
46988 : 3; 
46989 : 3; 
46990 : 3; 
46991 : 3; 
46992 : 3; 
46993 : 3; 
46994 : 3; 
46995 : 3; 
46996 : 3; 
46997 : 3; 
46998 : 3; 
46999 : 3; 
47000 : 3; 
47001 : 3; 
47002 : 3; 
47003 : 3; 
47004 : 3; 
47005 : 3; 
47006 : 3; 
47007 : 3; 
47008 : 3; 
47009 : 3; 
47010 : 3; 
47011 : 3; 
47012 : 3; 
47013 : 3; 
47014 : 3; 
47015 : 3; 
47016 : 3; 
47017 : 3; 
47018 : 3; 
47019 : 3; 
47020 : 3; 
47021 : 3; 
47022 : 3; 
47023 : 3; 
47024 : 3; 
47025 : 3; 
47026 : 3; 
47027 : 3; 
47028 : 3; 
47029 : 3; 
47030 : 3; 
47031 : 3; 
47032 : 2; 
47033 : 2; 
47034 : 2; 
47035 : 2; 
47036 : 2; 
47037 : 2; 
47038 : 2; 
47039 : 2; 
47040 : 2; 
47041 : 2; 
47042 : 2; 
47043 : 2; 
47044 : 2; 
47045 : 2; 
47046 : 2; 
47047 : 2; 
47048 : 2; 
47049 : 2; 
47050 : 2; 
47051 : 2; 
47052 : 2; 
47053 : 2; 
47054 : 2; 
47055 : 2; 
47056 : 2; 
47057 : 2; 
47058 : 2; 
47059 : 2; 
47060 : 2; 
47061 : 2; 
47062 : 2; 
47063 : 2; 
47064 : 2; 
47065 : 2; 
47066 : 2; 
47067 : 2; 
47068 : 2; 
47069 : 2; 
47070 : 2; 
47071 : 2; 
47072 : 2; 
47073 : 2; 
47074 : 2; 
47075 : 2; 
47076 : 2; 
47077 : 2; 
47078 : 2; 
47079 : 2; 
47080 : 2; 
47081 : 2; 
47082 : 2; 
47083 : 2; 
47084 : 2; 
47085 : 2; 
47086 : 2; 
47087 : 2; 
47088 : 2; 
47089 : 2; 
47090 : 2; 
47091 : 2; 
47092 : 2; 
47093 : 2; 
47094 : 2; 
47095 : 2; 
47096 : 2; 
47097 : 2; 
47098 : 2; 
47099 : 2; 
47100 : 2; 
47101 : 2; 
47102 : 2; 
47103 : 2; 
47104 : 1; 
47105 : 1; 
47106 : 1; 
47107 : 1; 
47108 : 1; 
47109 : 1; 
47110 : 1; 
47111 : 1; 
47112 : 1; 
47113 : 1; 
47114 : 1; 
47115 : 1; 
47116 : 1; 
47117 : 1; 
47118 : 1; 
47119 : 1; 
47120 : 1; 
47121 : 1; 
47122 : 1; 
47123 : 1; 
47124 : 1; 
47125 : 1; 
47126 : 1; 
47127 : 1; 
47128 : 1; 
47129 : 1; 
47130 : 1; 
47131 : 1; 
47132 : 1; 
47133 : 1; 
47134 : 1; 
47135 : 1; 
47136 : 1; 
47137 : 1; 
47138 : 1; 
47139 : 1; 
47140 : 1; 
47141 : 1; 
47142 : 1; 
47143 : 1; 
47144 : 1; 
47145 : 1; 
47146 : 1; 
47147 : 1; 
47148 : 1; 
47149 : 1; 
47150 : 1; 
47151 : 1; 
47152 : 1; 
47153 : 1; 
47154 : 1; 
47155 : 1; 
47156 : 1; 
47157 : 1; 
47158 : 1; 
47159 : 1; 
47160 : 1; 
47161 : 1; 
47162 : 1; 
47163 : 1; 
47164 : 1; 
47165 : 1; 
47166 : 1; 
47167 : 1; 
47168 : 1; 
47169 : 1; 
47170 : 1; 
47171 : 1; 
47172 : 1; 
47173 : 1; 
47174 : 1; 
47175 : 1; 
47176 : 1; 
47177 : 0; 
47178 : 0; 
47179 : 0; 
47180 : 0; 
47181 : 0; 
47182 : 0; 
47183 : 0; 
47184 : 0; 
47185 : 0; 
47186 : 0; 
47187 : 0; 
47188 : 0; 
47189 : 0; 
47190 : 0; 
47191 : 0; 
47192 : 0; 
47193 : 0; 
47194 : 0; 
47195 : 0; 
47196 : 0; 
47197 : 0; 
47198 : 0; 
47199 : 0; 
47200 : 0; 
47201 : 0; 
47202 : 0; 
47203 : 0; 
47204 : 0; 
47205 : 0; 
47206 : 0; 
47207 : 0; 
47208 : 0; 
47209 : 0; 
47210 : 0; 
47211 : 0; 
47212 : 0; 
47213 : 0; 
47214 : 0; 
47215 : 0; 
47216 : 0; 
47217 : 0; 
47218 : 0; 
47219 : 0; 
47220 : 0; 
47221 : 0; 
47222 : 0; 
47223 : 0; 
47224 : 0; 
47225 : 0; 
47226 : 0; 
47227 : 0; 
47228 : 0; 
47229 : 0; 
47230 : 0; 
47231 : 0; 
47232 : 2; 
47233 : 3; 
47234 : 3; 
47235 : 3; 
47236 : 3; 
47237 : 3; 
47238 : 3; 
47239 : 3; 
47240 : 3; 
47241 : 3; 
47242 : 3; 
47243 : 3; 
47244 : 3; 
47245 : 3; 
47246 : 3; 
47247 : 3; 
47248 : 3; 
47249 : 3; 
47250 : 3; 
47251 : 3; 
47252 : 3; 
47253 : 3; 
47254 : 3; 
47255 : 3; 
47256 : 3; 
47257 : 3; 
47258 : 3; 
47259 : 3; 
47260 : 3; 
47261 : 3; 
47262 : 3; 
47263 : 3; 
47264 : 3; 
47265 : 3; 
47266 : 3; 
47267 : 3; 
47268 : 3; 
47269 : 3; 
47270 : 3; 
47271 : 3; 
47272 : 3; 
47273 : 3; 
47274 : 3; 
47275 : 3; 
47276 : 3; 
47277 : 3; 
47278 : 3; 
47279 : 3; 
47280 : 3; 
47281 : 3; 
47282 : 3; 
47283 : 3; 
47284 : 3; 
47285 : 3; 
47286 : 3; 
47287 : 3; 
47288 : 3; 
47289 : 2; 
47290 : 2; 
47291 : 2; 
47292 : 2; 
47293 : 2; 
47294 : 2; 
47295 : 2; 
47296 : 2; 
47297 : 2; 
47298 : 2; 
47299 : 2; 
47300 : 2; 
47301 : 2; 
47302 : 2; 
47303 : 2; 
47304 : 2; 
47305 : 2; 
47306 : 2; 
47307 : 2; 
47308 : 2; 
47309 : 2; 
47310 : 2; 
47311 : 2; 
47312 : 2; 
47313 : 2; 
47314 : 2; 
47315 : 2; 
47316 : 2; 
47317 : 2; 
47318 : 2; 
47319 : 2; 
47320 : 2; 
47321 : 2; 
47322 : 2; 
47323 : 2; 
47324 : 2; 
47325 : 2; 
47326 : 2; 
47327 : 2; 
47328 : 2; 
47329 : 2; 
47330 : 2; 
47331 : 2; 
47332 : 2; 
47333 : 2; 
47334 : 2; 
47335 : 2; 
47336 : 2; 
47337 : 2; 
47338 : 2; 
47339 : 2; 
47340 : 2; 
47341 : 2; 
47342 : 2; 
47343 : 2; 
47344 : 2; 
47345 : 2; 
47346 : 2; 
47347 : 2; 
47348 : 2; 
47349 : 2; 
47350 : 2; 
47351 : 2; 
47352 : 2; 
47353 : 2; 
47354 : 2; 
47355 : 2; 
47356 : 2; 
47357 : 2; 
47358 : 2; 
47359 : 2; 
47360 : 1; 
47361 : 1; 
47362 : 1; 
47363 : 1; 
47364 : 1; 
47365 : 1; 
47366 : 1; 
47367 : 1; 
47368 : 1; 
47369 : 1; 
47370 : 1; 
47371 : 1; 
47372 : 1; 
47373 : 1; 
47374 : 1; 
47375 : 1; 
47376 : 1; 
47377 : 1; 
47378 : 1; 
47379 : 1; 
47380 : 1; 
47381 : 1; 
47382 : 1; 
47383 : 1; 
47384 : 1; 
47385 : 1; 
47386 : 1; 
47387 : 1; 
47388 : 1; 
47389 : 1; 
47390 : 1; 
47391 : 1; 
47392 : 1; 
47393 : 1; 
47394 : 1; 
47395 : 1; 
47396 : 1; 
47397 : 1; 
47398 : 1; 
47399 : 1; 
47400 : 1; 
47401 : 1; 
47402 : 1; 
47403 : 1; 
47404 : 1; 
47405 : 1; 
47406 : 1; 
47407 : 1; 
47408 : 1; 
47409 : 1; 
47410 : 1; 
47411 : 1; 
47412 : 1; 
47413 : 1; 
47414 : 1; 
47415 : 1; 
47416 : 1; 
47417 : 1; 
47418 : 1; 
47419 : 1; 
47420 : 1; 
47421 : 1; 
47422 : 1; 
47423 : 1; 
47424 : 1; 
47425 : 1; 
47426 : 1; 
47427 : 1; 
47428 : 1; 
47429 : 1; 
47430 : 1; 
47431 : 1; 
47432 : 0; 
47433 : 0; 
47434 : 0; 
47435 : 0; 
47436 : 0; 
47437 : 0; 
47438 : 0; 
47439 : 0; 
47440 : 0; 
47441 : 0; 
47442 : 0; 
47443 : 0; 
47444 : 0; 
47445 : 0; 
47446 : 0; 
47447 : 0; 
47448 : 0; 
47449 : 0; 
47450 : 0; 
47451 : 0; 
47452 : 0; 
47453 : 0; 
47454 : 0; 
47455 : 0; 
47456 : 0; 
47457 : 0; 
47458 : 0; 
47459 : 0; 
47460 : 0; 
47461 : 0; 
47462 : 0; 
47463 : 0; 
47464 : 0; 
47465 : 0; 
47466 : 0; 
47467 : 0; 
47468 : 0; 
47469 : 0; 
47470 : 0; 
47471 : 0; 
47472 : 0; 
47473 : 0; 
47474 : 0; 
47475 : 0; 
47476 : 0; 
47477 : 0; 
47478 : 0; 
47479 : 0; 
47480 : 0; 
47481 : 0; 
47482 : 0; 
47483 : 0; 
47484 : 0; 
47485 : 0; 
47486 : 0; 
47487 : 0; 
47488 : 2; 
47489 : 3; 
47490 : 3; 
47491 : 3; 
47492 : 3; 
47493 : 3; 
47494 : 3; 
47495 : 3; 
47496 : 3; 
47497 : 3; 
47498 : 3; 
47499 : 3; 
47500 : 3; 
47501 : 3; 
47502 : 3; 
47503 : 3; 
47504 : 3; 
47505 : 3; 
47506 : 3; 
47507 : 3; 
47508 : 3; 
47509 : 3; 
47510 : 3; 
47511 : 3; 
47512 : 3; 
47513 : 3; 
47514 : 3; 
47515 : 3; 
47516 : 3; 
47517 : 3; 
47518 : 3; 
47519 : 3; 
47520 : 3; 
47521 : 3; 
47522 : 3; 
47523 : 3; 
47524 : 3; 
47525 : 3; 
47526 : 3; 
47527 : 3; 
47528 : 3; 
47529 : 3; 
47530 : 3; 
47531 : 3; 
47532 : 3; 
47533 : 3; 
47534 : 3; 
47535 : 3; 
47536 : 3; 
47537 : 3; 
47538 : 3; 
47539 : 3; 
47540 : 3; 
47541 : 3; 
47542 : 3; 
47543 : 3; 
47544 : 3; 
47545 : 3; 
47546 : 2; 
47547 : 2; 
47548 : 2; 
47549 : 2; 
47550 : 2; 
47551 : 2; 
47552 : 2; 
47553 : 2; 
47554 : 2; 
47555 : 2; 
47556 : 2; 
47557 : 2; 
47558 : 2; 
47559 : 2; 
47560 : 2; 
47561 : 2; 
47562 : 2; 
47563 : 2; 
47564 : 2; 
47565 : 2; 
47566 : 2; 
47567 : 2; 
47568 : 2; 
47569 : 2; 
47570 : 2; 
47571 : 2; 
47572 : 2; 
47573 : 2; 
47574 : 2; 
47575 : 2; 
47576 : 2; 
47577 : 2; 
47578 : 2; 
47579 : 2; 
47580 : 2; 
47581 : 2; 
47582 : 2; 
47583 : 2; 
47584 : 2; 
47585 : 2; 
47586 : 2; 
47587 : 2; 
47588 : 2; 
47589 : 2; 
47590 : 2; 
47591 : 2; 
47592 : 2; 
47593 : 2; 
47594 : 2; 
47595 : 2; 
47596 : 2; 
47597 : 2; 
47598 : 2; 
47599 : 2; 
47600 : 2; 
47601 : 2; 
47602 : 2; 
47603 : 2; 
47604 : 2; 
47605 : 2; 
47606 : 2; 
47607 : 2; 
47608 : 2; 
47609 : 2; 
47610 : 2; 
47611 : 2; 
47612 : 2; 
47613 : 2; 
47614 : 2; 
47615 : 2; 
47616 : 1; 
47617 : 1; 
47618 : 1; 
47619 : 1; 
47620 : 1; 
47621 : 1; 
47622 : 1; 
47623 : 1; 
47624 : 1; 
47625 : 1; 
47626 : 1; 
47627 : 1; 
47628 : 1; 
47629 : 1; 
47630 : 1; 
47631 : 1; 
47632 : 1; 
47633 : 1; 
47634 : 1; 
47635 : 1; 
47636 : 1; 
47637 : 1; 
47638 : 1; 
47639 : 1; 
47640 : 1; 
47641 : 1; 
47642 : 1; 
47643 : 1; 
47644 : 1; 
47645 : 1; 
47646 : 1; 
47647 : 1; 
47648 : 1; 
47649 : 1; 
47650 : 1; 
47651 : 1; 
47652 : 1; 
47653 : 1; 
47654 : 1; 
47655 : 1; 
47656 : 1; 
47657 : 1; 
47658 : 1; 
47659 : 1; 
47660 : 1; 
47661 : 1; 
47662 : 1; 
47663 : 1; 
47664 : 1; 
47665 : 1; 
47666 : 1; 
47667 : 1; 
47668 : 1; 
47669 : 1; 
47670 : 1; 
47671 : 1; 
47672 : 1; 
47673 : 1; 
47674 : 1; 
47675 : 1; 
47676 : 1; 
47677 : 1; 
47678 : 1; 
47679 : 1; 
47680 : 1; 
47681 : 1; 
47682 : 1; 
47683 : 1; 
47684 : 1; 
47685 : 1; 
47686 : 1; 
47687 : 0; 
47688 : 0; 
47689 : 0; 
47690 : 0; 
47691 : 0; 
47692 : 0; 
47693 : 0; 
47694 : 0; 
47695 : 0; 
47696 : 0; 
47697 : 0; 
47698 : 0; 
47699 : 0; 
47700 : 0; 
47701 : 0; 
47702 : 0; 
47703 : 0; 
47704 : 0; 
47705 : 0; 
47706 : 0; 
47707 : 0; 
47708 : 0; 
47709 : 0; 
47710 : 0; 
47711 : 0; 
47712 : 0; 
47713 : 0; 
47714 : 0; 
47715 : 0; 
47716 : 0; 
47717 : 0; 
47718 : 0; 
47719 : 0; 
47720 : 0; 
47721 : 0; 
47722 : 0; 
47723 : 0; 
47724 : 0; 
47725 : 0; 
47726 : 0; 
47727 : 0; 
47728 : 0; 
47729 : 0; 
47730 : 0; 
47731 : 0; 
47732 : 0; 
47733 : 0; 
47734 : 0; 
47735 : 0; 
47736 : 0; 
47737 : 0; 
47738 : 0; 
47739 : 0; 
47740 : 0; 
47741 : 0; 
47742 : 0; 
47743 : 0; 
47744 : 2; 
47745 : 3; 
47746 : 3; 
47747 : 3; 
47748 : 3; 
47749 : 3; 
47750 : 3; 
47751 : 3; 
47752 : 3; 
47753 : 3; 
47754 : 3; 
47755 : 3; 
47756 : 3; 
47757 : 3; 
47758 : 3; 
47759 : 3; 
47760 : 3; 
47761 : 3; 
47762 : 3; 
47763 : 3; 
47764 : 3; 
47765 : 3; 
47766 : 3; 
47767 : 3; 
47768 : 3; 
47769 : 3; 
47770 : 3; 
47771 : 3; 
47772 : 3; 
47773 : 3; 
47774 : 3; 
47775 : 3; 
47776 : 3; 
47777 : 3; 
47778 : 3; 
47779 : 3; 
47780 : 3; 
47781 : 3; 
47782 : 3; 
47783 : 3; 
47784 : 3; 
47785 : 3; 
47786 : 3; 
47787 : 3; 
47788 : 3; 
47789 : 3; 
47790 : 3; 
47791 : 3; 
47792 : 3; 
47793 : 3; 
47794 : 3; 
47795 : 3; 
47796 : 3; 
47797 : 3; 
47798 : 3; 
47799 : 3; 
47800 : 3; 
47801 : 3; 
47802 : 3; 
47803 : 2; 
47804 : 2; 
47805 : 2; 
47806 : 2; 
47807 : 2; 
47808 : 2; 
47809 : 2; 
47810 : 2; 
47811 : 2; 
47812 : 2; 
47813 : 2; 
47814 : 2; 
47815 : 2; 
47816 : 2; 
47817 : 2; 
47818 : 2; 
47819 : 2; 
47820 : 2; 
47821 : 2; 
47822 : 2; 
47823 : 2; 
47824 : 2; 
47825 : 2; 
47826 : 2; 
47827 : 2; 
47828 : 2; 
47829 : 2; 
47830 : 2; 
47831 : 2; 
47832 : 2; 
47833 : 2; 
47834 : 2; 
47835 : 2; 
47836 : 2; 
47837 : 2; 
47838 : 2; 
47839 : 2; 
47840 : 2; 
47841 : 2; 
47842 : 2; 
47843 : 2; 
47844 : 2; 
47845 : 2; 
47846 : 2; 
47847 : 2; 
47848 : 2; 
47849 : 2; 
47850 : 2; 
47851 : 2; 
47852 : 2; 
47853 : 2; 
47854 : 2; 
47855 : 2; 
47856 : 2; 
47857 : 2; 
47858 : 2; 
47859 : 2; 
47860 : 2; 
47861 : 2; 
47862 : 2; 
47863 : 2; 
47864 : 2; 
47865 : 2; 
47866 : 2; 
47867 : 2; 
47868 : 2; 
47869 : 2; 
47870 : 2; 
47871 : 2; 
47872 : 1; 
47873 : 1; 
47874 : 1; 
47875 : 1; 
47876 : 1; 
47877 : 1; 
47878 : 1; 
47879 : 1; 
47880 : 1; 
47881 : 1; 
47882 : 1; 
47883 : 1; 
47884 : 1; 
47885 : 1; 
47886 : 1; 
47887 : 1; 
47888 : 1; 
47889 : 1; 
47890 : 1; 
47891 : 1; 
47892 : 1; 
47893 : 1; 
47894 : 1; 
47895 : 1; 
47896 : 1; 
47897 : 1; 
47898 : 1; 
47899 : 1; 
47900 : 1; 
47901 : 1; 
47902 : 1; 
47903 : 1; 
47904 : 1; 
47905 : 1; 
47906 : 1; 
47907 : 1; 
47908 : 1; 
47909 : 1; 
47910 : 1; 
47911 : 1; 
47912 : 1; 
47913 : 1; 
47914 : 1; 
47915 : 1; 
47916 : 1; 
47917 : 1; 
47918 : 1; 
47919 : 1; 
47920 : 1; 
47921 : 1; 
47922 : 1; 
47923 : 1; 
47924 : 1; 
47925 : 1; 
47926 : 1; 
47927 : 1; 
47928 : 1; 
47929 : 1; 
47930 : 1; 
47931 : 1; 
47932 : 1; 
47933 : 1; 
47934 : 1; 
47935 : 1; 
47936 : 1; 
47937 : 1; 
47938 : 1; 
47939 : 1; 
47940 : 1; 
47941 : 1; 
47942 : 0; 
47943 : 0; 
47944 : 0; 
47945 : 0; 
47946 : 0; 
47947 : 0; 
47948 : 0; 
47949 : 0; 
47950 : 0; 
47951 : 0; 
47952 : 0; 
47953 : 0; 
47954 : 0; 
47955 : 0; 
47956 : 0; 
47957 : 0; 
47958 : 0; 
47959 : 0; 
47960 : 0; 
47961 : 0; 
47962 : 0; 
47963 : 0; 
47964 : 0; 
47965 : 0; 
47966 : 0; 
47967 : 0; 
47968 : 0; 
47969 : 0; 
47970 : 0; 
47971 : 0; 
47972 : 0; 
47973 : 0; 
47974 : 0; 
47975 : 0; 
47976 : 0; 
47977 : 0; 
47978 : 0; 
47979 : 0; 
47980 : 0; 
47981 : 0; 
47982 : 0; 
47983 : 0; 
47984 : 0; 
47985 : 0; 
47986 : 0; 
47987 : 0; 
47988 : 0; 
47989 : 0; 
47990 : 0; 
47991 : 0; 
47992 : 0; 
47993 : 0; 
47994 : 0; 
47995 : 0; 
47996 : 0; 
47997 : 0; 
47998 : 0; 
47999 : 0; 
48000 : 2; 
48001 : 3; 
48002 : 3; 
48003 : 3; 
48004 : 3; 
48005 : 3; 
48006 : 3; 
48007 : 3; 
48008 : 3; 
48009 : 3; 
48010 : 3; 
48011 : 3; 
48012 : 3; 
48013 : 3; 
48014 : 3; 
48015 : 3; 
48016 : 3; 
48017 : 3; 
48018 : 3; 
48019 : 3; 
48020 : 3; 
48021 : 3; 
48022 : 3; 
48023 : 3; 
48024 : 3; 
48025 : 3; 
48026 : 3; 
48027 : 3; 
48028 : 3; 
48029 : 3; 
48030 : 3; 
48031 : 3; 
48032 : 3; 
48033 : 3; 
48034 : 3; 
48035 : 3; 
48036 : 3; 
48037 : 3; 
48038 : 3; 
48039 : 3; 
48040 : 3; 
48041 : 3; 
48042 : 3; 
48043 : 3; 
48044 : 3; 
48045 : 3; 
48046 : 3; 
48047 : 3; 
48048 : 3; 
48049 : 3; 
48050 : 3; 
48051 : 3; 
48052 : 3; 
48053 : 3; 
48054 : 3; 
48055 : 3; 
48056 : 3; 
48057 : 3; 
48058 : 3; 
48059 : 3; 
48060 : 2; 
48061 : 2; 
48062 : 2; 
48063 : 2; 
48064 : 2; 
48065 : 2; 
48066 : 2; 
48067 : 2; 
48068 : 2; 
48069 : 2; 
48070 : 2; 
48071 : 2; 
48072 : 2; 
48073 : 2; 
48074 : 2; 
48075 : 2; 
48076 : 2; 
48077 : 2; 
48078 : 2; 
48079 : 2; 
48080 : 2; 
48081 : 2; 
48082 : 2; 
48083 : 2; 
48084 : 2; 
48085 : 2; 
48086 : 2; 
48087 : 2; 
48088 : 2; 
48089 : 2; 
48090 : 2; 
48091 : 2; 
48092 : 2; 
48093 : 2; 
48094 : 2; 
48095 : 2; 
48096 : 2; 
48097 : 2; 
48098 : 2; 
48099 : 2; 
48100 : 2; 
48101 : 2; 
48102 : 2; 
48103 : 2; 
48104 : 2; 
48105 : 2; 
48106 : 2; 
48107 : 2; 
48108 : 2; 
48109 : 2; 
48110 : 2; 
48111 : 2; 
48112 : 2; 
48113 : 2; 
48114 : 2; 
48115 : 2; 
48116 : 2; 
48117 : 2; 
48118 : 2; 
48119 : 2; 
48120 : 2; 
48121 : 2; 
48122 : 2; 
48123 : 2; 
48124 : 2; 
48125 : 2; 
48126 : 2; 
48127 : 2; 
48128 : 1; 
48129 : 1; 
48130 : 1; 
48131 : 1; 
48132 : 1; 
48133 : 1; 
48134 : 1; 
48135 : 1; 
48136 : 1; 
48137 : 1; 
48138 : 1; 
48139 : 1; 
48140 : 1; 
48141 : 1; 
48142 : 1; 
48143 : 1; 
48144 : 1; 
48145 : 1; 
48146 : 1; 
48147 : 1; 
48148 : 1; 
48149 : 1; 
48150 : 1; 
48151 : 1; 
48152 : 1; 
48153 : 1; 
48154 : 1; 
48155 : 1; 
48156 : 1; 
48157 : 1; 
48158 : 1; 
48159 : 1; 
48160 : 1; 
48161 : 1; 
48162 : 1; 
48163 : 1; 
48164 : 1; 
48165 : 1; 
48166 : 1; 
48167 : 1; 
48168 : 1; 
48169 : 1; 
48170 : 1; 
48171 : 1; 
48172 : 1; 
48173 : 1; 
48174 : 1; 
48175 : 1; 
48176 : 1; 
48177 : 1; 
48178 : 1; 
48179 : 1; 
48180 : 1; 
48181 : 1; 
48182 : 1; 
48183 : 1; 
48184 : 1; 
48185 : 1; 
48186 : 1; 
48187 : 1; 
48188 : 1; 
48189 : 1; 
48190 : 1; 
48191 : 1; 
48192 : 1; 
48193 : 1; 
48194 : 1; 
48195 : 1; 
48196 : 1; 
48197 : 0; 
48198 : 0; 
48199 : 0; 
48200 : 0; 
48201 : 0; 
48202 : 0; 
48203 : 0; 
48204 : 0; 
48205 : 0; 
48206 : 0; 
48207 : 0; 
48208 : 0; 
48209 : 0; 
48210 : 0; 
48211 : 0; 
48212 : 0; 
48213 : 0; 
48214 : 0; 
48215 : 0; 
48216 : 0; 
48217 : 0; 
48218 : 0; 
48219 : 0; 
48220 : 0; 
48221 : 0; 
48222 : 0; 
48223 : 0; 
48224 : 0; 
48225 : 0; 
48226 : 0; 
48227 : 0; 
48228 : 0; 
48229 : 0; 
48230 : 0; 
48231 : 0; 
48232 : 0; 
48233 : 0; 
48234 : 0; 
48235 : 0; 
48236 : 0; 
48237 : 0; 
48238 : 0; 
48239 : 0; 
48240 : 0; 
48241 : 0; 
48242 : 0; 
48243 : 0; 
48244 : 0; 
48245 : 0; 
48246 : 0; 
48247 : 0; 
48248 : 0; 
48249 : 0; 
48250 : 0; 
48251 : 0; 
48252 : 0; 
48253 : 0; 
48254 : 0; 
48255 : 0; 
48256 : 2; 
48257 : 3; 
48258 : 3; 
48259 : 3; 
48260 : 3; 
48261 : 3; 
48262 : 3; 
48263 : 3; 
48264 : 3; 
48265 : 3; 
48266 : 3; 
48267 : 3; 
48268 : 3; 
48269 : 3; 
48270 : 3; 
48271 : 3; 
48272 : 3; 
48273 : 3; 
48274 : 3; 
48275 : 3; 
48276 : 3; 
48277 : 3; 
48278 : 3; 
48279 : 3; 
48280 : 3; 
48281 : 3; 
48282 : 3; 
48283 : 3; 
48284 : 3; 
48285 : 3; 
48286 : 3; 
48287 : 3; 
48288 : 3; 
48289 : 3; 
48290 : 3; 
48291 : 3; 
48292 : 3; 
48293 : 3; 
48294 : 3; 
48295 : 3; 
48296 : 3; 
48297 : 3; 
48298 : 3; 
48299 : 3; 
48300 : 3; 
48301 : 3; 
48302 : 3; 
48303 : 3; 
48304 : 3; 
48305 : 3; 
48306 : 3; 
48307 : 3; 
48308 : 3; 
48309 : 3; 
48310 : 3; 
48311 : 3; 
48312 : 3; 
48313 : 3; 
48314 : 3; 
48315 : 3; 
48316 : 3; 
48317 : 2; 
48318 : 2; 
48319 : 2; 
48320 : 2; 
48321 : 2; 
48322 : 2; 
48323 : 2; 
48324 : 2; 
48325 : 2; 
48326 : 2; 
48327 : 2; 
48328 : 2; 
48329 : 2; 
48330 : 2; 
48331 : 2; 
48332 : 2; 
48333 : 2; 
48334 : 2; 
48335 : 2; 
48336 : 2; 
48337 : 2; 
48338 : 2; 
48339 : 2; 
48340 : 2; 
48341 : 2; 
48342 : 2; 
48343 : 2; 
48344 : 2; 
48345 : 2; 
48346 : 2; 
48347 : 2; 
48348 : 2; 
48349 : 2; 
48350 : 2; 
48351 : 2; 
48352 : 2; 
48353 : 2; 
48354 : 2; 
48355 : 2; 
48356 : 2; 
48357 : 2; 
48358 : 2; 
48359 : 2; 
48360 : 2; 
48361 : 2; 
48362 : 2; 
48363 : 2; 
48364 : 2; 
48365 : 2; 
48366 : 2; 
48367 : 2; 
48368 : 2; 
48369 : 2; 
48370 : 2; 
48371 : 2; 
48372 : 2; 
48373 : 2; 
48374 : 2; 
48375 : 2; 
48376 : 2; 
48377 : 2; 
48378 : 2; 
48379 : 2; 
48380 : 2; 
48381 : 2; 
48382 : 2; 
48383 : 2; 
48384 : 1; 
48385 : 1; 
48386 : 1; 
48387 : 1; 
48388 : 1; 
48389 : 1; 
48390 : 1; 
48391 : 1; 
48392 : 1; 
48393 : 1; 
48394 : 1; 
48395 : 1; 
48396 : 1; 
48397 : 1; 
48398 : 1; 
48399 : 1; 
48400 : 1; 
48401 : 1; 
48402 : 1; 
48403 : 1; 
48404 : 1; 
48405 : 1; 
48406 : 1; 
48407 : 1; 
48408 : 1; 
48409 : 1; 
48410 : 1; 
48411 : 1; 
48412 : 1; 
48413 : 1; 
48414 : 1; 
48415 : 1; 
48416 : 1; 
48417 : 1; 
48418 : 1; 
48419 : 1; 
48420 : 1; 
48421 : 1; 
48422 : 1; 
48423 : 1; 
48424 : 1; 
48425 : 1; 
48426 : 1; 
48427 : 1; 
48428 : 1; 
48429 : 1; 
48430 : 1; 
48431 : 1; 
48432 : 1; 
48433 : 1; 
48434 : 1; 
48435 : 1; 
48436 : 1; 
48437 : 1; 
48438 : 1; 
48439 : 1; 
48440 : 1; 
48441 : 1; 
48442 : 1; 
48443 : 1; 
48444 : 1; 
48445 : 1; 
48446 : 1; 
48447 : 1; 
48448 : 1; 
48449 : 1; 
48450 : 1; 
48451 : 1; 
48452 : 0; 
48453 : 0; 
48454 : 0; 
48455 : 0; 
48456 : 0; 
48457 : 0; 
48458 : 0; 
48459 : 0; 
48460 : 0; 
48461 : 0; 
48462 : 0; 
48463 : 0; 
48464 : 0; 
48465 : 0; 
48466 : 0; 
48467 : 0; 
48468 : 0; 
48469 : 0; 
48470 : 0; 
48471 : 0; 
48472 : 0; 
48473 : 0; 
48474 : 0; 
48475 : 0; 
48476 : 0; 
48477 : 0; 
48478 : 0; 
48479 : 0; 
48480 : 0; 
48481 : 0; 
48482 : 0; 
48483 : 0; 
48484 : 0; 
48485 : 0; 
48486 : 0; 
48487 : 0; 
48488 : 0; 
48489 : 0; 
48490 : 0; 
48491 : 0; 
48492 : 0; 
48493 : 0; 
48494 : 0; 
48495 : 0; 
48496 : 0; 
48497 : 0; 
48498 : 0; 
48499 : 0; 
48500 : 0; 
48501 : 0; 
48502 : 0; 
48503 : 0; 
48504 : 0; 
48505 : 0; 
48506 : 0; 
48507 : 0; 
48508 : 0; 
48509 : 0; 
48510 : 0; 
48511 : 0; 
48512 : 2; 
48513 : 3; 
48514 : 3; 
48515 : 3; 
48516 : 3; 
48517 : 3; 
48518 : 3; 
48519 : 3; 
48520 : 3; 
48521 : 3; 
48522 : 3; 
48523 : 3; 
48524 : 3; 
48525 : 3; 
48526 : 3; 
48527 : 3; 
48528 : 3; 
48529 : 3; 
48530 : 3; 
48531 : 3; 
48532 : 3; 
48533 : 3; 
48534 : 3; 
48535 : 3; 
48536 : 3; 
48537 : 3; 
48538 : 3; 
48539 : 3; 
48540 : 3; 
48541 : 3; 
48542 : 3; 
48543 : 3; 
48544 : 3; 
48545 : 3; 
48546 : 3; 
48547 : 3; 
48548 : 3; 
48549 : 3; 
48550 : 3; 
48551 : 3; 
48552 : 3; 
48553 : 3; 
48554 : 3; 
48555 : 3; 
48556 : 3; 
48557 : 3; 
48558 : 3; 
48559 : 3; 
48560 : 3; 
48561 : 3; 
48562 : 3; 
48563 : 3; 
48564 : 3; 
48565 : 3; 
48566 : 3; 
48567 : 3; 
48568 : 3; 
48569 : 3; 
48570 : 3; 
48571 : 3; 
48572 : 3; 
48573 : 3; 
48574 : 2; 
48575 : 2; 
48576 : 2; 
48577 : 2; 
48578 : 2; 
48579 : 2; 
48580 : 2; 
48581 : 2; 
48582 : 2; 
48583 : 2; 
48584 : 2; 
48585 : 2; 
48586 : 2; 
48587 : 2; 
48588 : 2; 
48589 : 2; 
48590 : 2; 
48591 : 2; 
48592 : 2; 
48593 : 2; 
48594 : 2; 
48595 : 2; 
48596 : 2; 
48597 : 2; 
48598 : 2; 
48599 : 2; 
48600 : 2; 
48601 : 2; 
48602 : 2; 
48603 : 2; 
48604 : 2; 
48605 : 2; 
48606 : 2; 
48607 : 2; 
48608 : 2; 
48609 : 2; 
48610 : 2; 
48611 : 2; 
48612 : 2; 
48613 : 2; 
48614 : 2; 
48615 : 2; 
48616 : 2; 
48617 : 2; 
48618 : 2; 
48619 : 2; 
48620 : 2; 
48621 : 2; 
48622 : 2; 
48623 : 2; 
48624 : 2; 
48625 : 2; 
48626 : 2; 
48627 : 2; 
48628 : 2; 
48629 : 2; 
48630 : 2; 
48631 : 2; 
48632 : 2; 
48633 : 2; 
48634 : 2; 
48635 : 2; 
48636 : 2; 
48637 : 2; 
48638 : 2; 
48639 : 2; 
48640 : 1; 
48641 : 1; 
48642 : 1; 
48643 : 1; 
48644 : 1; 
48645 : 1; 
48646 : 1; 
48647 : 1; 
48648 : 1; 
48649 : 1; 
48650 : 1; 
48651 : 1; 
48652 : 1; 
48653 : 1; 
48654 : 1; 
48655 : 1; 
48656 : 1; 
48657 : 1; 
48658 : 1; 
48659 : 1; 
48660 : 1; 
48661 : 1; 
48662 : 1; 
48663 : 1; 
48664 : 1; 
48665 : 1; 
48666 : 1; 
48667 : 1; 
48668 : 1; 
48669 : 1; 
48670 : 1; 
48671 : 1; 
48672 : 1; 
48673 : 1; 
48674 : 1; 
48675 : 1; 
48676 : 1; 
48677 : 1; 
48678 : 1; 
48679 : 1; 
48680 : 1; 
48681 : 1; 
48682 : 1; 
48683 : 1; 
48684 : 1; 
48685 : 1; 
48686 : 1; 
48687 : 1; 
48688 : 1; 
48689 : 1; 
48690 : 1; 
48691 : 1; 
48692 : 1; 
48693 : 1; 
48694 : 1; 
48695 : 1; 
48696 : 1; 
48697 : 1; 
48698 : 1; 
48699 : 1; 
48700 : 1; 
48701 : 1; 
48702 : 1; 
48703 : 1; 
48704 : 1; 
48705 : 1; 
48706 : 1; 
48707 : 0; 
48708 : 0; 
48709 : 0; 
48710 : 0; 
48711 : 0; 
48712 : 0; 
48713 : 0; 
48714 : 0; 
48715 : 0; 
48716 : 0; 
48717 : 0; 
48718 : 0; 
48719 : 0; 
48720 : 0; 
48721 : 0; 
48722 : 0; 
48723 : 0; 
48724 : 0; 
48725 : 0; 
48726 : 0; 
48727 : 0; 
48728 : 0; 
48729 : 0; 
48730 : 0; 
48731 : 0; 
48732 : 0; 
48733 : 0; 
48734 : 0; 
48735 : 0; 
48736 : 0; 
48737 : 0; 
48738 : 0; 
48739 : 0; 
48740 : 0; 
48741 : 0; 
48742 : 0; 
48743 : 0; 
48744 : 0; 
48745 : 0; 
48746 : 0; 
48747 : 0; 
48748 : 0; 
48749 : 0; 
48750 : 0; 
48751 : 0; 
48752 : 0; 
48753 : 0; 
48754 : 0; 
48755 : 0; 
48756 : 0; 
48757 : 0; 
48758 : 0; 
48759 : 0; 
48760 : 0; 
48761 : 0; 
48762 : 0; 
48763 : 0; 
48764 : 0; 
48765 : 0; 
48766 : 0; 
48767 : 0; 
48768 : 2; 
48769 : 3; 
48770 : 3; 
48771 : 3; 
48772 : 3; 
48773 : 3; 
48774 : 3; 
48775 : 3; 
48776 : 3; 
48777 : 3; 
48778 : 3; 
48779 : 3; 
48780 : 3; 
48781 : 3; 
48782 : 3; 
48783 : 3; 
48784 : 3; 
48785 : 3; 
48786 : 3; 
48787 : 3; 
48788 : 3; 
48789 : 3; 
48790 : 3; 
48791 : 3; 
48792 : 3; 
48793 : 3; 
48794 : 3; 
48795 : 3; 
48796 : 3; 
48797 : 3; 
48798 : 3; 
48799 : 3; 
48800 : 3; 
48801 : 3; 
48802 : 3; 
48803 : 3; 
48804 : 3; 
48805 : 3; 
48806 : 3; 
48807 : 3; 
48808 : 3; 
48809 : 3; 
48810 : 3; 
48811 : 3; 
48812 : 3; 
48813 : 3; 
48814 : 3; 
48815 : 3; 
48816 : 3; 
48817 : 3; 
48818 : 3; 
48819 : 3; 
48820 : 3; 
48821 : 3; 
48822 : 3; 
48823 : 3; 
48824 : 3; 
48825 : 3; 
48826 : 3; 
48827 : 3; 
48828 : 3; 
48829 : 3; 
48830 : 3; 
48831 : 2; 
48832 : 2; 
48833 : 2; 
48834 : 2; 
48835 : 2; 
48836 : 2; 
48837 : 2; 
48838 : 2; 
48839 : 2; 
48840 : 2; 
48841 : 2; 
48842 : 2; 
48843 : 2; 
48844 : 2; 
48845 : 2; 
48846 : 2; 
48847 : 2; 
48848 : 2; 
48849 : 2; 
48850 : 2; 
48851 : 2; 
48852 : 2; 
48853 : 2; 
48854 : 2; 
48855 : 2; 
48856 : 2; 
48857 : 2; 
48858 : 2; 
48859 : 2; 
48860 : 2; 
48861 : 2; 
48862 : 2; 
48863 : 2; 
48864 : 2; 
48865 : 2; 
48866 : 2; 
48867 : 2; 
48868 : 2; 
48869 : 2; 
48870 : 2; 
48871 : 2; 
48872 : 2; 
48873 : 2; 
48874 : 2; 
48875 : 2; 
48876 : 2; 
48877 : 2; 
48878 : 2; 
48879 : 2; 
48880 : 2; 
48881 : 2; 
48882 : 2; 
48883 : 2; 
48884 : 2; 
48885 : 2; 
48886 : 2; 
48887 : 2; 
48888 : 2; 
48889 : 2; 
48890 : 2; 
48891 : 2; 
48892 : 2; 
48893 : 2; 
48894 : 2; 
48895 : 2; 
48896 : 1; 
48897 : 1; 
48898 : 1; 
48899 : 1; 
48900 : 1; 
48901 : 1; 
48902 : 1; 
48903 : 1; 
48904 : 1; 
48905 : 1; 
48906 : 1; 
48907 : 1; 
48908 : 1; 
48909 : 1; 
48910 : 1; 
48911 : 1; 
48912 : 1; 
48913 : 1; 
48914 : 1; 
48915 : 1; 
48916 : 1; 
48917 : 1; 
48918 : 1; 
48919 : 1; 
48920 : 1; 
48921 : 1; 
48922 : 1; 
48923 : 1; 
48924 : 1; 
48925 : 1; 
48926 : 1; 
48927 : 1; 
48928 : 1; 
48929 : 1; 
48930 : 1; 
48931 : 1; 
48932 : 1; 
48933 : 1; 
48934 : 1; 
48935 : 1; 
48936 : 1; 
48937 : 1; 
48938 : 1; 
48939 : 1; 
48940 : 1; 
48941 : 1; 
48942 : 1; 
48943 : 1; 
48944 : 1; 
48945 : 1; 
48946 : 1; 
48947 : 1; 
48948 : 1; 
48949 : 1; 
48950 : 1; 
48951 : 1; 
48952 : 1; 
48953 : 1; 
48954 : 1; 
48955 : 1; 
48956 : 1; 
48957 : 1; 
48958 : 1; 
48959 : 1; 
48960 : 1; 
48961 : 1; 
48962 : 0; 
48963 : 0; 
48964 : 0; 
48965 : 0; 
48966 : 0; 
48967 : 0; 
48968 : 0; 
48969 : 0; 
48970 : 0; 
48971 : 0; 
48972 : 0; 
48973 : 0; 
48974 : 0; 
48975 : 0; 
48976 : 0; 
48977 : 0; 
48978 : 0; 
48979 : 0; 
48980 : 0; 
48981 : 0; 
48982 : 0; 
48983 : 0; 
48984 : 0; 
48985 : 0; 
48986 : 0; 
48987 : 0; 
48988 : 0; 
48989 : 0; 
48990 : 0; 
48991 : 0; 
48992 : 0; 
48993 : 0; 
48994 : 0; 
48995 : 0; 
48996 : 0; 
48997 : 0; 
48998 : 0; 
48999 : 0; 
49000 : 0; 
49001 : 0; 
49002 : 0; 
49003 : 0; 
49004 : 0; 
49005 : 0; 
49006 : 0; 
49007 : 0; 
49008 : 0; 
49009 : 0; 
49010 : 0; 
49011 : 0; 
49012 : 0; 
49013 : 0; 
49014 : 0; 
49015 : 0; 
49016 : 0; 
49017 : 0; 
49018 : 0; 
49019 : 0; 
49020 : 0; 
49021 : 0; 
49022 : 0; 
49023 : 0; 
49024 : 2; 
49025 : 3; 
49026 : 3; 
49027 : 3; 
49028 : 3; 
49029 : 3; 
49030 : 3; 
49031 : 3; 
49032 : 3; 
49033 : 3; 
49034 : 3; 
49035 : 3; 
49036 : 3; 
49037 : 3; 
49038 : 3; 
49039 : 3; 
49040 : 3; 
49041 : 3; 
49042 : 3; 
49043 : 3; 
49044 : 3; 
49045 : 3; 
49046 : 3; 
49047 : 3; 
49048 : 3; 
49049 : 3; 
49050 : 3; 
49051 : 3; 
49052 : 3; 
49053 : 3; 
49054 : 3; 
49055 : 3; 
49056 : 3; 
49057 : 3; 
49058 : 3; 
49059 : 3; 
49060 : 3; 
49061 : 3; 
49062 : 3; 
49063 : 3; 
49064 : 3; 
49065 : 3; 
49066 : 3; 
49067 : 3; 
49068 : 3; 
49069 : 3; 
49070 : 3; 
49071 : 3; 
49072 : 3; 
49073 : 3; 
49074 : 3; 
49075 : 3; 
49076 : 3; 
49077 : 3; 
49078 : 3; 
49079 : 3; 
49080 : 3; 
49081 : 3; 
49082 : 3; 
49083 : 3; 
49084 : 3; 
49085 : 3; 
49086 : 3; 
49087 : 3; 
49088 : 2; 
49089 : 2; 
49090 : 2; 
49091 : 2; 
49092 : 2; 
49093 : 2; 
49094 : 2; 
49095 : 2; 
49096 : 2; 
49097 : 2; 
49098 : 2; 
49099 : 2; 
49100 : 2; 
49101 : 2; 
49102 : 2; 
49103 : 2; 
49104 : 2; 
49105 : 2; 
49106 : 2; 
49107 : 2; 
49108 : 2; 
49109 : 2; 
49110 : 2; 
49111 : 2; 
49112 : 2; 
49113 : 2; 
49114 : 2; 
49115 : 2; 
49116 : 2; 
49117 : 2; 
49118 : 2; 
49119 : 2; 
49120 : 2; 
49121 : 2; 
49122 : 2; 
49123 : 2; 
49124 : 2; 
49125 : 2; 
49126 : 2; 
49127 : 2; 
49128 : 2; 
49129 : 2; 
49130 : 2; 
49131 : 2; 
49132 : 2; 
49133 : 2; 
49134 : 2; 
49135 : 2; 
49136 : 2; 
49137 : 2; 
49138 : 2; 
49139 : 2; 
49140 : 2; 
49141 : 2; 
49142 : 2; 
49143 : 2; 
49144 : 2; 
49145 : 2; 
49146 : 2; 
49147 : 2; 
49148 : 2; 
49149 : 2; 
49150 : 2; 
49151 : 2; 
49152 : 1; 
49153 : 1; 
49154 : 1; 
49155 : 1; 
49156 : 1; 
49157 : 1; 
49158 : 1; 
49159 : 1; 
49160 : 1; 
49161 : 1; 
49162 : 1; 
49163 : 1; 
49164 : 1; 
49165 : 1; 
49166 : 1; 
49167 : 1; 
49168 : 1; 
49169 : 1; 
49170 : 1; 
49171 : 1; 
49172 : 1; 
49173 : 1; 
49174 : 1; 
49175 : 1; 
49176 : 1; 
49177 : 1; 
49178 : 1; 
49179 : 1; 
49180 : 1; 
49181 : 1; 
49182 : 1; 
49183 : 1; 
49184 : 1; 
49185 : 1; 
49186 : 1; 
49187 : 1; 
49188 : 1; 
49189 : 1; 
49190 : 1; 
49191 : 1; 
49192 : 1; 
49193 : 1; 
49194 : 1; 
49195 : 1; 
49196 : 1; 
49197 : 1; 
49198 : 1; 
49199 : 1; 
49200 : 1; 
49201 : 1; 
49202 : 1; 
49203 : 1; 
49204 : 1; 
49205 : 1; 
49206 : 1; 
49207 : 1; 
49208 : 1; 
49209 : 1; 
49210 : 1; 
49211 : 1; 
49212 : 1; 
49213 : 1; 
49214 : 1; 
49215 : 1; 
49216 : 1; 
49217 : 0; 
49218 : 0; 
49219 : 0; 
49220 : 0; 
49221 : 0; 
49222 : 0; 
49223 : 0; 
49224 : 0; 
49225 : 0; 
49226 : 0; 
49227 : 0; 
49228 : 0; 
49229 : 0; 
49230 : 0; 
49231 : 0; 
49232 : 0; 
49233 : 0; 
49234 : 0; 
49235 : 0; 
49236 : 0; 
49237 : 0; 
49238 : 0; 
49239 : 0; 
49240 : 0; 
49241 : 0; 
49242 : 0; 
49243 : 0; 
49244 : 0; 
49245 : 0; 
49246 : 0; 
49247 : 0; 
49248 : 0; 
49249 : 0; 
49250 : 0; 
49251 : 0; 
49252 : 0; 
49253 : 0; 
49254 : 0; 
49255 : 0; 
49256 : 0; 
49257 : 0; 
49258 : 0; 
49259 : 0; 
49260 : 0; 
49261 : 0; 
49262 : 0; 
49263 : 0; 
49264 : 0; 
49265 : 0; 
49266 : 0; 
49267 : 0; 
49268 : 0; 
49269 : 0; 
49270 : 0; 
49271 : 0; 
49272 : 0; 
49273 : 0; 
49274 : 0; 
49275 : 0; 
49276 : 0; 
49277 : 0; 
49278 : 0; 
49279 : 0; 
49280 : 2; 
49281 : 3; 
49282 : 3; 
49283 : 3; 
49284 : 3; 
49285 : 3; 
49286 : 3; 
49287 : 3; 
49288 : 3; 
49289 : 3; 
49290 : 3; 
49291 : 3; 
49292 : 3; 
49293 : 3; 
49294 : 3; 
49295 : 3; 
49296 : 3; 
49297 : 3; 
49298 : 3; 
49299 : 3; 
49300 : 3; 
49301 : 3; 
49302 : 3; 
49303 : 3; 
49304 : 3; 
49305 : 3; 
49306 : 3; 
49307 : 3; 
49308 : 3; 
49309 : 3; 
49310 : 3; 
49311 : 3; 
49312 : 3; 
49313 : 3; 
49314 : 3; 
49315 : 3; 
49316 : 3; 
49317 : 3; 
49318 : 3; 
49319 : 3; 
49320 : 3; 
49321 : 3; 
49322 : 3; 
49323 : 3; 
49324 : 3; 
49325 : 3; 
49326 : 3; 
49327 : 3; 
49328 : 3; 
49329 : 3; 
49330 : 3; 
49331 : 3; 
49332 : 3; 
49333 : 3; 
49334 : 3; 
49335 : 3; 
49336 : 3; 
49337 : 3; 
49338 : 3; 
49339 : 3; 
49340 : 3; 
49341 : 3; 
49342 : 3; 
49343 : 3; 
49344 : 3; 
49345 : 2; 
49346 : 2; 
49347 : 2; 
49348 : 2; 
49349 : 2; 
49350 : 2; 
49351 : 2; 
49352 : 2; 
49353 : 2; 
49354 : 2; 
49355 : 2; 
49356 : 2; 
49357 : 2; 
49358 : 2; 
49359 : 2; 
49360 : 2; 
49361 : 2; 
49362 : 2; 
49363 : 2; 
49364 : 2; 
49365 : 2; 
49366 : 2; 
49367 : 2; 
49368 : 2; 
49369 : 2; 
49370 : 2; 
49371 : 2; 
49372 : 2; 
49373 : 2; 
49374 : 2; 
49375 : 2; 
49376 : 2; 
49377 : 2; 
49378 : 2; 
49379 : 2; 
49380 : 2; 
49381 : 2; 
49382 : 2; 
49383 : 2; 
49384 : 2; 
49385 : 2; 
49386 : 2; 
49387 : 2; 
49388 : 2; 
49389 : 2; 
49390 : 2; 
49391 : 2; 
49392 : 2; 
49393 : 2; 
49394 : 2; 
49395 : 2; 
49396 : 2; 
49397 : 2; 
49398 : 2; 
49399 : 2; 
49400 : 2; 
49401 : 2; 
49402 : 2; 
49403 : 2; 
49404 : 2; 
49405 : 2; 
49406 : 2; 
49407 : 2; 
49408 : 1; 
49409 : 1; 
49410 : 1; 
49411 : 1; 
49412 : 1; 
49413 : 1; 
49414 : 1; 
49415 : 1; 
49416 : 1; 
49417 : 1; 
49418 : 1; 
49419 : 1; 
49420 : 1; 
49421 : 1; 
49422 : 1; 
49423 : 1; 
49424 : 1; 
49425 : 1; 
49426 : 1; 
49427 : 1; 
49428 : 1; 
49429 : 1; 
49430 : 1; 
49431 : 1; 
49432 : 1; 
49433 : 1; 
49434 : 1; 
49435 : 1; 
49436 : 1; 
49437 : 1; 
49438 : 1; 
49439 : 1; 
49440 : 1; 
49441 : 1; 
49442 : 1; 
49443 : 1; 
49444 : 1; 
49445 : 1; 
49446 : 1; 
49447 : 1; 
49448 : 1; 
49449 : 1; 
49450 : 1; 
49451 : 1; 
49452 : 1; 
49453 : 1; 
49454 : 1; 
49455 : 1; 
49456 : 1; 
49457 : 1; 
49458 : 1; 
49459 : 1; 
49460 : 1; 
49461 : 1; 
49462 : 1; 
49463 : 1; 
49464 : 1; 
49465 : 1; 
49466 : 1; 
49467 : 1; 
49468 : 1; 
49469 : 1; 
49470 : 1; 
49471 : 1; 
49472 : 0; 
49473 : 0; 
49474 : 0; 
49475 : 0; 
49476 : 0; 
49477 : 0; 
49478 : 0; 
49479 : 0; 
49480 : 0; 
49481 : 0; 
49482 : 0; 
49483 : 0; 
49484 : 0; 
49485 : 0; 
49486 : 0; 
49487 : 0; 
49488 : 0; 
49489 : 0; 
49490 : 0; 
49491 : 0; 
49492 : 0; 
49493 : 0; 
49494 : 0; 
49495 : 0; 
49496 : 0; 
49497 : 0; 
49498 : 0; 
49499 : 0; 
49500 : 0; 
49501 : 0; 
49502 : 0; 
49503 : 0; 
49504 : 0; 
49505 : 0; 
49506 : 0; 
49507 : 0; 
49508 : 0; 
49509 : 0; 
49510 : 0; 
49511 : 0; 
49512 : 0; 
49513 : 0; 
49514 : 0; 
49515 : 0; 
49516 : 0; 
49517 : 0; 
49518 : 0; 
49519 : 0; 
49520 : 0; 
49521 : 0; 
49522 : 0; 
49523 : 0; 
49524 : 0; 
49525 : 0; 
49526 : 0; 
49527 : 0; 
49528 : 0; 
49529 : 0; 
49530 : 0; 
49531 : 0; 
49532 : 0; 
49533 : 0; 
49534 : 0; 
49535 : 0; 
49536 : 2; 
49537 : 3; 
49538 : 3; 
49539 : 3; 
49540 : 3; 
49541 : 3; 
49542 : 3; 
49543 : 3; 
49544 : 3; 
49545 : 3; 
49546 : 3; 
49547 : 3; 
49548 : 3; 
49549 : 3; 
49550 : 3; 
49551 : 3; 
49552 : 3; 
49553 : 3; 
49554 : 3; 
49555 : 3; 
49556 : 3; 
49557 : 3; 
49558 : 3; 
49559 : 3; 
49560 : 3; 
49561 : 3; 
49562 : 3; 
49563 : 3; 
49564 : 3; 
49565 : 3; 
49566 : 3; 
49567 : 3; 
49568 : 3; 
49569 : 3; 
49570 : 3; 
49571 : 3; 
49572 : 3; 
49573 : 3; 
49574 : 3; 
49575 : 3; 
49576 : 3; 
49577 : 3; 
49578 : 3; 
49579 : 3; 
49580 : 3; 
49581 : 3; 
49582 : 3; 
49583 : 3; 
49584 : 3; 
49585 : 3; 
49586 : 3; 
49587 : 3; 
49588 : 3; 
49589 : 3; 
49590 : 3; 
49591 : 3; 
49592 : 3; 
49593 : 3; 
49594 : 3; 
49595 : 3; 
49596 : 3; 
49597 : 3; 
49598 : 3; 
49599 : 3; 
49600 : 3; 
49601 : 3; 
49602 : 2; 
49603 : 2; 
49604 : 2; 
49605 : 2; 
49606 : 2; 
49607 : 2; 
49608 : 2; 
49609 : 2; 
49610 : 2; 
49611 : 2; 
49612 : 2; 
49613 : 2; 
49614 : 2; 
49615 : 2; 
49616 : 2; 
49617 : 2; 
49618 : 2; 
49619 : 2; 
49620 : 2; 
49621 : 2; 
49622 : 2; 
49623 : 2; 
49624 : 2; 
49625 : 2; 
49626 : 2; 
49627 : 2; 
49628 : 2; 
49629 : 2; 
49630 : 2; 
49631 : 2; 
49632 : 2; 
49633 : 2; 
49634 : 2; 
49635 : 2; 
49636 : 2; 
49637 : 2; 
49638 : 2; 
49639 : 2; 
49640 : 2; 
49641 : 2; 
49642 : 2; 
49643 : 2; 
49644 : 2; 
49645 : 2; 
49646 : 2; 
49647 : 2; 
49648 : 2; 
49649 : 2; 
49650 : 2; 
49651 : 2; 
49652 : 2; 
49653 : 2; 
49654 : 2; 
49655 : 2; 
49656 : 2; 
49657 : 2; 
49658 : 2; 
49659 : 2; 
49660 : 2; 
49661 : 2; 
49662 : 2; 
49663 : 2; 
49664 : 1; 
49665 : 1; 
49666 : 1; 
49667 : 1; 
49668 : 1; 
49669 : 1; 
49670 : 1; 
49671 : 1; 
49672 : 1; 
49673 : 1; 
49674 : 1; 
49675 : 1; 
49676 : 1; 
49677 : 1; 
49678 : 1; 
49679 : 1; 
49680 : 1; 
49681 : 1; 
49682 : 1; 
49683 : 1; 
49684 : 1; 
49685 : 1; 
49686 : 1; 
49687 : 1; 
49688 : 1; 
49689 : 1; 
49690 : 1; 
49691 : 1; 
49692 : 1; 
49693 : 1; 
49694 : 1; 
49695 : 1; 
49696 : 1; 
49697 : 1; 
49698 : 1; 
49699 : 1; 
49700 : 1; 
49701 : 1; 
49702 : 1; 
49703 : 1; 
49704 : 1; 
49705 : 1; 
49706 : 1; 
49707 : 1; 
49708 : 1; 
49709 : 1; 
49710 : 1; 
49711 : 1; 
49712 : 1; 
49713 : 1; 
49714 : 1; 
49715 : 1; 
49716 : 1; 
49717 : 1; 
49718 : 1; 
49719 : 1; 
49720 : 1; 
49721 : 1; 
49722 : 1; 
49723 : 1; 
49724 : 1; 
49725 : 1; 
49726 : 1; 
49727 : 0; 
49728 : 0; 
49729 : 0; 
49730 : 0; 
49731 : 0; 
49732 : 0; 
49733 : 0; 
49734 : 0; 
49735 : 0; 
49736 : 0; 
49737 : 0; 
49738 : 0; 
49739 : 0; 
49740 : 0; 
49741 : 0; 
49742 : 0; 
49743 : 0; 
49744 : 0; 
49745 : 0; 
49746 : 0; 
49747 : 0; 
49748 : 0; 
49749 : 0; 
49750 : 0; 
49751 : 0; 
49752 : 0; 
49753 : 0; 
49754 : 0; 
49755 : 0; 
49756 : 0; 
49757 : 0; 
49758 : 0; 
49759 : 0; 
49760 : 0; 
49761 : 0; 
49762 : 0; 
49763 : 0; 
49764 : 0; 
49765 : 0; 
49766 : 0; 
49767 : 0; 
49768 : 0; 
49769 : 0; 
49770 : 0; 
49771 : 0; 
49772 : 0; 
49773 : 0; 
49774 : 0; 
49775 : 0; 
49776 : 0; 
49777 : 0; 
49778 : 0; 
49779 : 0; 
49780 : 0; 
49781 : 0; 
49782 : 0; 
49783 : 0; 
49784 : 0; 
49785 : 0; 
49786 : 0; 
49787 : 0; 
49788 : 0; 
49789 : 0; 
49790 : 0; 
49791 : 0; 
49792 : 2; 
49793 : 3; 
49794 : 3; 
49795 : 3; 
49796 : 3; 
49797 : 3; 
49798 : 3; 
49799 : 3; 
49800 : 3; 
49801 : 3; 
49802 : 3; 
49803 : 3; 
49804 : 3; 
49805 : 3; 
49806 : 3; 
49807 : 3; 
49808 : 3; 
49809 : 3; 
49810 : 3; 
49811 : 3; 
49812 : 3; 
49813 : 3; 
49814 : 3; 
49815 : 3; 
49816 : 3; 
49817 : 3; 
49818 : 3; 
49819 : 3; 
49820 : 3; 
49821 : 3; 
49822 : 3; 
49823 : 3; 
49824 : 3; 
49825 : 3; 
49826 : 3; 
49827 : 3; 
49828 : 3; 
49829 : 3; 
49830 : 3; 
49831 : 3; 
49832 : 3; 
49833 : 3; 
49834 : 3; 
49835 : 3; 
49836 : 3; 
49837 : 3; 
49838 : 3; 
49839 : 3; 
49840 : 3; 
49841 : 3; 
49842 : 3; 
49843 : 3; 
49844 : 3; 
49845 : 3; 
49846 : 3; 
49847 : 3; 
49848 : 3; 
49849 : 3; 
49850 : 3; 
49851 : 3; 
49852 : 3; 
49853 : 3; 
49854 : 3; 
49855 : 3; 
49856 : 3; 
49857 : 3; 
49858 : 3; 
49859 : 2; 
49860 : 2; 
49861 : 2; 
49862 : 2; 
49863 : 2; 
49864 : 2; 
49865 : 2; 
49866 : 2; 
49867 : 2; 
49868 : 2; 
49869 : 2; 
49870 : 2; 
49871 : 2; 
49872 : 2; 
49873 : 2; 
49874 : 2; 
49875 : 2; 
49876 : 2; 
49877 : 2; 
49878 : 2; 
49879 : 2; 
49880 : 2; 
49881 : 2; 
49882 : 2; 
49883 : 2; 
49884 : 2; 
49885 : 2; 
49886 : 2; 
49887 : 2; 
49888 : 2; 
49889 : 2; 
49890 : 2; 
49891 : 2; 
49892 : 2; 
49893 : 2; 
49894 : 2; 
49895 : 2; 
49896 : 2; 
49897 : 2; 
49898 : 2; 
49899 : 2; 
49900 : 2; 
49901 : 2; 
49902 : 2; 
49903 : 2; 
49904 : 2; 
49905 : 2; 
49906 : 2; 
49907 : 2; 
49908 : 2; 
49909 : 2; 
49910 : 2; 
49911 : 2; 
49912 : 2; 
49913 : 2; 
49914 : 2; 
49915 : 2; 
49916 : 2; 
49917 : 2; 
49918 : 2; 
49919 : 2; 
49920 : 1; 
49921 : 1; 
49922 : 1; 
49923 : 1; 
49924 : 1; 
49925 : 1; 
49926 : 1; 
49927 : 1; 
49928 : 1; 
49929 : 1; 
49930 : 1; 
49931 : 1; 
49932 : 1; 
49933 : 1; 
49934 : 1; 
49935 : 1; 
49936 : 1; 
49937 : 1; 
49938 : 1; 
49939 : 1; 
49940 : 1; 
49941 : 1; 
49942 : 1; 
49943 : 1; 
49944 : 1; 
49945 : 1; 
49946 : 1; 
49947 : 1; 
49948 : 1; 
49949 : 1; 
49950 : 1; 
49951 : 1; 
49952 : 1; 
49953 : 1; 
49954 : 1; 
49955 : 1; 
49956 : 1; 
49957 : 1; 
49958 : 1; 
49959 : 1; 
49960 : 1; 
49961 : 1; 
49962 : 1; 
49963 : 1; 
49964 : 1; 
49965 : 1; 
49966 : 1; 
49967 : 1; 
49968 : 1; 
49969 : 1; 
49970 : 1; 
49971 : 1; 
49972 : 1; 
49973 : 1; 
49974 : 1; 
49975 : 1; 
49976 : 1; 
49977 : 1; 
49978 : 1; 
49979 : 1; 
49980 : 1; 
49981 : 1; 
49982 : 0; 
49983 : 0; 
49984 : 0; 
49985 : 0; 
49986 : 0; 
49987 : 0; 
49988 : 0; 
49989 : 0; 
49990 : 0; 
49991 : 0; 
49992 : 0; 
49993 : 0; 
49994 : 0; 
49995 : 0; 
49996 : 0; 
49997 : 0; 
49998 : 0; 
49999 : 0; 
50000 : 0; 
50001 : 0; 
50002 : 0; 
50003 : 0; 
50004 : 0; 
50005 : 0; 
50006 : 0; 
50007 : 0; 
50008 : 0; 
50009 : 0; 
50010 : 0; 
50011 : 0; 
50012 : 0; 
50013 : 0; 
50014 : 0; 
50015 : 0; 
50016 : 0; 
50017 : 0; 
50018 : 0; 
50019 : 0; 
50020 : 0; 
50021 : 0; 
50022 : 0; 
50023 : 0; 
50024 : 0; 
50025 : 0; 
50026 : 0; 
50027 : 0; 
50028 : 0; 
50029 : 0; 
50030 : 0; 
50031 : 0; 
50032 : 0; 
50033 : 0; 
50034 : 0; 
50035 : 0; 
50036 : 0; 
50037 : 0; 
50038 : 0; 
50039 : 0; 
50040 : 0; 
50041 : 0; 
50042 : 0; 
50043 : 0; 
50044 : 0; 
50045 : 0; 
50046 : 0; 
50047 : 0; 
50048 : 2; 
50049 : 3; 
50050 : 3; 
50051 : 3; 
50052 : 3; 
50053 : 3; 
50054 : 3; 
50055 : 3; 
50056 : 3; 
50057 : 3; 
50058 : 3; 
50059 : 3; 
50060 : 3; 
50061 : 3; 
50062 : 3; 
50063 : 3; 
50064 : 3; 
50065 : 3; 
50066 : 3; 
50067 : 3; 
50068 : 3; 
50069 : 3; 
50070 : 3; 
50071 : 3; 
50072 : 3; 
50073 : 3; 
50074 : 3; 
50075 : 3; 
50076 : 3; 
50077 : 3; 
50078 : 3; 
50079 : 3; 
50080 : 3; 
50081 : 3; 
50082 : 3; 
50083 : 3; 
50084 : 3; 
50085 : 3; 
50086 : 3; 
50087 : 3; 
50088 : 3; 
50089 : 3; 
50090 : 3; 
50091 : 3; 
50092 : 3; 
50093 : 3; 
50094 : 3; 
50095 : 3; 
50096 : 3; 
50097 : 3; 
50098 : 3; 
50099 : 3; 
50100 : 3; 
50101 : 3; 
50102 : 3; 
50103 : 3; 
50104 : 3; 
50105 : 3; 
50106 : 3; 
50107 : 3; 
50108 : 3; 
50109 : 3; 
50110 : 3; 
50111 : 3; 
50112 : 3; 
50113 : 3; 
50114 : 3; 
50115 : 3; 
50116 : 2; 
50117 : 2; 
50118 : 2; 
50119 : 2; 
50120 : 2; 
50121 : 2; 
50122 : 2; 
50123 : 2; 
50124 : 2; 
50125 : 2; 
50126 : 2; 
50127 : 2; 
50128 : 2; 
50129 : 2; 
50130 : 2; 
50131 : 2; 
50132 : 2; 
50133 : 2; 
50134 : 2; 
50135 : 2; 
50136 : 2; 
50137 : 2; 
50138 : 2; 
50139 : 2; 
50140 : 2; 
50141 : 2; 
50142 : 2; 
50143 : 2; 
50144 : 2; 
50145 : 2; 
50146 : 2; 
50147 : 2; 
50148 : 2; 
50149 : 2; 
50150 : 2; 
50151 : 2; 
50152 : 2; 
50153 : 2; 
50154 : 2; 
50155 : 2; 
50156 : 2; 
50157 : 2; 
50158 : 2; 
50159 : 2; 
50160 : 2; 
50161 : 2; 
50162 : 2; 
50163 : 2; 
50164 : 2; 
50165 : 2; 
50166 : 2; 
50167 : 2; 
50168 : 2; 
50169 : 2; 
50170 : 2; 
50171 : 2; 
50172 : 2; 
50173 : 2; 
50174 : 2; 
50175 : 2; 
50176 : 1; 
50177 : 1; 
50178 : 1; 
50179 : 1; 
50180 : 1; 
50181 : 1; 
50182 : 1; 
50183 : 1; 
50184 : 1; 
50185 : 1; 
50186 : 1; 
50187 : 1; 
50188 : 1; 
50189 : 1; 
50190 : 1; 
50191 : 1; 
50192 : 1; 
50193 : 1; 
50194 : 1; 
50195 : 1; 
50196 : 1; 
50197 : 1; 
50198 : 1; 
50199 : 1; 
50200 : 1; 
50201 : 1; 
50202 : 1; 
50203 : 1; 
50204 : 1; 
50205 : 1; 
50206 : 1; 
50207 : 1; 
50208 : 1; 
50209 : 1; 
50210 : 1; 
50211 : 1; 
50212 : 1; 
50213 : 1; 
50214 : 1; 
50215 : 1; 
50216 : 1; 
50217 : 1; 
50218 : 1; 
50219 : 1; 
50220 : 1; 
50221 : 1; 
50222 : 1; 
50223 : 1; 
50224 : 1; 
50225 : 1; 
50226 : 1; 
50227 : 1; 
50228 : 1; 
50229 : 1; 
50230 : 1; 
50231 : 1; 
50232 : 1; 
50233 : 1; 
50234 : 1; 
50235 : 1; 
50236 : 1; 
50237 : 0; 
50238 : 0; 
50239 : 0; 
50240 : 0; 
50241 : 0; 
50242 : 0; 
50243 : 0; 
50244 : 0; 
50245 : 0; 
50246 : 0; 
50247 : 0; 
50248 : 0; 
50249 : 0; 
50250 : 0; 
50251 : 0; 
50252 : 0; 
50253 : 0; 
50254 : 0; 
50255 : 0; 
50256 : 0; 
50257 : 0; 
50258 : 0; 
50259 : 0; 
50260 : 0; 
50261 : 0; 
50262 : 0; 
50263 : 0; 
50264 : 0; 
50265 : 0; 
50266 : 0; 
50267 : 0; 
50268 : 0; 
50269 : 0; 
50270 : 0; 
50271 : 0; 
50272 : 0; 
50273 : 0; 
50274 : 0; 
50275 : 0; 
50276 : 0; 
50277 : 0; 
50278 : 0; 
50279 : 0; 
50280 : 0; 
50281 : 0; 
50282 : 0; 
50283 : 0; 
50284 : 0; 
50285 : 0; 
50286 : 0; 
50287 : 0; 
50288 : 0; 
50289 : 0; 
50290 : 0; 
50291 : 0; 
50292 : 0; 
50293 : 0; 
50294 : 0; 
50295 : 0; 
50296 : 0; 
50297 : 0; 
50298 : 0; 
50299 : 0; 
50300 : 0; 
50301 : 0; 
50302 : 0; 
50303 : 0; 
50304 : 2; 
50305 : 3; 
50306 : 3; 
50307 : 3; 
50308 : 3; 
50309 : 3; 
50310 : 3; 
50311 : 3; 
50312 : 3; 
50313 : 3; 
50314 : 3; 
50315 : 3; 
50316 : 3; 
50317 : 3; 
50318 : 3; 
50319 : 3; 
50320 : 3; 
50321 : 3; 
50322 : 3; 
50323 : 3; 
50324 : 3; 
50325 : 3; 
50326 : 3; 
50327 : 3; 
50328 : 3; 
50329 : 3; 
50330 : 3; 
50331 : 3; 
50332 : 3; 
50333 : 3; 
50334 : 3; 
50335 : 3; 
50336 : 3; 
50337 : 3; 
50338 : 3; 
50339 : 3; 
50340 : 3; 
50341 : 3; 
50342 : 3; 
50343 : 3; 
50344 : 3; 
50345 : 3; 
50346 : 3; 
50347 : 3; 
50348 : 3; 
50349 : 3; 
50350 : 3; 
50351 : 3; 
50352 : 3; 
50353 : 3; 
50354 : 3; 
50355 : 3; 
50356 : 3; 
50357 : 3; 
50358 : 3; 
50359 : 3; 
50360 : 3; 
50361 : 3; 
50362 : 3; 
50363 : 3; 
50364 : 3; 
50365 : 3; 
50366 : 3; 
50367 : 3; 
50368 : 3; 
50369 : 3; 
50370 : 3; 
50371 : 3; 
50372 : 3; 
50373 : 2; 
50374 : 2; 
50375 : 2; 
50376 : 2; 
50377 : 2; 
50378 : 2; 
50379 : 2; 
50380 : 2; 
50381 : 2; 
50382 : 2; 
50383 : 2; 
50384 : 2; 
50385 : 2; 
50386 : 2; 
50387 : 2; 
50388 : 2; 
50389 : 2; 
50390 : 2; 
50391 : 2; 
50392 : 2; 
50393 : 2; 
50394 : 2; 
50395 : 2; 
50396 : 2; 
50397 : 2; 
50398 : 2; 
50399 : 2; 
50400 : 2; 
50401 : 2; 
50402 : 2; 
50403 : 2; 
50404 : 2; 
50405 : 2; 
50406 : 2; 
50407 : 2; 
50408 : 2; 
50409 : 2; 
50410 : 2; 
50411 : 2; 
50412 : 2; 
50413 : 2; 
50414 : 2; 
50415 : 2; 
50416 : 2; 
50417 : 2; 
50418 : 2; 
50419 : 2; 
50420 : 2; 
50421 : 2; 
50422 : 2; 
50423 : 2; 
50424 : 2; 
50425 : 2; 
50426 : 2; 
50427 : 2; 
50428 : 2; 
50429 : 2; 
50430 : 2; 
50431 : 2; 
50432 : 1; 
50433 : 1; 
50434 : 1; 
50435 : 1; 
50436 : 1; 
50437 : 1; 
50438 : 1; 
50439 : 1; 
50440 : 1; 
50441 : 1; 
50442 : 1; 
50443 : 1; 
50444 : 1; 
50445 : 1; 
50446 : 1; 
50447 : 1; 
50448 : 1; 
50449 : 1; 
50450 : 1; 
50451 : 1; 
50452 : 1; 
50453 : 1; 
50454 : 1; 
50455 : 1; 
50456 : 1; 
50457 : 1; 
50458 : 1; 
50459 : 1; 
50460 : 1; 
50461 : 1; 
50462 : 1; 
50463 : 1; 
50464 : 1; 
50465 : 1; 
50466 : 1; 
50467 : 1; 
50468 : 1; 
50469 : 1; 
50470 : 1; 
50471 : 1; 
50472 : 1; 
50473 : 1; 
50474 : 1; 
50475 : 1; 
50476 : 1; 
50477 : 1; 
50478 : 1; 
50479 : 1; 
50480 : 1; 
50481 : 1; 
50482 : 1; 
50483 : 1; 
50484 : 1; 
50485 : 1; 
50486 : 1; 
50487 : 1; 
50488 : 1; 
50489 : 1; 
50490 : 1; 
50491 : 1; 
50492 : 0; 
50493 : 0; 
50494 : 0; 
50495 : 0; 
50496 : 0; 
50497 : 0; 
50498 : 0; 
50499 : 0; 
50500 : 0; 
50501 : 0; 
50502 : 0; 
50503 : 0; 
50504 : 0; 
50505 : 0; 
50506 : 0; 
50507 : 0; 
50508 : 0; 
50509 : 0; 
50510 : 0; 
50511 : 0; 
50512 : 0; 
50513 : 0; 
50514 : 0; 
50515 : 0; 
50516 : 0; 
50517 : 0; 
50518 : 0; 
50519 : 0; 
50520 : 0; 
50521 : 0; 
50522 : 0; 
50523 : 0; 
50524 : 0; 
50525 : 0; 
50526 : 0; 
50527 : 0; 
50528 : 0; 
50529 : 0; 
50530 : 0; 
50531 : 0; 
50532 : 0; 
50533 : 0; 
50534 : 0; 
50535 : 0; 
50536 : 0; 
50537 : 0; 
50538 : 0; 
50539 : 0; 
50540 : 0; 
50541 : 0; 
50542 : 0; 
50543 : 0; 
50544 : 0; 
50545 : 0; 
50546 : 0; 
50547 : 0; 
50548 : 0; 
50549 : 0; 
50550 : 0; 
50551 : 0; 
50552 : 0; 
50553 : 0; 
50554 : 0; 
50555 : 0; 
50556 : 0; 
50557 : 0; 
50558 : 0; 
50559 : 0; 
50560 : 2; 
50561 : 3; 
50562 : 3; 
50563 : 3; 
50564 : 3; 
50565 : 3; 
50566 : 3; 
50567 : 3; 
50568 : 3; 
50569 : 3; 
50570 : 3; 
50571 : 3; 
50572 : 3; 
50573 : 3; 
50574 : 3; 
50575 : 3; 
50576 : 3; 
50577 : 3; 
50578 : 3; 
50579 : 3; 
50580 : 3; 
50581 : 3; 
50582 : 3; 
50583 : 3; 
50584 : 3; 
50585 : 3; 
50586 : 3; 
50587 : 3; 
50588 : 3; 
50589 : 3; 
50590 : 3; 
50591 : 3; 
50592 : 3; 
50593 : 3; 
50594 : 3; 
50595 : 3; 
50596 : 3; 
50597 : 3; 
50598 : 3; 
50599 : 3; 
50600 : 3; 
50601 : 3; 
50602 : 3; 
50603 : 3; 
50604 : 3; 
50605 : 3; 
50606 : 3; 
50607 : 3; 
50608 : 3; 
50609 : 3; 
50610 : 3; 
50611 : 3; 
50612 : 3; 
50613 : 3; 
50614 : 3; 
50615 : 3; 
50616 : 3; 
50617 : 3; 
50618 : 3; 
50619 : 3; 
50620 : 3; 
50621 : 3; 
50622 : 3; 
50623 : 3; 
50624 : 3; 
50625 : 3; 
50626 : 3; 
50627 : 3; 
50628 : 3; 
50629 : 3; 
50630 : 2; 
50631 : 2; 
50632 : 2; 
50633 : 2; 
50634 : 2; 
50635 : 2; 
50636 : 2; 
50637 : 2; 
50638 : 2; 
50639 : 2; 
50640 : 2; 
50641 : 2; 
50642 : 2; 
50643 : 2; 
50644 : 2; 
50645 : 2; 
50646 : 2; 
50647 : 2; 
50648 : 2; 
50649 : 2; 
50650 : 2; 
50651 : 2; 
50652 : 2; 
50653 : 2; 
50654 : 2; 
50655 : 2; 
50656 : 2; 
50657 : 2; 
50658 : 2; 
50659 : 2; 
50660 : 2; 
50661 : 2; 
50662 : 2; 
50663 : 2; 
50664 : 2; 
50665 : 2; 
50666 : 2; 
50667 : 2; 
50668 : 2; 
50669 : 2; 
50670 : 2; 
50671 : 2; 
50672 : 2; 
50673 : 2; 
50674 : 2; 
50675 : 2; 
50676 : 2; 
50677 : 2; 
50678 : 2; 
50679 : 2; 
50680 : 2; 
50681 : 2; 
50682 : 2; 
50683 : 2; 
50684 : 2; 
50685 : 2; 
50686 : 2; 
50687 : 2; 
50688 : 1; 
50689 : 1; 
50690 : 1; 
50691 : 1; 
50692 : 1; 
50693 : 1; 
50694 : 1; 
50695 : 1; 
50696 : 1; 
50697 : 1; 
50698 : 1; 
50699 : 1; 
50700 : 1; 
50701 : 1; 
50702 : 1; 
50703 : 1; 
50704 : 1; 
50705 : 1; 
50706 : 1; 
50707 : 1; 
50708 : 1; 
50709 : 1; 
50710 : 1; 
50711 : 1; 
50712 : 1; 
50713 : 1; 
50714 : 1; 
50715 : 1; 
50716 : 1; 
50717 : 1; 
50718 : 1; 
50719 : 1; 
50720 : 1; 
50721 : 1; 
50722 : 1; 
50723 : 1; 
50724 : 1; 
50725 : 1; 
50726 : 1; 
50727 : 1; 
50728 : 1; 
50729 : 1; 
50730 : 1; 
50731 : 1; 
50732 : 1; 
50733 : 1; 
50734 : 1; 
50735 : 1; 
50736 : 1; 
50737 : 1; 
50738 : 1; 
50739 : 1; 
50740 : 1; 
50741 : 1; 
50742 : 1; 
50743 : 1; 
50744 : 1; 
50745 : 1; 
50746 : 1; 
50747 : 0; 
50748 : 0; 
50749 : 0; 
50750 : 0; 
50751 : 0; 
50752 : 0; 
50753 : 0; 
50754 : 0; 
50755 : 0; 
50756 : 0; 
50757 : 0; 
50758 : 0; 
50759 : 0; 
50760 : 0; 
50761 : 0; 
50762 : 0; 
50763 : 0; 
50764 : 0; 
50765 : 0; 
50766 : 0; 
50767 : 0; 
50768 : 0; 
50769 : 0; 
50770 : 0; 
50771 : 0; 
50772 : 0; 
50773 : 0; 
50774 : 0; 
50775 : 0; 
50776 : 0; 
50777 : 0; 
50778 : 0; 
50779 : 0; 
50780 : 0; 
50781 : 0; 
50782 : 0; 
50783 : 0; 
50784 : 0; 
50785 : 0; 
50786 : 0; 
50787 : 0; 
50788 : 0; 
50789 : 0; 
50790 : 0; 
50791 : 0; 
50792 : 0; 
50793 : 0; 
50794 : 0; 
50795 : 0; 
50796 : 0; 
50797 : 0; 
50798 : 0; 
50799 : 0; 
50800 : 0; 
50801 : 0; 
50802 : 0; 
50803 : 0; 
50804 : 0; 
50805 : 0; 
50806 : 0; 
50807 : 0; 
50808 : 0; 
50809 : 0; 
50810 : 0; 
50811 : 0; 
50812 : 0; 
50813 : 0; 
50814 : 0; 
50815 : 0; 
50816 : 2; 
50817 : 3; 
50818 : 3; 
50819 : 3; 
50820 : 3; 
50821 : 3; 
50822 : 3; 
50823 : 3; 
50824 : 3; 
50825 : 3; 
50826 : 3; 
50827 : 3; 
50828 : 3; 
50829 : 3; 
50830 : 3; 
50831 : 3; 
50832 : 3; 
50833 : 3; 
50834 : 3; 
50835 : 3; 
50836 : 3; 
50837 : 3; 
50838 : 3; 
50839 : 3; 
50840 : 3; 
50841 : 3; 
50842 : 3; 
50843 : 3; 
50844 : 3; 
50845 : 3; 
50846 : 3; 
50847 : 3; 
50848 : 3; 
50849 : 3; 
50850 : 3; 
50851 : 3; 
50852 : 3; 
50853 : 3; 
50854 : 3; 
50855 : 3; 
50856 : 3; 
50857 : 3; 
50858 : 3; 
50859 : 3; 
50860 : 3; 
50861 : 3; 
50862 : 3; 
50863 : 3; 
50864 : 3; 
50865 : 3; 
50866 : 3; 
50867 : 3; 
50868 : 3; 
50869 : 3; 
50870 : 3; 
50871 : 3; 
50872 : 3; 
50873 : 3; 
50874 : 3; 
50875 : 3; 
50876 : 3; 
50877 : 3; 
50878 : 3; 
50879 : 3; 
50880 : 3; 
50881 : 3; 
50882 : 3; 
50883 : 3; 
50884 : 3; 
50885 : 3; 
50886 : 3; 
50887 : 2; 
50888 : 2; 
50889 : 2; 
50890 : 2; 
50891 : 2; 
50892 : 2; 
50893 : 2; 
50894 : 2; 
50895 : 2; 
50896 : 2; 
50897 : 2; 
50898 : 2; 
50899 : 2; 
50900 : 2; 
50901 : 2; 
50902 : 2; 
50903 : 2; 
50904 : 2; 
50905 : 2; 
50906 : 2; 
50907 : 2; 
50908 : 2; 
50909 : 2; 
50910 : 2; 
50911 : 2; 
50912 : 2; 
50913 : 2; 
50914 : 2; 
50915 : 2; 
50916 : 2; 
50917 : 2; 
50918 : 2; 
50919 : 2; 
50920 : 2; 
50921 : 2; 
50922 : 2; 
50923 : 2; 
50924 : 2; 
50925 : 2; 
50926 : 2; 
50927 : 2; 
50928 : 2; 
50929 : 2; 
50930 : 2; 
50931 : 2; 
50932 : 2; 
50933 : 2; 
50934 : 2; 
50935 : 2; 
50936 : 2; 
50937 : 2; 
50938 : 2; 
50939 : 2; 
50940 : 2; 
50941 : 2; 
50942 : 2; 
50943 : 2; 
50944 : 1; 
50945 : 1; 
50946 : 1; 
50947 : 1; 
50948 : 1; 
50949 : 1; 
50950 : 1; 
50951 : 1; 
50952 : 1; 
50953 : 1; 
50954 : 1; 
50955 : 1; 
50956 : 1; 
50957 : 1; 
50958 : 1; 
50959 : 1; 
50960 : 1; 
50961 : 1; 
50962 : 1; 
50963 : 1; 
50964 : 1; 
50965 : 1; 
50966 : 1; 
50967 : 1; 
50968 : 1; 
50969 : 1; 
50970 : 1; 
50971 : 1; 
50972 : 1; 
50973 : 1; 
50974 : 1; 
50975 : 1; 
50976 : 1; 
50977 : 1; 
50978 : 1; 
50979 : 1; 
50980 : 1; 
50981 : 1; 
50982 : 1; 
50983 : 1; 
50984 : 1; 
50985 : 1; 
50986 : 1; 
50987 : 1; 
50988 : 1; 
50989 : 1; 
50990 : 1; 
50991 : 1; 
50992 : 1; 
50993 : 1; 
50994 : 1; 
50995 : 1; 
50996 : 1; 
50997 : 1; 
50998 : 1; 
50999 : 1; 
51000 : 1; 
51001 : 1; 
51002 : 0; 
51003 : 0; 
51004 : 0; 
51005 : 0; 
51006 : 0; 
51007 : 0; 
51008 : 0; 
51009 : 0; 
51010 : 0; 
51011 : 0; 
51012 : 0; 
51013 : 0; 
51014 : 0; 
51015 : 0; 
51016 : 0; 
51017 : 0; 
51018 : 0; 
51019 : 0; 
51020 : 0; 
51021 : 0; 
51022 : 0; 
51023 : 0; 
51024 : 0; 
51025 : 0; 
51026 : 0; 
51027 : 0; 
51028 : 0; 
51029 : 0; 
51030 : 0; 
51031 : 0; 
51032 : 0; 
51033 : 0; 
51034 : 0; 
51035 : 0; 
51036 : 0; 
51037 : 0; 
51038 : 0; 
51039 : 0; 
51040 : 0; 
51041 : 0; 
51042 : 0; 
51043 : 0; 
51044 : 0; 
51045 : 0; 
51046 : 0; 
51047 : 0; 
51048 : 0; 
51049 : 0; 
51050 : 0; 
51051 : 0; 
51052 : 0; 
51053 : 0; 
51054 : 0; 
51055 : 0; 
51056 : 0; 
51057 : 0; 
51058 : 0; 
51059 : 0; 
51060 : 0; 
51061 : 0; 
51062 : 0; 
51063 : 0; 
51064 : 0; 
51065 : 0; 
51066 : 0; 
51067 : 0; 
51068 : 0; 
51069 : 0; 
51070 : 0; 
51071 : 0; 
51072 : 2; 
51073 : 3; 
51074 : 3; 
51075 : 3; 
51076 : 3; 
51077 : 3; 
51078 : 3; 
51079 : 3; 
51080 : 3; 
51081 : 3; 
51082 : 3; 
51083 : 3; 
51084 : 3; 
51085 : 3; 
51086 : 3; 
51087 : 3; 
51088 : 3; 
51089 : 3; 
51090 : 3; 
51091 : 3; 
51092 : 3; 
51093 : 3; 
51094 : 3; 
51095 : 3; 
51096 : 3; 
51097 : 3; 
51098 : 3; 
51099 : 3; 
51100 : 3; 
51101 : 3; 
51102 : 3; 
51103 : 3; 
51104 : 3; 
51105 : 3; 
51106 : 3; 
51107 : 3; 
51108 : 3; 
51109 : 3; 
51110 : 3; 
51111 : 3; 
51112 : 3; 
51113 : 3; 
51114 : 3; 
51115 : 3; 
51116 : 3; 
51117 : 3; 
51118 : 3; 
51119 : 3; 
51120 : 3; 
51121 : 3; 
51122 : 3; 
51123 : 3; 
51124 : 3; 
51125 : 3; 
51126 : 3; 
51127 : 3; 
51128 : 3; 
51129 : 3; 
51130 : 3; 
51131 : 3; 
51132 : 3; 
51133 : 3; 
51134 : 3; 
51135 : 3; 
51136 : 3; 
51137 : 3; 
51138 : 3; 
51139 : 3; 
51140 : 3; 
51141 : 3; 
51142 : 3; 
51143 : 3; 
51144 : 2; 
51145 : 2; 
51146 : 2; 
51147 : 2; 
51148 : 2; 
51149 : 2; 
51150 : 2; 
51151 : 2; 
51152 : 2; 
51153 : 2; 
51154 : 2; 
51155 : 2; 
51156 : 2; 
51157 : 2; 
51158 : 2; 
51159 : 2; 
51160 : 2; 
51161 : 2; 
51162 : 2; 
51163 : 2; 
51164 : 2; 
51165 : 2; 
51166 : 2; 
51167 : 2; 
51168 : 2; 
51169 : 2; 
51170 : 2; 
51171 : 2; 
51172 : 2; 
51173 : 2; 
51174 : 2; 
51175 : 2; 
51176 : 2; 
51177 : 2; 
51178 : 2; 
51179 : 2; 
51180 : 2; 
51181 : 2; 
51182 : 2; 
51183 : 2; 
51184 : 2; 
51185 : 2; 
51186 : 2; 
51187 : 2; 
51188 : 2; 
51189 : 2; 
51190 : 2; 
51191 : 2; 
51192 : 2; 
51193 : 2; 
51194 : 2; 
51195 : 2; 
51196 : 2; 
51197 : 2; 
51198 : 2; 
51199 : 2; 
51200 : 1; 
51201 : 1; 
51202 : 1; 
51203 : 1; 
51204 : 1; 
51205 : 1; 
51206 : 1; 
51207 : 1; 
51208 : 1; 
51209 : 1; 
51210 : 1; 
51211 : 1; 
51212 : 1; 
51213 : 1; 
51214 : 1; 
51215 : 1; 
51216 : 1; 
51217 : 1; 
51218 : 1; 
51219 : 1; 
51220 : 1; 
51221 : 1; 
51222 : 1; 
51223 : 1; 
51224 : 1; 
51225 : 1; 
51226 : 1; 
51227 : 1; 
51228 : 1; 
51229 : 1; 
51230 : 1; 
51231 : 1; 
51232 : 1; 
51233 : 1; 
51234 : 1; 
51235 : 1; 
51236 : 1; 
51237 : 1; 
51238 : 1; 
51239 : 1; 
51240 : 1; 
51241 : 1; 
51242 : 1; 
51243 : 1; 
51244 : 1; 
51245 : 1; 
51246 : 1; 
51247 : 1; 
51248 : 1; 
51249 : 1; 
51250 : 1; 
51251 : 1; 
51252 : 1; 
51253 : 1; 
51254 : 1; 
51255 : 1; 
51256 : 1; 
51257 : 0; 
51258 : 0; 
51259 : 0; 
51260 : 0; 
51261 : 0; 
51262 : 0; 
51263 : 0; 
51264 : 0; 
51265 : 0; 
51266 : 0; 
51267 : 0; 
51268 : 0; 
51269 : 0; 
51270 : 0; 
51271 : 0; 
51272 : 0; 
51273 : 0; 
51274 : 0; 
51275 : 0; 
51276 : 0; 
51277 : 0; 
51278 : 0; 
51279 : 0; 
51280 : 0; 
51281 : 0; 
51282 : 0; 
51283 : 0; 
51284 : 0; 
51285 : 0; 
51286 : 0; 
51287 : 0; 
51288 : 0; 
51289 : 0; 
51290 : 0; 
51291 : 0; 
51292 : 0; 
51293 : 0; 
51294 : 0; 
51295 : 0; 
51296 : 0; 
51297 : 0; 
51298 : 0; 
51299 : 0; 
51300 : 0; 
51301 : 0; 
51302 : 0; 
51303 : 0; 
51304 : 0; 
51305 : 0; 
51306 : 0; 
51307 : 0; 
51308 : 0; 
51309 : 0; 
51310 : 0; 
51311 : 0; 
51312 : 0; 
51313 : 0; 
51314 : 0; 
51315 : 0; 
51316 : 0; 
51317 : 0; 
51318 : 0; 
51319 : 0; 
51320 : 0; 
51321 : 0; 
51322 : 0; 
51323 : 0; 
51324 : 0; 
51325 : 0; 
51326 : 0; 
51327 : 0; 
51328 : 2; 
51329 : 3; 
51330 : 3; 
51331 : 3; 
51332 : 3; 
51333 : 3; 
51334 : 3; 
51335 : 3; 
51336 : 3; 
51337 : 3; 
51338 : 3; 
51339 : 3; 
51340 : 3; 
51341 : 3; 
51342 : 3; 
51343 : 3; 
51344 : 3; 
51345 : 3; 
51346 : 3; 
51347 : 3; 
51348 : 3; 
51349 : 3; 
51350 : 3; 
51351 : 3; 
51352 : 3; 
51353 : 3; 
51354 : 3; 
51355 : 3; 
51356 : 3; 
51357 : 3; 
51358 : 3; 
51359 : 3; 
51360 : 3; 
51361 : 3; 
51362 : 3; 
51363 : 3; 
51364 : 3; 
51365 : 3; 
51366 : 3; 
51367 : 3; 
51368 : 3; 
51369 : 3; 
51370 : 3; 
51371 : 3; 
51372 : 3; 
51373 : 3; 
51374 : 3; 
51375 : 3; 
51376 : 3; 
51377 : 3; 
51378 : 3; 
51379 : 3; 
51380 : 3; 
51381 : 3; 
51382 : 3; 
51383 : 3; 
51384 : 3; 
51385 : 3; 
51386 : 3; 
51387 : 3; 
51388 : 3; 
51389 : 3; 
51390 : 3; 
51391 : 3; 
51392 : 3; 
51393 : 3; 
51394 : 3; 
51395 : 3; 
51396 : 3; 
51397 : 3; 
51398 : 3; 
51399 : 3; 
51400 : 3; 
51401 : 2; 
51402 : 2; 
51403 : 2; 
51404 : 2; 
51405 : 2; 
51406 : 2; 
51407 : 2; 
51408 : 2; 
51409 : 2; 
51410 : 2; 
51411 : 2; 
51412 : 2; 
51413 : 2; 
51414 : 2; 
51415 : 2; 
51416 : 2; 
51417 : 2; 
51418 : 2; 
51419 : 2; 
51420 : 2; 
51421 : 2; 
51422 : 2; 
51423 : 2; 
51424 : 2; 
51425 : 2; 
51426 : 2; 
51427 : 2; 
51428 : 2; 
51429 : 2; 
51430 : 2; 
51431 : 2; 
51432 : 2; 
51433 : 2; 
51434 : 2; 
51435 : 2; 
51436 : 2; 
51437 : 2; 
51438 : 2; 
51439 : 2; 
51440 : 2; 
51441 : 2; 
51442 : 2; 
51443 : 2; 
51444 : 2; 
51445 : 2; 
51446 : 2; 
51447 : 2; 
51448 : 2; 
51449 : 2; 
51450 : 2; 
51451 : 2; 
51452 : 2; 
51453 : 2; 
51454 : 2; 
51455 : 2; 
51456 : 1; 
51457 : 1; 
51458 : 1; 
51459 : 1; 
51460 : 1; 
51461 : 1; 
51462 : 1; 
51463 : 1; 
51464 : 1; 
51465 : 1; 
51466 : 1; 
51467 : 1; 
51468 : 1; 
51469 : 1; 
51470 : 1; 
51471 : 1; 
51472 : 1; 
51473 : 1; 
51474 : 1; 
51475 : 1; 
51476 : 1; 
51477 : 1; 
51478 : 1; 
51479 : 1; 
51480 : 1; 
51481 : 1; 
51482 : 1; 
51483 : 1; 
51484 : 1; 
51485 : 1; 
51486 : 1; 
51487 : 1; 
51488 : 1; 
51489 : 1; 
51490 : 1; 
51491 : 1; 
51492 : 1; 
51493 : 1; 
51494 : 1; 
51495 : 1; 
51496 : 1; 
51497 : 1; 
51498 : 1; 
51499 : 1; 
51500 : 1; 
51501 : 1; 
51502 : 1; 
51503 : 1; 
51504 : 1; 
51505 : 1; 
51506 : 1; 
51507 : 1; 
51508 : 1; 
51509 : 1; 
51510 : 1; 
51511 : 1; 
51512 : 0; 
51513 : 0; 
51514 : 0; 
51515 : 0; 
51516 : 0; 
51517 : 0; 
51518 : 0; 
51519 : 0; 
51520 : 0; 
51521 : 0; 
51522 : 0; 
51523 : 0; 
51524 : 0; 
51525 : 0; 
51526 : 0; 
51527 : 0; 
51528 : 0; 
51529 : 0; 
51530 : 0; 
51531 : 0; 
51532 : 0; 
51533 : 0; 
51534 : 0; 
51535 : 0; 
51536 : 0; 
51537 : 0; 
51538 : 0; 
51539 : 0; 
51540 : 0; 
51541 : 0; 
51542 : 0; 
51543 : 0; 
51544 : 0; 
51545 : 0; 
51546 : 0; 
51547 : 0; 
51548 : 0; 
51549 : 0; 
51550 : 0; 
51551 : 0; 
51552 : 0; 
51553 : 0; 
51554 : 0; 
51555 : 0; 
51556 : 0; 
51557 : 0; 
51558 : 0; 
51559 : 0; 
51560 : 0; 
51561 : 0; 
51562 : 0; 
51563 : 0; 
51564 : 0; 
51565 : 0; 
51566 : 0; 
51567 : 0; 
51568 : 0; 
51569 : 0; 
51570 : 0; 
51571 : 0; 
51572 : 0; 
51573 : 0; 
51574 : 0; 
51575 : 0; 
51576 : 0; 
51577 : 0; 
51578 : 0; 
51579 : 0; 
51580 : 0; 
51581 : 0; 
51582 : 0; 
51583 : 0; 
51584 : 2; 
51585 : 3; 
51586 : 3; 
51587 : 3; 
51588 : 3; 
51589 : 3; 
51590 : 3; 
51591 : 3; 
51592 : 3; 
51593 : 3; 
51594 : 3; 
51595 : 3; 
51596 : 3; 
51597 : 3; 
51598 : 3; 
51599 : 3; 
51600 : 3; 
51601 : 3; 
51602 : 3; 
51603 : 3; 
51604 : 3; 
51605 : 3; 
51606 : 3; 
51607 : 3; 
51608 : 3; 
51609 : 3; 
51610 : 3; 
51611 : 3; 
51612 : 3; 
51613 : 3; 
51614 : 3; 
51615 : 3; 
51616 : 3; 
51617 : 3; 
51618 : 3; 
51619 : 3; 
51620 : 3; 
51621 : 3; 
51622 : 3; 
51623 : 3; 
51624 : 3; 
51625 : 3; 
51626 : 3; 
51627 : 3; 
51628 : 3; 
51629 : 3; 
51630 : 3; 
51631 : 3; 
51632 : 3; 
51633 : 3; 
51634 : 3; 
51635 : 3; 
51636 : 3; 
51637 : 3; 
51638 : 3; 
51639 : 3; 
51640 : 3; 
51641 : 3; 
51642 : 3; 
51643 : 3; 
51644 : 3; 
51645 : 3; 
51646 : 3; 
51647 : 3; 
51648 : 3; 
51649 : 3; 
51650 : 3; 
51651 : 3; 
51652 : 3; 
51653 : 3; 
51654 : 3; 
51655 : 3; 
51656 : 3; 
51657 : 3; 
51658 : 2; 
51659 : 2; 
51660 : 2; 
51661 : 2; 
51662 : 2; 
51663 : 2; 
51664 : 2; 
51665 : 2; 
51666 : 2; 
51667 : 2; 
51668 : 2; 
51669 : 2; 
51670 : 2; 
51671 : 2; 
51672 : 2; 
51673 : 2; 
51674 : 2; 
51675 : 2; 
51676 : 2; 
51677 : 2; 
51678 : 2; 
51679 : 2; 
51680 : 2; 
51681 : 2; 
51682 : 2; 
51683 : 2; 
51684 : 2; 
51685 : 2; 
51686 : 2; 
51687 : 2; 
51688 : 2; 
51689 : 2; 
51690 : 2; 
51691 : 2; 
51692 : 2; 
51693 : 2; 
51694 : 2; 
51695 : 2; 
51696 : 2; 
51697 : 2; 
51698 : 2; 
51699 : 2; 
51700 : 2; 
51701 : 2; 
51702 : 2; 
51703 : 2; 
51704 : 2; 
51705 : 2; 
51706 : 2; 
51707 : 2; 
51708 : 2; 
51709 : 2; 
51710 : 2; 
51711 : 2; 
51712 : 1; 
51713 : 1; 
51714 : 1; 
51715 : 1; 
51716 : 1; 
51717 : 1; 
51718 : 1; 
51719 : 1; 
51720 : 1; 
51721 : 1; 
51722 : 1; 
51723 : 1; 
51724 : 1; 
51725 : 1; 
51726 : 1; 
51727 : 1; 
51728 : 1; 
51729 : 1; 
51730 : 1; 
51731 : 1; 
51732 : 1; 
51733 : 1; 
51734 : 1; 
51735 : 1; 
51736 : 1; 
51737 : 1; 
51738 : 1; 
51739 : 1; 
51740 : 1; 
51741 : 1; 
51742 : 1; 
51743 : 1; 
51744 : 1; 
51745 : 1; 
51746 : 1; 
51747 : 1; 
51748 : 1; 
51749 : 1; 
51750 : 1; 
51751 : 1; 
51752 : 1; 
51753 : 1; 
51754 : 1; 
51755 : 1; 
51756 : 1; 
51757 : 1; 
51758 : 1; 
51759 : 1; 
51760 : 1; 
51761 : 1; 
51762 : 1; 
51763 : 1; 
51764 : 1; 
51765 : 1; 
51766 : 1; 
51767 : 0; 
51768 : 0; 
51769 : 0; 
51770 : 0; 
51771 : 0; 
51772 : 0; 
51773 : 0; 
51774 : 0; 
51775 : 0; 
51776 : 0; 
51777 : 0; 
51778 : 0; 
51779 : 0; 
51780 : 0; 
51781 : 0; 
51782 : 0; 
51783 : 0; 
51784 : 0; 
51785 : 0; 
51786 : 0; 
51787 : 0; 
51788 : 0; 
51789 : 0; 
51790 : 0; 
51791 : 0; 
51792 : 0; 
51793 : 0; 
51794 : 0; 
51795 : 0; 
51796 : 0; 
51797 : 0; 
51798 : 0; 
51799 : 0; 
51800 : 0; 
51801 : 0; 
51802 : 0; 
51803 : 0; 
51804 : 0; 
51805 : 0; 
51806 : 0; 
51807 : 0; 
51808 : 0; 
51809 : 0; 
51810 : 0; 
51811 : 0; 
51812 : 0; 
51813 : 0; 
51814 : 0; 
51815 : 0; 
51816 : 0; 
51817 : 0; 
51818 : 0; 
51819 : 0; 
51820 : 0; 
51821 : 0; 
51822 : 0; 
51823 : 0; 
51824 : 0; 
51825 : 0; 
51826 : 0; 
51827 : 0; 
51828 : 0; 
51829 : 0; 
51830 : 0; 
51831 : 0; 
51832 : 0; 
51833 : 0; 
51834 : 0; 
51835 : 0; 
51836 : 0; 
51837 : 0; 
51838 : 0; 
51839 : 0; 
51840 : 2; 
51841 : 3; 
51842 : 3; 
51843 : 3; 
51844 : 3; 
51845 : 3; 
51846 : 3; 
51847 : 3; 
51848 : 3; 
51849 : 3; 
51850 : 3; 
51851 : 3; 
51852 : 3; 
51853 : 3; 
51854 : 3; 
51855 : 3; 
51856 : 3; 
51857 : 3; 
51858 : 3; 
51859 : 3; 
51860 : 3; 
51861 : 3; 
51862 : 3; 
51863 : 3; 
51864 : 3; 
51865 : 3; 
51866 : 3; 
51867 : 3; 
51868 : 3; 
51869 : 3; 
51870 : 3; 
51871 : 3; 
51872 : 3; 
51873 : 3; 
51874 : 3; 
51875 : 3; 
51876 : 3; 
51877 : 3; 
51878 : 3; 
51879 : 3; 
51880 : 3; 
51881 : 3; 
51882 : 3; 
51883 : 3; 
51884 : 3; 
51885 : 3; 
51886 : 3; 
51887 : 3; 
51888 : 3; 
51889 : 3; 
51890 : 3; 
51891 : 3; 
51892 : 3; 
51893 : 3; 
51894 : 3; 
51895 : 3; 
51896 : 3; 
51897 : 3; 
51898 : 3; 
51899 : 3; 
51900 : 3; 
51901 : 3; 
51902 : 3; 
51903 : 3; 
51904 : 3; 
51905 : 3; 
51906 : 3; 
51907 : 3; 
51908 : 3; 
51909 : 3; 
51910 : 3; 
51911 : 3; 
51912 : 3; 
51913 : 3; 
51914 : 3; 
51915 : 2; 
51916 : 2; 
51917 : 2; 
51918 : 2; 
51919 : 2; 
51920 : 2; 
51921 : 2; 
51922 : 2; 
51923 : 2; 
51924 : 2; 
51925 : 2; 
51926 : 2; 
51927 : 2; 
51928 : 2; 
51929 : 2; 
51930 : 2; 
51931 : 2; 
51932 : 2; 
51933 : 2; 
51934 : 2; 
51935 : 2; 
51936 : 2; 
51937 : 2; 
51938 : 2; 
51939 : 2; 
51940 : 2; 
51941 : 2; 
51942 : 2; 
51943 : 2; 
51944 : 2; 
51945 : 2; 
51946 : 2; 
51947 : 2; 
51948 : 2; 
51949 : 2; 
51950 : 2; 
51951 : 2; 
51952 : 2; 
51953 : 2; 
51954 : 2; 
51955 : 2; 
51956 : 2; 
51957 : 2; 
51958 : 2; 
51959 : 2; 
51960 : 2; 
51961 : 2; 
51962 : 2; 
51963 : 2; 
51964 : 2; 
51965 : 2; 
51966 : 2; 
51967 : 2; 
51968 : 1; 
51969 : 1; 
51970 : 1; 
51971 : 1; 
51972 : 1; 
51973 : 1; 
51974 : 1; 
51975 : 1; 
51976 : 1; 
51977 : 1; 
51978 : 1; 
51979 : 1; 
51980 : 1; 
51981 : 1; 
51982 : 1; 
51983 : 1; 
51984 : 1; 
51985 : 1; 
51986 : 1; 
51987 : 1; 
51988 : 1; 
51989 : 1; 
51990 : 1; 
51991 : 1; 
51992 : 1; 
51993 : 1; 
51994 : 1; 
51995 : 1; 
51996 : 1; 
51997 : 1; 
51998 : 1; 
51999 : 1; 
52000 : 1; 
52001 : 1; 
52002 : 1; 
52003 : 1; 
52004 : 1; 
52005 : 1; 
52006 : 1; 
52007 : 1; 
52008 : 1; 
52009 : 1; 
52010 : 1; 
52011 : 1; 
52012 : 1; 
52013 : 1; 
52014 : 1; 
52015 : 1; 
52016 : 1; 
52017 : 1; 
52018 : 1; 
52019 : 1; 
52020 : 1; 
52021 : 1; 
52022 : 0; 
52023 : 0; 
52024 : 0; 
52025 : 0; 
52026 : 0; 
52027 : 0; 
52028 : 0; 
52029 : 0; 
52030 : 0; 
52031 : 0; 
52032 : 0; 
52033 : 0; 
52034 : 0; 
52035 : 0; 
52036 : 0; 
52037 : 0; 
52038 : 0; 
52039 : 0; 
52040 : 0; 
52041 : 0; 
52042 : 0; 
52043 : 0; 
52044 : 0; 
52045 : 0; 
52046 : 0; 
52047 : 0; 
52048 : 0; 
52049 : 0; 
52050 : 0; 
52051 : 0; 
52052 : 0; 
52053 : 0; 
52054 : 0; 
52055 : 0; 
52056 : 0; 
52057 : 0; 
52058 : 0; 
52059 : 0; 
52060 : 0; 
52061 : 0; 
52062 : 0; 
52063 : 0; 
52064 : 0; 
52065 : 0; 
52066 : 0; 
52067 : 0; 
52068 : 0; 
52069 : 0; 
52070 : 0; 
52071 : 0; 
52072 : 0; 
52073 : 0; 
52074 : 0; 
52075 : 0; 
52076 : 0; 
52077 : 0; 
52078 : 0; 
52079 : 0; 
52080 : 0; 
52081 : 0; 
52082 : 0; 
52083 : 0; 
52084 : 0; 
52085 : 0; 
52086 : 0; 
52087 : 0; 
52088 : 0; 
52089 : 0; 
52090 : 0; 
52091 : 0; 
52092 : 0; 
52093 : 0; 
52094 : 0; 
52095 : 0; 
52096 : 2; 
52097 : 3; 
52098 : 3; 
52099 : 3; 
52100 : 3; 
52101 : 3; 
52102 : 3; 
52103 : 3; 
52104 : 3; 
52105 : 3; 
52106 : 3; 
52107 : 3; 
52108 : 3; 
52109 : 3; 
52110 : 3; 
52111 : 3; 
52112 : 3; 
52113 : 3; 
52114 : 3; 
52115 : 3; 
52116 : 3; 
52117 : 3; 
52118 : 3; 
52119 : 3; 
52120 : 3; 
52121 : 3; 
52122 : 3; 
52123 : 3; 
52124 : 3; 
52125 : 3; 
52126 : 3; 
52127 : 3; 
52128 : 3; 
52129 : 3; 
52130 : 3; 
52131 : 3; 
52132 : 3; 
52133 : 3; 
52134 : 3; 
52135 : 3; 
52136 : 3; 
52137 : 3; 
52138 : 3; 
52139 : 3; 
52140 : 3; 
52141 : 3; 
52142 : 3; 
52143 : 3; 
52144 : 3; 
52145 : 3; 
52146 : 3; 
52147 : 3; 
52148 : 3; 
52149 : 3; 
52150 : 3; 
52151 : 3; 
52152 : 3; 
52153 : 3; 
52154 : 3; 
52155 : 3; 
52156 : 3; 
52157 : 3; 
52158 : 3; 
52159 : 3; 
52160 : 3; 
52161 : 3; 
52162 : 3; 
52163 : 3; 
52164 : 3; 
52165 : 3; 
52166 : 3; 
52167 : 3; 
52168 : 3; 
52169 : 3; 
52170 : 3; 
52171 : 3; 
52172 : 2; 
52173 : 2; 
52174 : 2; 
52175 : 2; 
52176 : 2; 
52177 : 2; 
52178 : 2; 
52179 : 2; 
52180 : 2; 
52181 : 2; 
52182 : 2; 
52183 : 2; 
52184 : 2; 
52185 : 2; 
52186 : 2; 
52187 : 2; 
52188 : 2; 
52189 : 2; 
52190 : 2; 
52191 : 2; 
52192 : 2; 
52193 : 2; 
52194 : 2; 
52195 : 2; 
52196 : 2; 
52197 : 2; 
52198 : 2; 
52199 : 2; 
52200 : 2; 
52201 : 2; 
52202 : 2; 
52203 : 2; 
52204 : 2; 
52205 : 2; 
52206 : 2; 
52207 : 2; 
52208 : 2; 
52209 : 2; 
52210 : 2; 
52211 : 2; 
52212 : 2; 
52213 : 2; 
52214 : 2; 
52215 : 2; 
52216 : 2; 
52217 : 2; 
52218 : 2; 
52219 : 2; 
52220 : 2; 
52221 : 2; 
52222 : 2; 
52223 : 2; 
52224 : 1; 
52225 : 1; 
52226 : 1; 
52227 : 1; 
52228 : 1; 
52229 : 1; 
52230 : 1; 
52231 : 1; 
52232 : 1; 
52233 : 1; 
52234 : 1; 
52235 : 1; 
52236 : 1; 
52237 : 1; 
52238 : 1; 
52239 : 1; 
52240 : 1; 
52241 : 1; 
52242 : 1; 
52243 : 1; 
52244 : 1; 
52245 : 1; 
52246 : 1; 
52247 : 1; 
52248 : 1; 
52249 : 1; 
52250 : 1; 
52251 : 1; 
52252 : 1; 
52253 : 1; 
52254 : 1; 
52255 : 1; 
52256 : 1; 
52257 : 1; 
52258 : 1; 
52259 : 1; 
52260 : 1; 
52261 : 1; 
52262 : 1; 
52263 : 1; 
52264 : 1; 
52265 : 1; 
52266 : 1; 
52267 : 1; 
52268 : 1; 
52269 : 1; 
52270 : 1; 
52271 : 1; 
52272 : 1; 
52273 : 1; 
52274 : 1; 
52275 : 1; 
52276 : 1; 
52277 : 0; 
52278 : 0; 
52279 : 0; 
52280 : 0; 
52281 : 0; 
52282 : 0; 
52283 : 0; 
52284 : 0; 
52285 : 0; 
52286 : 0; 
52287 : 0; 
52288 : 0; 
52289 : 0; 
52290 : 0; 
52291 : 0; 
52292 : 0; 
52293 : 0; 
52294 : 0; 
52295 : 0; 
52296 : 0; 
52297 : 0; 
52298 : 0; 
52299 : 0; 
52300 : 0; 
52301 : 0; 
52302 : 0; 
52303 : 0; 
52304 : 0; 
52305 : 0; 
52306 : 0; 
52307 : 0; 
52308 : 0; 
52309 : 0; 
52310 : 0; 
52311 : 0; 
52312 : 0; 
52313 : 0; 
52314 : 0; 
52315 : 0; 
52316 : 0; 
52317 : 0; 
52318 : 0; 
52319 : 0; 
52320 : 0; 
52321 : 0; 
52322 : 0; 
52323 : 0; 
52324 : 0; 
52325 : 0; 
52326 : 0; 
52327 : 0; 
52328 : 0; 
52329 : 0; 
52330 : 0; 
52331 : 0; 
52332 : 0; 
52333 : 0; 
52334 : 0; 
52335 : 0; 
52336 : 0; 
52337 : 0; 
52338 : 0; 
52339 : 0; 
52340 : 0; 
52341 : 0; 
52342 : 0; 
52343 : 0; 
52344 : 0; 
52345 : 0; 
52346 : 0; 
52347 : 0; 
52348 : 0; 
52349 : 0; 
52350 : 0; 
52351 : 0; 
52352 : 2; 
52353 : 3; 
52354 : 3; 
52355 : 3; 
52356 : 3; 
52357 : 3; 
52358 : 3; 
52359 : 3; 
52360 : 3; 
52361 : 3; 
52362 : 3; 
52363 : 3; 
52364 : 3; 
52365 : 3; 
52366 : 3; 
52367 : 3; 
52368 : 3; 
52369 : 3; 
52370 : 3; 
52371 : 3; 
52372 : 3; 
52373 : 3; 
52374 : 3; 
52375 : 3; 
52376 : 3; 
52377 : 3; 
52378 : 3; 
52379 : 3; 
52380 : 3; 
52381 : 3; 
52382 : 3; 
52383 : 3; 
52384 : 3; 
52385 : 3; 
52386 : 3; 
52387 : 3; 
52388 : 3; 
52389 : 3; 
52390 : 3; 
52391 : 3; 
52392 : 3; 
52393 : 3; 
52394 : 3; 
52395 : 3; 
52396 : 3; 
52397 : 3; 
52398 : 3; 
52399 : 3; 
52400 : 3; 
52401 : 3; 
52402 : 3; 
52403 : 3; 
52404 : 3; 
52405 : 3; 
52406 : 3; 
52407 : 3; 
52408 : 3; 
52409 : 3; 
52410 : 3; 
52411 : 3; 
52412 : 3; 
52413 : 3; 
52414 : 3; 
52415 : 3; 
52416 : 3; 
52417 : 3; 
52418 : 3; 
52419 : 3; 
52420 : 3; 
52421 : 3; 
52422 : 3; 
52423 : 3; 
52424 : 3; 
52425 : 3; 
52426 : 3; 
52427 : 3; 
52428 : 3; 
52429 : 2; 
52430 : 2; 
52431 : 2; 
52432 : 2; 
52433 : 2; 
52434 : 2; 
52435 : 2; 
52436 : 2; 
52437 : 2; 
52438 : 2; 
52439 : 2; 
52440 : 2; 
52441 : 2; 
52442 : 2; 
52443 : 2; 
52444 : 2; 
52445 : 2; 
52446 : 2; 
52447 : 2; 
52448 : 2; 
52449 : 2; 
52450 : 2; 
52451 : 2; 
52452 : 2; 
52453 : 2; 
52454 : 2; 
52455 : 2; 
52456 : 2; 
52457 : 2; 
52458 : 2; 
52459 : 2; 
52460 : 2; 
52461 : 2; 
52462 : 2; 
52463 : 2; 
52464 : 2; 
52465 : 2; 
52466 : 2; 
52467 : 2; 
52468 : 2; 
52469 : 2; 
52470 : 2; 
52471 : 2; 
52472 : 2; 
52473 : 2; 
52474 : 2; 
52475 : 2; 
52476 : 2; 
52477 : 2; 
52478 : 2; 
52479 : 2; 
52480 : 1; 
52481 : 1; 
52482 : 1; 
52483 : 1; 
52484 : 1; 
52485 : 1; 
52486 : 1; 
52487 : 1; 
52488 : 1; 
52489 : 1; 
52490 : 1; 
52491 : 1; 
52492 : 1; 
52493 : 1; 
52494 : 1; 
52495 : 1; 
52496 : 1; 
52497 : 1; 
52498 : 1; 
52499 : 1; 
52500 : 1; 
52501 : 1; 
52502 : 1; 
52503 : 1; 
52504 : 1; 
52505 : 1; 
52506 : 1; 
52507 : 1; 
52508 : 1; 
52509 : 1; 
52510 : 1; 
52511 : 1; 
52512 : 1; 
52513 : 1; 
52514 : 1; 
52515 : 1; 
52516 : 1; 
52517 : 1; 
52518 : 1; 
52519 : 1; 
52520 : 1; 
52521 : 1; 
52522 : 1; 
52523 : 1; 
52524 : 1; 
52525 : 1; 
52526 : 1; 
52527 : 1; 
52528 : 1; 
52529 : 1; 
52530 : 1; 
52531 : 1; 
52532 : 0; 
52533 : 0; 
52534 : 0; 
52535 : 0; 
52536 : 0; 
52537 : 0; 
52538 : 0; 
52539 : 0; 
52540 : 0; 
52541 : 0; 
52542 : 0; 
52543 : 0; 
52544 : 0; 
52545 : 0; 
52546 : 0; 
52547 : 0; 
52548 : 0; 
52549 : 0; 
52550 : 0; 
52551 : 0; 
52552 : 0; 
52553 : 0; 
52554 : 0; 
52555 : 0; 
52556 : 0; 
52557 : 0; 
52558 : 0; 
52559 : 0; 
52560 : 0; 
52561 : 0; 
52562 : 0; 
52563 : 0; 
52564 : 0; 
52565 : 0; 
52566 : 0; 
52567 : 0; 
52568 : 0; 
52569 : 0; 
52570 : 0; 
52571 : 0; 
52572 : 0; 
52573 : 0; 
52574 : 0; 
52575 : 0; 
52576 : 0; 
52577 : 0; 
52578 : 0; 
52579 : 0; 
52580 : 0; 
52581 : 0; 
52582 : 0; 
52583 : 0; 
52584 : 0; 
52585 : 0; 
52586 : 0; 
52587 : 0; 
52588 : 0; 
52589 : 0; 
52590 : 0; 
52591 : 0; 
52592 : 0; 
52593 : 0; 
52594 : 0; 
52595 : 0; 
52596 : 0; 
52597 : 0; 
52598 : 0; 
52599 : 0; 
52600 : 0; 
52601 : 0; 
52602 : 0; 
52603 : 0; 
52604 : 0; 
52605 : 0; 
52606 : 0; 
52607 : 0; 
52608 : 2; 
52609 : 3; 
52610 : 3; 
52611 : 3; 
52612 : 3; 
52613 : 3; 
52614 : 3; 
52615 : 3; 
52616 : 3; 
52617 : 3; 
52618 : 3; 
52619 : 3; 
52620 : 3; 
52621 : 3; 
52622 : 3; 
52623 : 3; 
52624 : 3; 
52625 : 3; 
52626 : 3; 
52627 : 3; 
52628 : 3; 
52629 : 3; 
52630 : 3; 
52631 : 3; 
52632 : 3; 
52633 : 3; 
52634 : 3; 
52635 : 3; 
52636 : 3; 
52637 : 3; 
52638 : 3; 
52639 : 3; 
52640 : 3; 
52641 : 3; 
52642 : 3; 
52643 : 3; 
52644 : 3; 
52645 : 3; 
52646 : 3; 
52647 : 3; 
52648 : 3; 
52649 : 3; 
52650 : 3; 
52651 : 3; 
52652 : 3; 
52653 : 3; 
52654 : 3; 
52655 : 3; 
52656 : 3; 
52657 : 3; 
52658 : 3; 
52659 : 3; 
52660 : 3; 
52661 : 3; 
52662 : 3; 
52663 : 3; 
52664 : 3; 
52665 : 3; 
52666 : 3; 
52667 : 3; 
52668 : 3; 
52669 : 3; 
52670 : 3; 
52671 : 3; 
52672 : 3; 
52673 : 3; 
52674 : 3; 
52675 : 3; 
52676 : 3; 
52677 : 3; 
52678 : 3; 
52679 : 3; 
52680 : 3; 
52681 : 3; 
52682 : 3; 
52683 : 3; 
52684 : 3; 
52685 : 3; 
52686 : 2; 
52687 : 2; 
52688 : 2; 
52689 : 2; 
52690 : 2; 
52691 : 2; 
52692 : 2; 
52693 : 2; 
52694 : 2; 
52695 : 2; 
52696 : 2; 
52697 : 2; 
52698 : 2; 
52699 : 2; 
52700 : 2; 
52701 : 2; 
52702 : 2; 
52703 : 2; 
52704 : 2; 
52705 : 2; 
52706 : 2; 
52707 : 2; 
52708 : 2; 
52709 : 2; 
52710 : 2; 
52711 : 2; 
52712 : 2; 
52713 : 2; 
52714 : 2; 
52715 : 2; 
52716 : 2; 
52717 : 2; 
52718 : 2; 
52719 : 2; 
52720 : 2; 
52721 : 2; 
52722 : 2; 
52723 : 2; 
52724 : 2; 
52725 : 2; 
52726 : 2; 
52727 : 2; 
52728 : 2; 
52729 : 2; 
52730 : 2; 
52731 : 2; 
52732 : 2; 
52733 : 2; 
52734 : 2; 
52735 : 2; 
52736 : 1; 
52737 : 1; 
52738 : 1; 
52739 : 1; 
52740 : 1; 
52741 : 1; 
52742 : 1; 
52743 : 1; 
52744 : 1; 
52745 : 1; 
52746 : 1; 
52747 : 1; 
52748 : 1; 
52749 : 1; 
52750 : 1; 
52751 : 1; 
52752 : 1; 
52753 : 1; 
52754 : 1; 
52755 : 1; 
52756 : 1; 
52757 : 1; 
52758 : 1; 
52759 : 1; 
52760 : 1; 
52761 : 1; 
52762 : 1; 
52763 : 1; 
52764 : 1; 
52765 : 1; 
52766 : 1; 
52767 : 1; 
52768 : 1; 
52769 : 1; 
52770 : 1; 
52771 : 1; 
52772 : 1; 
52773 : 1; 
52774 : 1; 
52775 : 1; 
52776 : 1; 
52777 : 1; 
52778 : 1; 
52779 : 1; 
52780 : 1; 
52781 : 1; 
52782 : 1; 
52783 : 1; 
52784 : 1; 
52785 : 1; 
52786 : 1; 
52787 : 0; 
52788 : 0; 
52789 : 0; 
52790 : 0; 
52791 : 0; 
52792 : 0; 
52793 : 0; 
52794 : 0; 
52795 : 0; 
52796 : 0; 
52797 : 0; 
52798 : 0; 
52799 : 0; 
52800 : 0; 
52801 : 0; 
52802 : 0; 
52803 : 0; 
52804 : 0; 
52805 : 0; 
52806 : 0; 
52807 : 0; 
52808 : 0; 
52809 : 0; 
52810 : 0; 
52811 : 0; 
52812 : 0; 
52813 : 0; 
52814 : 0; 
52815 : 0; 
52816 : 0; 
52817 : 0; 
52818 : 0; 
52819 : 0; 
52820 : 0; 
52821 : 0; 
52822 : 0; 
52823 : 0; 
52824 : 0; 
52825 : 0; 
52826 : 0; 
52827 : 0; 
52828 : 0; 
52829 : 0; 
52830 : 0; 
52831 : 0; 
52832 : 0; 
52833 : 0; 
52834 : 0; 
52835 : 0; 
52836 : 0; 
52837 : 0; 
52838 : 0; 
52839 : 0; 
52840 : 0; 
52841 : 0; 
52842 : 0; 
52843 : 0; 
52844 : 0; 
52845 : 0; 
52846 : 0; 
52847 : 0; 
52848 : 0; 
52849 : 0; 
52850 : 0; 
52851 : 0; 
52852 : 0; 
52853 : 0; 
52854 : 0; 
52855 : 0; 
52856 : 0; 
52857 : 0; 
52858 : 0; 
52859 : 0; 
52860 : 0; 
52861 : 0; 
52862 : 0; 
52863 : 0; 
52864 : 2; 
52865 : 3; 
52866 : 3; 
52867 : 3; 
52868 : 3; 
52869 : 3; 
52870 : 3; 
52871 : 3; 
52872 : 3; 
52873 : 3; 
52874 : 3; 
52875 : 3; 
52876 : 3; 
52877 : 3; 
52878 : 3; 
52879 : 3; 
52880 : 3; 
52881 : 3; 
52882 : 3; 
52883 : 3; 
52884 : 3; 
52885 : 3; 
52886 : 3; 
52887 : 3; 
52888 : 3; 
52889 : 3; 
52890 : 3; 
52891 : 3; 
52892 : 3; 
52893 : 3; 
52894 : 3; 
52895 : 3; 
52896 : 3; 
52897 : 3; 
52898 : 3; 
52899 : 3; 
52900 : 3; 
52901 : 3; 
52902 : 3; 
52903 : 3; 
52904 : 3; 
52905 : 3; 
52906 : 3; 
52907 : 3; 
52908 : 3; 
52909 : 3; 
52910 : 3; 
52911 : 3; 
52912 : 3; 
52913 : 3; 
52914 : 3; 
52915 : 3; 
52916 : 3; 
52917 : 3; 
52918 : 3; 
52919 : 3; 
52920 : 3; 
52921 : 3; 
52922 : 3; 
52923 : 3; 
52924 : 3; 
52925 : 3; 
52926 : 3; 
52927 : 3; 
52928 : 3; 
52929 : 3; 
52930 : 3; 
52931 : 3; 
52932 : 3; 
52933 : 3; 
52934 : 3; 
52935 : 3; 
52936 : 3; 
52937 : 3; 
52938 : 3; 
52939 : 3; 
52940 : 3; 
52941 : 3; 
52942 : 3; 
52943 : 2; 
52944 : 2; 
52945 : 2; 
52946 : 2; 
52947 : 2; 
52948 : 2; 
52949 : 2; 
52950 : 2; 
52951 : 2; 
52952 : 2; 
52953 : 2; 
52954 : 2; 
52955 : 2; 
52956 : 2; 
52957 : 2; 
52958 : 2; 
52959 : 2; 
52960 : 2; 
52961 : 2; 
52962 : 2; 
52963 : 2; 
52964 : 2; 
52965 : 2; 
52966 : 2; 
52967 : 2; 
52968 : 2; 
52969 : 2; 
52970 : 2; 
52971 : 2; 
52972 : 2; 
52973 : 2; 
52974 : 2; 
52975 : 2; 
52976 : 2; 
52977 : 2; 
52978 : 2; 
52979 : 2; 
52980 : 2; 
52981 : 2; 
52982 : 2; 
52983 : 2; 
52984 : 2; 
52985 : 2; 
52986 : 2; 
52987 : 2; 
52988 : 2; 
52989 : 2; 
52990 : 2; 
52991 : 2; 
52992 : 1; 
52993 : 1; 
52994 : 1; 
52995 : 1; 
52996 : 1; 
52997 : 1; 
52998 : 1; 
52999 : 1; 
53000 : 1; 
53001 : 1; 
53002 : 1; 
53003 : 1; 
53004 : 1; 
53005 : 1; 
53006 : 1; 
53007 : 1; 
53008 : 1; 
53009 : 1; 
53010 : 1; 
53011 : 1; 
53012 : 1; 
53013 : 1; 
53014 : 1; 
53015 : 1; 
53016 : 1; 
53017 : 1; 
53018 : 1; 
53019 : 1; 
53020 : 1; 
53021 : 1; 
53022 : 1; 
53023 : 1; 
53024 : 1; 
53025 : 1; 
53026 : 1; 
53027 : 1; 
53028 : 1; 
53029 : 1; 
53030 : 1; 
53031 : 1; 
53032 : 1; 
53033 : 1; 
53034 : 1; 
53035 : 1; 
53036 : 1; 
53037 : 1; 
53038 : 1; 
53039 : 1; 
53040 : 1; 
53041 : 1; 
53042 : 0; 
53043 : 0; 
53044 : 0; 
53045 : 0; 
53046 : 0; 
53047 : 0; 
53048 : 0; 
53049 : 0; 
53050 : 0; 
53051 : 0; 
53052 : 0; 
53053 : 0; 
53054 : 0; 
53055 : 0; 
53056 : 0; 
53057 : 0; 
53058 : 0; 
53059 : 0; 
53060 : 0; 
53061 : 0; 
53062 : 0; 
53063 : 0; 
53064 : 0; 
53065 : 0; 
53066 : 0; 
53067 : 0; 
53068 : 0; 
53069 : 0; 
53070 : 0; 
53071 : 0; 
53072 : 0; 
53073 : 0; 
53074 : 0; 
53075 : 0; 
53076 : 0; 
53077 : 0; 
53078 : 0; 
53079 : 0; 
53080 : 0; 
53081 : 0; 
53082 : 0; 
53083 : 0; 
53084 : 0; 
53085 : 0; 
53086 : 0; 
53087 : 0; 
53088 : 0; 
53089 : 0; 
53090 : 0; 
53091 : 0; 
53092 : 0; 
53093 : 0; 
53094 : 0; 
53095 : 0; 
53096 : 0; 
53097 : 0; 
53098 : 0; 
53099 : 0; 
53100 : 0; 
53101 : 0; 
53102 : 0; 
53103 : 0; 
53104 : 0; 
53105 : 0; 
53106 : 0; 
53107 : 0; 
53108 : 0; 
53109 : 0; 
53110 : 0; 
53111 : 0; 
53112 : 0; 
53113 : 0; 
53114 : 0; 
53115 : 0; 
53116 : 0; 
53117 : 0; 
53118 : 0; 
53119 : 0; 
53120 : 2; 
53121 : 3; 
53122 : 3; 
53123 : 3; 
53124 : 3; 
53125 : 3; 
53126 : 3; 
53127 : 3; 
53128 : 3; 
53129 : 3; 
53130 : 3; 
53131 : 3; 
53132 : 3; 
53133 : 3; 
53134 : 3; 
53135 : 3; 
53136 : 3; 
53137 : 3; 
53138 : 3; 
53139 : 3; 
53140 : 3; 
53141 : 3; 
53142 : 3; 
53143 : 3; 
53144 : 3; 
53145 : 3; 
53146 : 3; 
53147 : 3; 
53148 : 3; 
53149 : 3; 
53150 : 3; 
53151 : 3; 
53152 : 3; 
53153 : 3; 
53154 : 3; 
53155 : 3; 
53156 : 3; 
53157 : 3; 
53158 : 3; 
53159 : 3; 
53160 : 3; 
53161 : 3; 
53162 : 3; 
53163 : 3; 
53164 : 3; 
53165 : 3; 
53166 : 3; 
53167 : 3; 
53168 : 3; 
53169 : 3; 
53170 : 3; 
53171 : 3; 
53172 : 3; 
53173 : 3; 
53174 : 3; 
53175 : 3; 
53176 : 3; 
53177 : 3; 
53178 : 3; 
53179 : 3; 
53180 : 3; 
53181 : 3; 
53182 : 3; 
53183 : 3; 
53184 : 3; 
53185 : 3; 
53186 : 3; 
53187 : 3; 
53188 : 3; 
53189 : 3; 
53190 : 3; 
53191 : 3; 
53192 : 3; 
53193 : 3; 
53194 : 3; 
53195 : 3; 
53196 : 3; 
53197 : 3; 
53198 : 3; 
53199 : 3; 
53200 : 2; 
53201 : 2; 
53202 : 2; 
53203 : 2; 
53204 : 2; 
53205 : 2; 
53206 : 2; 
53207 : 2; 
53208 : 2; 
53209 : 2; 
53210 : 2; 
53211 : 2; 
53212 : 2; 
53213 : 2; 
53214 : 2; 
53215 : 2; 
53216 : 2; 
53217 : 2; 
53218 : 2; 
53219 : 2; 
53220 : 2; 
53221 : 2; 
53222 : 2; 
53223 : 2; 
53224 : 2; 
53225 : 2; 
53226 : 2; 
53227 : 2; 
53228 : 2; 
53229 : 2; 
53230 : 2; 
53231 : 2; 
53232 : 2; 
53233 : 2; 
53234 : 2; 
53235 : 2; 
53236 : 2; 
53237 : 2; 
53238 : 2; 
53239 : 2; 
53240 : 2; 
53241 : 2; 
53242 : 2; 
53243 : 2; 
53244 : 2; 
53245 : 2; 
53246 : 2; 
53247 : 2; 
53248 : 1; 
53249 : 1; 
53250 : 1; 
53251 : 1; 
53252 : 1; 
53253 : 1; 
53254 : 1; 
53255 : 1; 
53256 : 1; 
53257 : 1; 
53258 : 1; 
53259 : 1; 
53260 : 1; 
53261 : 1; 
53262 : 1; 
53263 : 1; 
53264 : 1; 
53265 : 1; 
53266 : 1; 
53267 : 1; 
53268 : 1; 
53269 : 1; 
53270 : 1; 
53271 : 1; 
53272 : 1; 
53273 : 1; 
53274 : 1; 
53275 : 1; 
53276 : 1; 
53277 : 1; 
53278 : 1; 
53279 : 1; 
53280 : 1; 
53281 : 1; 
53282 : 1; 
53283 : 1; 
53284 : 1; 
53285 : 1; 
53286 : 1; 
53287 : 1; 
53288 : 1; 
53289 : 1; 
53290 : 1; 
53291 : 1; 
53292 : 1; 
53293 : 1; 
53294 : 1; 
53295 : 1; 
53296 : 1; 
53297 : 0; 
53298 : 0; 
53299 : 0; 
53300 : 0; 
53301 : 0; 
53302 : 0; 
53303 : 0; 
53304 : 0; 
53305 : 0; 
53306 : 0; 
53307 : 0; 
53308 : 0; 
53309 : 0; 
53310 : 0; 
53311 : 0; 
53312 : 0; 
53313 : 0; 
53314 : 0; 
53315 : 0; 
53316 : 0; 
53317 : 0; 
53318 : 0; 
53319 : 0; 
53320 : 0; 
53321 : 0; 
53322 : 0; 
53323 : 0; 
53324 : 0; 
53325 : 0; 
53326 : 0; 
53327 : 0; 
53328 : 0; 
53329 : 0; 
53330 : 0; 
53331 : 0; 
53332 : 0; 
53333 : 0; 
53334 : 0; 
53335 : 0; 
53336 : 0; 
53337 : 0; 
53338 : 0; 
53339 : 0; 
53340 : 0; 
53341 : 0; 
53342 : 0; 
53343 : 0; 
53344 : 0; 
53345 : 0; 
53346 : 0; 
53347 : 0; 
53348 : 0; 
53349 : 0; 
53350 : 0; 
53351 : 0; 
53352 : 0; 
53353 : 0; 
53354 : 0; 
53355 : 0; 
53356 : 0; 
53357 : 0; 
53358 : 0; 
53359 : 0; 
53360 : 0; 
53361 : 0; 
53362 : 0; 
53363 : 0; 
53364 : 0; 
53365 : 0; 
53366 : 0; 
53367 : 0; 
53368 : 0; 
53369 : 0; 
53370 : 0; 
53371 : 0; 
53372 : 0; 
53373 : 0; 
53374 : 0; 
53375 : 0; 
53376 : 2; 
53377 : 3; 
53378 : 3; 
53379 : 3; 
53380 : 3; 
53381 : 3; 
53382 : 3; 
53383 : 3; 
53384 : 3; 
53385 : 3; 
53386 : 3; 
53387 : 3; 
53388 : 3; 
53389 : 3; 
53390 : 3; 
53391 : 3; 
53392 : 3; 
53393 : 3; 
53394 : 3; 
53395 : 3; 
53396 : 3; 
53397 : 3; 
53398 : 3; 
53399 : 3; 
53400 : 3; 
53401 : 3; 
53402 : 3; 
53403 : 3; 
53404 : 3; 
53405 : 3; 
53406 : 3; 
53407 : 3; 
53408 : 3; 
53409 : 3; 
53410 : 3; 
53411 : 3; 
53412 : 3; 
53413 : 3; 
53414 : 3; 
53415 : 3; 
53416 : 3; 
53417 : 3; 
53418 : 3; 
53419 : 3; 
53420 : 3; 
53421 : 3; 
53422 : 3; 
53423 : 3; 
53424 : 3; 
53425 : 3; 
53426 : 3; 
53427 : 3; 
53428 : 3; 
53429 : 3; 
53430 : 3; 
53431 : 3; 
53432 : 3; 
53433 : 3; 
53434 : 3; 
53435 : 3; 
53436 : 3; 
53437 : 3; 
53438 : 3; 
53439 : 3; 
53440 : 3; 
53441 : 3; 
53442 : 3; 
53443 : 3; 
53444 : 3; 
53445 : 3; 
53446 : 3; 
53447 : 3; 
53448 : 3; 
53449 : 3; 
53450 : 3; 
53451 : 3; 
53452 : 3; 
53453 : 3; 
53454 : 3; 
53455 : 3; 
53456 : 3; 
53457 : 2; 
53458 : 2; 
53459 : 2; 
53460 : 2; 
53461 : 2; 
53462 : 2; 
53463 : 2; 
53464 : 2; 
53465 : 2; 
53466 : 2; 
53467 : 2; 
53468 : 2; 
53469 : 2; 
53470 : 2; 
53471 : 2; 
53472 : 2; 
53473 : 2; 
53474 : 2; 
53475 : 2; 
53476 : 2; 
53477 : 2; 
53478 : 2; 
53479 : 2; 
53480 : 2; 
53481 : 2; 
53482 : 2; 
53483 : 2; 
53484 : 2; 
53485 : 2; 
53486 : 2; 
53487 : 2; 
53488 : 2; 
53489 : 2; 
53490 : 2; 
53491 : 2; 
53492 : 2; 
53493 : 2; 
53494 : 2; 
53495 : 2; 
53496 : 2; 
53497 : 2; 
53498 : 2; 
53499 : 2; 
53500 : 2; 
53501 : 2; 
53502 : 2; 
53503 : 2; 
53504 : 1; 
53505 : 1; 
53506 : 1; 
53507 : 1; 
53508 : 1; 
53509 : 1; 
53510 : 1; 
53511 : 1; 
53512 : 1; 
53513 : 1; 
53514 : 1; 
53515 : 1; 
53516 : 1; 
53517 : 1; 
53518 : 1; 
53519 : 1; 
53520 : 1; 
53521 : 1; 
53522 : 1; 
53523 : 1; 
53524 : 1; 
53525 : 1; 
53526 : 1; 
53527 : 1; 
53528 : 1; 
53529 : 1; 
53530 : 1; 
53531 : 1; 
53532 : 1; 
53533 : 1; 
53534 : 1; 
53535 : 1; 
53536 : 1; 
53537 : 1; 
53538 : 1; 
53539 : 1; 
53540 : 1; 
53541 : 1; 
53542 : 1; 
53543 : 1; 
53544 : 1; 
53545 : 1; 
53546 : 1; 
53547 : 1; 
53548 : 1; 
53549 : 1; 
53550 : 1; 
53551 : 1; 
53552 : 0; 
53553 : 0; 
53554 : 0; 
53555 : 0; 
53556 : 0; 
53557 : 0; 
53558 : 0; 
53559 : 0; 
53560 : 0; 
53561 : 0; 
53562 : 0; 
53563 : 0; 
53564 : 0; 
53565 : 0; 
53566 : 0; 
53567 : 0; 
53568 : 0; 
53569 : 0; 
53570 : 0; 
53571 : 0; 
53572 : 0; 
53573 : 0; 
53574 : 0; 
53575 : 0; 
53576 : 0; 
53577 : 0; 
53578 : 0; 
53579 : 0; 
53580 : 0; 
53581 : 0; 
53582 : 0; 
53583 : 0; 
53584 : 0; 
53585 : 0; 
53586 : 0; 
53587 : 0; 
53588 : 0; 
53589 : 0; 
53590 : 0; 
53591 : 0; 
53592 : 0; 
53593 : 0; 
53594 : 0; 
53595 : 0; 
53596 : 0; 
53597 : 0; 
53598 : 0; 
53599 : 0; 
53600 : 0; 
53601 : 0; 
53602 : 0; 
53603 : 0; 
53604 : 0; 
53605 : 0; 
53606 : 0; 
53607 : 0; 
53608 : 0; 
53609 : 0; 
53610 : 0; 
53611 : 0; 
53612 : 0; 
53613 : 0; 
53614 : 0; 
53615 : 0; 
53616 : 0; 
53617 : 0; 
53618 : 0; 
53619 : 0; 
53620 : 0; 
53621 : 0; 
53622 : 0; 
53623 : 0; 
53624 : 0; 
53625 : 0; 
53626 : 0; 
53627 : 0; 
53628 : 0; 
53629 : 0; 
53630 : 0; 
53631 : 0; 
53632 : 2; 
53633 : 3; 
53634 : 3; 
53635 : 3; 
53636 : 3; 
53637 : 3; 
53638 : 3; 
53639 : 3; 
53640 : 3; 
53641 : 3; 
53642 : 3; 
53643 : 3; 
53644 : 3; 
53645 : 3; 
53646 : 3; 
53647 : 3; 
53648 : 3; 
53649 : 3; 
53650 : 3; 
53651 : 3; 
53652 : 3; 
53653 : 3; 
53654 : 3; 
53655 : 3; 
53656 : 3; 
53657 : 3; 
53658 : 3; 
53659 : 3; 
53660 : 3; 
53661 : 3; 
53662 : 3; 
53663 : 3; 
53664 : 3; 
53665 : 3; 
53666 : 3; 
53667 : 3; 
53668 : 3; 
53669 : 3; 
53670 : 3; 
53671 : 3; 
53672 : 3; 
53673 : 3; 
53674 : 3; 
53675 : 3; 
53676 : 3; 
53677 : 3; 
53678 : 3; 
53679 : 3; 
53680 : 3; 
53681 : 3; 
53682 : 3; 
53683 : 3; 
53684 : 3; 
53685 : 3; 
53686 : 3; 
53687 : 3; 
53688 : 3; 
53689 : 3; 
53690 : 3; 
53691 : 3; 
53692 : 3; 
53693 : 3; 
53694 : 3; 
53695 : 3; 
53696 : 3; 
53697 : 3; 
53698 : 3; 
53699 : 3; 
53700 : 3; 
53701 : 3; 
53702 : 3; 
53703 : 3; 
53704 : 3; 
53705 : 3; 
53706 : 3; 
53707 : 3; 
53708 : 3; 
53709 : 3; 
53710 : 3; 
53711 : 3; 
53712 : 3; 
53713 : 3; 
53714 : 2; 
53715 : 2; 
53716 : 2; 
53717 : 2; 
53718 : 2; 
53719 : 2; 
53720 : 2; 
53721 : 2; 
53722 : 2; 
53723 : 2; 
53724 : 2; 
53725 : 2; 
53726 : 2; 
53727 : 2; 
53728 : 2; 
53729 : 2; 
53730 : 2; 
53731 : 2; 
53732 : 2; 
53733 : 2; 
53734 : 2; 
53735 : 2; 
53736 : 2; 
53737 : 2; 
53738 : 2; 
53739 : 2; 
53740 : 2; 
53741 : 2; 
53742 : 2; 
53743 : 2; 
53744 : 2; 
53745 : 2; 
53746 : 2; 
53747 : 2; 
53748 : 2; 
53749 : 2; 
53750 : 2; 
53751 : 2; 
53752 : 2; 
53753 : 2; 
53754 : 2; 
53755 : 2; 
53756 : 2; 
53757 : 2; 
53758 : 2; 
53759 : 2; 
53760 : 1; 
53761 : 1; 
53762 : 1; 
53763 : 1; 
53764 : 1; 
53765 : 1; 
53766 : 1; 
53767 : 1; 
53768 : 1; 
53769 : 1; 
53770 : 1; 
53771 : 1; 
53772 : 1; 
53773 : 1; 
53774 : 1; 
53775 : 1; 
53776 : 1; 
53777 : 1; 
53778 : 1; 
53779 : 1; 
53780 : 1; 
53781 : 1; 
53782 : 1; 
53783 : 1; 
53784 : 1; 
53785 : 1; 
53786 : 1; 
53787 : 1; 
53788 : 1; 
53789 : 1; 
53790 : 1; 
53791 : 1; 
53792 : 1; 
53793 : 1; 
53794 : 1; 
53795 : 1; 
53796 : 1; 
53797 : 1; 
53798 : 1; 
53799 : 1; 
53800 : 1; 
53801 : 1; 
53802 : 1; 
53803 : 1; 
53804 : 1; 
53805 : 1; 
53806 : 1; 
53807 : 0; 
53808 : 0; 
53809 : 0; 
53810 : 0; 
53811 : 0; 
53812 : 0; 
53813 : 0; 
53814 : 0; 
53815 : 0; 
53816 : 0; 
53817 : 0; 
53818 : 0; 
53819 : 0; 
53820 : 0; 
53821 : 0; 
53822 : 0; 
53823 : 0; 
53824 : 0; 
53825 : 0; 
53826 : 0; 
53827 : 0; 
53828 : 0; 
53829 : 0; 
53830 : 0; 
53831 : 0; 
53832 : 0; 
53833 : 0; 
53834 : 0; 
53835 : 0; 
53836 : 0; 
53837 : 0; 
53838 : 0; 
53839 : 0; 
53840 : 0; 
53841 : 0; 
53842 : 0; 
53843 : 0; 
53844 : 0; 
53845 : 0; 
53846 : 0; 
53847 : 0; 
53848 : 0; 
53849 : 0; 
53850 : 0; 
53851 : 0; 
53852 : 0; 
53853 : 0; 
53854 : 0; 
53855 : 0; 
53856 : 0; 
53857 : 0; 
53858 : 0; 
53859 : 0; 
53860 : 0; 
53861 : 0; 
53862 : 0; 
53863 : 0; 
53864 : 0; 
53865 : 0; 
53866 : 0; 
53867 : 0; 
53868 : 0; 
53869 : 0; 
53870 : 0; 
53871 : 0; 
53872 : 0; 
53873 : 0; 
53874 : 0; 
53875 : 0; 
53876 : 0; 
53877 : 0; 
53878 : 0; 
53879 : 0; 
53880 : 0; 
53881 : 0; 
53882 : 0; 
53883 : 0; 
53884 : 0; 
53885 : 0; 
53886 : 0; 
53887 : 0; 
53888 : 2; 
53889 : 3; 
53890 : 3; 
53891 : 3; 
53892 : 3; 
53893 : 3; 
53894 : 3; 
53895 : 3; 
53896 : 3; 
53897 : 3; 
53898 : 3; 
53899 : 3; 
53900 : 3; 
53901 : 3; 
53902 : 3; 
53903 : 3; 
53904 : 3; 
53905 : 3; 
53906 : 3; 
53907 : 3; 
53908 : 3; 
53909 : 3; 
53910 : 3; 
53911 : 3; 
53912 : 3; 
53913 : 3; 
53914 : 3; 
53915 : 3; 
53916 : 3; 
53917 : 3; 
53918 : 3; 
53919 : 3; 
53920 : 3; 
53921 : 3; 
53922 : 3; 
53923 : 3; 
53924 : 3; 
53925 : 3; 
53926 : 3; 
53927 : 3; 
53928 : 3; 
53929 : 3; 
53930 : 3; 
53931 : 3; 
53932 : 3; 
53933 : 3; 
53934 : 3; 
53935 : 3; 
53936 : 3; 
53937 : 3; 
53938 : 3; 
53939 : 3; 
53940 : 3; 
53941 : 3; 
53942 : 3; 
53943 : 3; 
53944 : 3; 
53945 : 3; 
53946 : 3; 
53947 : 3; 
53948 : 3; 
53949 : 3; 
53950 : 3; 
53951 : 3; 
53952 : 3; 
53953 : 3; 
53954 : 3; 
53955 : 3; 
53956 : 3; 
53957 : 3; 
53958 : 3; 
53959 : 3; 
53960 : 3; 
53961 : 3; 
53962 : 3; 
53963 : 3; 
53964 : 3; 
53965 : 3; 
53966 : 3; 
53967 : 3; 
53968 : 3; 
53969 : 3; 
53970 : 3; 
53971 : 2; 
53972 : 2; 
53973 : 2; 
53974 : 2; 
53975 : 2; 
53976 : 2; 
53977 : 2; 
53978 : 2; 
53979 : 2; 
53980 : 2; 
53981 : 2; 
53982 : 2; 
53983 : 2; 
53984 : 2; 
53985 : 2; 
53986 : 2; 
53987 : 2; 
53988 : 2; 
53989 : 2; 
53990 : 2; 
53991 : 2; 
53992 : 2; 
53993 : 2; 
53994 : 2; 
53995 : 2; 
53996 : 2; 
53997 : 2; 
53998 : 2; 
53999 : 2; 
54000 : 2; 
54001 : 2; 
54002 : 2; 
54003 : 2; 
54004 : 2; 
54005 : 2; 
54006 : 2; 
54007 : 2; 
54008 : 2; 
54009 : 2; 
54010 : 2; 
54011 : 2; 
54012 : 2; 
54013 : 2; 
54014 : 2; 
54015 : 2; 
54016 : 1; 
54017 : 1; 
54018 : 1; 
54019 : 1; 
54020 : 1; 
54021 : 1; 
54022 : 1; 
54023 : 1; 
54024 : 1; 
54025 : 1; 
54026 : 1; 
54027 : 1; 
54028 : 1; 
54029 : 1; 
54030 : 1; 
54031 : 1; 
54032 : 1; 
54033 : 1; 
54034 : 1; 
54035 : 1; 
54036 : 1; 
54037 : 1; 
54038 : 1; 
54039 : 1; 
54040 : 1; 
54041 : 1; 
54042 : 1; 
54043 : 1; 
54044 : 1; 
54045 : 1; 
54046 : 1; 
54047 : 1; 
54048 : 1; 
54049 : 1; 
54050 : 1; 
54051 : 1; 
54052 : 1; 
54053 : 1; 
54054 : 1; 
54055 : 1; 
54056 : 1; 
54057 : 1; 
54058 : 1; 
54059 : 1; 
54060 : 1; 
54061 : 1; 
54062 : 0; 
54063 : 0; 
54064 : 0; 
54065 : 0; 
54066 : 0; 
54067 : 0; 
54068 : 0; 
54069 : 0; 
54070 : 0; 
54071 : 0; 
54072 : 0; 
54073 : 0; 
54074 : 0; 
54075 : 0; 
54076 : 0; 
54077 : 0; 
54078 : 0; 
54079 : 0; 
54080 : 0; 
54081 : 0; 
54082 : 0; 
54083 : 0; 
54084 : 0; 
54085 : 0; 
54086 : 0; 
54087 : 0; 
54088 : 0; 
54089 : 0; 
54090 : 0; 
54091 : 0; 
54092 : 0; 
54093 : 0; 
54094 : 0; 
54095 : 0; 
54096 : 0; 
54097 : 0; 
54098 : 0; 
54099 : 0; 
54100 : 0; 
54101 : 0; 
54102 : 0; 
54103 : 0; 
54104 : 0; 
54105 : 0; 
54106 : 0; 
54107 : 0; 
54108 : 0; 
54109 : 0; 
54110 : 0; 
54111 : 0; 
54112 : 0; 
54113 : 0; 
54114 : 0; 
54115 : 0; 
54116 : 0; 
54117 : 0; 
54118 : 0; 
54119 : 0; 
54120 : 0; 
54121 : 0; 
54122 : 0; 
54123 : 0; 
54124 : 0; 
54125 : 0; 
54126 : 0; 
54127 : 0; 
54128 : 0; 
54129 : 0; 
54130 : 0; 
54131 : 0; 
54132 : 0; 
54133 : 0; 
54134 : 0; 
54135 : 0; 
54136 : 0; 
54137 : 0; 
54138 : 0; 
54139 : 0; 
54140 : 0; 
54141 : 0; 
54142 : 0; 
54143 : 0; 
54144 : 2; 
54145 : 3; 
54146 : 3; 
54147 : 3; 
54148 : 3; 
54149 : 3; 
54150 : 3; 
54151 : 3; 
54152 : 3; 
54153 : 3; 
54154 : 3; 
54155 : 3; 
54156 : 3; 
54157 : 3; 
54158 : 3; 
54159 : 3; 
54160 : 3; 
54161 : 3; 
54162 : 3; 
54163 : 3; 
54164 : 3; 
54165 : 3; 
54166 : 3; 
54167 : 3; 
54168 : 3; 
54169 : 3; 
54170 : 3; 
54171 : 3; 
54172 : 3; 
54173 : 3; 
54174 : 3; 
54175 : 3; 
54176 : 3; 
54177 : 3; 
54178 : 3; 
54179 : 3; 
54180 : 3; 
54181 : 3; 
54182 : 3; 
54183 : 3; 
54184 : 3; 
54185 : 3; 
54186 : 3; 
54187 : 3; 
54188 : 3; 
54189 : 3; 
54190 : 3; 
54191 : 3; 
54192 : 3; 
54193 : 3; 
54194 : 3; 
54195 : 3; 
54196 : 3; 
54197 : 3; 
54198 : 3; 
54199 : 3; 
54200 : 3; 
54201 : 3; 
54202 : 3; 
54203 : 3; 
54204 : 3; 
54205 : 3; 
54206 : 3; 
54207 : 3; 
54208 : 3; 
54209 : 3; 
54210 : 3; 
54211 : 3; 
54212 : 3; 
54213 : 3; 
54214 : 3; 
54215 : 3; 
54216 : 3; 
54217 : 3; 
54218 : 3; 
54219 : 3; 
54220 : 3; 
54221 : 3; 
54222 : 3; 
54223 : 3; 
54224 : 3; 
54225 : 3; 
54226 : 3; 
54227 : 3; 
54228 : 2; 
54229 : 2; 
54230 : 2; 
54231 : 2; 
54232 : 2; 
54233 : 2; 
54234 : 2; 
54235 : 2; 
54236 : 2; 
54237 : 2; 
54238 : 2; 
54239 : 2; 
54240 : 2; 
54241 : 2; 
54242 : 2; 
54243 : 2; 
54244 : 2; 
54245 : 2; 
54246 : 2; 
54247 : 2; 
54248 : 2; 
54249 : 2; 
54250 : 2; 
54251 : 2; 
54252 : 2; 
54253 : 2; 
54254 : 2; 
54255 : 2; 
54256 : 2; 
54257 : 2; 
54258 : 2; 
54259 : 2; 
54260 : 2; 
54261 : 2; 
54262 : 2; 
54263 : 2; 
54264 : 2; 
54265 : 2; 
54266 : 2; 
54267 : 2; 
54268 : 2; 
54269 : 2; 
54270 : 2; 
54271 : 2; 
54272 : 1; 
54273 : 1; 
54274 : 1; 
54275 : 1; 
54276 : 1; 
54277 : 1; 
54278 : 1; 
54279 : 1; 
54280 : 1; 
54281 : 1; 
54282 : 1; 
54283 : 1; 
54284 : 1; 
54285 : 1; 
54286 : 1; 
54287 : 1; 
54288 : 1; 
54289 : 1; 
54290 : 1; 
54291 : 1; 
54292 : 1; 
54293 : 1; 
54294 : 1; 
54295 : 1; 
54296 : 1; 
54297 : 1; 
54298 : 1; 
54299 : 1; 
54300 : 1; 
54301 : 1; 
54302 : 1; 
54303 : 1; 
54304 : 1; 
54305 : 1; 
54306 : 1; 
54307 : 1; 
54308 : 1; 
54309 : 1; 
54310 : 1; 
54311 : 1; 
54312 : 1; 
54313 : 1; 
54314 : 1; 
54315 : 1; 
54316 : 1; 
54317 : 0; 
54318 : 0; 
54319 : 0; 
54320 : 0; 
54321 : 0; 
54322 : 0; 
54323 : 0; 
54324 : 0; 
54325 : 0; 
54326 : 0; 
54327 : 0; 
54328 : 0; 
54329 : 0; 
54330 : 0; 
54331 : 0; 
54332 : 0; 
54333 : 0; 
54334 : 0; 
54335 : 0; 
54336 : 0; 
54337 : 0; 
54338 : 0; 
54339 : 0; 
54340 : 0; 
54341 : 0; 
54342 : 0; 
54343 : 0; 
54344 : 0; 
54345 : 0; 
54346 : 0; 
54347 : 0; 
54348 : 0; 
54349 : 0; 
54350 : 0; 
54351 : 0; 
54352 : 0; 
54353 : 0; 
54354 : 0; 
54355 : 0; 
54356 : 0; 
54357 : 0; 
54358 : 0; 
54359 : 0; 
54360 : 0; 
54361 : 0; 
54362 : 0; 
54363 : 0; 
54364 : 0; 
54365 : 0; 
54366 : 0; 
54367 : 0; 
54368 : 0; 
54369 : 0; 
54370 : 0; 
54371 : 0; 
54372 : 0; 
54373 : 0; 
54374 : 0; 
54375 : 0; 
54376 : 0; 
54377 : 0; 
54378 : 0; 
54379 : 0; 
54380 : 0; 
54381 : 0; 
54382 : 0; 
54383 : 0; 
54384 : 0; 
54385 : 0; 
54386 : 0; 
54387 : 0; 
54388 : 0; 
54389 : 0; 
54390 : 0; 
54391 : 0; 
54392 : 0; 
54393 : 0; 
54394 : 0; 
54395 : 0; 
54396 : 0; 
54397 : 0; 
54398 : 0; 
54399 : 0; 
54400 : 2; 
54401 : 3; 
54402 : 3; 
54403 : 3; 
54404 : 3; 
54405 : 3; 
54406 : 3; 
54407 : 3; 
54408 : 3; 
54409 : 3; 
54410 : 3; 
54411 : 3; 
54412 : 3; 
54413 : 3; 
54414 : 3; 
54415 : 3; 
54416 : 3; 
54417 : 3; 
54418 : 3; 
54419 : 3; 
54420 : 3; 
54421 : 3; 
54422 : 3; 
54423 : 3; 
54424 : 3; 
54425 : 3; 
54426 : 3; 
54427 : 3; 
54428 : 3; 
54429 : 3; 
54430 : 3; 
54431 : 3; 
54432 : 3; 
54433 : 3; 
54434 : 3; 
54435 : 3; 
54436 : 3; 
54437 : 3; 
54438 : 3; 
54439 : 3; 
54440 : 3; 
54441 : 3; 
54442 : 3; 
54443 : 3; 
54444 : 3; 
54445 : 3; 
54446 : 3; 
54447 : 3; 
54448 : 3; 
54449 : 3; 
54450 : 3; 
54451 : 3; 
54452 : 3; 
54453 : 3; 
54454 : 3; 
54455 : 3; 
54456 : 3; 
54457 : 3; 
54458 : 3; 
54459 : 3; 
54460 : 3; 
54461 : 3; 
54462 : 3; 
54463 : 3; 
54464 : 3; 
54465 : 3; 
54466 : 3; 
54467 : 3; 
54468 : 3; 
54469 : 3; 
54470 : 3; 
54471 : 3; 
54472 : 3; 
54473 : 3; 
54474 : 3; 
54475 : 3; 
54476 : 3; 
54477 : 3; 
54478 : 3; 
54479 : 3; 
54480 : 3; 
54481 : 3; 
54482 : 3; 
54483 : 3; 
54484 : 3; 
54485 : 2; 
54486 : 2; 
54487 : 2; 
54488 : 2; 
54489 : 2; 
54490 : 2; 
54491 : 2; 
54492 : 2; 
54493 : 2; 
54494 : 2; 
54495 : 2; 
54496 : 2; 
54497 : 2; 
54498 : 2; 
54499 : 2; 
54500 : 2; 
54501 : 2; 
54502 : 2; 
54503 : 2; 
54504 : 2; 
54505 : 2; 
54506 : 2; 
54507 : 2; 
54508 : 2; 
54509 : 2; 
54510 : 2; 
54511 : 2; 
54512 : 2; 
54513 : 2; 
54514 : 2; 
54515 : 2; 
54516 : 2; 
54517 : 2; 
54518 : 2; 
54519 : 2; 
54520 : 2; 
54521 : 2; 
54522 : 2; 
54523 : 2; 
54524 : 2; 
54525 : 2; 
54526 : 2; 
54527 : 2; 
54528 : 1; 
54529 : 1; 
54530 : 1; 
54531 : 1; 
54532 : 1; 
54533 : 1; 
54534 : 1; 
54535 : 1; 
54536 : 1; 
54537 : 1; 
54538 : 1; 
54539 : 1; 
54540 : 1; 
54541 : 1; 
54542 : 1; 
54543 : 1; 
54544 : 1; 
54545 : 1; 
54546 : 1; 
54547 : 1; 
54548 : 1; 
54549 : 1; 
54550 : 1; 
54551 : 1; 
54552 : 1; 
54553 : 1; 
54554 : 1; 
54555 : 1; 
54556 : 1; 
54557 : 1; 
54558 : 1; 
54559 : 1; 
54560 : 1; 
54561 : 1; 
54562 : 1; 
54563 : 1; 
54564 : 1; 
54565 : 1; 
54566 : 1; 
54567 : 1; 
54568 : 1; 
54569 : 1; 
54570 : 1; 
54571 : 1; 
54572 : 0; 
54573 : 0; 
54574 : 0; 
54575 : 0; 
54576 : 0; 
54577 : 0; 
54578 : 0; 
54579 : 0; 
54580 : 0; 
54581 : 0; 
54582 : 0; 
54583 : 0; 
54584 : 0; 
54585 : 0; 
54586 : 0; 
54587 : 0; 
54588 : 0; 
54589 : 0; 
54590 : 0; 
54591 : 0; 
54592 : 0; 
54593 : 0; 
54594 : 0; 
54595 : 0; 
54596 : 0; 
54597 : 0; 
54598 : 0; 
54599 : 0; 
54600 : 0; 
54601 : 0; 
54602 : 0; 
54603 : 0; 
54604 : 0; 
54605 : 0; 
54606 : 0; 
54607 : 0; 
54608 : 0; 
54609 : 0; 
54610 : 0; 
54611 : 0; 
54612 : 0; 
54613 : 0; 
54614 : 0; 
54615 : 0; 
54616 : 0; 
54617 : 0; 
54618 : 0; 
54619 : 0; 
54620 : 0; 
54621 : 0; 
54622 : 0; 
54623 : 0; 
54624 : 0; 
54625 : 0; 
54626 : 0; 
54627 : 0; 
54628 : 0; 
54629 : 0; 
54630 : 0; 
54631 : 0; 
54632 : 0; 
54633 : 0; 
54634 : 0; 
54635 : 0; 
54636 : 0; 
54637 : 0; 
54638 : 0; 
54639 : 0; 
54640 : 0; 
54641 : 0; 
54642 : 0; 
54643 : 0; 
54644 : 0; 
54645 : 0; 
54646 : 0; 
54647 : 0; 
54648 : 0; 
54649 : 0; 
54650 : 0; 
54651 : 0; 
54652 : 0; 
54653 : 0; 
54654 : 0; 
54655 : 0; 
54656 : 2; 
54657 : 3; 
54658 : 3; 
54659 : 3; 
54660 : 3; 
54661 : 3; 
54662 : 3; 
54663 : 3; 
54664 : 3; 
54665 : 3; 
54666 : 3; 
54667 : 3; 
54668 : 3; 
54669 : 3; 
54670 : 3; 
54671 : 3; 
54672 : 3; 
54673 : 3; 
54674 : 3; 
54675 : 3; 
54676 : 3; 
54677 : 3; 
54678 : 3; 
54679 : 3; 
54680 : 3; 
54681 : 3; 
54682 : 3; 
54683 : 3; 
54684 : 3; 
54685 : 3; 
54686 : 3; 
54687 : 3; 
54688 : 3; 
54689 : 3; 
54690 : 3; 
54691 : 3; 
54692 : 3; 
54693 : 3; 
54694 : 3; 
54695 : 3; 
54696 : 3; 
54697 : 3; 
54698 : 3; 
54699 : 3; 
54700 : 3; 
54701 : 3; 
54702 : 3; 
54703 : 3; 
54704 : 3; 
54705 : 3; 
54706 : 3; 
54707 : 3; 
54708 : 3; 
54709 : 3; 
54710 : 3; 
54711 : 3; 
54712 : 3; 
54713 : 3; 
54714 : 3; 
54715 : 3; 
54716 : 3; 
54717 : 3; 
54718 : 3; 
54719 : 3; 
54720 : 3; 
54721 : 3; 
54722 : 3; 
54723 : 3; 
54724 : 3; 
54725 : 3; 
54726 : 3; 
54727 : 3; 
54728 : 3; 
54729 : 3; 
54730 : 3; 
54731 : 3; 
54732 : 3; 
54733 : 3; 
54734 : 3; 
54735 : 3; 
54736 : 3; 
54737 : 3; 
54738 : 3; 
54739 : 3; 
54740 : 3; 
54741 : 3; 
54742 : 2; 
54743 : 2; 
54744 : 2; 
54745 : 2; 
54746 : 2; 
54747 : 2; 
54748 : 2; 
54749 : 2; 
54750 : 2; 
54751 : 2; 
54752 : 2; 
54753 : 2; 
54754 : 2; 
54755 : 2; 
54756 : 2; 
54757 : 2; 
54758 : 2; 
54759 : 2; 
54760 : 2; 
54761 : 2; 
54762 : 2; 
54763 : 2; 
54764 : 2; 
54765 : 2; 
54766 : 2; 
54767 : 2; 
54768 : 2; 
54769 : 2; 
54770 : 2; 
54771 : 2; 
54772 : 2; 
54773 : 2; 
54774 : 2; 
54775 : 2; 
54776 : 2; 
54777 : 2; 
54778 : 2; 
54779 : 2; 
54780 : 2; 
54781 : 2; 
54782 : 2; 
54783 : 2; 
54784 : 1; 
54785 : 1; 
54786 : 1; 
54787 : 1; 
54788 : 1; 
54789 : 1; 
54790 : 1; 
54791 : 1; 
54792 : 1; 
54793 : 1; 
54794 : 1; 
54795 : 1; 
54796 : 1; 
54797 : 1; 
54798 : 1; 
54799 : 1; 
54800 : 1; 
54801 : 1; 
54802 : 1; 
54803 : 1; 
54804 : 1; 
54805 : 1; 
54806 : 1; 
54807 : 1; 
54808 : 1; 
54809 : 1; 
54810 : 1; 
54811 : 1; 
54812 : 1; 
54813 : 1; 
54814 : 1; 
54815 : 1; 
54816 : 1; 
54817 : 1; 
54818 : 1; 
54819 : 1; 
54820 : 1; 
54821 : 1; 
54822 : 1; 
54823 : 1; 
54824 : 1; 
54825 : 1; 
54826 : 1; 
54827 : 0; 
54828 : 0; 
54829 : 0; 
54830 : 0; 
54831 : 0; 
54832 : 0; 
54833 : 0; 
54834 : 0; 
54835 : 0; 
54836 : 0; 
54837 : 0; 
54838 : 0; 
54839 : 0; 
54840 : 0; 
54841 : 0; 
54842 : 0; 
54843 : 0; 
54844 : 0; 
54845 : 0; 
54846 : 0; 
54847 : 0; 
54848 : 0; 
54849 : 0; 
54850 : 0; 
54851 : 0; 
54852 : 0; 
54853 : 0; 
54854 : 0; 
54855 : 0; 
54856 : 0; 
54857 : 0; 
54858 : 0; 
54859 : 0; 
54860 : 0; 
54861 : 0; 
54862 : 0; 
54863 : 0; 
54864 : 0; 
54865 : 0; 
54866 : 0; 
54867 : 0; 
54868 : 0; 
54869 : 0; 
54870 : 0; 
54871 : 0; 
54872 : 0; 
54873 : 0; 
54874 : 0; 
54875 : 0; 
54876 : 0; 
54877 : 0; 
54878 : 0; 
54879 : 0; 
54880 : 0; 
54881 : 0; 
54882 : 0; 
54883 : 0; 
54884 : 0; 
54885 : 0; 
54886 : 0; 
54887 : 0; 
54888 : 0; 
54889 : 0; 
54890 : 0; 
54891 : 0; 
54892 : 0; 
54893 : 0; 
54894 : 0; 
54895 : 0; 
54896 : 0; 
54897 : 0; 
54898 : 0; 
54899 : 0; 
54900 : 0; 
54901 : 0; 
54902 : 0; 
54903 : 0; 
54904 : 0; 
54905 : 0; 
54906 : 0; 
54907 : 0; 
54908 : 0; 
54909 : 0; 
54910 : 0; 
54911 : 0; 
54912 : 2; 
54913 : 3; 
54914 : 3; 
54915 : 3; 
54916 : 3; 
54917 : 3; 
54918 : 3; 
54919 : 3; 
54920 : 3; 
54921 : 3; 
54922 : 3; 
54923 : 3; 
54924 : 3; 
54925 : 3; 
54926 : 3; 
54927 : 3; 
54928 : 3; 
54929 : 3; 
54930 : 3; 
54931 : 3; 
54932 : 3; 
54933 : 3; 
54934 : 3; 
54935 : 3; 
54936 : 3; 
54937 : 3; 
54938 : 3; 
54939 : 3; 
54940 : 3; 
54941 : 3; 
54942 : 3; 
54943 : 3; 
54944 : 3; 
54945 : 3; 
54946 : 3; 
54947 : 3; 
54948 : 3; 
54949 : 3; 
54950 : 3; 
54951 : 3; 
54952 : 3; 
54953 : 3; 
54954 : 3; 
54955 : 3; 
54956 : 3; 
54957 : 3; 
54958 : 3; 
54959 : 3; 
54960 : 3; 
54961 : 3; 
54962 : 3; 
54963 : 3; 
54964 : 3; 
54965 : 3; 
54966 : 3; 
54967 : 3; 
54968 : 3; 
54969 : 3; 
54970 : 3; 
54971 : 3; 
54972 : 3; 
54973 : 3; 
54974 : 3; 
54975 : 3; 
54976 : 3; 
54977 : 3; 
54978 : 3; 
54979 : 3; 
54980 : 3; 
54981 : 3; 
54982 : 3; 
54983 : 3; 
54984 : 3; 
54985 : 3; 
54986 : 3; 
54987 : 3; 
54988 : 3; 
54989 : 3; 
54990 : 3; 
54991 : 3; 
54992 : 3; 
54993 : 3; 
54994 : 3; 
54995 : 3; 
54996 : 3; 
54997 : 3; 
54998 : 3; 
54999 : 2; 
55000 : 2; 
55001 : 2; 
55002 : 2; 
55003 : 2; 
55004 : 2; 
55005 : 2; 
55006 : 2; 
55007 : 2; 
55008 : 2; 
55009 : 2; 
55010 : 2; 
55011 : 2; 
55012 : 2; 
55013 : 2; 
55014 : 2; 
55015 : 2; 
55016 : 2; 
55017 : 2; 
55018 : 2; 
55019 : 2; 
55020 : 2; 
55021 : 2; 
55022 : 2; 
55023 : 2; 
55024 : 2; 
55025 : 2; 
55026 : 2; 
55027 : 2; 
55028 : 2; 
55029 : 2; 
55030 : 2; 
55031 : 2; 
55032 : 2; 
55033 : 2; 
55034 : 2; 
55035 : 2; 
55036 : 2; 
55037 : 2; 
55038 : 2; 
55039 : 2; 
55040 : 1; 
55041 : 1; 
55042 : 1; 
55043 : 1; 
55044 : 1; 
55045 : 1; 
55046 : 1; 
55047 : 1; 
55048 : 1; 
55049 : 1; 
55050 : 1; 
55051 : 1; 
55052 : 1; 
55053 : 1; 
55054 : 1; 
55055 : 1; 
55056 : 1; 
55057 : 1; 
55058 : 1; 
55059 : 1; 
55060 : 1; 
55061 : 1; 
55062 : 1; 
55063 : 1; 
55064 : 1; 
55065 : 1; 
55066 : 1; 
55067 : 1; 
55068 : 1; 
55069 : 1; 
55070 : 1; 
55071 : 1; 
55072 : 1; 
55073 : 1; 
55074 : 1; 
55075 : 1; 
55076 : 1; 
55077 : 1; 
55078 : 1; 
55079 : 1; 
55080 : 1; 
55081 : 1; 
55082 : 0; 
55083 : 0; 
55084 : 0; 
55085 : 0; 
55086 : 0; 
55087 : 0; 
55088 : 0; 
55089 : 0; 
55090 : 0; 
55091 : 0; 
55092 : 0; 
55093 : 0; 
55094 : 0; 
55095 : 0; 
55096 : 0; 
55097 : 0; 
55098 : 0; 
55099 : 0; 
55100 : 0; 
55101 : 0; 
55102 : 0; 
55103 : 0; 
55104 : 0; 
55105 : 0; 
55106 : 0; 
55107 : 0; 
55108 : 0; 
55109 : 0; 
55110 : 0; 
55111 : 0; 
55112 : 0; 
55113 : 0; 
55114 : 0; 
55115 : 0; 
55116 : 0; 
55117 : 0; 
55118 : 0; 
55119 : 0; 
55120 : 0; 
55121 : 0; 
55122 : 0; 
55123 : 0; 
55124 : 0; 
55125 : 0; 
55126 : 0; 
55127 : 0; 
55128 : 0; 
55129 : 0; 
55130 : 0; 
55131 : 0; 
55132 : 0; 
55133 : 0; 
55134 : 0; 
55135 : 0; 
55136 : 0; 
55137 : 0; 
55138 : 0; 
55139 : 0; 
55140 : 0; 
55141 : 0; 
55142 : 0; 
55143 : 0; 
55144 : 0; 
55145 : 0; 
55146 : 0; 
55147 : 0; 
55148 : 0; 
55149 : 0; 
55150 : 0; 
55151 : 0; 
55152 : 0; 
55153 : 0; 
55154 : 0; 
55155 : 0; 
55156 : 0; 
55157 : 0; 
55158 : 0; 
55159 : 0; 
55160 : 0; 
55161 : 0; 
55162 : 0; 
55163 : 0; 
55164 : 0; 
55165 : 0; 
55166 : 0; 
55167 : 0; 
55168 : 2; 
55169 : 3; 
55170 : 3; 
55171 : 3; 
55172 : 3; 
55173 : 3; 
55174 : 3; 
55175 : 3; 
55176 : 3; 
55177 : 3; 
55178 : 3; 
55179 : 3; 
55180 : 3; 
55181 : 3; 
55182 : 3; 
55183 : 3; 
55184 : 3; 
55185 : 3; 
55186 : 3; 
55187 : 3; 
55188 : 3; 
55189 : 3; 
55190 : 3; 
55191 : 3; 
55192 : 3; 
55193 : 3; 
55194 : 3; 
55195 : 3; 
55196 : 3; 
55197 : 3; 
55198 : 3; 
55199 : 3; 
55200 : 3; 
55201 : 3; 
55202 : 3; 
55203 : 3; 
55204 : 3; 
55205 : 3; 
55206 : 3; 
55207 : 3; 
55208 : 3; 
55209 : 3; 
55210 : 3; 
55211 : 3; 
55212 : 3; 
55213 : 3; 
55214 : 3; 
55215 : 3; 
55216 : 3; 
55217 : 3; 
55218 : 3; 
55219 : 3; 
55220 : 3; 
55221 : 3; 
55222 : 3; 
55223 : 3; 
55224 : 3; 
55225 : 3; 
55226 : 3; 
55227 : 3; 
55228 : 3; 
55229 : 3; 
55230 : 3; 
55231 : 3; 
55232 : 3; 
55233 : 3; 
55234 : 3; 
55235 : 3; 
55236 : 3; 
55237 : 3; 
55238 : 3; 
55239 : 3; 
55240 : 3; 
55241 : 3; 
55242 : 3; 
55243 : 3; 
55244 : 3; 
55245 : 3; 
55246 : 3; 
55247 : 3; 
55248 : 3; 
55249 : 3; 
55250 : 3; 
55251 : 3; 
55252 : 3; 
55253 : 3; 
55254 : 3; 
55255 : 3; 
55256 : 2; 
55257 : 2; 
55258 : 2; 
55259 : 2; 
55260 : 2; 
55261 : 2; 
55262 : 2; 
55263 : 2; 
55264 : 2; 
55265 : 2; 
55266 : 2; 
55267 : 2; 
55268 : 2; 
55269 : 2; 
55270 : 2; 
55271 : 2; 
55272 : 2; 
55273 : 2; 
55274 : 2; 
55275 : 2; 
55276 : 2; 
55277 : 2; 
55278 : 2; 
55279 : 2; 
55280 : 2; 
55281 : 2; 
55282 : 2; 
55283 : 2; 
55284 : 2; 
55285 : 2; 
55286 : 2; 
55287 : 2; 
55288 : 2; 
55289 : 2; 
55290 : 2; 
55291 : 2; 
55292 : 2; 
55293 : 2; 
55294 : 2; 
55295 : 2; 
55296 : 1; 
55297 : 1; 
55298 : 1; 
55299 : 1; 
55300 : 1; 
55301 : 1; 
55302 : 1; 
55303 : 1; 
55304 : 1; 
55305 : 1; 
55306 : 1; 
55307 : 1; 
55308 : 1; 
55309 : 1; 
55310 : 1; 
55311 : 1; 
55312 : 1; 
55313 : 1; 
55314 : 1; 
55315 : 1; 
55316 : 1; 
55317 : 1; 
55318 : 1; 
55319 : 1; 
55320 : 1; 
55321 : 1; 
55322 : 1; 
55323 : 1; 
55324 : 1; 
55325 : 1; 
55326 : 1; 
55327 : 1; 
55328 : 1; 
55329 : 1; 
55330 : 1; 
55331 : 1; 
55332 : 1; 
55333 : 1; 
55334 : 1; 
55335 : 1; 
55336 : 1; 
55337 : 0; 
55338 : 0; 
55339 : 0; 
55340 : 0; 
55341 : 0; 
55342 : 0; 
55343 : 0; 
55344 : 0; 
55345 : 0; 
55346 : 0; 
55347 : 0; 
55348 : 0; 
55349 : 0; 
55350 : 0; 
55351 : 0; 
55352 : 0; 
55353 : 0; 
55354 : 0; 
55355 : 0; 
55356 : 0; 
55357 : 0; 
55358 : 0; 
55359 : 0; 
55360 : 0; 
55361 : 0; 
55362 : 0; 
55363 : 0; 
55364 : 0; 
55365 : 0; 
55366 : 0; 
55367 : 0; 
55368 : 0; 
55369 : 0; 
55370 : 0; 
55371 : 0; 
55372 : 0; 
55373 : 0; 
55374 : 0; 
55375 : 0; 
55376 : 0; 
55377 : 0; 
55378 : 0; 
55379 : 0; 
55380 : 0; 
55381 : 0; 
55382 : 0; 
55383 : 0; 
55384 : 0; 
55385 : 0; 
55386 : 0; 
55387 : 0; 
55388 : 0; 
55389 : 0; 
55390 : 0; 
55391 : 0; 
55392 : 0; 
55393 : 0; 
55394 : 0; 
55395 : 0; 
55396 : 0; 
55397 : 0; 
55398 : 0; 
55399 : 0; 
55400 : 0; 
55401 : 0; 
55402 : 0; 
55403 : 0; 
55404 : 0; 
55405 : 0; 
55406 : 0; 
55407 : 0; 
55408 : 0; 
55409 : 0; 
55410 : 0; 
55411 : 0; 
55412 : 0; 
55413 : 0; 
55414 : 0; 
55415 : 0; 
55416 : 0; 
55417 : 0; 
55418 : 0; 
55419 : 0; 
55420 : 0; 
55421 : 0; 
55422 : 0; 
55423 : 0; 
55424 : 2; 
55425 : 3; 
55426 : 3; 
55427 : 3; 
55428 : 3; 
55429 : 3; 
55430 : 3; 
55431 : 3; 
55432 : 3; 
55433 : 3; 
55434 : 3; 
55435 : 3; 
55436 : 3; 
55437 : 3; 
55438 : 3; 
55439 : 3; 
55440 : 3; 
55441 : 3; 
55442 : 3; 
55443 : 3; 
55444 : 3; 
55445 : 3; 
55446 : 3; 
55447 : 3; 
55448 : 3; 
55449 : 3; 
55450 : 3; 
55451 : 3; 
55452 : 3; 
55453 : 3; 
55454 : 3; 
55455 : 3; 
55456 : 3; 
55457 : 3; 
55458 : 3; 
55459 : 3; 
55460 : 3; 
55461 : 3; 
55462 : 3; 
55463 : 3; 
55464 : 3; 
55465 : 3; 
55466 : 3; 
55467 : 3; 
55468 : 3; 
55469 : 3; 
55470 : 3; 
55471 : 3; 
55472 : 3; 
55473 : 3; 
55474 : 3; 
55475 : 3; 
55476 : 3; 
55477 : 3; 
55478 : 3; 
55479 : 3; 
55480 : 3; 
55481 : 3; 
55482 : 3; 
55483 : 3; 
55484 : 3; 
55485 : 3; 
55486 : 3; 
55487 : 3; 
55488 : 3; 
55489 : 3; 
55490 : 3; 
55491 : 3; 
55492 : 3; 
55493 : 3; 
55494 : 3; 
55495 : 3; 
55496 : 3; 
55497 : 3; 
55498 : 3; 
55499 : 3; 
55500 : 3; 
55501 : 3; 
55502 : 3; 
55503 : 3; 
55504 : 3; 
55505 : 3; 
55506 : 3; 
55507 : 3; 
55508 : 3; 
55509 : 3; 
55510 : 3; 
55511 : 3; 
55512 : 3; 
55513 : 2; 
55514 : 2; 
55515 : 2; 
55516 : 2; 
55517 : 2; 
55518 : 2; 
55519 : 2; 
55520 : 2; 
55521 : 2; 
55522 : 2; 
55523 : 2; 
55524 : 2; 
55525 : 2; 
55526 : 2; 
55527 : 2; 
55528 : 2; 
55529 : 2; 
55530 : 2; 
55531 : 2; 
55532 : 2; 
55533 : 2; 
55534 : 2; 
55535 : 2; 
55536 : 2; 
55537 : 2; 
55538 : 2; 
55539 : 2; 
55540 : 2; 
55541 : 2; 
55542 : 2; 
55543 : 2; 
55544 : 2; 
55545 : 2; 
55546 : 2; 
55547 : 2; 
55548 : 2; 
55549 : 2; 
55550 : 2; 
55551 : 2; 
55552 : 1; 
55553 : 1; 
55554 : 1; 
55555 : 1; 
55556 : 1; 
55557 : 1; 
55558 : 1; 
55559 : 1; 
55560 : 1; 
55561 : 1; 
55562 : 1; 
55563 : 1; 
55564 : 1; 
55565 : 1; 
55566 : 1; 
55567 : 1; 
55568 : 1; 
55569 : 1; 
55570 : 1; 
55571 : 1; 
55572 : 1; 
55573 : 1; 
55574 : 1; 
55575 : 1; 
55576 : 1; 
55577 : 1; 
55578 : 1; 
55579 : 1; 
55580 : 1; 
55581 : 1; 
55582 : 1; 
55583 : 1; 
55584 : 1; 
55585 : 1; 
55586 : 1; 
55587 : 1; 
55588 : 1; 
55589 : 1; 
55590 : 1; 
55591 : 1; 
55592 : 0; 
55593 : 0; 
55594 : 0; 
55595 : 0; 
55596 : 0; 
55597 : 0; 
55598 : 0; 
55599 : 0; 
55600 : 0; 
55601 : 0; 
55602 : 0; 
55603 : 0; 
55604 : 0; 
55605 : 0; 
55606 : 0; 
55607 : 0; 
55608 : 0; 
55609 : 0; 
55610 : 0; 
55611 : 0; 
55612 : 0; 
55613 : 0; 
55614 : 0; 
55615 : 0; 
55616 : 0; 
55617 : 0; 
55618 : 0; 
55619 : 0; 
55620 : 0; 
55621 : 0; 
55622 : 0; 
55623 : 0; 
55624 : 0; 
55625 : 0; 
55626 : 0; 
55627 : 0; 
55628 : 0; 
55629 : 0; 
55630 : 0; 
55631 : 0; 
55632 : 0; 
55633 : 0; 
55634 : 0; 
55635 : 0; 
55636 : 0; 
55637 : 0; 
55638 : 0; 
55639 : 0; 
55640 : 0; 
55641 : 0; 
55642 : 0; 
55643 : 0; 
55644 : 0; 
55645 : 0; 
55646 : 0; 
55647 : 0; 
55648 : 0; 
55649 : 0; 
55650 : 0; 
55651 : 0; 
55652 : 0; 
55653 : 0; 
55654 : 0; 
55655 : 0; 
55656 : 0; 
55657 : 0; 
55658 : 0; 
55659 : 0; 
55660 : 0; 
55661 : 0; 
55662 : 0; 
55663 : 0; 
55664 : 0; 
55665 : 0; 
55666 : 0; 
55667 : 0; 
55668 : 0; 
55669 : 0; 
55670 : 0; 
55671 : 0; 
55672 : 0; 
55673 : 0; 
55674 : 0; 
55675 : 0; 
55676 : 0; 
55677 : 0; 
55678 : 0; 
55679 : 0; 
55680 : 2; 
55681 : 3; 
55682 : 3; 
55683 : 3; 
55684 : 3; 
55685 : 3; 
55686 : 3; 
55687 : 3; 
55688 : 3; 
55689 : 3; 
55690 : 3; 
55691 : 3; 
55692 : 3; 
55693 : 3; 
55694 : 3; 
55695 : 3; 
55696 : 3; 
55697 : 3; 
55698 : 3; 
55699 : 3; 
55700 : 3; 
55701 : 3; 
55702 : 3; 
55703 : 3; 
55704 : 3; 
55705 : 3; 
55706 : 3; 
55707 : 3; 
55708 : 3; 
55709 : 3; 
55710 : 3; 
55711 : 3; 
55712 : 3; 
55713 : 3; 
55714 : 3; 
55715 : 3; 
55716 : 3; 
55717 : 3; 
55718 : 3; 
55719 : 3; 
55720 : 3; 
55721 : 3; 
55722 : 3; 
55723 : 3; 
55724 : 3; 
55725 : 3; 
55726 : 3; 
55727 : 3; 
55728 : 3; 
55729 : 3; 
55730 : 3; 
55731 : 3; 
55732 : 3; 
55733 : 3; 
55734 : 3; 
55735 : 3; 
55736 : 3; 
55737 : 3; 
55738 : 3; 
55739 : 3; 
55740 : 3; 
55741 : 3; 
55742 : 3; 
55743 : 3; 
55744 : 3; 
55745 : 3; 
55746 : 3; 
55747 : 3; 
55748 : 3; 
55749 : 3; 
55750 : 3; 
55751 : 3; 
55752 : 3; 
55753 : 3; 
55754 : 3; 
55755 : 3; 
55756 : 3; 
55757 : 3; 
55758 : 3; 
55759 : 3; 
55760 : 3; 
55761 : 3; 
55762 : 3; 
55763 : 3; 
55764 : 3; 
55765 : 3; 
55766 : 3; 
55767 : 3; 
55768 : 3; 
55769 : 3; 
55770 : 2; 
55771 : 2; 
55772 : 2; 
55773 : 2; 
55774 : 2; 
55775 : 2; 
55776 : 2; 
55777 : 2; 
55778 : 2; 
55779 : 2; 
55780 : 2; 
55781 : 2; 
55782 : 2; 
55783 : 2; 
55784 : 2; 
55785 : 2; 
55786 : 2; 
55787 : 2; 
55788 : 2; 
55789 : 2; 
55790 : 2; 
55791 : 2; 
55792 : 2; 
55793 : 2; 
55794 : 2; 
55795 : 2; 
55796 : 2; 
55797 : 2; 
55798 : 2; 
55799 : 2; 
55800 : 2; 
55801 : 2; 
55802 : 2; 
55803 : 2; 
55804 : 2; 
55805 : 2; 
55806 : 2; 
55807 : 2; 
55808 : 1; 
55809 : 1; 
55810 : 1; 
55811 : 1; 
55812 : 1; 
55813 : 1; 
55814 : 1; 
55815 : 1; 
55816 : 1; 
55817 : 1; 
55818 : 1; 
55819 : 1; 
55820 : 1; 
55821 : 1; 
55822 : 1; 
55823 : 1; 
55824 : 1; 
55825 : 1; 
55826 : 1; 
55827 : 1; 
55828 : 1; 
55829 : 1; 
55830 : 1; 
55831 : 1; 
55832 : 1; 
55833 : 1; 
55834 : 1; 
55835 : 1; 
55836 : 1; 
55837 : 1; 
55838 : 1; 
55839 : 1; 
55840 : 1; 
55841 : 1; 
55842 : 1; 
55843 : 1; 
55844 : 1; 
55845 : 1; 
55846 : 1; 
55847 : 0; 
55848 : 0; 
55849 : 0; 
55850 : 0; 
55851 : 0; 
55852 : 0; 
55853 : 0; 
55854 : 0; 
55855 : 0; 
55856 : 0; 
55857 : 0; 
55858 : 0; 
55859 : 0; 
55860 : 0; 
55861 : 0; 
55862 : 0; 
55863 : 0; 
55864 : 0; 
55865 : 0; 
55866 : 0; 
55867 : 0; 
55868 : 0; 
55869 : 0; 
55870 : 0; 
55871 : 0; 
55872 : 0; 
55873 : 0; 
55874 : 0; 
55875 : 0; 
55876 : 0; 
55877 : 0; 
55878 : 0; 
55879 : 0; 
55880 : 0; 
55881 : 0; 
55882 : 0; 
55883 : 0; 
55884 : 0; 
55885 : 0; 
55886 : 0; 
55887 : 0; 
55888 : 0; 
55889 : 0; 
55890 : 0; 
55891 : 0; 
55892 : 0; 
55893 : 0; 
55894 : 0; 
55895 : 0; 
55896 : 0; 
55897 : 0; 
55898 : 0; 
55899 : 0; 
55900 : 0; 
55901 : 0; 
55902 : 0; 
55903 : 0; 
55904 : 0; 
55905 : 0; 
55906 : 0; 
55907 : 0; 
55908 : 0; 
55909 : 0; 
55910 : 0; 
55911 : 0; 
55912 : 0; 
55913 : 0; 
55914 : 0; 
55915 : 0; 
55916 : 0; 
55917 : 0; 
55918 : 0; 
55919 : 0; 
55920 : 0; 
55921 : 0; 
55922 : 0; 
55923 : 0; 
55924 : 0; 
55925 : 0; 
55926 : 0; 
55927 : 0; 
55928 : 0; 
55929 : 0; 
55930 : 0; 
55931 : 0; 
55932 : 0; 
55933 : 0; 
55934 : 0; 
55935 : 0; 
55936 : 2; 
55937 : 3; 
55938 : 3; 
55939 : 3; 
55940 : 3; 
55941 : 3; 
55942 : 3; 
55943 : 3; 
55944 : 3; 
55945 : 3; 
55946 : 3; 
55947 : 3; 
55948 : 3; 
55949 : 3; 
55950 : 3; 
55951 : 3; 
55952 : 3; 
55953 : 3; 
55954 : 3; 
55955 : 3; 
55956 : 3; 
55957 : 3; 
55958 : 3; 
55959 : 3; 
55960 : 3; 
55961 : 3; 
55962 : 3; 
55963 : 3; 
55964 : 3; 
55965 : 3; 
55966 : 3; 
55967 : 3; 
55968 : 3; 
55969 : 3; 
55970 : 3; 
55971 : 3; 
55972 : 3; 
55973 : 3; 
55974 : 3; 
55975 : 3; 
55976 : 3; 
55977 : 3; 
55978 : 3; 
55979 : 3; 
55980 : 3; 
55981 : 3; 
55982 : 3; 
55983 : 3; 
55984 : 3; 
55985 : 3; 
55986 : 3; 
55987 : 3; 
55988 : 3; 
55989 : 3; 
55990 : 3; 
55991 : 3; 
55992 : 3; 
55993 : 3; 
55994 : 3; 
55995 : 3; 
55996 : 3; 
55997 : 3; 
55998 : 3; 
55999 : 3; 
56000 : 3; 
56001 : 3; 
56002 : 3; 
56003 : 3; 
56004 : 3; 
56005 : 3; 
56006 : 3; 
56007 : 3; 
56008 : 3; 
56009 : 3; 
56010 : 3; 
56011 : 3; 
56012 : 3; 
56013 : 3; 
56014 : 3; 
56015 : 3; 
56016 : 3; 
56017 : 3; 
56018 : 3; 
56019 : 3; 
56020 : 3; 
56021 : 3; 
56022 : 3; 
56023 : 3; 
56024 : 3; 
56025 : 3; 
56026 : 3; 
56027 : 2; 
56028 : 2; 
56029 : 2; 
56030 : 2; 
56031 : 2; 
56032 : 2; 
56033 : 2; 
56034 : 2; 
56035 : 2; 
56036 : 2; 
56037 : 2; 
56038 : 2; 
56039 : 2; 
56040 : 2; 
56041 : 2; 
56042 : 2; 
56043 : 2; 
56044 : 2; 
56045 : 2; 
56046 : 2; 
56047 : 2; 
56048 : 2; 
56049 : 2; 
56050 : 2; 
56051 : 2; 
56052 : 2; 
56053 : 2; 
56054 : 2; 
56055 : 2; 
56056 : 2; 
56057 : 2; 
56058 : 2; 
56059 : 2; 
56060 : 2; 
56061 : 2; 
56062 : 2; 
56063 : 2; 
56064 : 1; 
56065 : 1; 
56066 : 1; 
56067 : 1; 
56068 : 1; 
56069 : 1; 
56070 : 1; 
56071 : 1; 
56072 : 1; 
56073 : 1; 
56074 : 1; 
56075 : 1; 
56076 : 1; 
56077 : 1; 
56078 : 1; 
56079 : 1; 
56080 : 1; 
56081 : 1; 
56082 : 1; 
56083 : 1; 
56084 : 1; 
56085 : 1; 
56086 : 1; 
56087 : 1; 
56088 : 1; 
56089 : 1; 
56090 : 1; 
56091 : 1; 
56092 : 1; 
56093 : 1; 
56094 : 1; 
56095 : 1; 
56096 : 1; 
56097 : 1; 
56098 : 1; 
56099 : 1; 
56100 : 1; 
56101 : 1; 
56102 : 0; 
56103 : 0; 
56104 : 0; 
56105 : 0; 
56106 : 0; 
56107 : 0; 
56108 : 0; 
56109 : 0; 
56110 : 0; 
56111 : 0; 
56112 : 0; 
56113 : 0; 
56114 : 0; 
56115 : 0; 
56116 : 0; 
56117 : 0; 
56118 : 0; 
56119 : 0; 
56120 : 0; 
56121 : 0; 
56122 : 0; 
56123 : 0; 
56124 : 0; 
56125 : 0; 
56126 : 0; 
56127 : 0; 
56128 : 0; 
56129 : 0; 
56130 : 0; 
56131 : 0; 
56132 : 0; 
56133 : 0; 
56134 : 0; 
56135 : 0; 
56136 : 0; 
56137 : 0; 
56138 : 0; 
56139 : 0; 
56140 : 0; 
56141 : 0; 
56142 : 0; 
56143 : 0; 
56144 : 0; 
56145 : 0; 
56146 : 0; 
56147 : 0; 
56148 : 0; 
56149 : 0; 
56150 : 0; 
56151 : 0; 
56152 : 0; 
56153 : 0; 
56154 : 0; 
56155 : 0; 
56156 : 0; 
56157 : 0; 
56158 : 0; 
56159 : 0; 
56160 : 0; 
56161 : 0; 
56162 : 0; 
56163 : 0; 
56164 : 0; 
56165 : 0; 
56166 : 0; 
56167 : 0; 
56168 : 0; 
56169 : 0; 
56170 : 0; 
56171 : 0; 
56172 : 0; 
56173 : 0; 
56174 : 0; 
56175 : 0; 
56176 : 0; 
56177 : 0; 
56178 : 0; 
56179 : 0; 
56180 : 0; 
56181 : 0; 
56182 : 0; 
56183 : 0; 
56184 : 0; 
56185 : 0; 
56186 : 0; 
56187 : 0; 
56188 : 0; 
56189 : 0; 
56190 : 0; 
56191 : 0; 
56192 : 2; 
56193 : 3; 
56194 : 3; 
56195 : 3; 
56196 : 3; 
56197 : 3; 
56198 : 3; 
56199 : 3; 
56200 : 3; 
56201 : 3; 
56202 : 3; 
56203 : 3; 
56204 : 3; 
56205 : 3; 
56206 : 3; 
56207 : 3; 
56208 : 3; 
56209 : 3; 
56210 : 3; 
56211 : 3; 
56212 : 3; 
56213 : 3; 
56214 : 3; 
56215 : 3; 
56216 : 3; 
56217 : 3; 
56218 : 3; 
56219 : 3; 
56220 : 3; 
56221 : 3; 
56222 : 3; 
56223 : 3; 
56224 : 3; 
56225 : 3; 
56226 : 3; 
56227 : 3; 
56228 : 3; 
56229 : 3; 
56230 : 3; 
56231 : 3; 
56232 : 3; 
56233 : 3; 
56234 : 3; 
56235 : 3; 
56236 : 3; 
56237 : 3; 
56238 : 3; 
56239 : 3; 
56240 : 3; 
56241 : 3; 
56242 : 3; 
56243 : 3; 
56244 : 3; 
56245 : 3; 
56246 : 3; 
56247 : 3; 
56248 : 3; 
56249 : 3; 
56250 : 3; 
56251 : 3; 
56252 : 3; 
56253 : 3; 
56254 : 3; 
56255 : 3; 
56256 : 3; 
56257 : 3; 
56258 : 3; 
56259 : 3; 
56260 : 3; 
56261 : 3; 
56262 : 3; 
56263 : 3; 
56264 : 3; 
56265 : 3; 
56266 : 3; 
56267 : 3; 
56268 : 3; 
56269 : 3; 
56270 : 3; 
56271 : 3; 
56272 : 3; 
56273 : 3; 
56274 : 3; 
56275 : 3; 
56276 : 3; 
56277 : 3; 
56278 : 3; 
56279 : 3; 
56280 : 3; 
56281 : 3; 
56282 : 3; 
56283 : 3; 
56284 : 2; 
56285 : 2; 
56286 : 2; 
56287 : 2; 
56288 : 2; 
56289 : 2; 
56290 : 2; 
56291 : 2; 
56292 : 2; 
56293 : 2; 
56294 : 2; 
56295 : 2; 
56296 : 2; 
56297 : 2; 
56298 : 2; 
56299 : 2; 
56300 : 2; 
56301 : 2; 
56302 : 2; 
56303 : 2; 
56304 : 2; 
56305 : 2; 
56306 : 2; 
56307 : 2; 
56308 : 2; 
56309 : 2; 
56310 : 2; 
56311 : 2; 
56312 : 2; 
56313 : 2; 
56314 : 2; 
56315 : 2; 
56316 : 2; 
56317 : 2; 
56318 : 2; 
56319 : 2; 
56320 : 1; 
56321 : 1; 
56322 : 1; 
56323 : 1; 
56324 : 1; 
56325 : 1; 
56326 : 1; 
56327 : 1; 
56328 : 1; 
56329 : 1; 
56330 : 1; 
56331 : 1; 
56332 : 1; 
56333 : 1; 
56334 : 1; 
56335 : 1; 
56336 : 1; 
56337 : 1; 
56338 : 1; 
56339 : 1; 
56340 : 1; 
56341 : 1; 
56342 : 1; 
56343 : 1; 
56344 : 1; 
56345 : 1; 
56346 : 1; 
56347 : 1; 
56348 : 1; 
56349 : 1; 
56350 : 1; 
56351 : 1; 
56352 : 1; 
56353 : 1; 
56354 : 1; 
56355 : 1; 
56356 : 1; 
56357 : 0; 
56358 : 0; 
56359 : 0; 
56360 : 0; 
56361 : 0; 
56362 : 0; 
56363 : 0; 
56364 : 0; 
56365 : 0; 
56366 : 0; 
56367 : 0; 
56368 : 0; 
56369 : 0; 
56370 : 0; 
56371 : 0; 
56372 : 0; 
56373 : 0; 
56374 : 0; 
56375 : 0; 
56376 : 0; 
56377 : 0; 
56378 : 0; 
56379 : 0; 
56380 : 0; 
56381 : 0; 
56382 : 0; 
56383 : 0; 
56384 : 0; 
56385 : 0; 
56386 : 0; 
56387 : 0; 
56388 : 0; 
56389 : 0; 
56390 : 0; 
56391 : 0; 
56392 : 0; 
56393 : 0; 
56394 : 0; 
56395 : 0; 
56396 : 0; 
56397 : 0; 
56398 : 0; 
56399 : 0; 
56400 : 0; 
56401 : 0; 
56402 : 0; 
56403 : 0; 
56404 : 0; 
56405 : 0; 
56406 : 0; 
56407 : 0; 
56408 : 0; 
56409 : 0; 
56410 : 0; 
56411 : 0; 
56412 : 0; 
56413 : 0; 
56414 : 0; 
56415 : 0; 
56416 : 0; 
56417 : 0; 
56418 : 0; 
56419 : 0; 
56420 : 0; 
56421 : 0; 
56422 : 0; 
56423 : 0; 
56424 : 0; 
56425 : 0; 
56426 : 0; 
56427 : 0; 
56428 : 0; 
56429 : 0; 
56430 : 0; 
56431 : 0; 
56432 : 0; 
56433 : 0; 
56434 : 0; 
56435 : 0; 
56436 : 0; 
56437 : 0; 
56438 : 0; 
56439 : 0; 
56440 : 0; 
56441 : 0; 
56442 : 0; 
56443 : 0; 
56444 : 0; 
56445 : 0; 
56446 : 0; 
56447 : 0; 
56448 : 2; 
56449 : 3; 
56450 : 3; 
56451 : 3; 
56452 : 3; 
56453 : 3; 
56454 : 3; 
56455 : 3; 
56456 : 3; 
56457 : 3; 
56458 : 3; 
56459 : 3; 
56460 : 3; 
56461 : 3; 
56462 : 3; 
56463 : 3; 
56464 : 3; 
56465 : 3; 
56466 : 3; 
56467 : 3; 
56468 : 3; 
56469 : 3; 
56470 : 3; 
56471 : 3; 
56472 : 3; 
56473 : 3; 
56474 : 3; 
56475 : 3; 
56476 : 3; 
56477 : 3; 
56478 : 3; 
56479 : 3; 
56480 : 3; 
56481 : 3; 
56482 : 3; 
56483 : 3; 
56484 : 3; 
56485 : 3; 
56486 : 3; 
56487 : 3; 
56488 : 3; 
56489 : 3; 
56490 : 3; 
56491 : 3; 
56492 : 3; 
56493 : 3; 
56494 : 3; 
56495 : 3; 
56496 : 3; 
56497 : 3; 
56498 : 3; 
56499 : 3; 
56500 : 3; 
56501 : 3; 
56502 : 3; 
56503 : 3; 
56504 : 3; 
56505 : 3; 
56506 : 3; 
56507 : 3; 
56508 : 3; 
56509 : 3; 
56510 : 3; 
56511 : 3; 
56512 : 3; 
56513 : 3; 
56514 : 3; 
56515 : 3; 
56516 : 3; 
56517 : 3; 
56518 : 3; 
56519 : 3; 
56520 : 3; 
56521 : 3; 
56522 : 3; 
56523 : 3; 
56524 : 3; 
56525 : 3; 
56526 : 3; 
56527 : 3; 
56528 : 3; 
56529 : 3; 
56530 : 3; 
56531 : 3; 
56532 : 3; 
56533 : 3; 
56534 : 3; 
56535 : 3; 
56536 : 3; 
56537 : 3; 
56538 : 3; 
56539 : 3; 
56540 : 3; 
56541 : 2; 
56542 : 2; 
56543 : 2; 
56544 : 2; 
56545 : 2; 
56546 : 2; 
56547 : 2; 
56548 : 2; 
56549 : 2; 
56550 : 2; 
56551 : 2; 
56552 : 2; 
56553 : 2; 
56554 : 2; 
56555 : 2; 
56556 : 2; 
56557 : 2; 
56558 : 2; 
56559 : 2; 
56560 : 2; 
56561 : 2; 
56562 : 2; 
56563 : 2; 
56564 : 2; 
56565 : 2; 
56566 : 2; 
56567 : 2; 
56568 : 2; 
56569 : 2; 
56570 : 2; 
56571 : 2; 
56572 : 2; 
56573 : 2; 
56574 : 2; 
56575 : 2; 
56576 : 1; 
56577 : 1; 
56578 : 1; 
56579 : 1; 
56580 : 1; 
56581 : 1; 
56582 : 1; 
56583 : 1; 
56584 : 1; 
56585 : 1; 
56586 : 1; 
56587 : 1; 
56588 : 1; 
56589 : 1; 
56590 : 1; 
56591 : 1; 
56592 : 1; 
56593 : 1; 
56594 : 1; 
56595 : 1; 
56596 : 1; 
56597 : 1; 
56598 : 1; 
56599 : 1; 
56600 : 1; 
56601 : 1; 
56602 : 1; 
56603 : 1; 
56604 : 1; 
56605 : 1; 
56606 : 1; 
56607 : 1; 
56608 : 1; 
56609 : 1; 
56610 : 1; 
56611 : 1; 
56612 : 0; 
56613 : 0; 
56614 : 0; 
56615 : 0; 
56616 : 0; 
56617 : 0; 
56618 : 0; 
56619 : 0; 
56620 : 0; 
56621 : 0; 
56622 : 0; 
56623 : 0; 
56624 : 0; 
56625 : 0; 
56626 : 0; 
56627 : 0; 
56628 : 0; 
56629 : 0; 
56630 : 0; 
56631 : 0; 
56632 : 0; 
56633 : 0; 
56634 : 0; 
56635 : 0; 
56636 : 0; 
56637 : 0; 
56638 : 0; 
56639 : 0; 
56640 : 0; 
56641 : 0; 
56642 : 0; 
56643 : 0; 
56644 : 0; 
56645 : 0; 
56646 : 0; 
56647 : 0; 
56648 : 0; 
56649 : 0; 
56650 : 0; 
56651 : 0; 
56652 : 0; 
56653 : 0; 
56654 : 0; 
56655 : 0; 
56656 : 0; 
56657 : 0; 
56658 : 0; 
56659 : 0; 
56660 : 0; 
56661 : 0; 
56662 : 0; 
56663 : 0; 
56664 : 0; 
56665 : 0; 
56666 : 0; 
56667 : 0; 
56668 : 0; 
56669 : 0; 
56670 : 0; 
56671 : 0; 
56672 : 0; 
56673 : 0; 
56674 : 0; 
56675 : 0; 
56676 : 0; 
56677 : 0; 
56678 : 0; 
56679 : 0; 
56680 : 0; 
56681 : 0; 
56682 : 0; 
56683 : 0; 
56684 : 0; 
56685 : 0; 
56686 : 0; 
56687 : 0; 
56688 : 0; 
56689 : 0; 
56690 : 0; 
56691 : 0; 
56692 : 0; 
56693 : 0; 
56694 : 0; 
56695 : 0; 
56696 : 0; 
56697 : 0; 
56698 : 0; 
56699 : 0; 
56700 : 0; 
56701 : 0; 
56702 : 0; 
56703 : 0; 
56704 : 2; 
56705 : 3; 
56706 : 3; 
56707 : 3; 
56708 : 3; 
56709 : 3; 
56710 : 3; 
56711 : 3; 
56712 : 3; 
56713 : 3; 
56714 : 3; 
56715 : 3; 
56716 : 3; 
56717 : 3; 
56718 : 3; 
56719 : 3; 
56720 : 3; 
56721 : 3; 
56722 : 3; 
56723 : 3; 
56724 : 3; 
56725 : 3; 
56726 : 3; 
56727 : 3; 
56728 : 3; 
56729 : 3; 
56730 : 3; 
56731 : 3; 
56732 : 3; 
56733 : 3; 
56734 : 3; 
56735 : 3; 
56736 : 3; 
56737 : 3; 
56738 : 3; 
56739 : 3; 
56740 : 3; 
56741 : 3; 
56742 : 3; 
56743 : 3; 
56744 : 3; 
56745 : 3; 
56746 : 3; 
56747 : 3; 
56748 : 3; 
56749 : 3; 
56750 : 3; 
56751 : 3; 
56752 : 3; 
56753 : 3; 
56754 : 3; 
56755 : 3; 
56756 : 3; 
56757 : 3; 
56758 : 3; 
56759 : 3; 
56760 : 3; 
56761 : 3; 
56762 : 3; 
56763 : 3; 
56764 : 3; 
56765 : 3; 
56766 : 3; 
56767 : 3; 
56768 : 3; 
56769 : 3; 
56770 : 3; 
56771 : 3; 
56772 : 3; 
56773 : 3; 
56774 : 3; 
56775 : 3; 
56776 : 3; 
56777 : 3; 
56778 : 3; 
56779 : 3; 
56780 : 3; 
56781 : 3; 
56782 : 3; 
56783 : 3; 
56784 : 3; 
56785 : 3; 
56786 : 3; 
56787 : 3; 
56788 : 3; 
56789 : 3; 
56790 : 3; 
56791 : 3; 
56792 : 3; 
56793 : 3; 
56794 : 3; 
56795 : 3; 
56796 : 3; 
56797 : 3; 
56798 : 2; 
56799 : 2; 
56800 : 2; 
56801 : 2; 
56802 : 2; 
56803 : 2; 
56804 : 2; 
56805 : 2; 
56806 : 2; 
56807 : 2; 
56808 : 2; 
56809 : 2; 
56810 : 2; 
56811 : 2; 
56812 : 2; 
56813 : 2; 
56814 : 2; 
56815 : 2; 
56816 : 2; 
56817 : 2; 
56818 : 2; 
56819 : 2; 
56820 : 2; 
56821 : 2; 
56822 : 2; 
56823 : 2; 
56824 : 2; 
56825 : 2; 
56826 : 2; 
56827 : 2; 
56828 : 2; 
56829 : 2; 
56830 : 2; 
56831 : 2; 
56832 : 1; 
56833 : 1; 
56834 : 1; 
56835 : 1; 
56836 : 1; 
56837 : 1; 
56838 : 1; 
56839 : 1; 
56840 : 1; 
56841 : 1; 
56842 : 1; 
56843 : 1; 
56844 : 1; 
56845 : 1; 
56846 : 1; 
56847 : 1; 
56848 : 1; 
56849 : 1; 
56850 : 1; 
56851 : 1; 
56852 : 1; 
56853 : 1; 
56854 : 1; 
56855 : 1; 
56856 : 1; 
56857 : 1; 
56858 : 1; 
56859 : 1; 
56860 : 1; 
56861 : 1; 
56862 : 1; 
56863 : 1; 
56864 : 1; 
56865 : 1; 
56866 : 1; 
56867 : 0; 
56868 : 0; 
56869 : 0; 
56870 : 0; 
56871 : 0; 
56872 : 0; 
56873 : 0; 
56874 : 0; 
56875 : 0; 
56876 : 0; 
56877 : 0; 
56878 : 0; 
56879 : 0; 
56880 : 0; 
56881 : 0; 
56882 : 0; 
56883 : 0; 
56884 : 0; 
56885 : 0; 
56886 : 0; 
56887 : 0; 
56888 : 0; 
56889 : 0; 
56890 : 0; 
56891 : 0; 
56892 : 0; 
56893 : 0; 
56894 : 0; 
56895 : 0; 
56896 : 0; 
56897 : 0; 
56898 : 0; 
56899 : 0; 
56900 : 0; 
56901 : 0; 
56902 : 0; 
56903 : 0; 
56904 : 0; 
56905 : 0; 
56906 : 0; 
56907 : 0; 
56908 : 0; 
56909 : 0; 
56910 : 0; 
56911 : 0; 
56912 : 0; 
56913 : 0; 
56914 : 0; 
56915 : 0; 
56916 : 0; 
56917 : 0; 
56918 : 0; 
56919 : 0; 
56920 : 0; 
56921 : 0; 
56922 : 0; 
56923 : 0; 
56924 : 0; 
56925 : 0; 
56926 : 0; 
56927 : 0; 
56928 : 0; 
56929 : 0; 
56930 : 0; 
56931 : 0; 
56932 : 0; 
56933 : 0; 
56934 : 0; 
56935 : 0; 
56936 : 0; 
56937 : 0; 
56938 : 0; 
56939 : 0; 
56940 : 0; 
56941 : 0; 
56942 : 0; 
56943 : 0; 
56944 : 0; 
56945 : 0; 
56946 : 0; 
56947 : 0; 
56948 : 0; 
56949 : 0; 
56950 : 0; 
56951 : 0; 
56952 : 0; 
56953 : 0; 
56954 : 0; 
56955 : 0; 
56956 : 0; 
56957 : 0; 
56958 : 0; 
56959 : 0; 
56960 : 2; 
56961 : 3; 
56962 : 3; 
56963 : 3; 
56964 : 3; 
56965 : 3; 
56966 : 3; 
56967 : 3; 
56968 : 3; 
56969 : 3; 
56970 : 3; 
56971 : 3; 
56972 : 3; 
56973 : 3; 
56974 : 3; 
56975 : 3; 
56976 : 3; 
56977 : 3; 
56978 : 3; 
56979 : 3; 
56980 : 3; 
56981 : 3; 
56982 : 3; 
56983 : 3; 
56984 : 3; 
56985 : 3; 
56986 : 3; 
56987 : 3; 
56988 : 3; 
56989 : 3; 
56990 : 3; 
56991 : 3; 
56992 : 3; 
56993 : 3; 
56994 : 3; 
56995 : 3; 
56996 : 3; 
56997 : 3; 
56998 : 3; 
56999 : 3; 
57000 : 3; 
57001 : 3; 
57002 : 3; 
57003 : 3; 
57004 : 3; 
57005 : 3; 
57006 : 3; 
57007 : 3; 
57008 : 3; 
57009 : 3; 
57010 : 3; 
57011 : 3; 
57012 : 3; 
57013 : 3; 
57014 : 3; 
57015 : 3; 
57016 : 3; 
57017 : 3; 
57018 : 3; 
57019 : 3; 
57020 : 3; 
57021 : 3; 
57022 : 3; 
57023 : 3; 
57024 : 3; 
57025 : 3; 
57026 : 3; 
57027 : 3; 
57028 : 3; 
57029 : 3; 
57030 : 3; 
57031 : 3; 
57032 : 3; 
57033 : 3; 
57034 : 3; 
57035 : 3; 
57036 : 3; 
57037 : 3; 
57038 : 3; 
57039 : 3; 
57040 : 3; 
57041 : 3; 
57042 : 3; 
57043 : 3; 
57044 : 3; 
57045 : 3; 
57046 : 3; 
57047 : 3; 
57048 : 3; 
57049 : 3; 
57050 : 3; 
57051 : 3; 
57052 : 3; 
57053 : 3; 
57054 : 3; 
57055 : 2; 
57056 : 2; 
57057 : 2; 
57058 : 2; 
57059 : 2; 
57060 : 2; 
57061 : 2; 
57062 : 2; 
57063 : 2; 
57064 : 2; 
57065 : 2; 
57066 : 2; 
57067 : 2; 
57068 : 2; 
57069 : 2; 
57070 : 2; 
57071 : 2; 
57072 : 2; 
57073 : 2; 
57074 : 2; 
57075 : 2; 
57076 : 2; 
57077 : 2; 
57078 : 2; 
57079 : 2; 
57080 : 2; 
57081 : 2; 
57082 : 2; 
57083 : 2; 
57084 : 2; 
57085 : 2; 
57086 : 2; 
57087 : 2; 
57088 : 1; 
57089 : 1; 
57090 : 1; 
57091 : 1; 
57092 : 1; 
57093 : 1; 
57094 : 1; 
57095 : 1; 
57096 : 1; 
57097 : 1; 
57098 : 1; 
57099 : 1; 
57100 : 1; 
57101 : 1; 
57102 : 1; 
57103 : 1; 
57104 : 1; 
57105 : 1; 
57106 : 1; 
57107 : 1; 
57108 : 1; 
57109 : 1; 
57110 : 1; 
57111 : 1; 
57112 : 1; 
57113 : 1; 
57114 : 1; 
57115 : 1; 
57116 : 1; 
57117 : 1; 
57118 : 1; 
57119 : 1; 
57120 : 1; 
57121 : 1; 
57122 : 0; 
57123 : 0; 
57124 : 0; 
57125 : 0; 
57126 : 0; 
57127 : 0; 
57128 : 0; 
57129 : 0; 
57130 : 0; 
57131 : 0; 
57132 : 0; 
57133 : 0; 
57134 : 0; 
57135 : 0; 
57136 : 0; 
57137 : 0; 
57138 : 0; 
57139 : 0; 
57140 : 0; 
57141 : 0; 
57142 : 0; 
57143 : 0; 
57144 : 0; 
57145 : 0; 
57146 : 0; 
57147 : 0; 
57148 : 0; 
57149 : 0; 
57150 : 0; 
57151 : 0; 
57152 : 0; 
57153 : 0; 
57154 : 0; 
57155 : 0; 
57156 : 0; 
57157 : 0; 
57158 : 0; 
57159 : 0; 
57160 : 0; 
57161 : 0; 
57162 : 0; 
57163 : 0; 
57164 : 0; 
57165 : 0; 
57166 : 0; 
57167 : 0; 
57168 : 0; 
57169 : 0; 
57170 : 0; 
57171 : 0; 
57172 : 0; 
57173 : 0; 
57174 : 0; 
57175 : 0; 
57176 : 0; 
57177 : 0; 
57178 : 0; 
57179 : 0; 
57180 : 0; 
57181 : 0; 
57182 : 0; 
57183 : 0; 
57184 : 0; 
57185 : 0; 
57186 : 0; 
57187 : 0; 
57188 : 0; 
57189 : 0; 
57190 : 0; 
57191 : 0; 
57192 : 0; 
57193 : 0; 
57194 : 0; 
57195 : 0; 
57196 : 0; 
57197 : 0; 
57198 : 0; 
57199 : 0; 
57200 : 0; 
57201 : 0; 
57202 : 0; 
57203 : 0; 
57204 : 0; 
57205 : 0; 
57206 : 0; 
57207 : 0; 
57208 : 0; 
57209 : 0; 
57210 : 0; 
57211 : 0; 
57212 : 0; 
57213 : 0; 
57214 : 0; 
57215 : 0; 
57216 : 2; 
57217 : 3; 
57218 : 3; 
57219 : 3; 
57220 : 3; 
57221 : 3; 
57222 : 3; 
57223 : 3; 
57224 : 3; 
57225 : 3; 
57226 : 3; 
57227 : 3; 
57228 : 3; 
57229 : 3; 
57230 : 3; 
57231 : 3; 
57232 : 3; 
57233 : 3; 
57234 : 3; 
57235 : 3; 
57236 : 3; 
57237 : 3; 
57238 : 3; 
57239 : 3; 
57240 : 3; 
57241 : 3; 
57242 : 3; 
57243 : 3; 
57244 : 3; 
57245 : 3; 
57246 : 3; 
57247 : 3; 
57248 : 3; 
57249 : 3; 
57250 : 3; 
57251 : 3; 
57252 : 3; 
57253 : 3; 
57254 : 3; 
57255 : 3; 
57256 : 3; 
57257 : 3; 
57258 : 3; 
57259 : 3; 
57260 : 3; 
57261 : 3; 
57262 : 3; 
57263 : 3; 
57264 : 3; 
57265 : 3; 
57266 : 3; 
57267 : 3; 
57268 : 3; 
57269 : 3; 
57270 : 3; 
57271 : 3; 
57272 : 3; 
57273 : 3; 
57274 : 3; 
57275 : 3; 
57276 : 3; 
57277 : 3; 
57278 : 3; 
57279 : 3; 
57280 : 3; 
57281 : 3; 
57282 : 3; 
57283 : 3; 
57284 : 3; 
57285 : 3; 
57286 : 3; 
57287 : 3; 
57288 : 3; 
57289 : 3; 
57290 : 3; 
57291 : 3; 
57292 : 3; 
57293 : 3; 
57294 : 3; 
57295 : 3; 
57296 : 3; 
57297 : 3; 
57298 : 3; 
57299 : 3; 
57300 : 3; 
57301 : 3; 
57302 : 3; 
57303 : 3; 
57304 : 3; 
57305 : 3; 
57306 : 3; 
57307 : 3; 
57308 : 3; 
57309 : 3; 
57310 : 3; 
57311 : 3; 
57312 : 2; 
57313 : 2; 
57314 : 2; 
57315 : 2; 
57316 : 2; 
57317 : 2; 
57318 : 2; 
57319 : 2; 
57320 : 2; 
57321 : 2; 
57322 : 2; 
57323 : 2; 
57324 : 2; 
57325 : 2; 
57326 : 2; 
57327 : 2; 
57328 : 2; 
57329 : 2; 
57330 : 2; 
57331 : 2; 
57332 : 2; 
57333 : 2; 
57334 : 2; 
57335 : 2; 
57336 : 2; 
57337 : 2; 
57338 : 2; 
57339 : 2; 
57340 : 2; 
57341 : 2; 
57342 : 2; 
57343 : 2; 
57344 : 1; 
57345 : 1; 
57346 : 1; 
57347 : 1; 
57348 : 1; 
57349 : 1; 
57350 : 1; 
57351 : 1; 
57352 : 1; 
57353 : 1; 
57354 : 1; 
57355 : 1; 
57356 : 1; 
57357 : 1; 
57358 : 1; 
57359 : 1; 
57360 : 1; 
57361 : 1; 
57362 : 1; 
57363 : 1; 
57364 : 1; 
57365 : 1; 
57366 : 1; 
57367 : 1; 
57368 : 1; 
57369 : 1; 
57370 : 1; 
57371 : 1; 
57372 : 1; 
57373 : 1; 
57374 : 1; 
57375 : 1; 
57376 : 1; 
57377 : 0; 
57378 : 0; 
57379 : 0; 
57380 : 0; 
57381 : 0; 
57382 : 0; 
57383 : 0; 
57384 : 0; 
57385 : 0; 
57386 : 0; 
57387 : 0; 
57388 : 0; 
57389 : 0; 
57390 : 0; 
57391 : 0; 
57392 : 0; 
57393 : 0; 
57394 : 0; 
57395 : 0; 
57396 : 0; 
57397 : 0; 
57398 : 0; 
57399 : 0; 
57400 : 0; 
57401 : 0; 
57402 : 0; 
57403 : 0; 
57404 : 0; 
57405 : 0; 
57406 : 0; 
57407 : 0; 
57408 : 0; 
57409 : 0; 
57410 : 0; 
57411 : 0; 
57412 : 0; 
57413 : 0; 
57414 : 0; 
57415 : 0; 
57416 : 0; 
57417 : 0; 
57418 : 0; 
57419 : 0; 
57420 : 0; 
57421 : 0; 
57422 : 0; 
57423 : 0; 
57424 : 0; 
57425 : 0; 
57426 : 0; 
57427 : 0; 
57428 : 0; 
57429 : 0; 
57430 : 0; 
57431 : 0; 
57432 : 0; 
57433 : 0; 
57434 : 0; 
57435 : 0; 
57436 : 0; 
57437 : 0; 
57438 : 0; 
57439 : 0; 
57440 : 0; 
57441 : 0; 
57442 : 0; 
57443 : 0; 
57444 : 0; 
57445 : 0; 
57446 : 0; 
57447 : 0; 
57448 : 0; 
57449 : 0; 
57450 : 0; 
57451 : 0; 
57452 : 0; 
57453 : 0; 
57454 : 0; 
57455 : 0; 
57456 : 0; 
57457 : 0; 
57458 : 0; 
57459 : 0; 
57460 : 0; 
57461 : 0; 
57462 : 0; 
57463 : 0; 
57464 : 0; 
57465 : 0; 
57466 : 0; 
57467 : 0; 
57468 : 0; 
57469 : 0; 
57470 : 0; 
57471 : 0; 
57472 : 2; 
57473 : 3; 
57474 : 3; 
57475 : 3; 
57476 : 3; 
57477 : 3; 
57478 : 3; 
57479 : 3; 
57480 : 3; 
57481 : 3; 
57482 : 3; 
57483 : 3; 
57484 : 3; 
57485 : 3; 
57486 : 3; 
57487 : 3; 
57488 : 3; 
57489 : 3; 
57490 : 3; 
57491 : 3; 
57492 : 3; 
57493 : 3; 
57494 : 3; 
57495 : 3; 
57496 : 3; 
57497 : 3; 
57498 : 3; 
57499 : 3; 
57500 : 3; 
57501 : 3; 
57502 : 3; 
57503 : 3; 
57504 : 3; 
57505 : 3; 
57506 : 3; 
57507 : 3; 
57508 : 3; 
57509 : 3; 
57510 : 3; 
57511 : 3; 
57512 : 3; 
57513 : 3; 
57514 : 3; 
57515 : 3; 
57516 : 3; 
57517 : 3; 
57518 : 3; 
57519 : 3; 
57520 : 3; 
57521 : 3; 
57522 : 3; 
57523 : 3; 
57524 : 3; 
57525 : 3; 
57526 : 3; 
57527 : 3; 
57528 : 3; 
57529 : 3; 
57530 : 3; 
57531 : 3; 
57532 : 3; 
57533 : 3; 
57534 : 3; 
57535 : 3; 
57536 : 3; 
57537 : 3; 
57538 : 3; 
57539 : 3; 
57540 : 3; 
57541 : 3; 
57542 : 3; 
57543 : 3; 
57544 : 3; 
57545 : 3; 
57546 : 3; 
57547 : 3; 
57548 : 3; 
57549 : 3; 
57550 : 3; 
57551 : 3; 
57552 : 3; 
57553 : 3; 
57554 : 3; 
57555 : 3; 
57556 : 3; 
57557 : 3; 
57558 : 3; 
57559 : 3; 
57560 : 3; 
57561 : 3; 
57562 : 3; 
57563 : 3; 
57564 : 3; 
57565 : 3; 
57566 : 3; 
57567 : 3; 
57568 : 3; 
57569 : 2; 
57570 : 2; 
57571 : 2; 
57572 : 2; 
57573 : 2; 
57574 : 2; 
57575 : 2; 
57576 : 2; 
57577 : 2; 
57578 : 2; 
57579 : 2; 
57580 : 2; 
57581 : 2; 
57582 : 2; 
57583 : 2; 
57584 : 2; 
57585 : 2; 
57586 : 2; 
57587 : 2; 
57588 : 2; 
57589 : 2; 
57590 : 2; 
57591 : 2; 
57592 : 2; 
57593 : 2; 
57594 : 2; 
57595 : 2; 
57596 : 2; 
57597 : 2; 
57598 : 2; 
57599 : 2; 
57600 : 1; 
57601 : 1; 
57602 : 1; 
57603 : 1; 
57604 : 1; 
57605 : 1; 
57606 : 1; 
57607 : 1; 
57608 : 1; 
57609 : 1; 
57610 : 1; 
57611 : 1; 
57612 : 1; 
57613 : 1; 
57614 : 1; 
57615 : 1; 
57616 : 1; 
57617 : 1; 
57618 : 1; 
57619 : 1; 
57620 : 1; 
57621 : 1; 
57622 : 1; 
57623 : 1; 
57624 : 1; 
57625 : 1; 
57626 : 1; 
57627 : 1; 
57628 : 1; 
57629 : 1; 
57630 : 1; 
57631 : 1; 
57632 : 0; 
57633 : 0; 
57634 : 0; 
57635 : 0; 
57636 : 0; 
57637 : 0; 
57638 : 0; 
57639 : 0; 
57640 : 0; 
57641 : 0; 
57642 : 0; 
57643 : 0; 
57644 : 0; 
57645 : 0; 
57646 : 0; 
57647 : 0; 
57648 : 0; 
57649 : 0; 
57650 : 0; 
57651 : 0; 
57652 : 0; 
57653 : 0; 
57654 : 0; 
57655 : 0; 
57656 : 0; 
57657 : 0; 
57658 : 0; 
57659 : 0; 
57660 : 0; 
57661 : 0; 
57662 : 0; 
57663 : 0; 
57664 : 0; 
57665 : 0; 
57666 : 0; 
57667 : 0; 
57668 : 0; 
57669 : 0; 
57670 : 0; 
57671 : 0; 
57672 : 0; 
57673 : 0; 
57674 : 0; 
57675 : 0; 
57676 : 0; 
57677 : 0; 
57678 : 0; 
57679 : 0; 
57680 : 0; 
57681 : 0; 
57682 : 0; 
57683 : 0; 
57684 : 0; 
57685 : 0; 
57686 : 0; 
57687 : 0; 
57688 : 0; 
57689 : 0; 
57690 : 0; 
57691 : 0; 
57692 : 0; 
57693 : 0; 
57694 : 0; 
57695 : 0; 
57696 : 0; 
57697 : 0; 
57698 : 0; 
57699 : 0; 
57700 : 0; 
57701 : 0; 
57702 : 0; 
57703 : 0; 
57704 : 0; 
57705 : 0; 
57706 : 0; 
57707 : 0; 
57708 : 0; 
57709 : 0; 
57710 : 0; 
57711 : 0; 
57712 : 0; 
57713 : 0; 
57714 : 0; 
57715 : 0; 
57716 : 0; 
57717 : 0; 
57718 : 0; 
57719 : 0; 
57720 : 0; 
57721 : 0; 
57722 : 0; 
57723 : 0; 
57724 : 0; 
57725 : 0; 
57726 : 0; 
57727 : 0; 
57728 : 2; 
57729 : 3; 
57730 : 3; 
57731 : 3; 
57732 : 3; 
57733 : 3; 
57734 : 3; 
57735 : 3; 
57736 : 3; 
57737 : 3; 
57738 : 3; 
57739 : 3; 
57740 : 3; 
57741 : 3; 
57742 : 3; 
57743 : 3; 
57744 : 3; 
57745 : 3; 
57746 : 3; 
57747 : 3; 
57748 : 3; 
57749 : 3; 
57750 : 3; 
57751 : 3; 
57752 : 3; 
57753 : 3; 
57754 : 3; 
57755 : 3; 
57756 : 3; 
57757 : 3; 
57758 : 3; 
57759 : 3; 
57760 : 3; 
57761 : 3; 
57762 : 3; 
57763 : 3; 
57764 : 3; 
57765 : 3; 
57766 : 3; 
57767 : 3; 
57768 : 3; 
57769 : 3; 
57770 : 3; 
57771 : 3; 
57772 : 3; 
57773 : 3; 
57774 : 3; 
57775 : 3; 
57776 : 3; 
57777 : 3; 
57778 : 3; 
57779 : 3; 
57780 : 3; 
57781 : 3; 
57782 : 3; 
57783 : 3; 
57784 : 3; 
57785 : 3; 
57786 : 3; 
57787 : 3; 
57788 : 3; 
57789 : 3; 
57790 : 3; 
57791 : 3; 
57792 : 3; 
57793 : 3; 
57794 : 3; 
57795 : 3; 
57796 : 3; 
57797 : 3; 
57798 : 3; 
57799 : 3; 
57800 : 3; 
57801 : 3; 
57802 : 3; 
57803 : 3; 
57804 : 3; 
57805 : 3; 
57806 : 3; 
57807 : 3; 
57808 : 3; 
57809 : 3; 
57810 : 3; 
57811 : 3; 
57812 : 3; 
57813 : 3; 
57814 : 3; 
57815 : 3; 
57816 : 3; 
57817 : 3; 
57818 : 3; 
57819 : 3; 
57820 : 3; 
57821 : 3; 
57822 : 3; 
57823 : 3; 
57824 : 3; 
57825 : 3; 
57826 : 2; 
57827 : 2; 
57828 : 2; 
57829 : 2; 
57830 : 2; 
57831 : 2; 
57832 : 2; 
57833 : 2; 
57834 : 2; 
57835 : 2; 
57836 : 2; 
57837 : 2; 
57838 : 2; 
57839 : 2; 
57840 : 2; 
57841 : 2; 
57842 : 2; 
57843 : 2; 
57844 : 2; 
57845 : 2; 
57846 : 2; 
57847 : 2; 
57848 : 2; 
57849 : 2; 
57850 : 2; 
57851 : 2; 
57852 : 2; 
57853 : 2; 
57854 : 2; 
57855 : 2; 
57856 : 1; 
57857 : 1; 
57858 : 1; 
57859 : 1; 
57860 : 1; 
57861 : 1; 
57862 : 1; 
57863 : 1; 
57864 : 1; 
57865 : 1; 
57866 : 1; 
57867 : 1; 
57868 : 1; 
57869 : 1; 
57870 : 1; 
57871 : 1; 
57872 : 1; 
57873 : 1; 
57874 : 1; 
57875 : 1; 
57876 : 1; 
57877 : 1; 
57878 : 1; 
57879 : 1; 
57880 : 1; 
57881 : 1; 
57882 : 1; 
57883 : 1; 
57884 : 1; 
57885 : 1; 
57886 : 1; 
57887 : 0; 
57888 : 0; 
57889 : 0; 
57890 : 0; 
57891 : 0; 
57892 : 0; 
57893 : 0; 
57894 : 0; 
57895 : 0; 
57896 : 0; 
57897 : 0; 
57898 : 0; 
57899 : 0; 
57900 : 0; 
57901 : 0; 
57902 : 0; 
57903 : 0; 
57904 : 0; 
57905 : 0; 
57906 : 0; 
57907 : 0; 
57908 : 0; 
57909 : 0; 
57910 : 0; 
57911 : 0; 
57912 : 0; 
57913 : 0; 
57914 : 0; 
57915 : 0; 
57916 : 0; 
57917 : 0; 
57918 : 0; 
57919 : 0; 
57920 : 0; 
57921 : 0; 
57922 : 0; 
57923 : 0; 
57924 : 0; 
57925 : 0; 
57926 : 0; 
57927 : 0; 
57928 : 0; 
57929 : 0; 
57930 : 0; 
57931 : 0; 
57932 : 0; 
57933 : 0; 
57934 : 0; 
57935 : 0; 
57936 : 0; 
57937 : 0; 
57938 : 0; 
57939 : 0; 
57940 : 0; 
57941 : 0; 
57942 : 0; 
57943 : 0; 
57944 : 0; 
57945 : 0; 
57946 : 0; 
57947 : 0; 
57948 : 0; 
57949 : 0; 
57950 : 0; 
57951 : 0; 
57952 : 0; 
57953 : 0; 
57954 : 0; 
57955 : 0; 
57956 : 0; 
57957 : 0; 
57958 : 0; 
57959 : 0; 
57960 : 0; 
57961 : 0; 
57962 : 0; 
57963 : 0; 
57964 : 0; 
57965 : 0; 
57966 : 0; 
57967 : 0; 
57968 : 0; 
57969 : 0; 
57970 : 0; 
57971 : 0; 
57972 : 0; 
57973 : 0; 
57974 : 0; 
57975 : 0; 
57976 : 0; 
57977 : 0; 
57978 : 0; 
57979 : 0; 
57980 : 0; 
57981 : 0; 
57982 : 0; 
57983 : 0; 
57984 : 2; 
57985 : 3; 
57986 : 3; 
57987 : 3; 
57988 : 3; 
57989 : 3; 
57990 : 3; 
57991 : 3; 
57992 : 3; 
57993 : 3; 
57994 : 3; 
57995 : 3; 
57996 : 3; 
57997 : 3; 
57998 : 3; 
57999 : 3; 
58000 : 3; 
58001 : 3; 
58002 : 3; 
58003 : 3; 
58004 : 3; 
58005 : 3; 
58006 : 3; 
58007 : 3; 
58008 : 3; 
58009 : 3; 
58010 : 3; 
58011 : 3; 
58012 : 3; 
58013 : 3; 
58014 : 3; 
58015 : 3; 
58016 : 3; 
58017 : 3; 
58018 : 3; 
58019 : 3; 
58020 : 3; 
58021 : 3; 
58022 : 3; 
58023 : 3; 
58024 : 3; 
58025 : 3; 
58026 : 3; 
58027 : 3; 
58028 : 3; 
58029 : 3; 
58030 : 3; 
58031 : 3; 
58032 : 3; 
58033 : 3; 
58034 : 3; 
58035 : 3; 
58036 : 3; 
58037 : 3; 
58038 : 3; 
58039 : 3; 
58040 : 3; 
58041 : 3; 
58042 : 3; 
58043 : 3; 
58044 : 3; 
58045 : 3; 
58046 : 3; 
58047 : 3; 
58048 : 3; 
58049 : 3; 
58050 : 3; 
58051 : 3; 
58052 : 3; 
58053 : 3; 
58054 : 3; 
58055 : 3; 
58056 : 3; 
58057 : 3; 
58058 : 3; 
58059 : 3; 
58060 : 3; 
58061 : 3; 
58062 : 3; 
58063 : 3; 
58064 : 3; 
58065 : 3; 
58066 : 3; 
58067 : 3; 
58068 : 3; 
58069 : 3; 
58070 : 3; 
58071 : 3; 
58072 : 3; 
58073 : 3; 
58074 : 3; 
58075 : 3; 
58076 : 3; 
58077 : 3; 
58078 : 3; 
58079 : 3; 
58080 : 3; 
58081 : 3; 
58082 : 3; 
58083 : 2; 
58084 : 2; 
58085 : 2; 
58086 : 2; 
58087 : 2; 
58088 : 2; 
58089 : 2; 
58090 : 2; 
58091 : 2; 
58092 : 2; 
58093 : 2; 
58094 : 2; 
58095 : 2; 
58096 : 2; 
58097 : 2; 
58098 : 2; 
58099 : 2; 
58100 : 2; 
58101 : 2; 
58102 : 2; 
58103 : 2; 
58104 : 2; 
58105 : 2; 
58106 : 2; 
58107 : 2; 
58108 : 2; 
58109 : 2; 
58110 : 2; 
58111 : 2; 
58112 : 1; 
58113 : 1; 
58114 : 1; 
58115 : 1; 
58116 : 1; 
58117 : 1; 
58118 : 1; 
58119 : 1; 
58120 : 1; 
58121 : 1; 
58122 : 1; 
58123 : 1; 
58124 : 1; 
58125 : 1; 
58126 : 1; 
58127 : 1; 
58128 : 1; 
58129 : 1; 
58130 : 1; 
58131 : 1; 
58132 : 1; 
58133 : 1; 
58134 : 1; 
58135 : 1; 
58136 : 1; 
58137 : 1; 
58138 : 1; 
58139 : 1; 
58140 : 1; 
58141 : 1; 
58142 : 0; 
58143 : 0; 
58144 : 0; 
58145 : 0; 
58146 : 0; 
58147 : 0; 
58148 : 0; 
58149 : 0; 
58150 : 0; 
58151 : 0; 
58152 : 0; 
58153 : 0; 
58154 : 0; 
58155 : 0; 
58156 : 0; 
58157 : 0; 
58158 : 0; 
58159 : 0; 
58160 : 0; 
58161 : 0; 
58162 : 0; 
58163 : 0; 
58164 : 0; 
58165 : 0; 
58166 : 0; 
58167 : 0; 
58168 : 0; 
58169 : 0; 
58170 : 0; 
58171 : 0; 
58172 : 0; 
58173 : 0; 
58174 : 0; 
58175 : 0; 
58176 : 0; 
58177 : 0; 
58178 : 0; 
58179 : 0; 
58180 : 0; 
58181 : 0; 
58182 : 0; 
58183 : 0; 
58184 : 0; 
58185 : 0; 
58186 : 0; 
58187 : 0; 
58188 : 0; 
58189 : 0; 
58190 : 0; 
58191 : 0; 
58192 : 0; 
58193 : 0; 
58194 : 0; 
58195 : 0; 
58196 : 0; 
58197 : 0; 
58198 : 0; 
58199 : 0; 
58200 : 0; 
58201 : 0; 
58202 : 0; 
58203 : 0; 
58204 : 0; 
58205 : 0; 
58206 : 0; 
58207 : 0; 
58208 : 0; 
58209 : 0; 
58210 : 0; 
58211 : 0; 
58212 : 0; 
58213 : 0; 
58214 : 0; 
58215 : 0; 
58216 : 0; 
58217 : 0; 
58218 : 0; 
58219 : 0; 
58220 : 0; 
58221 : 0; 
58222 : 0; 
58223 : 0; 
58224 : 0; 
58225 : 0; 
58226 : 0; 
58227 : 0; 
58228 : 0; 
58229 : 0; 
58230 : 0; 
58231 : 0; 
58232 : 0; 
58233 : 0; 
58234 : 0; 
58235 : 0; 
58236 : 0; 
58237 : 0; 
58238 : 0; 
58239 : 0; 
58240 : 2; 
58241 : 3; 
58242 : 3; 
58243 : 3; 
58244 : 3; 
58245 : 3; 
58246 : 3; 
58247 : 3; 
58248 : 3; 
58249 : 3; 
58250 : 3; 
58251 : 3; 
58252 : 3; 
58253 : 3; 
58254 : 3; 
58255 : 3; 
58256 : 3; 
58257 : 3; 
58258 : 3; 
58259 : 3; 
58260 : 3; 
58261 : 3; 
58262 : 3; 
58263 : 3; 
58264 : 3; 
58265 : 3; 
58266 : 3; 
58267 : 3; 
58268 : 3; 
58269 : 3; 
58270 : 3; 
58271 : 3; 
58272 : 3; 
58273 : 3; 
58274 : 3; 
58275 : 3; 
58276 : 3; 
58277 : 3; 
58278 : 3; 
58279 : 3; 
58280 : 3; 
58281 : 3; 
58282 : 3; 
58283 : 3; 
58284 : 3; 
58285 : 3; 
58286 : 3; 
58287 : 3; 
58288 : 3; 
58289 : 3; 
58290 : 3; 
58291 : 3; 
58292 : 3; 
58293 : 3; 
58294 : 3; 
58295 : 3; 
58296 : 3; 
58297 : 3; 
58298 : 3; 
58299 : 3; 
58300 : 3; 
58301 : 3; 
58302 : 3; 
58303 : 3; 
58304 : 3; 
58305 : 3; 
58306 : 3; 
58307 : 3; 
58308 : 3; 
58309 : 3; 
58310 : 3; 
58311 : 3; 
58312 : 3; 
58313 : 3; 
58314 : 3; 
58315 : 3; 
58316 : 3; 
58317 : 3; 
58318 : 3; 
58319 : 3; 
58320 : 3; 
58321 : 3; 
58322 : 3; 
58323 : 3; 
58324 : 3; 
58325 : 3; 
58326 : 3; 
58327 : 3; 
58328 : 3; 
58329 : 3; 
58330 : 3; 
58331 : 3; 
58332 : 3; 
58333 : 3; 
58334 : 3; 
58335 : 3; 
58336 : 3; 
58337 : 3; 
58338 : 3; 
58339 : 3; 
58340 : 2; 
58341 : 2; 
58342 : 2; 
58343 : 2; 
58344 : 2; 
58345 : 2; 
58346 : 2; 
58347 : 2; 
58348 : 2; 
58349 : 2; 
58350 : 2; 
58351 : 2; 
58352 : 2; 
58353 : 2; 
58354 : 2; 
58355 : 2; 
58356 : 2; 
58357 : 2; 
58358 : 2; 
58359 : 2; 
58360 : 2; 
58361 : 2; 
58362 : 2; 
58363 : 2; 
58364 : 2; 
58365 : 2; 
58366 : 2; 
58367 : 2; 
58368 : 1; 
58369 : 1; 
58370 : 1; 
58371 : 1; 
58372 : 1; 
58373 : 1; 
58374 : 1; 
58375 : 1; 
58376 : 1; 
58377 : 1; 
58378 : 1; 
58379 : 1; 
58380 : 1; 
58381 : 1; 
58382 : 1; 
58383 : 1; 
58384 : 1; 
58385 : 1; 
58386 : 1; 
58387 : 1; 
58388 : 1; 
58389 : 1; 
58390 : 1; 
58391 : 1; 
58392 : 1; 
58393 : 1; 
58394 : 1; 
58395 : 1; 
58396 : 1; 
58397 : 0; 
58398 : 0; 
58399 : 0; 
58400 : 0; 
58401 : 0; 
58402 : 0; 
58403 : 0; 
58404 : 0; 
58405 : 0; 
58406 : 0; 
58407 : 0; 
58408 : 0; 
58409 : 0; 
58410 : 0; 
58411 : 0; 
58412 : 0; 
58413 : 0; 
58414 : 0; 
58415 : 0; 
58416 : 0; 
58417 : 0; 
58418 : 0; 
58419 : 0; 
58420 : 0; 
58421 : 0; 
58422 : 0; 
58423 : 0; 
58424 : 0; 
58425 : 0; 
58426 : 0; 
58427 : 0; 
58428 : 0; 
58429 : 0; 
58430 : 0; 
58431 : 0; 
58432 : 0; 
58433 : 0; 
58434 : 0; 
58435 : 0; 
58436 : 0; 
58437 : 0; 
58438 : 0; 
58439 : 0; 
58440 : 0; 
58441 : 0; 
58442 : 0; 
58443 : 0; 
58444 : 0; 
58445 : 0; 
58446 : 0; 
58447 : 0; 
58448 : 0; 
58449 : 0; 
58450 : 0; 
58451 : 0; 
58452 : 0; 
58453 : 0; 
58454 : 0; 
58455 : 0; 
58456 : 0; 
58457 : 0; 
58458 : 0; 
58459 : 0; 
58460 : 0; 
58461 : 0; 
58462 : 0; 
58463 : 0; 
58464 : 0; 
58465 : 0; 
58466 : 0; 
58467 : 0; 
58468 : 0; 
58469 : 0; 
58470 : 0; 
58471 : 0; 
58472 : 0; 
58473 : 0; 
58474 : 0; 
58475 : 0; 
58476 : 0; 
58477 : 0; 
58478 : 0; 
58479 : 0; 
58480 : 0; 
58481 : 0; 
58482 : 0; 
58483 : 0; 
58484 : 0; 
58485 : 0; 
58486 : 0; 
58487 : 0; 
58488 : 0; 
58489 : 0; 
58490 : 0; 
58491 : 0; 
58492 : 0; 
58493 : 0; 
58494 : 0; 
58495 : 0; 
58496 : 2; 
58497 : 3; 
58498 : 3; 
58499 : 3; 
58500 : 3; 
58501 : 3; 
58502 : 3; 
58503 : 3; 
58504 : 3; 
58505 : 3; 
58506 : 3; 
58507 : 3; 
58508 : 3; 
58509 : 3; 
58510 : 3; 
58511 : 3; 
58512 : 3; 
58513 : 3; 
58514 : 3; 
58515 : 3; 
58516 : 3; 
58517 : 3; 
58518 : 3; 
58519 : 3; 
58520 : 3; 
58521 : 3; 
58522 : 3; 
58523 : 3; 
58524 : 3; 
58525 : 3; 
58526 : 3; 
58527 : 3; 
58528 : 3; 
58529 : 3; 
58530 : 3; 
58531 : 3; 
58532 : 3; 
58533 : 3; 
58534 : 3; 
58535 : 3; 
58536 : 3; 
58537 : 3; 
58538 : 3; 
58539 : 3; 
58540 : 3; 
58541 : 3; 
58542 : 3; 
58543 : 3; 
58544 : 3; 
58545 : 3; 
58546 : 3; 
58547 : 3; 
58548 : 3; 
58549 : 3; 
58550 : 3; 
58551 : 3; 
58552 : 3; 
58553 : 3; 
58554 : 3; 
58555 : 3; 
58556 : 3; 
58557 : 3; 
58558 : 3; 
58559 : 3; 
58560 : 3; 
58561 : 3; 
58562 : 3; 
58563 : 3; 
58564 : 3; 
58565 : 3; 
58566 : 3; 
58567 : 3; 
58568 : 3; 
58569 : 3; 
58570 : 3; 
58571 : 3; 
58572 : 3; 
58573 : 3; 
58574 : 3; 
58575 : 3; 
58576 : 3; 
58577 : 3; 
58578 : 3; 
58579 : 3; 
58580 : 3; 
58581 : 3; 
58582 : 3; 
58583 : 3; 
58584 : 3; 
58585 : 3; 
58586 : 3; 
58587 : 3; 
58588 : 3; 
58589 : 3; 
58590 : 3; 
58591 : 3; 
58592 : 3; 
58593 : 3; 
58594 : 3; 
58595 : 3; 
58596 : 3; 
58597 : 2; 
58598 : 2; 
58599 : 2; 
58600 : 2; 
58601 : 2; 
58602 : 2; 
58603 : 2; 
58604 : 2; 
58605 : 2; 
58606 : 2; 
58607 : 2; 
58608 : 2; 
58609 : 2; 
58610 : 2; 
58611 : 2; 
58612 : 2; 
58613 : 2; 
58614 : 2; 
58615 : 2; 
58616 : 2; 
58617 : 2; 
58618 : 2; 
58619 : 2; 
58620 : 2; 
58621 : 2; 
58622 : 2; 
58623 : 2; 
58624 : 1; 
58625 : 1; 
58626 : 1; 
58627 : 1; 
58628 : 1; 
58629 : 1; 
58630 : 1; 
58631 : 1; 
58632 : 1; 
58633 : 1; 
58634 : 1; 
58635 : 1; 
58636 : 1; 
58637 : 1; 
58638 : 1; 
58639 : 1; 
58640 : 1; 
58641 : 1; 
58642 : 1; 
58643 : 1; 
58644 : 1; 
58645 : 1; 
58646 : 1; 
58647 : 1; 
58648 : 1; 
58649 : 1; 
58650 : 1; 
58651 : 1; 
58652 : 0; 
58653 : 0; 
58654 : 0; 
58655 : 0; 
58656 : 0; 
58657 : 0; 
58658 : 0; 
58659 : 0; 
58660 : 0; 
58661 : 0; 
58662 : 0; 
58663 : 0; 
58664 : 0; 
58665 : 0; 
58666 : 0; 
58667 : 0; 
58668 : 0; 
58669 : 0; 
58670 : 0; 
58671 : 0; 
58672 : 0; 
58673 : 0; 
58674 : 0; 
58675 : 0; 
58676 : 0; 
58677 : 0; 
58678 : 0; 
58679 : 0; 
58680 : 0; 
58681 : 0; 
58682 : 0; 
58683 : 0; 
58684 : 0; 
58685 : 0; 
58686 : 0; 
58687 : 0; 
58688 : 0; 
58689 : 0; 
58690 : 0; 
58691 : 0; 
58692 : 0; 
58693 : 0; 
58694 : 0; 
58695 : 0; 
58696 : 0; 
58697 : 0; 
58698 : 0; 
58699 : 0; 
58700 : 0; 
58701 : 0; 
58702 : 0; 
58703 : 0; 
58704 : 0; 
58705 : 0; 
58706 : 0; 
58707 : 0; 
58708 : 0; 
58709 : 0; 
58710 : 0; 
58711 : 0; 
58712 : 0; 
58713 : 0; 
58714 : 0; 
58715 : 0; 
58716 : 0; 
58717 : 0; 
58718 : 0; 
58719 : 0; 
58720 : 0; 
58721 : 0; 
58722 : 0; 
58723 : 0; 
58724 : 0; 
58725 : 0; 
58726 : 0; 
58727 : 0; 
58728 : 0; 
58729 : 0; 
58730 : 0; 
58731 : 0; 
58732 : 0; 
58733 : 0; 
58734 : 0; 
58735 : 0; 
58736 : 0; 
58737 : 0; 
58738 : 0; 
58739 : 0; 
58740 : 0; 
58741 : 0; 
58742 : 0; 
58743 : 0; 
58744 : 0; 
58745 : 0; 
58746 : 0; 
58747 : 0; 
58748 : 0; 
58749 : 0; 
58750 : 0; 
58751 : 0; 
58752 : 2; 
58753 : 3; 
58754 : 3; 
58755 : 3; 
58756 : 3; 
58757 : 3; 
58758 : 3; 
58759 : 3; 
58760 : 3; 
58761 : 3; 
58762 : 3; 
58763 : 3; 
58764 : 3; 
58765 : 3; 
58766 : 3; 
58767 : 3; 
58768 : 3; 
58769 : 3; 
58770 : 3; 
58771 : 3; 
58772 : 3; 
58773 : 3; 
58774 : 3; 
58775 : 3; 
58776 : 3; 
58777 : 3; 
58778 : 3; 
58779 : 3; 
58780 : 3; 
58781 : 3; 
58782 : 3; 
58783 : 3; 
58784 : 3; 
58785 : 3; 
58786 : 3; 
58787 : 3; 
58788 : 3; 
58789 : 3; 
58790 : 3; 
58791 : 3; 
58792 : 3; 
58793 : 3; 
58794 : 3; 
58795 : 3; 
58796 : 3; 
58797 : 3; 
58798 : 3; 
58799 : 3; 
58800 : 3; 
58801 : 3; 
58802 : 3; 
58803 : 3; 
58804 : 3; 
58805 : 3; 
58806 : 3; 
58807 : 3; 
58808 : 3; 
58809 : 3; 
58810 : 3; 
58811 : 3; 
58812 : 3; 
58813 : 3; 
58814 : 3; 
58815 : 3; 
58816 : 3; 
58817 : 3; 
58818 : 3; 
58819 : 3; 
58820 : 3; 
58821 : 3; 
58822 : 3; 
58823 : 3; 
58824 : 3; 
58825 : 3; 
58826 : 3; 
58827 : 3; 
58828 : 3; 
58829 : 3; 
58830 : 3; 
58831 : 3; 
58832 : 3; 
58833 : 3; 
58834 : 3; 
58835 : 3; 
58836 : 3; 
58837 : 3; 
58838 : 3; 
58839 : 3; 
58840 : 3; 
58841 : 3; 
58842 : 3; 
58843 : 3; 
58844 : 3; 
58845 : 3; 
58846 : 3; 
58847 : 3; 
58848 : 3; 
58849 : 3; 
58850 : 3; 
58851 : 3; 
58852 : 3; 
58853 : 3; 
58854 : 2; 
58855 : 2; 
58856 : 2; 
58857 : 2; 
58858 : 2; 
58859 : 2; 
58860 : 2; 
58861 : 2; 
58862 : 2; 
58863 : 2; 
58864 : 2; 
58865 : 2; 
58866 : 2; 
58867 : 2; 
58868 : 2; 
58869 : 2; 
58870 : 2; 
58871 : 2; 
58872 : 2; 
58873 : 2; 
58874 : 2; 
58875 : 2; 
58876 : 2; 
58877 : 2; 
58878 : 2; 
58879 : 2; 
58880 : 1; 
58881 : 1; 
58882 : 1; 
58883 : 1; 
58884 : 1; 
58885 : 1; 
58886 : 1; 
58887 : 1; 
58888 : 1; 
58889 : 1; 
58890 : 1; 
58891 : 1; 
58892 : 1; 
58893 : 1; 
58894 : 1; 
58895 : 1; 
58896 : 1; 
58897 : 1; 
58898 : 1; 
58899 : 1; 
58900 : 1; 
58901 : 1; 
58902 : 1; 
58903 : 1; 
58904 : 1; 
58905 : 1; 
58906 : 1; 
58907 : 0; 
58908 : 0; 
58909 : 0; 
58910 : 0; 
58911 : 0; 
58912 : 0; 
58913 : 0; 
58914 : 0; 
58915 : 0; 
58916 : 0; 
58917 : 0; 
58918 : 0; 
58919 : 0; 
58920 : 0; 
58921 : 0; 
58922 : 0; 
58923 : 0; 
58924 : 0; 
58925 : 0; 
58926 : 0; 
58927 : 0; 
58928 : 0; 
58929 : 0; 
58930 : 0; 
58931 : 0; 
58932 : 0; 
58933 : 0; 
58934 : 0; 
58935 : 0; 
58936 : 0; 
58937 : 0; 
58938 : 0; 
58939 : 0; 
58940 : 0; 
58941 : 0; 
58942 : 0; 
58943 : 0; 
58944 : 0; 
58945 : 0; 
58946 : 0; 
58947 : 0; 
58948 : 0; 
58949 : 0; 
58950 : 0; 
58951 : 0; 
58952 : 0; 
58953 : 0; 
58954 : 0; 
58955 : 0; 
58956 : 0; 
58957 : 0; 
58958 : 0; 
58959 : 0; 
58960 : 0; 
58961 : 0; 
58962 : 0; 
58963 : 0; 
58964 : 0; 
58965 : 0; 
58966 : 0; 
58967 : 0; 
58968 : 0; 
58969 : 0; 
58970 : 0; 
58971 : 0; 
58972 : 0; 
58973 : 0; 
58974 : 0; 
58975 : 0; 
58976 : 0; 
58977 : 0; 
58978 : 0; 
58979 : 0; 
58980 : 0; 
58981 : 0; 
58982 : 0; 
58983 : 0; 
58984 : 0; 
58985 : 0; 
58986 : 0; 
58987 : 0; 
58988 : 0; 
58989 : 0; 
58990 : 0; 
58991 : 0; 
58992 : 0; 
58993 : 0; 
58994 : 0; 
58995 : 0; 
58996 : 0; 
58997 : 0; 
58998 : 0; 
58999 : 0; 
59000 : 0; 
59001 : 0; 
59002 : 0; 
59003 : 0; 
59004 : 0; 
59005 : 0; 
59006 : 0; 
59007 : 0; 
59008 : 2; 
59009 : 3; 
59010 : 3; 
59011 : 3; 
59012 : 3; 
59013 : 3; 
59014 : 3; 
59015 : 3; 
59016 : 3; 
59017 : 3; 
59018 : 3; 
59019 : 3; 
59020 : 3; 
59021 : 3; 
59022 : 3; 
59023 : 3; 
59024 : 3; 
59025 : 3; 
59026 : 3; 
59027 : 3; 
59028 : 3; 
59029 : 3; 
59030 : 3; 
59031 : 3; 
59032 : 3; 
59033 : 3; 
59034 : 3; 
59035 : 3; 
59036 : 3; 
59037 : 3; 
59038 : 3; 
59039 : 3; 
59040 : 3; 
59041 : 3; 
59042 : 3; 
59043 : 3; 
59044 : 3; 
59045 : 3; 
59046 : 3; 
59047 : 3; 
59048 : 3; 
59049 : 3; 
59050 : 3; 
59051 : 3; 
59052 : 3; 
59053 : 3; 
59054 : 3; 
59055 : 3; 
59056 : 3; 
59057 : 3; 
59058 : 3; 
59059 : 3; 
59060 : 3; 
59061 : 3; 
59062 : 3; 
59063 : 3; 
59064 : 3; 
59065 : 3; 
59066 : 3; 
59067 : 3; 
59068 : 3; 
59069 : 3; 
59070 : 3; 
59071 : 3; 
59072 : 3; 
59073 : 3; 
59074 : 3; 
59075 : 3; 
59076 : 3; 
59077 : 3; 
59078 : 3; 
59079 : 3; 
59080 : 3; 
59081 : 3; 
59082 : 3; 
59083 : 3; 
59084 : 3; 
59085 : 3; 
59086 : 3; 
59087 : 3; 
59088 : 3; 
59089 : 3; 
59090 : 3; 
59091 : 3; 
59092 : 3; 
59093 : 3; 
59094 : 3; 
59095 : 3; 
59096 : 3; 
59097 : 3; 
59098 : 3; 
59099 : 3; 
59100 : 3; 
59101 : 3; 
59102 : 3; 
59103 : 3; 
59104 : 3; 
59105 : 3; 
59106 : 3; 
59107 : 3; 
59108 : 3; 
59109 : 3; 
59110 : 3; 
59111 : 2; 
59112 : 2; 
59113 : 2; 
59114 : 2; 
59115 : 2; 
59116 : 2; 
59117 : 2; 
59118 : 2; 
59119 : 2; 
59120 : 2; 
59121 : 2; 
59122 : 2; 
59123 : 2; 
59124 : 2; 
59125 : 2; 
59126 : 2; 
59127 : 2; 
59128 : 2; 
59129 : 2; 
59130 : 2; 
59131 : 2; 
59132 : 2; 
59133 : 2; 
59134 : 2; 
59135 : 2; 
59136 : 1; 
59137 : 1; 
59138 : 1; 
59139 : 1; 
59140 : 1; 
59141 : 1; 
59142 : 1; 
59143 : 1; 
59144 : 1; 
59145 : 1; 
59146 : 1; 
59147 : 1; 
59148 : 1; 
59149 : 1; 
59150 : 1; 
59151 : 1; 
59152 : 1; 
59153 : 1; 
59154 : 1; 
59155 : 1; 
59156 : 1; 
59157 : 1; 
59158 : 1; 
59159 : 1; 
59160 : 1; 
59161 : 1; 
59162 : 0; 
59163 : 0; 
59164 : 0; 
59165 : 0; 
59166 : 0; 
59167 : 0; 
59168 : 0; 
59169 : 0; 
59170 : 0; 
59171 : 0; 
59172 : 0; 
59173 : 0; 
59174 : 0; 
59175 : 0; 
59176 : 0; 
59177 : 0; 
59178 : 0; 
59179 : 0; 
59180 : 0; 
59181 : 0; 
59182 : 0; 
59183 : 0; 
59184 : 0; 
59185 : 0; 
59186 : 0; 
59187 : 0; 
59188 : 0; 
59189 : 0; 
59190 : 0; 
59191 : 0; 
59192 : 0; 
59193 : 0; 
59194 : 0; 
59195 : 0; 
59196 : 0; 
59197 : 0; 
59198 : 0; 
59199 : 0; 
59200 : 0; 
59201 : 0; 
59202 : 0; 
59203 : 0; 
59204 : 0; 
59205 : 0; 
59206 : 0; 
59207 : 0; 
59208 : 0; 
59209 : 0; 
59210 : 0; 
59211 : 0; 
59212 : 0; 
59213 : 0; 
59214 : 0; 
59215 : 0; 
59216 : 0; 
59217 : 0; 
59218 : 0; 
59219 : 0; 
59220 : 0; 
59221 : 0; 
59222 : 0; 
59223 : 0; 
59224 : 0; 
59225 : 0; 
59226 : 0; 
59227 : 0; 
59228 : 0; 
59229 : 0; 
59230 : 0; 
59231 : 0; 
59232 : 0; 
59233 : 0; 
59234 : 0; 
59235 : 0; 
59236 : 0; 
59237 : 0; 
59238 : 0; 
59239 : 0; 
59240 : 0; 
59241 : 0; 
59242 : 0; 
59243 : 0; 
59244 : 0; 
59245 : 0; 
59246 : 0; 
59247 : 0; 
59248 : 0; 
59249 : 0; 
59250 : 0; 
59251 : 0; 
59252 : 0; 
59253 : 0; 
59254 : 0; 
59255 : 0; 
59256 : 0; 
59257 : 0; 
59258 : 0; 
59259 : 0; 
59260 : 0; 
59261 : 0; 
59262 : 0; 
59263 : 0; 
59264 : 2; 
59265 : 3; 
59266 : 3; 
59267 : 3; 
59268 : 3; 
59269 : 3; 
59270 : 3; 
59271 : 3; 
59272 : 3; 
59273 : 3; 
59274 : 3; 
59275 : 3; 
59276 : 3; 
59277 : 3; 
59278 : 3; 
59279 : 3; 
59280 : 3; 
59281 : 3; 
59282 : 3; 
59283 : 3; 
59284 : 3; 
59285 : 3; 
59286 : 3; 
59287 : 3; 
59288 : 3; 
59289 : 3; 
59290 : 3; 
59291 : 3; 
59292 : 3; 
59293 : 3; 
59294 : 3; 
59295 : 3; 
59296 : 3; 
59297 : 3; 
59298 : 3; 
59299 : 3; 
59300 : 3; 
59301 : 3; 
59302 : 3; 
59303 : 3; 
59304 : 3; 
59305 : 3; 
59306 : 3; 
59307 : 3; 
59308 : 3; 
59309 : 3; 
59310 : 3; 
59311 : 3; 
59312 : 3; 
59313 : 3; 
59314 : 3; 
59315 : 3; 
59316 : 3; 
59317 : 3; 
59318 : 3; 
59319 : 3; 
59320 : 3; 
59321 : 3; 
59322 : 3; 
59323 : 3; 
59324 : 3; 
59325 : 3; 
59326 : 3; 
59327 : 3; 
59328 : 3; 
59329 : 3; 
59330 : 3; 
59331 : 3; 
59332 : 3; 
59333 : 3; 
59334 : 3; 
59335 : 3; 
59336 : 3; 
59337 : 3; 
59338 : 3; 
59339 : 3; 
59340 : 3; 
59341 : 3; 
59342 : 3; 
59343 : 3; 
59344 : 3; 
59345 : 3; 
59346 : 3; 
59347 : 3; 
59348 : 3; 
59349 : 3; 
59350 : 3; 
59351 : 3; 
59352 : 3; 
59353 : 3; 
59354 : 3; 
59355 : 3; 
59356 : 3; 
59357 : 3; 
59358 : 3; 
59359 : 3; 
59360 : 3; 
59361 : 3; 
59362 : 3; 
59363 : 3; 
59364 : 3; 
59365 : 3; 
59366 : 3; 
59367 : 3; 
59368 : 2; 
59369 : 2; 
59370 : 2; 
59371 : 2; 
59372 : 2; 
59373 : 2; 
59374 : 2; 
59375 : 2; 
59376 : 2; 
59377 : 2; 
59378 : 2; 
59379 : 2; 
59380 : 2; 
59381 : 2; 
59382 : 2; 
59383 : 2; 
59384 : 2; 
59385 : 2; 
59386 : 2; 
59387 : 2; 
59388 : 2; 
59389 : 2; 
59390 : 2; 
59391 : 2; 
59392 : 1; 
59393 : 1; 
59394 : 1; 
59395 : 1; 
59396 : 1; 
59397 : 1; 
59398 : 1; 
59399 : 1; 
59400 : 1; 
59401 : 1; 
59402 : 1; 
59403 : 1; 
59404 : 1; 
59405 : 1; 
59406 : 1; 
59407 : 1; 
59408 : 1; 
59409 : 1; 
59410 : 1; 
59411 : 1; 
59412 : 1; 
59413 : 1; 
59414 : 1; 
59415 : 1; 
59416 : 1; 
59417 : 0; 
59418 : 0; 
59419 : 0; 
59420 : 0; 
59421 : 0; 
59422 : 0; 
59423 : 0; 
59424 : 0; 
59425 : 0; 
59426 : 0; 
59427 : 0; 
59428 : 0; 
59429 : 0; 
59430 : 0; 
59431 : 0; 
59432 : 0; 
59433 : 0; 
59434 : 0; 
59435 : 0; 
59436 : 0; 
59437 : 0; 
59438 : 0; 
59439 : 0; 
59440 : 0; 
59441 : 0; 
59442 : 0; 
59443 : 0; 
59444 : 0; 
59445 : 0; 
59446 : 0; 
59447 : 0; 
59448 : 0; 
59449 : 0; 
59450 : 0; 
59451 : 0; 
59452 : 0; 
59453 : 0; 
59454 : 0; 
59455 : 0; 
59456 : 0; 
59457 : 0; 
59458 : 0; 
59459 : 0; 
59460 : 0; 
59461 : 0; 
59462 : 0; 
59463 : 0; 
59464 : 0; 
59465 : 0; 
59466 : 0; 
59467 : 0; 
59468 : 0; 
59469 : 0; 
59470 : 0; 
59471 : 0; 
59472 : 0; 
59473 : 0; 
59474 : 0; 
59475 : 0; 
59476 : 0; 
59477 : 0; 
59478 : 0; 
59479 : 0; 
59480 : 0; 
59481 : 0; 
59482 : 0; 
59483 : 0; 
59484 : 0; 
59485 : 0; 
59486 : 0; 
59487 : 0; 
59488 : 0; 
59489 : 0; 
59490 : 0; 
59491 : 0; 
59492 : 0; 
59493 : 0; 
59494 : 0; 
59495 : 0; 
59496 : 0; 
59497 : 0; 
59498 : 0; 
59499 : 0; 
59500 : 0; 
59501 : 0; 
59502 : 0; 
59503 : 0; 
59504 : 0; 
59505 : 0; 
59506 : 0; 
59507 : 0; 
59508 : 0; 
59509 : 0; 
59510 : 0; 
59511 : 0; 
59512 : 0; 
59513 : 0; 
59514 : 0; 
59515 : 0; 
59516 : 0; 
59517 : 0; 
59518 : 0; 
59519 : 0; 
59520 : 2; 
59521 : 3; 
59522 : 3; 
59523 : 3; 
59524 : 3; 
59525 : 3; 
59526 : 3; 
59527 : 3; 
59528 : 3; 
59529 : 3; 
59530 : 3; 
59531 : 3; 
59532 : 3; 
59533 : 3; 
59534 : 3; 
59535 : 3; 
59536 : 3; 
59537 : 3; 
59538 : 3; 
59539 : 3; 
59540 : 3; 
59541 : 3; 
59542 : 3; 
59543 : 3; 
59544 : 3; 
59545 : 3; 
59546 : 3; 
59547 : 3; 
59548 : 3; 
59549 : 3; 
59550 : 3; 
59551 : 3; 
59552 : 3; 
59553 : 3; 
59554 : 3; 
59555 : 3; 
59556 : 3; 
59557 : 3; 
59558 : 3; 
59559 : 3; 
59560 : 3; 
59561 : 3; 
59562 : 3; 
59563 : 3; 
59564 : 3; 
59565 : 3; 
59566 : 3; 
59567 : 3; 
59568 : 3; 
59569 : 3; 
59570 : 3; 
59571 : 3; 
59572 : 3; 
59573 : 3; 
59574 : 3; 
59575 : 3; 
59576 : 3; 
59577 : 3; 
59578 : 3; 
59579 : 3; 
59580 : 3; 
59581 : 3; 
59582 : 3; 
59583 : 3; 
59584 : 3; 
59585 : 3; 
59586 : 3; 
59587 : 3; 
59588 : 3; 
59589 : 3; 
59590 : 3; 
59591 : 3; 
59592 : 3; 
59593 : 3; 
59594 : 3; 
59595 : 3; 
59596 : 3; 
59597 : 3; 
59598 : 3; 
59599 : 3; 
59600 : 3; 
59601 : 3; 
59602 : 3; 
59603 : 3; 
59604 : 3; 
59605 : 3; 
59606 : 3; 
59607 : 3; 
59608 : 3; 
59609 : 3; 
59610 : 3; 
59611 : 3; 
59612 : 3; 
59613 : 3; 
59614 : 3; 
59615 : 3; 
59616 : 3; 
59617 : 3; 
59618 : 3; 
59619 : 3; 
59620 : 3; 
59621 : 3; 
59622 : 3; 
59623 : 3; 
59624 : 3; 
59625 : 2; 
59626 : 2; 
59627 : 2; 
59628 : 2; 
59629 : 2; 
59630 : 2; 
59631 : 2; 
59632 : 2; 
59633 : 2; 
59634 : 2; 
59635 : 2; 
59636 : 2; 
59637 : 2; 
59638 : 2; 
59639 : 2; 
59640 : 2; 
59641 : 2; 
59642 : 2; 
59643 : 2; 
59644 : 2; 
59645 : 2; 
59646 : 2; 
59647 : 2; 
59648 : 1; 
59649 : 1; 
59650 : 1; 
59651 : 1; 
59652 : 1; 
59653 : 1; 
59654 : 1; 
59655 : 1; 
59656 : 1; 
59657 : 1; 
59658 : 1; 
59659 : 1; 
59660 : 1; 
59661 : 1; 
59662 : 1; 
59663 : 1; 
59664 : 1; 
59665 : 1; 
59666 : 1; 
59667 : 1; 
59668 : 1; 
59669 : 1; 
59670 : 1; 
59671 : 1; 
59672 : 0; 
59673 : 0; 
59674 : 0; 
59675 : 0; 
59676 : 0; 
59677 : 0; 
59678 : 0; 
59679 : 0; 
59680 : 0; 
59681 : 0; 
59682 : 0; 
59683 : 0; 
59684 : 0; 
59685 : 0; 
59686 : 0; 
59687 : 0; 
59688 : 0; 
59689 : 0; 
59690 : 0; 
59691 : 0; 
59692 : 0; 
59693 : 0; 
59694 : 0; 
59695 : 0; 
59696 : 0; 
59697 : 0; 
59698 : 0; 
59699 : 0; 
59700 : 0; 
59701 : 0; 
59702 : 0; 
59703 : 0; 
59704 : 0; 
59705 : 0; 
59706 : 0; 
59707 : 0; 
59708 : 0; 
59709 : 0; 
59710 : 0; 
59711 : 0; 
59712 : 0; 
59713 : 0; 
59714 : 0; 
59715 : 0; 
59716 : 0; 
59717 : 0; 
59718 : 0; 
59719 : 0; 
59720 : 0; 
59721 : 0; 
59722 : 0; 
59723 : 0; 
59724 : 0; 
59725 : 0; 
59726 : 0; 
59727 : 0; 
59728 : 0; 
59729 : 0; 
59730 : 0; 
59731 : 0; 
59732 : 0; 
59733 : 0; 
59734 : 0; 
59735 : 0; 
59736 : 0; 
59737 : 0; 
59738 : 0; 
59739 : 0; 
59740 : 0; 
59741 : 0; 
59742 : 0; 
59743 : 0; 
59744 : 0; 
59745 : 0; 
59746 : 0; 
59747 : 0; 
59748 : 0; 
59749 : 0; 
59750 : 0; 
59751 : 0; 
59752 : 0; 
59753 : 0; 
59754 : 0; 
59755 : 0; 
59756 : 0; 
59757 : 0; 
59758 : 0; 
59759 : 0; 
59760 : 0; 
59761 : 0; 
59762 : 0; 
59763 : 0; 
59764 : 0; 
59765 : 0; 
59766 : 0; 
59767 : 0; 
59768 : 0; 
59769 : 0; 
59770 : 0; 
59771 : 0; 
59772 : 0; 
59773 : 0; 
59774 : 0; 
59775 : 0; 
59776 : 2; 
59777 : 3; 
59778 : 3; 
59779 : 3; 
59780 : 3; 
59781 : 3; 
59782 : 3; 
59783 : 3; 
59784 : 3; 
59785 : 3; 
59786 : 3; 
59787 : 3; 
59788 : 3; 
59789 : 3; 
59790 : 3; 
59791 : 3; 
59792 : 3; 
59793 : 3; 
59794 : 3; 
59795 : 3; 
59796 : 3; 
59797 : 3; 
59798 : 3; 
59799 : 3; 
59800 : 3; 
59801 : 3; 
59802 : 3; 
59803 : 3; 
59804 : 3; 
59805 : 3; 
59806 : 3; 
59807 : 3; 
59808 : 3; 
59809 : 3; 
59810 : 3; 
59811 : 3; 
59812 : 3; 
59813 : 3; 
59814 : 3; 
59815 : 3; 
59816 : 3; 
59817 : 3; 
59818 : 3; 
59819 : 3; 
59820 : 3; 
59821 : 3; 
59822 : 3; 
59823 : 3; 
59824 : 3; 
59825 : 3; 
59826 : 3; 
59827 : 3; 
59828 : 3; 
59829 : 3; 
59830 : 3; 
59831 : 3; 
59832 : 3; 
59833 : 3; 
59834 : 3; 
59835 : 3; 
59836 : 3; 
59837 : 3; 
59838 : 3; 
59839 : 3; 
59840 : 3; 
59841 : 3; 
59842 : 3; 
59843 : 3; 
59844 : 3; 
59845 : 3; 
59846 : 3; 
59847 : 3; 
59848 : 3; 
59849 : 3; 
59850 : 3; 
59851 : 3; 
59852 : 3; 
59853 : 3; 
59854 : 3; 
59855 : 3; 
59856 : 3; 
59857 : 3; 
59858 : 3; 
59859 : 3; 
59860 : 3; 
59861 : 3; 
59862 : 3; 
59863 : 3; 
59864 : 3; 
59865 : 3; 
59866 : 3; 
59867 : 3; 
59868 : 3; 
59869 : 3; 
59870 : 3; 
59871 : 3; 
59872 : 3; 
59873 : 3; 
59874 : 3; 
59875 : 3; 
59876 : 3; 
59877 : 3; 
59878 : 3; 
59879 : 3; 
59880 : 3; 
59881 : 3; 
59882 : 2; 
59883 : 2; 
59884 : 2; 
59885 : 2; 
59886 : 2; 
59887 : 2; 
59888 : 2; 
59889 : 2; 
59890 : 2; 
59891 : 2; 
59892 : 2; 
59893 : 2; 
59894 : 2; 
59895 : 2; 
59896 : 2; 
59897 : 2; 
59898 : 2; 
59899 : 2; 
59900 : 2; 
59901 : 2; 
59902 : 2; 
59903 : 2; 
59904 : 1; 
59905 : 1; 
59906 : 1; 
59907 : 1; 
59908 : 1; 
59909 : 1; 
59910 : 1; 
59911 : 1; 
59912 : 1; 
59913 : 1; 
59914 : 1; 
59915 : 1; 
59916 : 1; 
59917 : 1; 
59918 : 1; 
59919 : 1; 
59920 : 1; 
59921 : 1; 
59922 : 1; 
59923 : 1; 
59924 : 1; 
59925 : 1; 
59926 : 1; 
59927 : 0; 
59928 : 0; 
59929 : 0; 
59930 : 0; 
59931 : 0; 
59932 : 0; 
59933 : 0; 
59934 : 0; 
59935 : 0; 
59936 : 0; 
59937 : 0; 
59938 : 0; 
59939 : 0; 
59940 : 0; 
59941 : 0; 
59942 : 0; 
59943 : 0; 
59944 : 0; 
59945 : 0; 
59946 : 0; 
59947 : 0; 
59948 : 0; 
59949 : 0; 
59950 : 0; 
59951 : 0; 
59952 : 0; 
59953 : 0; 
59954 : 0; 
59955 : 0; 
59956 : 0; 
59957 : 0; 
59958 : 0; 
59959 : 0; 
59960 : 0; 
59961 : 0; 
59962 : 0; 
59963 : 0; 
59964 : 0; 
59965 : 0; 
59966 : 0; 
59967 : 0; 
59968 : 0; 
59969 : 0; 
59970 : 0; 
59971 : 0; 
59972 : 0; 
59973 : 0; 
59974 : 0; 
59975 : 0; 
59976 : 0; 
59977 : 0; 
59978 : 0; 
59979 : 0; 
59980 : 0; 
59981 : 0; 
59982 : 0; 
59983 : 0; 
59984 : 0; 
59985 : 0; 
59986 : 0; 
59987 : 0; 
59988 : 0; 
59989 : 0; 
59990 : 0; 
59991 : 0; 
59992 : 0; 
59993 : 0; 
59994 : 0; 
59995 : 0; 
59996 : 0; 
59997 : 0; 
59998 : 0; 
59999 : 0; 
60000 : 0; 
60001 : 0; 
60002 : 0; 
60003 : 0; 
60004 : 0; 
60005 : 0; 
60006 : 0; 
60007 : 0; 
60008 : 0; 
60009 : 0; 
60010 : 0; 
60011 : 0; 
60012 : 0; 
60013 : 0; 
60014 : 0; 
60015 : 0; 
60016 : 0; 
60017 : 0; 
60018 : 0; 
60019 : 0; 
60020 : 0; 
60021 : 0; 
60022 : 0; 
60023 : 0; 
60024 : 0; 
60025 : 0; 
60026 : 0; 
60027 : 0; 
60028 : 0; 
60029 : 0; 
60030 : 0; 
60031 : 0; 
60032 : 2; 
60033 : 3; 
60034 : 3; 
60035 : 3; 
60036 : 3; 
60037 : 3; 
60038 : 3; 
60039 : 3; 
60040 : 3; 
60041 : 3; 
60042 : 3; 
60043 : 3; 
60044 : 3; 
60045 : 3; 
60046 : 3; 
60047 : 3; 
60048 : 3; 
60049 : 3; 
60050 : 3; 
60051 : 3; 
60052 : 3; 
60053 : 3; 
60054 : 3; 
60055 : 3; 
60056 : 3; 
60057 : 3; 
60058 : 3; 
60059 : 3; 
60060 : 3; 
60061 : 3; 
60062 : 3; 
60063 : 3; 
60064 : 3; 
60065 : 3; 
60066 : 3; 
60067 : 3; 
60068 : 3; 
60069 : 3; 
60070 : 3; 
60071 : 3; 
60072 : 3; 
60073 : 3; 
60074 : 3; 
60075 : 3; 
60076 : 3; 
60077 : 3; 
60078 : 3; 
60079 : 3; 
60080 : 3; 
60081 : 3; 
60082 : 3; 
60083 : 3; 
60084 : 3; 
60085 : 3; 
60086 : 3; 
60087 : 3; 
60088 : 3; 
60089 : 3; 
60090 : 3; 
60091 : 3; 
60092 : 3; 
60093 : 3; 
60094 : 3; 
60095 : 3; 
60096 : 3; 
60097 : 3; 
60098 : 3; 
60099 : 3; 
60100 : 3; 
60101 : 3; 
60102 : 3; 
60103 : 3; 
60104 : 3; 
60105 : 3; 
60106 : 3; 
60107 : 3; 
60108 : 3; 
60109 : 3; 
60110 : 3; 
60111 : 3; 
60112 : 3; 
60113 : 3; 
60114 : 3; 
60115 : 3; 
60116 : 3; 
60117 : 3; 
60118 : 3; 
60119 : 3; 
60120 : 3; 
60121 : 3; 
60122 : 3; 
60123 : 3; 
60124 : 3; 
60125 : 3; 
60126 : 3; 
60127 : 3; 
60128 : 3; 
60129 : 3; 
60130 : 3; 
60131 : 3; 
60132 : 3; 
60133 : 3; 
60134 : 3; 
60135 : 3; 
60136 : 3; 
60137 : 3; 
60138 : 3; 
60139 : 2; 
60140 : 2; 
60141 : 2; 
60142 : 2; 
60143 : 2; 
60144 : 2; 
60145 : 2; 
60146 : 2; 
60147 : 2; 
60148 : 2; 
60149 : 2; 
60150 : 2; 
60151 : 2; 
60152 : 2; 
60153 : 2; 
60154 : 2; 
60155 : 2; 
60156 : 2; 
60157 : 2; 
60158 : 2; 
60159 : 2; 
60160 : 1; 
60161 : 1; 
60162 : 1; 
60163 : 1; 
60164 : 1; 
60165 : 1; 
60166 : 1; 
60167 : 1; 
60168 : 1; 
60169 : 1; 
60170 : 1; 
60171 : 1; 
60172 : 1; 
60173 : 1; 
60174 : 1; 
60175 : 1; 
60176 : 1; 
60177 : 1; 
60178 : 1; 
60179 : 1; 
60180 : 1; 
60181 : 1; 
60182 : 0; 
60183 : 0; 
60184 : 0; 
60185 : 0; 
60186 : 0; 
60187 : 0; 
60188 : 0; 
60189 : 0; 
60190 : 0; 
60191 : 0; 
60192 : 0; 
60193 : 0; 
60194 : 0; 
60195 : 0; 
60196 : 0; 
60197 : 0; 
60198 : 0; 
60199 : 0; 
60200 : 0; 
60201 : 0; 
60202 : 0; 
60203 : 0; 
60204 : 0; 
60205 : 0; 
60206 : 0; 
60207 : 0; 
60208 : 0; 
60209 : 0; 
60210 : 0; 
60211 : 0; 
60212 : 0; 
60213 : 0; 
60214 : 0; 
60215 : 0; 
60216 : 0; 
60217 : 0; 
60218 : 0; 
60219 : 0; 
60220 : 0; 
60221 : 0; 
60222 : 0; 
60223 : 0; 
60224 : 0; 
60225 : 0; 
60226 : 0; 
60227 : 0; 
60228 : 0; 
60229 : 0; 
60230 : 0; 
60231 : 0; 
60232 : 0; 
60233 : 0; 
60234 : 0; 
60235 : 0; 
60236 : 0; 
60237 : 0; 
60238 : 0; 
60239 : 0; 
60240 : 0; 
60241 : 0; 
60242 : 0; 
60243 : 0; 
60244 : 0; 
60245 : 0; 
60246 : 0; 
60247 : 0; 
60248 : 0; 
60249 : 0; 
60250 : 0; 
60251 : 0; 
60252 : 0; 
60253 : 0; 
60254 : 0; 
60255 : 0; 
60256 : 0; 
60257 : 0; 
60258 : 0; 
60259 : 0; 
60260 : 0; 
60261 : 0; 
60262 : 0; 
60263 : 0; 
60264 : 0; 
60265 : 0; 
60266 : 0; 
60267 : 0; 
60268 : 0; 
60269 : 0; 
60270 : 0; 
60271 : 0; 
60272 : 0; 
60273 : 0; 
60274 : 0; 
60275 : 0; 
60276 : 0; 
60277 : 0; 
60278 : 0; 
60279 : 0; 
60280 : 0; 
60281 : 0; 
60282 : 0; 
60283 : 0; 
60284 : 0; 
60285 : 0; 
60286 : 0; 
60287 : 0; 
60288 : 2; 
60289 : 3; 
60290 : 3; 
60291 : 3; 
60292 : 3; 
60293 : 3; 
60294 : 3; 
60295 : 3; 
60296 : 3; 
60297 : 3; 
60298 : 3; 
60299 : 3; 
60300 : 3; 
60301 : 3; 
60302 : 3; 
60303 : 3; 
60304 : 3; 
60305 : 3; 
60306 : 3; 
60307 : 3; 
60308 : 3; 
60309 : 3; 
60310 : 3; 
60311 : 3; 
60312 : 3; 
60313 : 3; 
60314 : 3; 
60315 : 3; 
60316 : 3; 
60317 : 3; 
60318 : 3; 
60319 : 3; 
60320 : 3; 
60321 : 3; 
60322 : 3; 
60323 : 3; 
60324 : 3; 
60325 : 3; 
60326 : 3; 
60327 : 3; 
60328 : 3; 
60329 : 3; 
60330 : 3; 
60331 : 3; 
60332 : 3; 
60333 : 3; 
60334 : 3; 
60335 : 3; 
60336 : 3; 
60337 : 3; 
60338 : 3; 
60339 : 3; 
60340 : 3; 
60341 : 3; 
60342 : 3; 
60343 : 3; 
60344 : 3; 
60345 : 3; 
60346 : 3; 
60347 : 3; 
60348 : 3; 
60349 : 3; 
60350 : 3; 
60351 : 3; 
60352 : 3; 
60353 : 3; 
60354 : 3; 
60355 : 3; 
60356 : 3; 
60357 : 3; 
60358 : 3; 
60359 : 3; 
60360 : 3; 
60361 : 3; 
60362 : 3; 
60363 : 3; 
60364 : 3; 
60365 : 3; 
60366 : 3; 
60367 : 3; 
60368 : 3; 
60369 : 3; 
60370 : 3; 
60371 : 3; 
60372 : 3; 
60373 : 3; 
60374 : 3; 
60375 : 3; 
60376 : 3; 
60377 : 3; 
60378 : 3; 
60379 : 3; 
60380 : 3; 
60381 : 3; 
60382 : 3; 
60383 : 3; 
60384 : 3; 
60385 : 3; 
60386 : 3; 
60387 : 3; 
60388 : 3; 
60389 : 3; 
60390 : 3; 
60391 : 3; 
60392 : 3; 
60393 : 3; 
60394 : 3; 
60395 : 3; 
60396 : 2; 
60397 : 2; 
60398 : 2; 
60399 : 2; 
60400 : 2; 
60401 : 2; 
60402 : 2; 
60403 : 2; 
60404 : 2; 
60405 : 2; 
60406 : 2; 
60407 : 2; 
60408 : 2; 
60409 : 2; 
60410 : 2; 
60411 : 2; 
60412 : 2; 
60413 : 2; 
60414 : 2; 
60415 : 2; 
60416 : 1; 
60417 : 1; 
60418 : 1; 
60419 : 1; 
60420 : 1; 
60421 : 1; 
60422 : 1; 
60423 : 1; 
60424 : 1; 
60425 : 1; 
60426 : 1; 
60427 : 1; 
60428 : 1; 
60429 : 1; 
60430 : 1; 
60431 : 1; 
60432 : 1; 
60433 : 1; 
60434 : 1; 
60435 : 1; 
60436 : 1; 
60437 : 0; 
60438 : 0; 
60439 : 0; 
60440 : 0; 
60441 : 0; 
60442 : 0; 
60443 : 0; 
60444 : 0; 
60445 : 0; 
60446 : 0; 
60447 : 0; 
60448 : 0; 
60449 : 0; 
60450 : 0; 
60451 : 0; 
60452 : 0; 
60453 : 0; 
60454 : 0; 
60455 : 0; 
60456 : 0; 
60457 : 0; 
60458 : 0; 
60459 : 0; 
60460 : 0; 
60461 : 0; 
60462 : 0; 
60463 : 0; 
60464 : 0; 
60465 : 0; 
60466 : 0; 
60467 : 0; 
60468 : 0; 
60469 : 0; 
60470 : 0; 
60471 : 0; 
60472 : 0; 
60473 : 0; 
60474 : 0; 
60475 : 0; 
60476 : 0; 
60477 : 0; 
60478 : 0; 
60479 : 0; 
60480 : 0; 
60481 : 0; 
60482 : 0; 
60483 : 0; 
60484 : 0; 
60485 : 0; 
60486 : 0; 
60487 : 0; 
60488 : 0; 
60489 : 0; 
60490 : 0; 
60491 : 0; 
60492 : 0; 
60493 : 0; 
60494 : 0; 
60495 : 0; 
60496 : 0; 
60497 : 0; 
60498 : 0; 
60499 : 0; 
60500 : 0; 
60501 : 0; 
60502 : 0; 
60503 : 0; 
60504 : 0; 
60505 : 0; 
60506 : 0; 
60507 : 0; 
60508 : 0; 
60509 : 0; 
60510 : 0; 
60511 : 0; 
60512 : 0; 
60513 : 0; 
60514 : 0; 
60515 : 0; 
60516 : 0; 
60517 : 0; 
60518 : 0; 
60519 : 0; 
60520 : 0; 
60521 : 0; 
60522 : 0; 
60523 : 0; 
60524 : 0; 
60525 : 0; 
60526 : 0; 
60527 : 0; 
60528 : 0; 
60529 : 0; 
60530 : 0; 
60531 : 0; 
60532 : 0; 
60533 : 0; 
60534 : 0; 
60535 : 0; 
60536 : 0; 
60537 : 0; 
60538 : 0; 
60539 : 0; 
60540 : 0; 
60541 : 0; 
60542 : 0; 
60543 : 0; 
60544 : 2; 
60545 : 3; 
60546 : 3; 
60547 : 3; 
60548 : 3; 
60549 : 3; 
60550 : 3; 
60551 : 3; 
60552 : 3; 
60553 : 3; 
60554 : 3; 
60555 : 3; 
60556 : 3; 
60557 : 3; 
60558 : 3; 
60559 : 3; 
60560 : 3; 
60561 : 3; 
60562 : 3; 
60563 : 3; 
60564 : 3; 
60565 : 3; 
60566 : 3; 
60567 : 3; 
60568 : 3; 
60569 : 3; 
60570 : 3; 
60571 : 3; 
60572 : 3; 
60573 : 3; 
60574 : 3; 
60575 : 3; 
60576 : 3; 
60577 : 3; 
60578 : 3; 
60579 : 3; 
60580 : 3; 
60581 : 3; 
60582 : 3; 
60583 : 3; 
60584 : 3; 
60585 : 3; 
60586 : 3; 
60587 : 3; 
60588 : 3; 
60589 : 3; 
60590 : 3; 
60591 : 3; 
60592 : 3; 
60593 : 3; 
60594 : 3; 
60595 : 3; 
60596 : 3; 
60597 : 3; 
60598 : 3; 
60599 : 3; 
60600 : 3; 
60601 : 3; 
60602 : 3; 
60603 : 3; 
60604 : 3; 
60605 : 3; 
60606 : 3; 
60607 : 3; 
60608 : 3; 
60609 : 3; 
60610 : 3; 
60611 : 3; 
60612 : 3; 
60613 : 3; 
60614 : 3; 
60615 : 3; 
60616 : 3; 
60617 : 3; 
60618 : 3; 
60619 : 3; 
60620 : 3; 
60621 : 3; 
60622 : 3; 
60623 : 3; 
60624 : 3; 
60625 : 3; 
60626 : 3; 
60627 : 3; 
60628 : 3; 
60629 : 3; 
60630 : 3; 
60631 : 3; 
60632 : 3; 
60633 : 3; 
60634 : 3; 
60635 : 3; 
60636 : 3; 
60637 : 3; 
60638 : 3; 
60639 : 3; 
60640 : 3; 
60641 : 3; 
60642 : 3; 
60643 : 3; 
60644 : 3; 
60645 : 3; 
60646 : 3; 
60647 : 3; 
60648 : 3; 
60649 : 3; 
60650 : 3; 
60651 : 3; 
60652 : 3; 
60653 : 2; 
60654 : 2; 
60655 : 2; 
60656 : 2; 
60657 : 2; 
60658 : 2; 
60659 : 2; 
60660 : 2; 
60661 : 2; 
60662 : 2; 
60663 : 2; 
60664 : 2; 
60665 : 2; 
60666 : 2; 
60667 : 2; 
60668 : 2; 
60669 : 2; 
60670 : 2; 
60671 : 2; 
60672 : 1; 
60673 : 1; 
60674 : 1; 
60675 : 1; 
60676 : 1; 
60677 : 1; 
60678 : 1; 
60679 : 1; 
60680 : 1; 
60681 : 1; 
60682 : 1; 
60683 : 1; 
60684 : 1; 
60685 : 1; 
60686 : 1; 
60687 : 1; 
60688 : 1; 
60689 : 1; 
60690 : 1; 
60691 : 1; 
60692 : 0; 
60693 : 0; 
60694 : 0; 
60695 : 0; 
60696 : 0; 
60697 : 0; 
60698 : 0; 
60699 : 0; 
60700 : 0; 
60701 : 0; 
60702 : 0; 
60703 : 0; 
60704 : 0; 
60705 : 0; 
60706 : 0; 
60707 : 0; 
60708 : 0; 
60709 : 0; 
60710 : 0; 
60711 : 0; 
60712 : 0; 
60713 : 0; 
60714 : 0; 
60715 : 0; 
60716 : 0; 
60717 : 0; 
60718 : 0; 
60719 : 0; 
60720 : 0; 
60721 : 0; 
60722 : 0; 
60723 : 0; 
60724 : 0; 
60725 : 0; 
60726 : 0; 
60727 : 0; 
60728 : 0; 
60729 : 0; 
60730 : 0; 
60731 : 0; 
60732 : 0; 
60733 : 0; 
60734 : 0; 
60735 : 0; 
60736 : 0; 
60737 : 0; 
60738 : 0; 
60739 : 0; 
60740 : 0; 
60741 : 0; 
60742 : 0; 
60743 : 0; 
60744 : 0; 
60745 : 0; 
60746 : 0; 
60747 : 0; 
60748 : 0; 
60749 : 0; 
60750 : 0; 
60751 : 0; 
60752 : 0; 
60753 : 0; 
60754 : 0; 
60755 : 0; 
60756 : 0; 
60757 : 0; 
60758 : 0; 
60759 : 0; 
60760 : 0; 
60761 : 0; 
60762 : 0; 
60763 : 0; 
60764 : 0; 
60765 : 0; 
60766 : 0; 
60767 : 0; 
60768 : 0; 
60769 : 0; 
60770 : 0; 
60771 : 0; 
60772 : 0; 
60773 : 0; 
60774 : 0; 
60775 : 0; 
60776 : 0; 
60777 : 0; 
60778 : 0; 
60779 : 0; 
60780 : 0; 
60781 : 0; 
60782 : 0; 
60783 : 0; 
60784 : 0; 
60785 : 0; 
60786 : 0; 
60787 : 0; 
60788 : 0; 
60789 : 0; 
60790 : 0; 
60791 : 0; 
60792 : 0; 
60793 : 0; 
60794 : 0; 
60795 : 0; 
60796 : 0; 
60797 : 0; 
60798 : 0; 
60799 : 0; 
60800 : 2; 
60801 : 3; 
60802 : 3; 
60803 : 3; 
60804 : 3; 
60805 : 3; 
60806 : 3; 
60807 : 3; 
60808 : 3; 
60809 : 3; 
60810 : 3; 
60811 : 3; 
60812 : 3; 
60813 : 3; 
60814 : 3; 
60815 : 3; 
60816 : 3; 
60817 : 3; 
60818 : 3; 
60819 : 3; 
60820 : 3; 
60821 : 3; 
60822 : 3; 
60823 : 3; 
60824 : 3; 
60825 : 3; 
60826 : 3; 
60827 : 3; 
60828 : 3; 
60829 : 3; 
60830 : 3; 
60831 : 3; 
60832 : 3; 
60833 : 3; 
60834 : 3; 
60835 : 3; 
60836 : 3; 
60837 : 3; 
60838 : 3; 
60839 : 3; 
60840 : 3; 
60841 : 3; 
60842 : 3; 
60843 : 3; 
60844 : 3; 
60845 : 3; 
60846 : 3; 
60847 : 3; 
60848 : 3; 
60849 : 3; 
60850 : 3; 
60851 : 3; 
60852 : 3; 
60853 : 3; 
60854 : 3; 
60855 : 3; 
60856 : 3; 
60857 : 3; 
60858 : 3; 
60859 : 3; 
60860 : 3; 
60861 : 3; 
60862 : 3; 
60863 : 3; 
60864 : 3; 
60865 : 3; 
60866 : 3; 
60867 : 3; 
60868 : 3; 
60869 : 3; 
60870 : 3; 
60871 : 3; 
60872 : 3; 
60873 : 3; 
60874 : 3; 
60875 : 3; 
60876 : 3; 
60877 : 3; 
60878 : 3; 
60879 : 3; 
60880 : 3; 
60881 : 3; 
60882 : 3; 
60883 : 3; 
60884 : 3; 
60885 : 3; 
60886 : 3; 
60887 : 3; 
60888 : 3; 
60889 : 3; 
60890 : 3; 
60891 : 3; 
60892 : 3; 
60893 : 3; 
60894 : 3; 
60895 : 3; 
60896 : 3; 
60897 : 3; 
60898 : 3; 
60899 : 3; 
60900 : 3; 
60901 : 3; 
60902 : 3; 
60903 : 3; 
60904 : 3; 
60905 : 3; 
60906 : 3; 
60907 : 3; 
60908 : 3; 
60909 : 3; 
60910 : 2; 
60911 : 2; 
60912 : 2; 
60913 : 2; 
60914 : 2; 
60915 : 2; 
60916 : 2; 
60917 : 2; 
60918 : 2; 
60919 : 2; 
60920 : 2; 
60921 : 2; 
60922 : 2; 
60923 : 2; 
60924 : 2; 
60925 : 2; 
60926 : 2; 
60927 : 2; 
60928 : 1; 
60929 : 1; 
60930 : 1; 
60931 : 1; 
60932 : 1; 
60933 : 1; 
60934 : 1; 
60935 : 1; 
60936 : 1; 
60937 : 1; 
60938 : 1; 
60939 : 1; 
60940 : 1; 
60941 : 1; 
60942 : 1; 
60943 : 1; 
60944 : 1; 
60945 : 1; 
60946 : 1; 
60947 : 0; 
60948 : 0; 
60949 : 0; 
60950 : 0; 
60951 : 0; 
60952 : 0; 
60953 : 0; 
60954 : 0; 
60955 : 0; 
60956 : 0; 
60957 : 0; 
60958 : 0; 
60959 : 0; 
60960 : 0; 
60961 : 0; 
60962 : 0; 
60963 : 0; 
60964 : 0; 
60965 : 0; 
60966 : 0; 
60967 : 0; 
60968 : 0; 
60969 : 0; 
60970 : 0; 
60971 : 0; 
60972 : 0; 
60973 : 0; 
60974 : 0; 
60975 : 0; 
60976 : 0; 
60977 : 0; 
60978 : 0; 
60979 : 0; 
60980 : 0; 
60981 : 0; 
60982 : 0; 
60983 : 0; 
60984 : 0; 
60985 : 0; 
60986 : 0; 
60987 : 0; 
60988 : 0; 
60989 : 0; 
60990 : 0; 
60991 : 0; 
60992 : 0; 
60993 : 0; 
60994 : 0; 
60995 : 0; 
60996 : 0; 
60997 : 0; 
60998 : 0; 
60999 : 0; 
61000 : 0; 
61001 : 0; 
61002 : 0; 
61003 : 0; 
61004 : 0; 
61005 : 0; 
61006 : 0; 
61007 : 0; 
61008 : 0; 
61009 : 0; 
61010 : 0; 
61011 : 0; 
61012 : 0; 
61013 : 0; 
61014 : 0; 
61015 : 0; 
61016 : 0; 
61017 : 0; 
61018 : 0; 
61019 : 0; 
61020 : 0; 
61021 : 0; 
61022 : 0; 
61023 : 0; 
61024 : 0; 
61025 : 0; 
61026 : 0; 
61027 : 0; 
61028 : 0; 
61029 : 0; 
61030 : 0; 
61031 : 0; 
61032 : 0; 
61033 : 0; 
61034 : 0; 
61035 : 0; 
61036 : 0; 
61037 : 0; 
61038 : 0; 
61039 : 0; 
61040 : 0; 
61041 : 0; 
61042 : 0; 
61043 : 0; 
61044 : 0; 
61045 : 0; 
61046 : 0; 
61047 : 0; 
61048 : 0; 
61049 : 0; 
61050 : 0; 
61051 : 0; 
61052 : 0; 
61053 : 0; 
61054 : 0; 
61055 : 0; 
61056 : 2; 
61057 : 3; 
61058 : 3; 
61059 : 3; 
61060 : 3; 
61061 : 3; 
61062 : 3; 
61063 : 3; 
61064 : 3; 
61065 : 3; 
61066 : 3; 
61067 : 3; 
61068 : 3; 
61069 : 3; 
61070 : 3; 
61071 : 3; 
61072 : 3; 
61073 : 3; 
61074 : 3; 
61075 : 3; 
61076 : 3; 
61077 : 3; 
61078 : 3; 
61079 : 3; 
61080 : 3; 
61081 : 3; 
61082 : 3; 
61083 : 3; 
61084 : 3; 
61085 : 3; 
61086 : 3; 
61087 : 3; 
61088 : 3; 
61089 : 3; 
61090 : 3; 
61091 : 3; 
61092 : 3; 
61093 : 3; 
61094 : 3; 
61095 : 3; 
61096 : 3; 
61097 : 3; 
61098 : 3; 
61099 : 3; 
61100 : 3; 
61101 : 3; 
61102 : 3; 
61103 : 3; 
61104 : 3; 
61105 : 3; 
61106 : 3; 
61107 : 3; 
61108 : 3; 
61109 : 3; 
61110 : 3; 
61111 : 3; 
61112 : 3; 
61113 : 3; 
61114 : 3; 
61115 : 3; 
61116 : 3; 
61117 : 3; 
61118 : 3; 
61119 : 3; 
61120 : 3; 
61121 : 3; 
61122 : 3; 
61123 : 3; 
61124 : 3; 
61125 : 3; 
61126 : 3; 
61127 : 3; 
61128 : 3; 
61129 : 3; 
61130 : 3; 
61131 : 3; 
61132 : 3; 
61133 : 3; 
61134 : 3; 
61135 : 3; 
61136 : 3; 
61137 : 3; 
61138 : 3; 
61139 : 3; 
61140 : 3; 
61141 : 3; 
61142 : 3; 
61143 : 3; 
61144 : 3; 
61145 : 3; 
61146 : 3; 
61147 : 3; 
61148 : 3; 
61149 : 3; 
61150 : 3; 
61151 : 3; 
61152 : 3; 
61153 : 3; 
61154 : 3; 
61155 : 3; 
61156 : 3; 
61157 : 3; 
61158 : 3; 
61159 : 3; 
61160 : 3; 
61161 : 3; 
61162 : 3; 
61163 : 3; 
61164 : 3; 
61165 : 3; 
61166 : 3; 
61167 : 2; 
61168 : 2; 
61169 : 2; 
61170 : 2; 
61171 : 2; 
61172 : 2; 
61173 : 2; 
61174 : 2; 
61175 : 2; 
61176 : 2; 
61177 : 2; 
61178 : 2; 
61179 : 2; 
61180 : 2; 
61181 : 2; 
61182 : 2; 
61183 : 2; 
61184 : 1; 
61185 : 1; 
61186 : 1; 
61187 : 1; 
61188 : 1; 
61189 : 1; 
61190 : 1; 
61191 : 1; 
61192 : 1; 
61193 : 1; 
61194 : 1; 
61195 : 1; 
61196 : 1; 
61197 : 1; 
61198 : 1; 
61199 : 1; 
61200 : 1; 
61201 : 1; 
61202 : 0; 
61203 : 0; 
61204 : 0; 
61205 : 0; 
61206 : 0; 
61207 : 0; 
61208 : 0; 
61209 : 0; 
61210 : 0; 
61211 : 0; 
61212 : 0; 
61213 : 0; 
61214 : 0; 
61215 : 0; 
61216 : 0; 
61217 : 0; 
61218 : 0; 
61219 : 0; 
61220 : 0; 
61221 : 0; 
61222 : 0; 
61223 : 0; 
61224 : 0; 
61225 : 0; 
61226 : 0; 
61227 : 0; 
61228 : 0; 
61229 : 0; 
61230 : 0; 
61231 : 0; 
61232 : 0; 
61233 : 0; 
61234 : 0; 
61235 : 0; 
61236 : 0; 
61237 : 0; 
61238 : 0; 
61239 : 0; 
61240 : 0; 
61241 : 0; 
61242 : 0; 
61243 : 0; 
61244 : 0; 
61245 : 0; 
61246 : 0; 
61247 : 0; 
61248 : 0; 
61249 : 0; 
61250 : 0; 
61251 : 0; 
61252 : 0; 
61253 : 0; 
61254 : 0; 
61255 : 0; 
61256 : 0; 
61257 : 0; 
61258 : 0; 
61259 : 0; 
61260 : 0; 
61261 : 0; 
61262 : 0; 
61263 : 0; 
61264 : 0; 
61265 : 0; 
61266 : 0; 
61267 : 0; 
61268 : 0; 
61269 : 0; 
61270 : 0; 
61271 : 0; 
61272 : 0; 
61273 : 0; 
61274 : 0; 
61275 : 0; 
61276 : 0; 
61277 : 0; 
61278 : 0; 
61279 : 0; 
61280 : 0; 
61281 : 0; 
61282 : 0; 
61283 : 0; 
61284 : 0; 
61285 : 0; 
61286 : 0; 
61287 : 0; 
61288 : 0; 
61289 : 0; 
61290 : 0; 
61291 : 0; 
61292 : 0; 
61293 : 0; 
61294 : 0; 
61295 : 0; 
61296 : 0; 
61297 : 0; 
61298 : 0; 
61299 : 0; 
61300 : 0; 
61301 : 0; 
61302 : 0; 
61303 : 0; 
61304 : 0; 
61305 : 0; 
61306 : 0; 
61307 : 0; 
61308 : 0; 
61309 : 0; 
61310 : 0; 
61311 : 0; 
61312 : 2; 
61313 : 3; 
61314 : 3; 
61315 : 3; 
61316 : 3; 
61317 : 3; 
61318 : 3; 
61319 : 3; 
61320 : 3; 
61321 : 3; 
61322 : 3; 
61323 : 3; 
61324 : 3; 
61325 : 3; 
61326 : 3; 
61327 : 3; 
61328 : 3; 
61329 : 3; 
61330 : 3; 
61331 : 3; 
61332 : 3; 
61333 : 3; 
61334 : 3; 
61335 : 3; 
61336 : 3; 
61337 : 3; 
61338 : 3; 
61339 : 3; 
61340 : 3; 
61341 : 3; 
61342 : 3; 
61343 : 3; 
61344 : 3; 
61345 : 3; 
61346 : 3; 
61347 : 3; 
61348 : 3; 
61349 : 3; 
61350 : 3; 
61351 : 3; 
61352 : 3; 
61353 : 3; 
61354 : 3; 
61355 : 3; 
61356 : 3; 
61357 : 3; 
61358 : 3; 
61359 : 3; 
61360 : 3; 
61361 : 3; 
61362 : 3; 
61363 : 3; 
61364 : 3; 
61365 : 3; 
61366 : 3; 
61367 : 3; 
61368 : 3; 
61369 : 3; 
61370 : 3; 
61371 : 3; 
61372 : 3; 
61373 : 3; 
61374 : 3; 
61375 : 3; 
61376 : 3; 
61377 : 3; 
61378 : 3; 
61379 : 3; 
61380 : 3; 
61381 : 3; 
61382 : 3; 
61383 : 3; 
61384 : 3; 
61385 : 3; 
61386 : 3; 
61387 : 3; 
61388 : 3; 
61389 : 3; 
61390 : 3; 
61391 : 3; 
61392 : 3; 
61393 : 3; 
61394 : 3; 
61395 : 3; 
61396 : 3; 
61397 : 3; 
61398 : 3; 
61399 : 3; 
61400 : 3; 
61401 : 3; 
61402 : 3; 
61403 : 3; 
61404 : 3; 
61405 : 3; 
61406 : 3; 
61407 : 3; 
61408 : 3; 
61409 : 3; 
61410 : 3; 
61411 : 3; 
61412 : 3; 
61413 : 3; 
61414 : 3; 
61415 : 3; 
61416 : 3; 
61417 : 3; 
61418 : 3; 
61419 : 3; 
61420 : 3; 
61421 : 3; 
61422 : 3; 
61423 : 3; 
61424 : 2; 
61425 : 2; 
61426 : 2; 
61427 : 2; 
61428 : 2; 
61429 : 2; 
61430 : 2; 
61431 : 2; 
61432 : 2; 
61433 : 2; 
61434 : 2; 
61435 : 2; 
61436 : 2; 
61437 : 2; 
61438 : 2; 
61439 : 2; 
61440 : 1; 
61441 : 1; 
61442 : 1; 
61443 : 1; 
61444 : 1; 
61445 : 1; 
61446 : 1; 
61447 : 1; 
61448 : 1; 
61449 : 1; 
61450 : 1; 
61451 : 1; 
61452 : 1; 
61453 : 1; 
61454 : 1; 
61455 : 1; 
61456 : 1; 
61457 : 0; 
61458 : 0; 
61459 : 0; 
61460 : 0; 
61461 : 0; 
61462 : 0; 
61463 : 0; 
61464 : 0; 
61465 : 0; 
61466 : 0; 
61467 : 0; 
61468 : 0; 
61469 : 0; 
61470 : 0; 
61471 : 0; 
61472 : 0; 
61473 : 0; 
61474 : 0; 
61475 : 0; 
61476 : 0; 
61477 : 0; 
61478 : 0; 
61479 : 0; 
61480 : 0; 
61481 : 0; 
61482 : 0; 
61483 : 0; 
61484 : 0; 
61485 : 0; 
61486 : 0; 
61487 : 0; 
61488 : 0; 
61489 : 0; 
61490 : 0; 
61491 : 0; 
61492 : 0; 
61493 : 0; 
61494 : 0; 
61495 : 0; 
61496 : 0; 
61497 : 0; 
61498 : 0; 
61499 : 0; 
61500 : 0; 
61501 : 0; 
61502 : 0; 
61503 : 0; 
61504 : 0; 
61505 : 0; 
61506 : 0; 
61507 : 0; 
61508 : 0; 
61509 : 0; 
61510 : 0; 
61511 : 0; 
61512 : 0; 
61513 : 0; 
61514 : 0; 
61515 : 0; 
61516 : 0; 
61517 : 0; 
61518 : 0; 
61519 : 0; 
61520 : 0; 
61521 : 0; 
61522 : 0; 
61523 : 0; 
61524 : 0; 
61525 : 0; 
61526 : 0; 
61527 : 0; 
61528 : 0; 
61529 : 0; 
61530 : 0; 
61531 : 0; 
61532 : 0; 
61533 : 0; 
61534 : 0; 
61535 : 0; 
61536 : 0; 
61537 : 0; 
61538 : 0; 
61539 : 0; 
61540 : 0; 
61541 : 0; 
61542 : 0; 
61543 : 0; 
61544 : 0; 
61545 : 0; 
61546 : 0; 
61547 : 0; 
61548 : 0; 
61549 : 0; 
61550 : 0; 
61551 : 0; 
61552 : 0; 
61553 : 0; 
61554 : 0; 
61555 : 0; 
61556 : 0; 
61557 : 0; 
61558 : 0; 
61559 : 0; 
61560 : 0; 
61561 : 0; 
61562 : 0; 
61563 : 0; 
61564 : 0; 
61565 : 0; 
61566 : 0; 
61567 : 0; 
61568 : 2; 
61569 : 3; 
61570 : 3; 
61571 : 3; 
61572 : 3; 
61573 : 3; 
61574 : 3; 
61575 : 3; 
61576 : 3; 
61577 : 3; 
61578 : 3; 
61579 : 3; 
61580 : 3; 
61581 : 3; 
61582 : 3; 
61583 : 3; 
61584 : 3; 
61585 : 3; 
61586 : 3; 
61587 : 3; 
61588 : 3; 
61589 : 3; 
61590 : 3; 
61591 : 3; 
61592 : 3; 
61593 : 3; 
61594 : 3; 
61595 : 3; 
61596 : 3; 
61597 : 3; 
61598 : 3; 
61599 : 3; 
61600 : 3; 
61601 : 3; 
61602 : 3; 
61603 : 3; 
61604 : 3; 
61605 : 3; 
61606 : 3; 
61607 : 3; 
61608 : 3; 
61609 : 3; 
61610 : 3; 
61611 : 3; 
61612 : 3; 
61613 : 3; 
61614 : 3; 
61615 : 3; 
61616 : 3; 
61617 : 3; 
61618 : 3; 
61619 : 3; 
61620 : 3; 
61621 : 3; 
61622 : 3; 
61623 : 3; 
61624 : 3; 
61625 : 3; 
61626 : 3; 
61627 : 3; 
61628 : 3; 
61629 : 3; 
61630 : 3; 
61631 : 3; 
61632 : 3; 
61633 : 3; 
61634 : 3; 
61635 : 3; 
61636 : 3; 
61637 : 3; 
61638 : 3; 
61639 : 3; 
61640 : 3; 
61641 : 3; 
61642 : 3; 
61643 : 3; 
61644 : 3; 
61645 : 3; 
61646 : 3; 
61647 : 3; 
61648 : 3; 
61649 : 3; 
61650 : 3; 
61651 : 3; 
61652 : 3; 
61653 : 3; 
61654 : 3; 
61655 : 3; 
61656 : 3; 
61657 : 3; 
61658 : 3; 
61659 : 3; 
61660 : 3; 
61661 : 3; 
61662 : 3; 
61663 : 3; 
61664 : 3; 
61665 : 3; 
61666 : 3; 
61667 : 3; 
61668 : 3; 
61669 : 3; 
61670 : 3; 
61671 : 3; 
61672 : 3; 
61673 : 3; 
61674 : 3; 
61675 : 3; 
61676 : 3; 
61677 : 3; 
61678 : 3; 
61679 : 3; 
61680 : 3; 
61681 : 2; 
61682 : 2; 
61683 : 2; 
61684 : 2; 
61685 : 2; 
61686 : 2; 
61687 : 2; 
61688 : 2; 
61689 : 2; 
61690 : 2; 
61691 : 2; 
61692 : 2; 
61693 : 2; 
61694 : 2; 
61695 : 2; 
61696 : 1; 
61697 : 1; 
61698 : 1; 
61699 : 1; 
61700 : 1; 
61701 : 1; 
61702 : 1; 
61703 : 1; 
61704 : 1; 
61705 : 1; 
61706 : 1; 
61707 : 1; 
61708 : 1; 
61709 : 1; 
61710 : 1; 
61711 : 1; 
61712 : 0; 
61713 : 0; 
61714 : 0; 
61715 : 0; 
61716 : 0; 
61717 : 0; 
61718 : 0; 
61719 : 0; 
61720 : 0; 
61721 : 0; 
61722 : 0; 
61723 : 0; 
61724 : 0; 
61725 : 0; 
61726 : 0; 
61727 : 0; 
61728 : 0; 
61729 : 0; 
61730 : 0; 
61731 : 0; 
61732 : 0; 
61733 : 0; 
61734 : 0; 
61735 : 0; 
61736 : 0; 
61737 : 0; 
61738 : 0; 
61739 : 0; 
61740 : 0; 
61741 : 0; 
61742 : 0; 
61743 : 0; 
61744 : 0; 
61745 : 0; 
61746 : 0; 
61747 : 0; 
61748 : 0; 
61749 : 0; 
61750 : 0; 
61751 : 0; 
61752 : 0; 
61753 : 0; 
61754 : 0; 
61755 : 0; 
61756 : 0; 
61757 : 0; 
61758 : 0; 
61759 : 0; 
61760 : 0; 
61761 : 0; 
61762 : 0; 
61763 : 0; 
61764 : 0; 
61765 : 0; 
61766 : 0; 
61767 : 0; 
61768 : 0; 
61769 : 0; 
61770 : 0; 
61771 : 0; 
61772 : 0; 
61773 : 0; 
61774 : 0; 
61775 : 0; 
61776 : 0; 
61777 : 0; 
61778 : 0; 
61779 : 0; 
61780 : 0; 
61781 : 0; 
61782 : 0; 
61783 : 0; 
61784 : 0; 
61785 : 0; 
61786 : 0; 
61787 : 0; 
61788 : 0; 
61789 : 0; 
61790 : 0; 
61791 : 0; 
61792 : 0; 
61793 : 0; 
61794 : 0; 
61795 : 0; 
61796 : 0; 
61797 : 0; 
61798 : 0; 
61799 : 0; 
61800 : 0; 
61801 : 0; 
61802 : 0; 
61803 : 0; 
61804 : 0; 
61805 : 0; 
61806 : 0; 
61807 : 0; 
61808 : 0; 
61809 : 0; 
61810 : 0; 
61811 : 0; 
61812 : 0; 
61813 : 0; 
61814 : 0; 
61815 : 0; 
61816 : 0; 
61817 : 0; 
61818 : 0; 
61819 : 0; 
61820 : 0; 
61821 : 0; 
61822 : 0; 
61823 : 0; 
61824 : 2; 
61825 : 3; 
61826 : 3; 
61827 : 3; 
61828 : 3; 
61829 : 3; 
61830 : 3; 
61831 : 3; 
61832 : 3; 
61833 : 3; 
61834 : 3; 
61835 : 3; 
61836 : 3; 
61837 : 3; 
61838 : 3; 
61839 : 3; 
61840 : 3; 
61841 : 3; 
61842 : 3; 
61843 : 3; 
61844 : 3; 
61845 : 3; 
61846 : 3; 
61847 : 3; 
61848 : 3; 
61849 : 3; 
61850 : 3; 
61851 : 3; 
61852 : 3; 
61853 : 3; 
61854 : 3; 
61855 : 3; 
61856 : 3; 
61857 : 3; 
61858 : 3; 
61859 : 3; 
61860 : 3; 
61861 : 3; 
61862 : 3; 
61863 : 3; 
61864 : 3; 
61865 : 3; 
61866 : 3; 
61867 : 3; 
61868 : 3; 
61869 : 3; 
61870 : 3; 
61871 : 3; 
61872 : 3; 
61873 : 3; 
61874 : 3; 
61875 : 3; 
61876 : 3; 
61877 : 3; 
61878 : 3; 
61879 : 3; 
61880 : 3; 
61881 : 3; 
61882 : 3; 
61883 : 3; 
61884 : 3; 
61885 : 3; 
61886 : 3; 
61887 : 3; 
61888 : 3; 
61889 : 3; 
61890 : 3; 
61891 : 3; 
61892 : 3; 
61893 : 3; 
61894 : 3; 
61895 : 3; 
61896 : 3; 
61897 : 3; 
61898 : 3; 
61899 : 3; 
61900 : 3; 
61901 : 3; 
61902 : 3; 
61903 : 3; 
61904 : 3; 
61905 : 3; 
61906 : 3; 
61907 : 3; 
61908 : 3; 
61909 : 3; 
61910 : 3; 
61911 : 3; 
61912 : 3; 
61913 : 3; 
61914 : 3; 
61915 : 3; 
61916 : 3; 
61917 : 3; 
61918 : 3; 
61919 : 3; 
61920 : 3; 
61921 : 3; 
61922 : 3; 
61923 : 3; 
61924 : 3; 
61925 : 3; 
61926 : 3; 
61927 : 3; 
61928 : 3; 
61929 : 3; 
61930 : 3; 
61931 : 3; 
61932 : 3; 
61933 : 3; 
61934 : 3; 
61935 : 3; 
61936 : 3; 
61937 : 3; 
61938 : 2; 
61939 : 2; 
61940 : 2; 
61941 : 2; 
61942 : 2; 
61943 : 2; 
61944 : 2; 
61945 : 2; 
61946 : 2; 
61947 : 2; 
61948 : 2; 
61949 : 2; 
61950 : 2; 
61951 : 2; 
61952 : 1; 
61953 : 1; 
61954 : 1; 
61955 : 1; 
61956 : 1; 
61957 : 1; 
61958 : 1; 
61959 : 1; 
61960 : 1; 
61961 : 1; 
61962 : 1; 
61963 : 1; 
61964 : 1; 
61965 : 1; 
61966 : 1; 
61967 : 0; 
61968 : 0; 
61969 : 0; 
61970 : 0; 
61971 : 0; 
61972 : 0; 
61973 : 0; 
61974 : 0; 
61975 : 0; 
61976 : 0; 
61977 : 0; 
61978 : 0; 
61979 : 0; 
61980 : 0; 
61981 : 0; 
61982 : 0; 
61983 : 0; 
61984 : 0; 
61985 : 0; 
61986 : 0; 
61987 : 0; 
61988 : 0; 
61989 : 0; 
61990 : 0; 
61991 : 0; 
61992 : 0; 
61993 : 0; 
61994 : 0; 
61995 : 0; 
61996 : 0; 
61997 : 0; 
61998 : 0; 
61999 : 0; 
62000 : 0; 
62001 : 0; 
62002 : 0; 
62003 : 0; 
62004 : 0; 
62005 : 0; 
62006 : 0; 
62007 : 0; 
62008 : 0; 
62009 : 0; 
62010 : 0; 
62011 : 0; 
62012 : 0; 
62013 : 0; 
62014 : 0; 
62015 : 0; 
62016 : 0; 
62017 : 0; 
62018 : 0; 
62019 : 0; 
62020 : 0; 
62021 : 0; 
62022 : 0; 
62023 : 0; 
62024 : 0; 
62025 : 0; 
62026 : 0; 
62027 : 0; 
62028 : 0; 
62029 : 0; 
62030 : 0; 
62031 : 0; 
62032 : 0; 
62033 : 0; 
62034 : 0; 
62035 : 0; 
62036 : 0; 
62037 : 0; 
62038 : 0; 
62039 : 0; 
62040 : 0; 
62041 : 0; 
62042 : 0; 
62043 : 0; 
62044 : 0; 
62045 : 0; 
62046 : 0; 
62047 : 0; 
62048 : 0; 
62049 : 0; 
62050 : 0; 
62051 : 0; 
62052 : 0; 
62053 : 0; 
62054 : 0; 
62055 : 0; 
62056 : 0; 
62057 : 0; 
62058 : 0; 
62059 : 0; 
62060 : 0; 
62061 : 0; 
62062 : 0; 
62063 : 0; 
62064 : 0; 
62065 : 0; 
62066 : 0; 
62067 : 0; 
62068 : 0; 
62069 : 0; 
62070 : 0; 
62071 : 0; 
62072 : 0; 
62073 : 0; 
62074 : 0; 
62075 : 0; 
62076 : 0; 
62077 : 0; 
62078 : 0; 
62079 : 0; 
62080 : 2; 
62081 : 3; 
62082 : 3; 
62083 : 3; 
62084 : 3; 
62085 : 3; 
62086 : 3; 
62087 : 3; 
62088 : 3; 
62089 : 3; 
62090 : 3; 
62091 : 3; 
62092 : 3; 
62093 : 3; 
62094 : 3; 
62095 : 3; 
62096 : 3; 
62097 : 3; 
62098 : 3; 
62099 : 3; 
62100 : 3; 
62101 : 3; 
62102 : 3; 
62103 : 3; 
62104 : 3; 
62105 : 3; 
62106 : 3; 
62107 : 3; 
62108 : 3; 
62109 : 3; 
62110 : 3; 
62111 : 3; 
62112 : 3; 
62113 : 3; 
62114 : 3; 
62115 : 3; 
62116 : 3; 
62117 : 3; 
62118 : 3; 
62119 : 3; 
62120 : 3; 
62121 : 3; 
62122 : 3; 
62123 : 3; 
62124 : 3; 
62125 : 3; 
62126 : 3; 
62127 : 3; 
62128 : 3; 
62129 : 3; 
62130 : 3; 
62131 : 3; 
62132 : 3; 
62133 : 3; 
62134 : 3; 
62135 : 3; 
62136 : 3; 
62137 : 3; 
62138 : 3; 
62139 : 3; 
62140 : 3; 
62141 : 3; 
62142 : 3; 
62143 : 3; 
62144 : 3; 
62145 : 3; 
62146 : 3; 
62147 : 3; 
62148 : 3; 
62149 : 3; 
62150 : 3; 
62151 : 3; 
62152 : 3; 
62153 : 3; 
62154 : 3; 
62155 : 3; 
62156 : 3; 
62157 : 3; 
62158 : 3; 
62159 : 3; 
62160 : 3; 
62161 : 3; 
62162 : 3; 
62163 : 3; 
62164 : 3; 
62165 : 3; 
62166 : 3; 
62167 : 3; 
62168 : 3; 
62169 : 3; 
62170 : 3; 
62171 : 3; 
62172 : 3; 
62173 : 3; 
62174 : 3; 
62175 : 3; 
62176 : 3; 
62177 : 3; 
62178 : 3; 
62179 : 3; 
62180 : 3; 
62181 : 3; 
62182 : 3; 
62183 : 3; 
62184 : 3; 
62185 : 3; 
62186 : 3; 
62187 : 3; 
62188 : 3; 
62189 : 3; 
62190 : 3; 
62191 : 3; 
62192 : 3; 
62193 : 3; 
62194 : 3; 
62195 : 2; 
62196 : 2; 
62197 : 2; 
62198 : 2; 
62199 : 2; 
62200 : 2; 
62201 : 2; 
62202 : 2; 
62203 : 2; 
62204 : 2; 
62205 : 2; 
62206 : 2; 
62207 : 2; 
62208 : 1; 
62209 : 1; 
62210 : 1; 
62211 : 1; 
62212 : 1; 
62213 : 1; 
62214 : 1; 
62215 : 1; 
62216 : 1; 
62217 : 1; 
62218 : 1; 
62219 : 1; 
62220 : 1; 
62221 : 1; 
62222 : 0; 
62223 : 0; 
62224 : 0; 
62225 : 0; 
62226 : 0; 
62227 : 0; 
62228 : 0; 
62229 : 0; 
62230 : 0; 
62231 : 0; 
62232 : 0; 
62233 : 0; 
62234 : 0; 
62235 : 0; 
62236 : 0; 
62237 : 0; 
62238 : 0; 
62239 : 0; 
62240 : 0; 
62241 : 0; 
62242 : 0; 
62243 : 0; 
62244 : 0; 
62245 : 0; 
62246 : 0; 
62247 : 0; 
62248 : 0; 
62249 : 0; 
62250 : 0; 
62251 : 0; 
62252 : 0; 
62253 : 0; 
62254 : 0; 
62255 : 0; 
62256 : 0; 
62257 : 0; 
62258 : 0; 
62259 : 0; 
62260 : 0; 
62261 : 0; 
62262 : 0; 
62263 : 0; 
62264 : 0; 
62265 : 0; 
62266 : 0; 
62267 : 0; 
62268 : 0; 
62269 : 0; 
62270 : 0; 
62271 : 0; 
62272 : 0; 
62273 : 0; 
62274 : 0; 
62275 : 0; 
62276 : 0; 
62277 : 0; 
62278 : 0; 
62279 : 0; 
62280 : 0; 
62281 : 0; 
62282 : 0; 
62283 : 0; 
62284 : 0; 
62285 : 0; 
62286 : 0; 
62287 : 0; 
62288 : 0; 
62289 : 0; 
62290 : 0; 
62291 : 0; 
62292 : 0; 
62293 : 0; 
62294 : 0; 
62295 : 0; 
62296 : 0; 
62297 : 0; 
62298 : 0; 
62299 : 0; 
62300 : 0; 
62301 : 0; 
62302 : 0; 
62303 : 0; 
62304 : 0; 
62305 : 0; 
62306 : 0; 
62307 : 0; 
62308 : 0; 
62309 : 0; 
62310 : 0; 
62311 : 0; 
62312 : 0; 
62313 : 0; 
62314 : 0; 
62315 : 0; 
62316 : 0; 
62317 : 0; 
62318 : 0; 
62319 : 0; 
62320 : 0; 
62321 : 0; 
62322 : 0; 
62323 : 0; 
62324 : 0; 
62325 : 0; 
62326 : 0; 
62327 : 0; 
62328 : 0; 
62329 : 0; 
62330 : 0; 
62331 : 0; 
62332 : 0; 
62333 : 0; 
62334 : 0; 
62335 : 0; 
62336 : 2; 
62337 : 3; 
62338 : 3; 
62339 : 3; 
62340 : 3; 
62341 : 3; 
62342 : 3; 
62343 : 3; 
62344 : 3; 
62345 : 3; 
62346 : 3; 
62347 : 3; 
62348 : 3; 
62349 : 3; 
62350 : 3; 
62351 : 3; 
62352 : 3; 
62353 : 3; 
62354 : 3; 
62355 : 3; 
62356 : 3; 
62357 : 3; 
62358 : 3; 
62359 : 3; 
62360 : 3; 
62361 : 3; 
62362 : 3; 
62363 : 3; 
62364 : 3; 
62365 : 3; 
62366 : 3; 
62367 : 3; 
62368 : 3; 
62369 : 3; 
62370 : 3; 
62371 : 3; 
62372 : 3; 
62373 : 3; 
62374 : 3; 
62375 : 3; 
62376 : 3; 
62377 : 3; 
62378 : 3; 
62379 : 3; 
62380 : 3; 
62381 : 3; 
62382 : 3; 
62383 : 3; 
62384 : 3; 
62385 : 3; 
62386 : 3; 
62387 : 3; 
62388 : 3; 
62389 : 3; 
62390 : 3; 
62391 : 3; 
62392 : 3; 
62393 : 3; 
62394 : 3; 
62395 : 3; 
62396 : 3; 
62397 : 3; 
62398 : 3; 
62399 : 3; 
62400 : 3; 
62401 : 3; 
62402 : 3; 
62403 : 3; 
62404 : 3; 
62405 : 3; 
62406 : 3; 
62407 : 3; 
62408 : 3; 
62409 : 3; 
62410 : 3; 
62411 : 3; 
62412 : 3; 
62413 : 3; 
62414 : 3; 
62415 : 3; 
62416 : 3; 
62417 : 3; 
62418 : 3; 
62419 : 3; 
62420 : 3; 
62421 : 3; 
62422 : 3; 
62423 : 3; 
62424 : 3; 
62425 : 3; 
62426 : 3; 
62427 : 3; 
62428 : 3; 
62429 : 3; 
62430 : 3; 
62431 : 3; 
62432 : 3; 
62433 : 3; 
62434 : 3; 
62435 : 3; 
62436 : 3; 
62437 : 3; 
62438 : 3; 
62439 : 3; 
62440 : 3; 
62441 : 3; 
62442 : 3; 
62443 : 3; 
62444 : 3; 
62445 : 3; 
62446 : 3; 
62447 : 3; 
62448 : 3; 
62449 : 3; 
62450 : 3; 
62451 : 3; 
62452 : 2; 
62453 : 2; 
62454 : 2; 
62455 : 2; 
62456 : 2; 
62457 : 2; 
62458 : 2; 
62459 : 2; 
62460 : 2; 
62461 : 2; 
62462 : 2; 
62463 : 2; 
62464 : 1; 
62465 : 1; 
62466 : 1; 
62467 : 1; 
62468 : 1; 
62469 : 1; 
62470 : 1; 
62471 : 1; 
62472 : 1; 
62473 : 1; 
62474 : 1; 
62475 : 1; 
62476 : 1; 
62477 : 0; 
62478 : 0; 
62479 : 0; 
62480 : 0; 
62481 : 0; 
62482 : 0; 
62483 : 0; 
62484 : 0; 
62485 : 0; 
62486 : 0; 
62487 : 0; 
62488 : 0; 
62489 : 0; 
62490 : 0; 
62491 : 0; 
62492 : 0; 
62493 : 0; 
62494 : 0; 
62495 : 0; 
62496 : 0; 
62497 : 0; 
62498 : 0; 
62499 : 0; 
62500 : 0; 
62501 : 0; 
62502 : 0; 
62503 : 0; 
62504 : 0; 
62505 : 0; 
62506 : 0; 
62507 : 0; 
62508 : 0; 
62509 : 0; 
62510 : 0; 
62511 : 0; 
62512 : 0; 
62513 : 0; 
62514 : 0; 
62515 : 0; 
62516 : 0; 
62517 : 0; 
62518 : 0; 
62519 : 0; 
62520 : 0; 
62521 : 0; 
62522 : 0; 
62523 : 0; 
62524 : 0; 
62525 : 0; 
62526 : 0; 
62527 : 0; 
62528 : 0; 
62529 : 0; 
62530 : 0; 
62531 : 0; 
62532 : 0; 
62533 : 0; 
62534 : 0; 
62535 : 0; 
62536 : 0; 
62537 : 0; 
62538 : 0; 
62539 : 0; 
62540 : 0; 
62541 : 0; 
62542 : 0; 
62543 : 0; 
62544 : 0; 
62545 : 0; 
62546 : 0; 
62547 : 0; 
62548 : 0; 
62549 : 0; 
62550 : 0; 
62551 : 0; 
62552 : 0; 
62553 : 0; 
62554 : 0; 
62555 : 0; 
62556 : 0; 
62557 : 0; 
62558 : 0; 
62559 : 0; 
62560 : 0; 
62561 : 0; 
62562 : 0; 
62563 : 0; 
62564 : 0; 
62565 : 0; 
62566 : 0; 
62567 : 0; 
62568 : 0; 
62569 : 0; 
62570 : 0; 
62571 : 0; 
62572 : 0; 
62573 : 0; 
62574 : 0; 
62575 : 0; 
62576 : 0; 
62577 : 0; 
62578 : 0; 
62579 : 0; 
62580 : 0; 
62581 : 0; 
62582 : 0; 
62583 : 0; 
62584 : 0; 
62585 : 0; 
62586 : 0; 
62587 : 0; 
62588 : 0; 
62589 : 0; 
62590 : 0; 
62591 : 0; 
62592 : 2; 
62593 : 3; 
62594 : 3; 
62595 : 3; 
62596 : 3; 
62597 : 3; 
62598 : 3; 
62599 : 3; 
62600 : 3; 
62601 : 3; 
62602 : 3; 
62603 : 3; 
62604 : 3; 
62605 : 3; 
62606 : 3; 
62607 : 3; 
62608 : 3; 
62609 : 3; 
62610 : 3; 
62611 : 3; 
62612 : 3; 
62613 : 3; 
62614 : 3; 
62615 : 3; 
62616 : 3; 
62617 : 3; 
62618 : 3; 
62619 : 3; 
62620 : 3; 
62621 : 3; 
62622 : 3; 
62623 : 3; 
62624 : 3; 
62625 : 3; 
62626 : 3; 
62627 : 3; 
62628 : 3; 
62629 : 3; 
62630 : 3; 
62631 : 3; 
62632 : 3; 
62633 : 3; 
62634 : 3; 
62635 : 3; 
62636 : 3; 
62637 : 3; 
62638 : 3; 
62639 : 3; 
62640 : 3; 
62641 : 3; 
62642 : 3; 
62643 : 3; 
62644 : 3; 
62645 : 3; 
62646 : 3; 
62647 : 3; 
62648 : 3; 
62649 : 3; 
62650 : 3; 
62651 : 3; 
62652 : 3; 
62653 : 3; 
62654 : 3; 
62655 : 3; 
62656 : 3; 
62657 : 3; 
62658 : 3; 
62659 : 3; 
62660 : 3; 
62661 : 3; 
62662 : 3; 
62663 : 3; 
62664 : 3; 
62665 : 3; 
62666 : 3; 
62667 : 3; 
62668 : 3; 
62669 : 3; 
62670 : 3; 
62671 : 3; 
62672 : 3; 
62673 : 3; 
62674 : 3; 
62675 : 3; 
62676 : 3; 
62677 : 3; 
62678 : 3; 
62679 : 3; 
62680 : 3; 
62681 : 3; 
62682 : 3; 
62683 : 3; 
62684 : 3; 
62685 : 3; 
62686 : 3; 
62687 : 3; 
62688 : 3; 
62689 : 3; 
62690 : 3; 
62691 : 3; 
62692 : 3; 
62693 : 3; 
62694 : 3; 
62695 : 3; 
62696 : 3; 
62697 : 3; 
62698 : 3; 
62699 : 3; 
62700 : 3; 
62701 : 3; 
62702 : 3; 
62703 : 3; 
62704 : 3; 
62705 : 3; 
62706 : 3; 
62707 : 3; 
62708 : 3; 
62709 : 2; 
62710 : 2; 
62711 : 2; 
62712 : 2; 
62713 : 2; 
62714 : 2; 
62715 : 2; 
62716 : 2; 
62717 : 2; 
62718 : 2; 
62719 : 2; 
62720 : 1; 
62721 : 1; 
62722 : 1; 
62723 : 1; 
62724 : 1; 
62725 : 1; 
62726 : 1; 
62727 : 1; 
62728 : 1; 
62729 : 1; 
62730 : 1; 
62731 : 1; 
62732 : 0; 
62733 : 0; 
62734 : 0; 
62735 : 0; 
62736 : 0; 
62737 : 0; 
62738 : 0; 
62739 : 0; 
62740 : 0; 
62741 : 0; 
62742 : 0; 
62743 : 0; 
62744 : 0; 
62745 : 0; 
62746 : 0; 
62747 : 0; 
62748 : 0; 
62749 : 0; 
62750 : 0; 
62751 : 0; 
62752 : 0; 
62753 : 0; 
62754 : 0; 
62755 : 0; 
62756 : 0; 
62757 : 0; 
62758 : 0; 
62759 : 0; 
62760 : 0; 
62761 : 0; 
62762 : 0; 
62763 : 0; 
62764 : 0; 
62765 : 0; 
62766 : 0; 
62767 : 0; 
62768 : 0; 
62769 : 0; 
62770 : 0; 
62771 : 0; 
62772 : 0; 
62773 : 0; 
62774 : 0; 
62775 : 0; 
62776 : 0; 
62777 : 0; 
62778 : 0; 
62779 : 0; 
62780 : 0; 
62781 : 0; 
62782 : 0; 
62783 : 0; 
62784 : 0; 
62785 : 0; 
62786 : 0; 
62787 : 0; 
62788 : 0; 
62789 : 0; 
62790 : 0; 
62791 : 0; 
62792 : 0; 
62793 : 0; 
62794 : 0; 
62795 : 0; 
62796 : 0; 
62797 : 0; 
62798 : 0; 
62799 : 0; 
62800 : 0; 
62801 : 0; 
62802 : 0; 
62803 : 0; 
62804 : 0; 
62805 : 0; 
62806 : 0; 
62807 : 0; 
62808 : 0; 
62809 : 0; 
62810 : 0; 
62811 : 0; 
62812 : 0; 
62813 : 0; 
62814 : 0; 
62815 : 0; 
62816 : 0; 
62817 : 0; 
62818 : 0; 
62819 : 0; 
62820 : 0; 
62821 : 0; 
62822 : 0; 
62823 : 0; 
62824 : 0; 
62825 : 0; 
62826 : 0; 
62827 : 0; 
62828 : 0; 
62829 : 0; 
62830 : 0; 
62831 : 0; 
62832 : 0; 
62833 : 0; 
62834 : 0; 
62835 : 0; 
62836 : 0; 
62837 : 0; 
62838 : 0; 
62839 : 0; 
62840 : 0; 
62841 : 0; 
62842 : 0; 
62843 : 0; 
62844 : 0; 
62845 : 0; 
62846 : 0; 
62847 : 0; 
62848 : 2; 
62849 : 3; 
62850 : 3; 
62851 : 3; 
62852 : 3; 
62853 : 3; 
62854 : 3; 
62855 : 3; 
62856 : 3; 
62857 : 3; 
62858 : 3; 
62859 : 3; 
62860 : 3; 
62861 : 3; 
62862 : 3; 
62863 : 3; 
62864 : 3; 
62865 : 3; 
62866 : 3; 
62867 : 3; 
62868 : 3; 
62869 : 3; 
62870 : 3; 
62871 : 3; 
62872 : 3; 
62873 : 3; 
62874 : 3; 
62875 : 3; 
62876 : 3; 
62877 : 3; 
62878 : 3; 
62879 : 3; 
62880 : 3; 
62881 : 3; 
62882 : 3; 
62883 : 3; 
62884 : 3; 
62885 : 3; 
62886 : 3; 
62887 : 3; 
62888 : 3; 
62889 : 3; 
62890 : 3; 
62891 : 3; 
62892 : 3; 
62893 : 3; 
62894 : 3; 
62895 : 3; 
62896 : 3; 
62897 : 3; 
62898 : 3; 
62899 : 3; 
62900 : 3; 
62901 : 3; 
62902 : 3; 
62903 : 3; 
62904 : 3; 
62905 : 3; 
62906 : 3; 
62907 : 3; 
62908 : 3; 
62909 : 3; 
62910 : 3; 
62911 : 3; 
62912 : 3; 
62913 : 3; 
62914 : 3; 
62915 : 3; 
62916 : 3; 
62917 : 3; 
62918 : 3; 
62919 : 3; 
62920 : 3; 
62921 : 3; 
62922 : 3; 
62923 : 3; 
62924 : 3; 
62925 : 3; 
62926 : 3; 
62927 : 3; 
62928 : 3; 
62929 : 3; 
62930 : 3; 
62931 : 3; 
62932 : 3; 
62933 : 3; 
62934 : 3; 
62935 : 3; 
62936 : 3; 
62937 : 3; 
62938 : 3; 
62939 : 3; 
62940 : 3; 
62941 : 3; 
62942 : 3; 
62943 : 3; 
62944 : 3; 
62945 : 3; 
62946 : 3; 
62947 : 3; 
62948 : 3; 
62949 : 3; 
62950 : 3; 
62951 : 3; 
62952 : 3; 
62953 : 3; 
62954 : 3; 
62955 : 3; 
62956 : 3; 
62957 : 3; 
62958 : 3; 
62959 : 3; 
62960 : 3; 
62961 : 3; 
62962 : 3; 
62963 : 3; 
62964 : 3; 
62965 : 3; 
62966 : 2; 
62967 : 2; 
62968 : 2; 
62969 : 2; 
62970 : 2; 
62971 : 2; 
62972 : 2; 
62973 : 2; 
62974 : 2; 
62975 : 2; 
62976 : 1; 
62977 : 1; 
62978 : 1; 
62979 : 1; 
62980 : 1; 
62981 : 1; 
62982 : 1; 
62983 : 1; 
62984 : 1; 
62985 : 1; 
62986 : 1; 
62987 : 0; 
62988 : 0; 
62989 : 0; 
62990 : 0; 
62991 : 0; 
62992 : 0; 
62993 : 0; 
62994 : 0; 
62995 : 0; 
62996 : 0; 
62997 : 0; 
62998 : 0; 
62999 : 0; 
63000 : 0; 
63001 : 0; 
63002 : 0; 
63003 : 0; 
63004 : 0; 
63005 : 0; 
63006 : 0; 
63007 : 0; 
63008 : 0; 
63009 : 0; 
63010 : 0; 
63011 : 0; 
63012 : 0; 
63013 : 0; 
63014 : 0; 
63015 : 0; 
63016 : 0; 
63017 : 0; 
63018 : 0; 
63019 : 0; 
63020 : 0; 
63021 : 0; 
63022 : 0; 
63023 : 0; 
63024 : 0; 
63025 : 0; 
63026 : 0; 
63027 : 0; 
63028 : 0; 
63029 : 0; 
63030 : 0; 
63031 : 0; 
63032 : 0; 
63033 : 0; 
63034 : 0; 
63035 : 0; 
63036 : 0; 
63037 : 0; 
63038 : 0; 
63039 : 0; 
63040 : 0; 
63041 : 0; 
63042 : 0; 
63043 : 0; 
63044 : 0; 
63045 : 0; 
63046 : 0; 
63047 : 0; 
63048 : 0; 
63049 : 0; 
63050 : 0; 
63051 : 0; 
63052 : 0; 
63053 : 0; 
63054 : 0; 
63055 : 0; 
63056 : 0; 
63057 : 0; 
63058 : 0; 
63059 : 0; 
63060 : 0; 
63061 : 0; 
63062 : 0; 
63063 : 0; 
63064 : 0; 
63065 : 0; 
63066 : 0; 
63067 : 0; 
63068 : 0; 
63069 : 0; 
63070 : 0; 
63071 : 0; 
63072 : 0; 
63073 : 0; 
63074 : 0; 
63075 : 0; 
63076 : 0; 
63077 : 0; 
63078 : 0; 
63079 : 0; 
63080 : 0; 
63081 : 0; 
63082 : 0; 
63083 : 0; 
63084 : 0; 
63085 : 0; 
63086 : 0; 
63087 : 0; 
63088 : 0; 
63089 : 0; 
63090 : 0; 
63091 : 0; 
63092 : 0; 
63093 : 0; 
63094 : 0; 
63095 : 0; 
63096 : 0; 
63097 : 0; 
63098 : 0; 
63099 : 0; 
63100 : 0; 
63101 : 0; 
63102 : 0; 
63103 : 0; 
63104 : 2; 
63105 : 3; 
63106 : 3; 
63107 : 3; 
63108 : 3; 
63109 : 3; 
63110 : 3; 
63111 : 3; 
63112 : 3; 
63113 : 3; 
63114 : 3; 
63115 : 3; 
63116 : 3; 
63117 : 3; 
63118 : 3; 
63119 : 3; 
63120 : 3; 
63121 : 3; 
63122 : 3; 
63123 : 3; 
63124 : 3; 
63125 : 3; 
63126 : 3; 
63127 : 3; 
63128 : 3; 
63129 : 3; 
63130 : 3; 
63131 : 3; 
63132 : 3; 
63133 : 3; 
63134 : 3; 
63135 : 3; 
63136 : 3; 
63137 : 3; 
63138 : 3; 
63139 : 3; 
63140 : 3; 
63141 : 3; 
63142 : 3; 
63143 : 3; 
63144 : 3; 
63145 : 3; 
63146 : 3; 
63147 : 3; 
63148 : 3; 
63149 : 3; 
63150 : 3; 
63151 : 3; 
63152 : 3; 
63153 : 3; 
63154 : 3; 
63155 : 3; 
63156 : 3; 
63157 : 3; 
63158 : 3; 
63159 : 3; 
63160 : 3; 
63161 : 3; 
63162 : 3; 
63163 : 3; 
63164 : 3; 
63165 : 3; 
63166 : 3; 
63167 : 3; 
63168 : 3; 
63169 : 3; 
63170 : 3; 
63171 : 3; 
63172 : 3; 
63173 : 3; 
63174 : 3; 
63175 : 3; 
63176 : 3; 
63177 : 3; 
63178 : 3; 
63179 : 3; 
63180 : 3; 
63181 : 3; 
63182 : 3; 
63183 : 3; 
63184 : 3; 
63185 : 3; 
63186 : 3; 
63187 : 3; 
63188 : 3; 
63189 : 3; 
63190 : 3; 
63191 : 3; 
63192 : 3; 
63193 : 3; 
63194 : 3; 
63195 : 3; 
63196 : 3; 
63197 : 3; 
63198 : 3; 
63199 : 3; 
63200 : 3; 
63201 : 3; 
63202 : 3; 
63203 : 3; 
63204 : 3; 
63205 : 3; 
63206 : 3; 
63207 : 3; 
63208 : 3; 
63209 : 3; 
63210 : 3; 
63211 : 3; 
63212 : 3; 
63213 : 3; 
63214 : 3; 
63215 : 3; 
63216 : 3; 
63217 : 3; 
63218 : 3; 
63219 : 3; 
63220 : 3; 
63221 : 3; 
63222 : 3; 
63223 : 2; 
63224 : 2; 
63225 : 2; 
63226 : 2; 
63227 : 2; 
63228 : 2; 
63229 : 2; 
63230 : 2; 
63231 : 2; 
63232 : 1; 
63233 : 1; 
63234 : 1; 
63235 : 1; 
63236 : 1; 
63237 : 1; 
63238 : 1; 
63239 : 1; 
63240 : 1; 
63241 : 1; 
63242 : 0; 
63243 : 0; 
63244 : 0; 
63245 : 0; 
63246 : 0; 
63247 : 0; 
63248 : 0; 
63249 : 0; 
63250 : 0; 
63251 : 0; 
63252 : 0; 
63253 : 0; 
63254 : 0; 
63255 : 0; 
63256 : 0; 
63257 : 0; 
63258 : 0; 
63259 : 0; 
63260 : 0; 
63261 : 0; 
63262 : 0; 
63263 : 0; 
63264 : 0; 
63265 : 0; 
63266 : 0; 
63267 : 0; 
63268 : 0; 
63269 : 0; 
63270 : 0; 
63271 : 0; 
63272 : 0; 
63273 : 0; 
63274 : 0; 
63275 : 0; 
63276 : 0; 
63277 : 0; 
63278 : 0; 
63279 : 0; 
63280 : 0; 
63281 : 0; 
63282 : 0; 
63283 : 0; 
63284 : 0; 
63285 : 0; 
63286 : 0; 
63287 : 0; 
63288 : 0; 
63289 : 0; 
63290 : 0; 
63291 : 0; 
63292 : 0; 
63293 : 0; 
63294 : 0; 
63295 : 0; 
63296 : 0; 
63297 : 0; 
63298 : 0; 
63299 : 0; 
63300 : 0; 
63301 : 0; 
63302 : 0; 
63303 : 0; 
63304 : 0; 
63305 : 0; 
63306 : 0; 
63307 : 0; 
63308 : 0; 
63309 : 0; 
63310 : 0; 
63311 : 0; 
63312 : 0; 
63313 : 0; 
63314 : 0; 
63315 : 0; 
63316 : 0; 
63317 : 0; 
63318 : 0; 
63319 : 0; 
63320 : 0; 
63321 : 0; 
63322 : 0; 
63323 : 0; 
63324 : 0; 
63325 : 0; 
63326 : 0; 
63327 : 0; 
63328 : 0; 
63329 : 0; 
63330 : 0; 
63331 : 0; 
63332 : 0; 
63333 : 0; 
63334 : 0; 
63335 : 0; 
63336 : 0; 
63337 : 0; 
63338 : 0; 
63339 : 0; 
63340 : 0; 
63341 : 0; 
63342 : 0; 
63343 : 0; 
63344 : 0; 
63345 : 0; 
63346 : 0; 
63347 : 0; 
63348 : 0; 
63349 : 0; 
63350 : 0; 
63351 : 0; 
63352 : 0; 
63353 : 0; 
63354 : 0; 
63355 : 0; 
63356 : 0; 
63357 : 0; 
63358 : 0; 
63359 : 0; 
63360 : 2; 
63361 : 3; 
63362 : 3; 
63363 : 3; 
63364 : 3; 
63365 : 3; 
63366 : 3; 
63367 : 3; 
63368 : 3; 
63369 : 3; 
63370 : 3; 
63371 : 3; 
63372 : 3; 
63373 : 3; 
63374 : 3; 
63375 : 3; 
63376 : 3; 
63377 : 3; 
63378 : 3; 
63379 : 3; 
63380 : 3; 
63381 : 3; 
63382 : 3; 
63383 : 3; 
63384 : 3; 
63385 : 3; 
63386 : 3; 
63387 : 3; 
63388 : 3; 
63389 : 3; 
63390 : 3; 
63391 : 3; 
63392 : 3; 
63393 : 3; 
63394 : 3; 
63395 : 3; 
63396 : 3; 
63397 : 3; 
63398 : 3; 
63399 : 3; 
63400 : 3; 
63401 : 3; 
63402 : 3; 
63403 : 3; 
63404 : 3; 
63405 : 3; 
63406 : 3; 
63407 : 3; 
63408 : 3; 
63409 : 3; 
63410 : 3; 
63411 : 3; 
63412 : 3; 
63413 : 3; 
63414 : 3; 
63415 : 3; 
63416 : 3; 
63417 : 3; 
63418 : 3; 
63419 : 3; 
63420 : 3; 
63421 : 3; 
63422 : 3; 
63423 : 3; 
63424 : 3; 
63425 : 3; 
63426 : 3; 
63427 : 3; 
63428 : 3; 
63429 : 3; 
63430 : 3; 
63431 : 3; 
63432 : 3; 
63433 : 3; 
63434 : 3; 
63435 : 3; 
63436 : 3; 
63437 : 3; 
63438 : 3; 
63439 : 3; 
63440 : 3; 
63441 : 3; 
63442 : 3; 
63443 : 3; 
63444 : 3; 
63445 : 3; 
63446 : 3; 
63447 : 3; 
63448 : 3; 
63449 : 3; 
63450 : 3; 
63451 : 3; 
63452 : 3; 
63453 : 3; 
63454 : 3; 
63455 : 3; 
63456 : 3; 
63457 : 3; 
63458 : 3; 
63459 : 3; 
63460 : 3; 
63461 : 3; 
63462 : 3; 
63463 : 3; 
63464 : 3; 
63465 : 3; 
63466 : 3; 
63467 : 3; 
63468 : 3; 
63469 : 3; 
63470 : 3; 
63471 : 3; 
63472 : 3; 
63473 : 3; 
63474 : 3; 
63475 : 3; 
63476 : 3; 
63477 : 3; 
63478 : 3; 
63479 : 3; 
63480 : 2; 
63481 : 2; 
63482 : 2; 
63483 : 2; 
63484 : 2; 
63485 : 2; 
63486 : 2; 
63487 : 2; 
63488 : 1; 
63489 : 1; 
63490 : 1; 
63491 : 1; 
63492 : 1; 
63493 : 1; 
63494 : 1; 
63495 : 1; 
63496 : 1; 
63497 : 0; 
63498 : 0; 
63499 : 0; 
63500 : 0; 
63501 : 0; 
63502 : 0; 
63503 : 0; 
63504 : 0; 
63505 : 0; 
63506 : 0; 
63507 : 0; 
63508 : 0; 
63509 : 0; 
63510 : 0; 
63511 : 0; 
63512 : 0; 
63513 : 0; 
63514 : 0; 
63515 : 0; 
63516 : 0; 
63517 : 0; 
63518 : 0; 
63519 : 0; 
63520 : 0; 
63521 : 0; 
63522 : 0; 
63523 : 0; 
63524 : 0; 
63525 : 0; 
63526 : 0; 
63527 : 0; 
63528 : 0; 
63529 : 0; 
63530 : 0; 
63531 : 0; 
63532 : 0; 
63533 : 0; 
63534 : 0; 
63535 : 0; 
63536 : 0; 
63537 : 0; 
63538 : 0; 
63539 : 0; 
63540 : 0; 
63541 : 0; 
63542 : 0; 
63543 : 0; 
63544 : 0; 
63545 : 0; 
63546 : 0; 
63547 : 0; 
63548 : 0; 
63549 : 0; 
63550 : 0; 
63551 : 0; 
63552 : 0; 
63553 : 0; 
63554 : 0; 
63555 : 0; 
63556 : 0; 
63557 : 0; 
63558 : 0; 
63559 : 0; 
63560 : 0; 
63561 : 0; 
63562 : 0; 
63563 : 0; 
63564 : 0; 
63565 : 0; 
63566 : 0; 
63567 : 0; 
63568 : 0; 
63569 : 0; 
63570 : 0; 
63571 : 0; 
63572 : 0; 
63573 : 0; 
63574 : 0; 
63575 : 0; 
63576 : 0; 
63577 : 0; 
63578 : 0; 
63579 : 0; 
63580 : 0; 
63581 : 0; 
63582 : 0; 
63583 : 0; 
63584 : 0; 
63585 : 0; 
63586 : 0; 
63587 : 0; 
63588 : 0; 
63589 : 0; 
63590 : 0; 
63591 : 0; 
63592 : 0; 
63593 : 0; 
63594 : 0; 
63595 : 0; 
63596 : 0; 
63597 : 0; 
63598 : 0; 
63599 : 0; 
63600 : 0; 
63601 : 0; 
63602 : 0; 
63603 : 0; 
63604 : 0; 
63605 : 0; 
63606 : 0; 
63607 : 0; 
63608 : 0; 
63609 : 0; 
63610 : 0; 
63611 : 0; 
63612 : 0; 
63613 : 0; 
63614 : 0; 
63615 : 0; 
63616 : 2; 
63617 : 3; 
63618 : 3; 
63619 : 3; 
63620 : 3; 
63621 : 3; 
63622 : 3; 
63623 : 3; 
63624 : 3; 
63625 : 3; 
63626 : 3; 
63627 : 3; 
63628 : 3; 
63629 : 3; 
63630 : 3; 
63631 : 3; 
63632 : 3; 
63633 : 3; 
63634 : 3; 
63635 : 3; 
63636 : 3; 
63637 : 3; 
63638 : 3; 
63639 : 3; 
63640 : 3; 
63641 : 3; 
63642 : 3; 
63643 : 3; 
63644 : 3; 
63645 : 3; 
63646 : 3; 
63647 : 3; 
63648 : 3; 
63649 : 3; 
63650 : 3; 
63651 : 3; 
63652 : 3; 
63653 : 3; 
63654 : 3; 
63655 : 3; 
63656 : 3; 
63657 : 3; 
63658 : 3; 
63659 : 3; 
63660 : 3; 
63661 : 3; 
63662 : 3; 
63663 : 3; 
63664 : 3; 
63665 : 3; 
63666 : 3; 
63667 : 3; 
63668 : 3; 
63669 : 3; 
63670 : 3; 
63671 : 3; 
63672 : 3; 
63673 : 3; 
63674 : 3; 
63675 : 3; 
63676 : 3; 
63677 : 3; 
63678 : 3; 
63679 : 3; 
63680 : 3; 
63681 : 3; 
63682 : 3; 
63683 : 3; 
63684 : 3; 
63685 : 3; 
63686 : 3; 
63687 : 3; 
63688 : 3; 
63689 : 3; 
63690 : 3; 
63691 : 3; 
63692 : 3; 
63693 : 3; 
63694 : 3; 
63695 : 3; 
63696 : 3; 
63697 : 3; 
63698 : 3; 
63699 : 3; 
63700 : 3; 
63701 : 3; 
63702 : 3; 
63703 : 3; 
63704 : 3; 
63705 : 3; 
63706 : 3; 
63707 : 3; 
63708 : 3; 
63709 : 3; 
63710 : 3; 
63711 : 3; 
63712 : 3; 
63713 : 3; 
63714 : 3; 
63715 : 3; 
63716 : 3; 
63717 : 3; 
63718 : 3; 
63719 : 3; 
63720 : 3; 
63721 : 3; 
63722 : 3; 
63723 : 3; 
63724 : 3; 
63725 : 3; 
63726 : 3; 
63727 : 3; 
63728 : 3; 
63729 : 3; 
63730 : 3; 
63731 : 3; 
63732 : 3; 
63733 : 3; 
63734 : 3; 
63735 : 3; 
63736 : 3; 
63737 : 2; 
63738 : 2; 
63739 : 2; 
63740 : 2; 
63741 : 2; 
63742 : 2; 
63743 : 2; 
63744 : 1; 
63745 : 1; 
63746 : 1; 
63747 : 1; 
63748 : 1; 
63749 : 1; 
63750 : 1; 
63751 : 1; 
63752 : 0; 
63753 : 0; 
63754 : 0; 
63755 : 0; 
63756 : 0; 
63757 : 0; 
63758 : 0; 
63759 : 0; 
63760 : 0; 
63761 : 0; 
63762 : 0; 
63763 : 0; 
63764 : 0; 
63765 : 0; 
63766 : 0; 
63767 : 0; 
63768 : 0; 
63769 : 0; 
63770 : 0; 
63771 : 0; 
63772 : 0; 
63773 : 0; 
63774 : 0; 
63775 : 0; 
63776 : 0; 
63777 : 0; 
63778 : 0; 
63779 : 0; 
63780 : 0; 
63781 : 0; 
63782 : 0; 
63783 : 0; 
63784 : 0; 
63785 : 0; 
63786 : 0; 
63787 : 0; 
63788 : 0; 
63789 : 0; 
63790 : 0; 
63791 : 0; 
63792 : 0; 
63793 : 0; 
63794 : 0; 
63795 : 0; 
63796 : 0; 
63797 : 0; 
63798 : 0; 
63799 : 0; 
63800 : 0; 
63801 : 0; 
63802 : 0; 
63803 : 0; 
63804 : 0; 
63805 : 0; 
63806 : 0; 
63807 : 0; 
63808 : 0; 
63809 : 0; 
63810 : 0; 
63811 : 0; 
63812 : 0; 
63813 : 0; 
63814 : 0; 
63815 : 0; 
63816 : 0; 
63817 : 0; 
63818 : 0; 
63819 : 0; 
63820 : 0; 
63821 : 0; 
63822 : 0; 
63823 : 0; 
63824 : 0; 
63825 : 0; 
63826 : 0; 
63827 : 0; 
63828 : 0; 
63829 : 0; 
63830 : 0; 
63831 : 0; 
63832 : 0; 
63833 : 0; 
63834 : 0; 
63835 : 0; 
63836 : 0; 
63837 : 0; 
63838 : 0; 
63839 : 0; 
63840 : 0; 
63841 : 0; 
63842 : 0; 
63843 : 0; 
63844 : 0; 
63845 : 0; 
63846 : 0; 
63847 : 0; 
63848 : 0; 
63849 : 0; 
63850 : 0; 
63851 : 0; 
63852 : 0; 
63853 : 0; 
63854 : 0; 
63855 : 0; 
63856 : 0; 
63857 : 0; 
63858 : 0; 
63859 : 0; 
63860 : 0; 
63861 : 0; 
63862 : 0; 
63863 : 0; 
63864 : 0; 
63865 : 0; 
63866 : 0; 
63867 : 0; 
63868 : 0; 
63869 : 0; 
63870 : 0; 
63871 : 0; 
63872 : 2; 
63873 : 3; 
63874 : 3; 
63875 : 3; 
63876 : 3; 
63877 : 3; 
63878 : 3; 
63879 : 3; 
63880 : 3; 
63881 : 3; 
63882 : 3; 
63883 : 3; 
63884 : 3; 
63885 : 3; 
63886 : 3; 
63887 : 3; 
63888 : 3; 
63889 : 3; 
63890 : 3; 
63891 : 3; 
63892 : 3; 
63893 : 3; 
63894 : 3; 
63895 : 3; 
63896 : 3; 
63897 : 3; 
63898 : 3; 
63899 : 3; 
63900 : 3; 
63901 : 3; 
63902 : 3; 
63903 : 3; 
63904 : 3; 
63905 : 3; 
63906 : 3; 
63907 : 3; 
63908 : 3; 
63909 : 3; 
63910 : 3; 
63911 : 3; 
63912 : 3; 
63913 : 3; 
63914 : 3; 
63915 : 3; 
63916 : 3; 
63917 : 3; 
63918 : 3; 
63919 : 3; 
63920 : 3; 
63921 : 3; 
63922 : 3; 
63923 : 3; 
63924 : 3; 
63925 : 3; 
63926 : 3; 
63927 : 3; 
63928 : 3; 
63929 : 3; 
63930 : 3; 
63931 : 3; 
63932 : 3; 
63933 : 3; 
63934 : 3; 
63935 : 3; 
63936 : 3; 
63937 : 3; 
63938 : 3; 
63939 : 3; 
63940 : 3; 
63941 : 3; 
63942 : 3; 
63943 : 3; 
63944 : 3; 
63945 : 3; 
63946 : 3; 
63947 : 3; 
63948 : 3; 
63949 : 3; 
63950 : 3; 
63951 : 3; 
63952 : 3; 
63953 : 3; 
63954 : 3; 
63955 : 3; 
63956 : 3; 
63957 : 3; 
63958 : 3; 
63959 : 3; 
63960 : 3; 
63961 : 3; 
63962 : 3; 
63963 : 3; 
63964 : 3; 
63965 : 3; 
63966 : 3; 
63967 : 3; 
63968 : 3; 
63969 : 3; 
63970 : 3; 
63971 : 3; 
63972 : 3; 
63973 : 3; 
63974 : 3; 
63975 : 3; 
63976 : 3; 
63977 : 3; 
63978 : 3; 
63979 : 3; 
63980 : 3; 
63981 : 3; 
63982 : 3; 
63983 : 3; 
63984 : 3; 
63985 : 3; 
63986 : 3; 
63987 : 3; 
63988 : 3; 
63989 : 3; 
63990 : 3; 
63991 : 3; 
63992 : 3; 
63993 : 3; 
63994 : 2; 
63995 : 2; 
63996 : 2; 
63997 : 2; 
63998 : 2; 
63999 : 2; 
64000 : 1; 
64001 : 1; 
64002 : 1; 
64003 : 1; 
64004 : 1; 
64005 : 1; 
64006 : 1; 
64007 : 0; 
64008 : 0; 
64009 : 0; 
64010 : 0; 
64011 : 0; 
64012 : 0; 
64013 : 0; 
64014 : 0; 
64015 : 0; 
64016 : 0; 
64017 : 0; 
64018 : 0; 
64019 : 0; 
64020 : 0; 
64021 : 0; 
64022 : 0; 
64023 : 0; 
64024 : 0; 
64025 : 0; 
64026 : 0; 
64027 : 0; 
64028 : 0; 
64029 : 0; 
64030 : 0; 
64031 : 0; 
64032 : 0; 
64033 : 0; 
64034 : 0; 
64035 : 0; 
64036 : 0; 
64037 : 0; 
64038 : 0; 
64039 : 0; 
64040 : 0; 
64041 : 0; 
64042 : 0; 
64043 : 0; 
64044 : 0; 
64045 : 0; 
64046 : 0; 
64047 : 0; 
64048 : 0; 
64049 : 0; 
64050 : 0; 
64051 : 0; 
64052 : 0; 
64053 : 0; 
64054 : 0; 
64055 : 0; 
64056 : 0; 
64057 : 0; 
64058 : 0; 
64059 : 0; 
64060 : 0; 
64061 : 0; 
64062 : 0; 
64063 : 0; 
64064 : 0; 
64065 : 0; 
64066 : 0; 
64067 : 0; 
64068 : 0; 
64069 : 0; 
64070 : 0; 
64071 : 0; 
64072 : 0; 
64073 : 0; 
64074 : 0; 
64075 : 0; 
64076 : 0; 
64077 : 0; 
64078 : 0; 
64079 : 0; 
64080 : 0; 
64081 : 0; 
64082 : 0; 
64083 : 0; 
64084 : 0; 
64085 : 0; 
64086 : 0; 
64087 : 0; 
64088 : 0; 
64089 : 0; 
64090 : 0; 
64091 : 0; 
64092 : 0; 
64093 : 0; 
64094 : 0; 
64095 : 0; 
64096 : 0; 
64097 : 0; 
64098 : 0; 
64099 : 0; 
64100 : 0; 
64101 : 0; 
64102 : 0; 
64103 : 0; 
64104 : 0; 
64105 : 0; 
64106 : 0; 
64107 : 0; 
64108 : 0; 
64109 : 0; 
64110 : 0; 
64111 : 0; 
64112 : 0; 
64113 : 0; 
64114 : 0; 
64115 : 0; 
64116 : 0; 
64117 : 0; 
64118 : 0; 
64119 : 0; 
64120 : 0; 
64121 : 0; 
64122 : 0; 
64123 : 0; 
64124 : 0; 
64125 : 0; 
64126 : 0; 
64127 : 0; 
64128 : 2; 
64129 : 3; 
64130 : 3; 
64131 : 3; 
64132 : 3; 
64133 : 3; 
64134 : 3; 
64135 : 3; 
64136 : 3; 
64137 : 3; 
64138 : 3; 
64139 : 3; 
64140 : 3; 
64141 : 3; 
64142 : 3; 
64143 : 3; 
64144 : 3; 
64145 : 3; 
64146 : 3; 
64147 : 3; 
64148 : 3; 
64149 : 3; 
64150 : 3; 
64151 : 3; 
64152 : 3; 
64153 : 3; 
64154 : 3; 
64155 : 3; 
64156 : 3; 
64157 : 3; 
64158 : 3; 
64159 : 3; 
64160 : 3; 
64161 : 3; 
64162 : 3; 
64163 : 3; 
64164 : 3; 
64165 : 3; 
64166 : 3; 
64167 : 3; 
64168 : 3; 
64169 : 3; 
64170 : 3; 
64171 : 3; 
64172 : 3; 
64173 : 3; 
64174 : 3; 
64175 : 3; 
64176 : 3; 
64177 : 3; 
64178 : 3; 
64179 : 3; 
64180 : 3; 
64181 : 3; 
64182 : 3; 
64183 : 3; 
64184 : 3; 
64185 : 3; 
64186 : 3; 
64187 : 3; 
64188 : 3; 
64189 : 3; 
64190 : 3; 
64191 : 3; 
64192 : 3; 
64193 : 3; 
64194 : 3; 
64195 : 3; 
64196 : 3; 
64197 : 3; 
64198 : 3; 
64199 : 3; 
64200 : 3; 
64201 : 3; 
64202 : 3; 
64203 : 3; 
64204 : 3; 
64205 : 3; 
64206 : 3; 
64207 : 3; 
64208 : 3; 
64209 : 3; 
64210 : 3; 
64211 : 3; 
64212 : 3; 
64213 : 3; 
64214 : 3; 
64215 : 3; 
64216 : 3; 
64217 : 3; 
64218 : 3; 
64219 : 3; 
64220 : 3; 
64221 : 3; 
64222 : 3; 
64223 : 3; 
64224 : 3; 
64225 : 3; 
64226 : 3; 
64227 : 3; 
64228 : 3; 
64229 : 3; 
64230 : 3; 
64231 : 3; 
64232 : 3; 
64233 : 3; 
64234 : 3; 
64235 : 3; 
64236 : 3; 
64237 : 3; 
64238 : 3; 
64239 : 3; 
64240 : 3; 
64241 : 3; 
64242 : 3; 
64243 : 3; 
64244 : 3; 
64245 : 3; 
64246 : 3; 
64247 : 3; 
64248 : 3; 
64249 : 3; 
64250 : 3; 
64251 : 2; 
64252 : 2; 
64253 : 2; 
64254 : 2; 
64255 : 2; 
64256 : 1; 
64257 : 1; 
64258 : 1; 
64259 : 1; 
64260 : 1; 
64261 : 1; 
64262 : 0; 
64263 : 0; 
64264 : 0; 
64265 : 0; 
64266 : 0; 
64267 : 0; 
64268 : 0; 
64269 : 0; 
64270 : 0; 
64271 : 0; 
64272 : 0; 
64273 : 0; 
64274 : 0; 
64275 : 0; 
64276 : 0; 
64277 : 0; 
64278 : 0; 
64279 : 0; 
64280 : 0; 
64281 : 0; 
64282 : 0; 
64283 : 0; 
64284 : 0; 
64285 : 0; 
64286 : 0; 
64287 : 0; 
64288 : 0; 
64289 : 0; 
64290 : 0; 
64291 : 0; 
64292 : 0; 
64293 : 0; 
64294 : 0; 
64295 : 0; 
64296 : 0; 
64297 : 0; 
64298 : 0; 
64299 : 0; 
64300 : 0; 
64301 : 0; 
64302 : 0; 
64303 : 0; 
64304 : 0; 
64305 : 0; 
64306 : 0; 
64307 : 0; 
64308 : 0; 
64309 : 0; 
64310 : 0; 
64311 : 0; 
64312 : 0; 
64313 : 0; 
64314 : 0; 
64315 : 0; 
64316 : 0; 
64317 : 0; 
64318 : 0; 
64319 : 0; 
64320 : 0; 
64321 : 0; 
64322 : 0; 
64323 : 0; 
64324 : 0; 
64325 : 0; 
64326 : 0; 
64327 : 0; 
64328 : 0; 
64329 : 0; 
64330 : 0; 
64331 : 0; 
64332 : 0; 
64333 : 0; 
64334 : 0; 
64335 : 0; 
64336 : 0; 
64337 : 0; 
64338 : 0; 
64339 : 0; 
64340 : 0; 
64341 : 0; 
64342 : 0; 
64343 : 0; 
64344 : 0; 
64345 : 0; 
64346 : 0; 
64347 : 0; 
64348 : 0; 
64349 : 0; 
64350 : 0; 
64351 : 0; 
64352 : 0; 
64353 : 0; 
64354 : 0; 
64355 : 0; 
64356 : 0; 
64357 : 0; 
64358 : 0; 
64359 : 0; 
64360 : 0; 
64361 : 0; 
64362 : 0; 
64363 : 0; 
64364 : 0; 
64365 : 0; 
64366 : 0; 
64367 : 0; 
64368 : 0; 
64369 : 0; 
64370 : 0; 
64371 : 0; 
64372 : 0; 
64373 : 0; 
64374 : 0; 
64375 : 0; 
64376 : 0; 
64377 : 0; 
64378 : 0; 
64379 : 0; 
64380 : 0; 
64381 : 0; 
64382 : 0; 
64383 : 0; 
64384 : 2; 
64385 : 3; 
64386 : 3; 
64387 : 3; 
64388 : 3; 
64389 : 3; 
64390 : 3; 
64391 : 3; 
64392 : 3; 
64393 : 3; 
64394 : 3; 
64395 : 3; 
64396 : 3; 
64397 : 3; 
64398 : 3; 
64399 : 3; 
64400 : 3; 
64401 : 3; 
64402 : 3; 
64403 : 3; 
64404 : 3; 
64405 : 3; 
64406 : 3; 
64407 : 3; 
64408 : 3; 
64409 : 3; 
64410 : 3; 
64411 : 3; 
64412 : 3; 
64413 : 3; 
64414 : 3; 
64415 : 3; 
64416 : 3; 
64417 : 3; 
64418 : 3; 
64419 : 3; 
64420 : 3; 
64421 : 3; 
64422 : 3; 
64423 : 3; 
64424 : 3; 
64425 : 3; 
64426 : 3; 
64427 : 3; 
64428 : 3; 
64429 : 3; 
64430 : 3; 
64431 : 3; 
64432 : 3; 
64433 : 3; 
64434 : 3; 
64435 : 3; 
64436 : 3; 
64437 : 3; 
64438 : 3; 
64439 : 3; 
64440 : 3; 
64441 : 3; 
64442 : 3; 
64443 : 3; 
64444 : 3; 
64445 : 3; 
64446 : 3; 
64447 : 3; 
64448 : 3; 
64449 : 3; 
64450 : 3; 
64451 : 3; 
64452 : 3; 
64453 : 3; 
64454 : 3; 
64455 : 3; 
64456 : 3; 
64457 : 3; 
64458 : 3; 
64459 : 3; 
64460 : 3; 
64461 : 3; 
64462 : 3; 
64463 : 3; 
64464 : 3; 
64465 : 3; 
64466 : 3; 
64467 : 3; 
64468 : 3; 
64469 : 3; 
64470 : 3; 
64471 : 3; 
64472 : 3; 
64473 : 3; 
64474 : 3; 
64475 : 3; 
64476 : 3; 
64477 : 3; 
64478 : 3; 
64479 : 3; 
64480 : 3; 
64481 : 3; 
64482 : 3; 
64483 : 3; 
64484 : 3; 
64485 : 3; 
64486 : 3; 
64487 : 3; 
64488 : 3; 
64489 : 3; 
64490 : 3; 
64491 : 3; 
64492 : 3; 
64493 : 3; 
64494 : 3; 
64495 : 3; 
64496 : 3; 
64497 : 3; 
64498 : 3; 
64499 : 3; 
64500 : 3; 
64501 : 3; 
64502 : 3; 
64503 : 3; 
64504 : 3; 
64505 : 3; 
64506 : 3; 
64507 : 3; 
64508 : 2; 
64509 : 2; 
64510 : 2; 
64511 : 2; 
64512 : 1; 
64513 : 1; 
64514 : 1; 
64515 : 1; 
64516 : 1; 
64517 : 0; 
64518 : 0; 
64519 : 0; 
64520 : 0; 
64521 : 0; 
64522 : 0; 
64523 : 0; 
64524 : 0; 
64525 : 0; 
64526 : 0; 
64527 : 0; 
64528 : 0; 
64529 : 0; 
64530 : 0; 
64531 : 0; 
64532 : 0; 
64533 : 0; 
64534 : 0; 
64535 : 0; 
64536 : 0; 
64537 : 0; 
64538 : 0; 
64539 : 0; 
64540 : 0; 
64541 : 0; 
64542 : 0; 
64543 : 0; 
64544 : 0; 
64545 : 0; 
64546 : 0; 
64547 : 0; 
64548 : 0; 
64549 : 0; 
64550 : 0; 
64551 : 0; 
64552 : 0; 
64553 : 0; 
64554 : 0; 
64555 : 0; 
64556 : 0; 
64557 : 0; 
64558 : 0; 
64559 : 0; 
64560 : 0; 
64561 : 0; 
64562 : 0; 
64563 : 0; 
64564 : 0; 
64565 : 0; 
64566 : 0; 
64567 : 0; 
64568 : 0; 
64569 : 0; 
64570 : 0; 
64571 : 0; 
64572 : 0; 
64573 : 0; 
64574 : 0; 
64575 : 0; 
64576 : 0; 
64577 : 0; 
64578 : 0; 
64579 : 0; 
64580 : 0; 
64581 : 0; 
64582 : 0; 
64583 : 0; 
64584 : 0; 
64585 : 0; 
64586 : 0; 
64587 : 0; 
64588 : 0; 
64589 : 0; 
64590 : 0; 
64591 : 0; 
64592 : 0; 
64593 : 0; 
64594 : 0; 
64595 : 0; 
64596 : 0; 
64597 : 0; 
64598 : 0; 
64599 : 0; 
64600 : 0; 
64601 : 0; 
64602 : 0; 
64603 : 0; 
64604 : 0; 
64605 : 0; 
64606 : 0; 
64607 : 0; 
64608 : 0; 
64609 : 0; 
64610 : 0; 
64611 : 0; 
64612 : 0; 
64613 : 0; 
64614 : 0; 
64615 : 0; 
64616 : 0; 
64617 : 0; 
64618 : 0; 
64619 : 0; 
64620 : 0; 
64621 : 0; 
64622 : 0; 
64623 : 0; 
64624 : 0; 
64625 : 0; 
64626 : 0; 
64627 : 0; 
64628 : 0; 
64629 : 0; 
64630 : 0; 
64631 : 0; 
64632 : 0; 
64633 : 0; 
64634 : 0; 
64635 : 0; 
64636 : 0; 
64637 : 0; 
64638 : 0; 
64639 : 0; 
64640 : 2; 
64641 : 3; 
64642 : 3; 
64643 : 3; 
64644 : 3; 
64645 : 3; 
64646 : 3; 
64647 : 3; 
64648 : 3; 
64649 : 3; 
64650 : 3; 
64651 : 3; 
64652 : 3; 
64653 : 3; 
64654 : 3; 
64655 : 3; 
64656 : 3; 
64657 : 3; 
64658 : 3; 
64659 : 3; 
64660 : 3; 
64661 : 3; 
64662 : 3; 
64663 : 3; 
64664 : 3; 
64665 : 3; 
64666 : 3; 
64667 : 3; 
64668 : 3; 
64669 : 3; 
64670 : 3; 
64671 : 3; 
64672 : 3; 
64673 : 3; 
64674 : 3; 
64675 : 3; 
64676 : 3; 
64677 : 3; 
64678 : 3; 
64679 : 3; 
64680 : 3; 
64681 : 3; 
64682 : 3; 
64683 : 3; 
64684 : 3; 
64685 : 3; 
64686 : 3; 
64687 : 3; 
64688 : 3; 
64689 : 3; 
64690 : 3; 
64691 : 3; 
64692 : 3; 
64693 : 3; 
64694 : 3; 
64695 : 3; 
64696 : 3; 
64697 : 3; 
64698 : 3; 
64699 : 3; 
64700 : 3; 
64701 : 3; 
64702 : 3; 
64703 : 3; 
64704 : 3; 
64705 : 3; 
64706 : 3; 
64707 : 3; 
64708 : 3; 
64709 : 3; 
64710 : 3; 
64711 : 3; 
64712 : 3; 
64713 : 3; 
64714 : 3; 
64715 : 3; 
64716 : 3; 
64717 : 3; 
64718 : 3; 
64719 : 3; 
64720 : 3; 
64721 : 3; 
64722 : 3; 
64723 : 3; 
64724 : 3; 
64725 : 3; 
64726 : 3; 
64727 : 3; 
64728 : 3; 
64729 : 3; 
64730 : 3; 
64731 : 3; 
64732 : 3; 
64733 : 3; 
64734 : 3; 
64735 : 3; 
64736 : 3; 
64737 : 3; 
64738 : 3; 
64739 : 3; 
64740 : 3; 
64741 : 3; 
64742 : 3; 
64743 : 3; 
64744 : 3; 
64745 : 3; 
64746 : 3; 
64747 : 3; 
64748 : 3; 
64749 : 3; 
64750 : 3; 
64751 : 3; 
64752 : 3; 
64753 : 3; 
64754 : 3; 
64755 : 3; 
64756 : 3; 
64757 : 3; 
64758 : 3; 
64759 : 3; 
64760 : 3; 
64761 : 3; 
64762 : 3; 
64763 : 3; 
64764 : 3; 
64765 : 2; 
64766 : 2; 
64767 : 2; 
64768 : 1; 
64769 : 1; 
64770 : 1; 
64771 : 1; 
64772 : 0; 
64773 : 0; 
64774 : 0; 
64775 : 0; 
64776 : 0; 
64777 : 0; 
64778 : 0; 
64779 : 0; 
64780 : 0; 
64781 : 0; 
64782 : 0; 
64783 : 0; 
64784 : 0; 
64785 : 0; 
64786 : 0; 
64787 : 0; 
64788 : 0; 
64789 : 0; 
64790 : 0; 
64791 : 0; 
64792 : 0; 
64793 : 0; 
64794 : 0; 
64795 : 0; 
64796 : 0; 
64797 : 0; 
64798 : 0; 
64799 : 0; 
64800 : 0; 
64801 : 0; 
64802 : 0; 
64803 : 0; 
64804 : 0; 
64805 : 0; 
64806 : 0; 
64807 : 0; 
64808 : 0; 
64809 : 0; 
64810 : 0; 
64811 : 0; 
64812 : 0; 
64813 : 0; 
64814 : 0; 
64815 : 0; 
64816 : 0; 
64817 : 0; 
64818 : 0; 
64819 : 0; 
64820 : 0; 
64821 : 0; 
64822 : 0; 
64823 : 0; 
64824 : 0; 
64825 : 0; 
64826 : 0; 
64827 : 0; 
64828 : 0; 
64829 : 0; 
64830 : 0; 
64831 : 0; 
64832 : 0; 
64833 : 0; 
64834 : 0; 
64835 : 0; 
64836 : 0; 
64837 : 0; 
64838 : 0; 
64839 : 0; 
64840 : 0; 
64841 : 0; 
64842 : 0; 
64843 : 0; 
64844 : 0; 
64845 : 0; 
64846 : 0; 
64847 : 0; 
64848 : 0; 
64849 : 0; 
64850 : 0; 
64851 : 0; 
64852 : 0; 
64853 : 0; 
64854 : 0; 
64855 : 0; 
64856 : 0; 
64857 : 0; 
64858 : 0; 
64859 : 0; 
64860 : 0; 
64861 : 0; 
64862 : 0; 
64863 : 0; 
64864 : 0; 
64865 : 0; 
64866 : 0; 
64867 : 0; 
64868 : 0; 
64869 : 0; 
64870 : 0; 
64871 : 0; 
64872 : 0; 
64873 : 0; 
64874 : 0; 
64875 : 0; 
64876 : 0; 
64877 : 0; 
64878 : 0; 
64879 : 0; 
64880 : 0; 
64881 : 0; 
64882 : 0; 
64883 : 0; 
64884 : 0; 
64885 : 0; 
64886 : 0; 
64887 : 0; 
64888 : 0; 
64889 : 0; 
64890 : 0; 
64891 : 0; 
64892 : 0; 
64893 : 0; 
64894 : 0; 
64895 : 0; 
64896 : 2; 
64897 : 3; 
64898 : 3; 
64899 : 3; 
64900 : 3; 
64901 : 3; 
64902 : 3; 
64903 : 3; 
64904 : 3; 
64905 : 3; 
64906 : 3; 
64907 : 3; 
64908 : 3; 
64909 : 3; 
64910 : 3; 
64911 : 3; 
64912 : 3; 
64913 : 3; 
64914 : 3; 
64915 : 3; 
64916 : 3; 
64917 : 3; 
64918 : 3; 
64919 : 3; 
64920 : 3; 
64921 : 3; 
64922 : 3; 
64923 : 3; 
64924 : 3; 
64925 : 3; 
64926 : 3; 
64927 : 3; 
64928 : 3; 
64929 : 3; 
64930 : 3; 
64931 : 3; 
64932 : 3; 
64933 : 3; 
64934 : 3; 
64935 : 3; 
64936 : 3; 
64937 : 3; 
64938 : 3; 
64939 : 3; 
64940 : 3; 
64941 : 3; 
64942 : 3; 
64943 : 3; 
64944 : 3; 
64945 : 3; 
64946 : 3; 
64947 : 3; 
64948 : 3; 
64949 : 3; 
64950 : 3; 
64951 : 3; 
64952 : 3; 
64953 : 3; 
64954 : 3; 
64955 : 3; 
64956 : 3; 
64957 : 3; 
64958 : 3; 
64959 : 3; 
64960 : 3; 
64961 : 3; 
64962 : 3; 
64963 : 3; 
64964 : 3; 
64965 : 3; 
64966 : 3; 
64967 : 3; 
64968 : 3; 
64969 : 3; 
64970 : 3; 
64971 : 3; 
64972 : 3; 
64973 : 3; 
64974 : 3; 
64975 : 3; 
64976 : 3; 
64977 : 3; 
64978 : 3; 
64979 : 3; 
64980 : 3; 
64981 : 3; 
64982 : 3; 
64983 : 3; 
64984 : 3; 
64985 : 3; 
64986 : 3; 
64987 : 3; 
64988 : 3; 
64989 : 3; 
64990 : 3; 
64991 : 3; 
64992 : 3; 
64993 : 3; 
64994 : 3; 
64995 : 3; 
64996 : 3; 
64997 : 3; 
64998 : 3; 
64999 : 3; 
65000 : 3; 
65001 : 3; 
65002 : 3; 
65003 : 3; 
65004 : 3; 
65005 : 3; 
65006 : 3; 
65007 : 3; 
65008 : 3; 
65009 : 3; 
65010 : 3; 
65011 : 3; 
65012 : 3; 
65013 : 3; 
65014 : 3; 
65015 : 3; 
65016 : 3; 
65017 : 3; 
65018 : 3; 
65019 : 3; 
65020 : 3; 
65021 : 3; 
65022 : 2; 
65023 : 2; 
65024 : 1; 
65025 : 1; 
65026 : 1; 
65027 : 0; 
65028 : 0; 
65029 : 0; 
65030 : 0; 
65031 : 0; 
65032 : 0; 
65033 : 0; 
65034 : 0; 
65035 : 0; 
65036 : 0; 
65037 : 0; 
65038 : 0; 
65039 : 0; 
65040 : 0; 
65041 : 0; 
65042 : 0; 
65043 : 0; 
65044 : 0; 
65045 : 0; 
65046 : 0; 
65047 : 0; 
65048 : 0; 
65049 : 0; 
65050 : 0; 
65051 : 0; 
65052 : 0; 
65053 : 0; 
65054 : 0; 
65055 : 0; 
65056 : 0; 
65057 : 0; 
65058 : 0; 
65059 : 0; 
65060 : 0; 
65061 : 0; 
65062 : 0; 
65063 : 0; 
65064 : 0; 
65065 : 0; 
65066 : 0; 
65067 : 0; 
65068 : 0; 
65069 : 0; 
65070 : 0; 
65071 : 0; 
65072 : 0; 
65073 : 0; 
65074 : 0; 
65075 : 0; 
65076 : 0; 
65077 : 0; 
65078 : 0; 
65079 : 0; 
65080 : 0; 
65081 : 0; 
65082 : 0; 
65083 : 0; 
65084 : 0; 
65085 : 0; 
65086 : 0; 
65087 : 0; 
65088 : 0; 
65089 : 0; 
65090 : 0; 
65091 : 0; 
65092 : 0; 
65093 : 0; 
65094 : 0; 
65095 : 0; 
65096 : 0; 
65097 : 0; 
65098 : 0; 
65099 : 0; 
65100 : 0; 
65101 : 0; 
65102 : 0; 
65103 : 0; 
65104 : 0; 
65105 : 0; 
65106 : 0; 
65107 : 0; 
65108 : 0; 
65109 : 0; 
65110 : 0; 
65111 : 0; 
65112 : 0; 
65113 : 0; 
65114 : 0; 
65115 : 0; 
65116 : 0; 
65117 : 0; 
65118 : 0; 
65119 : 0; 
65120 : 0; 
65121 : 0; 
65122 : 0; 
65123 : 0; 
65124 : 0; 
65125 : 0; 
65126 : 0; 
65127 : 0; 
65128 : 0; 
65129 : 0; 
65130 : 0; 
65131 : 0; 
65132 : 0; 
65133 : 0; 
65134 : 0; 
65135 : 0; 
65136 : 0; 
65137 : 0; 
65138 : 0; 
65139 : 0; 
65140 : 0; 
65141 : 0; 
65142 : 0; 
65143 : 0; 
65144 : 0; 
65145 : 0; 
65146 : 0; 
65147 : 0; 
65148 : 0; 
65149 : 0; 
65150 : 0; 
65151 : 0; 
65152 : 2; 
65153 : 3; 
65154 : 3; 
65155 : 3; 
65156 : 3; 
65157 : 3; 
65158 : 3; 
65159 : 3; 
65160 : 3; 
65161 : 3; 
65162 : 3; 
65163 : 3; 
65164 : 3; 
65165 : 3; 
65166 : 3; 
65167 : 3; 
65168 : 3; 
65169 : 3; 
65170 : 3; 
65171 : 3; 
65172 : 3; 
65173 : 3; 
65174 : 3; 
65175 : 3; 
65176 : 3; 
65177 : 3; 
65178 : 3; 
65179 : 3; 
65180 : 3; 
65181 : 3; 
65182 : 3; 
65183 : 3; 
65184 : 3; 
65185 : 3; 
65186 : 3; 
65187 : 3; 
65188 : 3; 
65189 : 3; 
65190 : 3; 
65191 : 3; 
65192 : 3; 
65193 : 3; 
65194 : 3; 
65195 : 3; 
65196 : 3; 
65197 : 3; 
65198 : 3; 
65199 : 3; 
65200 : 3; 
65201 : 3; 
65202 : 3; 
65203 : 3; 
65204 : 3; 
65205 : 3; 
65206 : 3; 
65207 : 3; 
65208 : 3; 
65209 : 3; 
65210 : 3; 
65211 : 3; 
65212 : 3; 
65213 : 3; 
65214 : 3; 
65215 : 3; 
65216 : 3; 
65217 : 3; 
65218 : 3; 
65219 : 3; 
65220 : 3; 
65221 : 3; 
65222 : 3; 
65223 : 3; 
65224 : 3; 
65225 : 3; 
65226 : 3; 
65227 : 3; 
65228 : 3; 
65229 : 3; 
65230 : 3; 
65231 : 3; 
65232 : 3; 
65233 : 3; 
65234 : 3; 
65235 : 3; 
65236 : 3; 
65237 : 3; 
65238 : 3; 
65239 : 3; 
65240 : 3; 
65241 : 3; 
65242 : 3; 
65243 : 3; 
65244 : 3; 
65245 : 3; 
65246 : 3; 
65247 : 3; 
65248 : 3; 
65249 : 3; 
65250 : 3; 
65251 : 3; 
65252 : 3; 
65253 : 3; 
65254 : 3; 
65255 : 3; 
65256 : 3; 
65257 : 3; 
65258 : 3; 
65259 : 3; 
65260 : 3; 
65261 : 3; 
65262 : 3; 
65263 : 3; 
65264 : 3; 
65265 : 3; 
65266 : 3; 
65267 : 3; 
65268 : 3; 
65269 : 3; 
65270 : 3; 
65271 : 3; 
65272 : 3; 
65273 : 3; 
65274 : 3; 
65275 : 3; 
65276 : 3; 
65277 : 3; 
65278 : 3; 
65279 : 2; 
65280 : 1; 
65281 : 1; 
65282 : 0; 
65283 : 0; 
65284 : 0; 
65285 : 0; 
65286 : 0; 
65287 : 0; 
65288 : 0; 
65289 : 0; 
65290 : 0; 
65291 : 0; 
65292 : 0; 
65293 : 0; 
65294 : 0; 
65295 : 0; 
65296 : 0; 
65297 : 0; 
65298 : 0; 
65299 : 0; 
65300 : 0; 
65301 : 0; 
65302 : 0; 
65303 : 0; 
65304 : 0; 
65305 : 0; 
65306 : 0; 
65307 : 0; 
65308 : 0; 
65309 : 0; 
65310 : 0; 
65311 : 0; 
65312 : 0; 
65313 : 0; 
65314 : 0; 
65315 : 0; 
65316 : 0; 
65317 : 0; 
65318 : 0; 
65319 : 0; 
65320 : 0; 
65321 : 0; 
65322 : 0; 
65323 : 0; 
65324 : 0; 
65325 : 0; 
65326 : 0; 
65327 : 0; 
65328 : 0; 
65329 : 0; 
65330 : 0; 
65331 : 0; 
65332 : 0; 
65333 : 0; 
65334 : 0; 
65335 : 0; 
65336 : 0; 
65337 : 0; 
65338 : 0; 
65339 : 0; 
65340 : 0; 
65341 : 0; 
65342 : 0; 
65343 : 0; 
65344 : 0; 
65345 : 0; 
65346 : 0; 
65347 : 0; 
65348 : 0; 
65349 : 0; 
65350 : 0; 
65351 : 0; 
65352 : 0; 
65353 : 0; 
65354 : 0; 
65355 : 0; 
65356 : 0; 
65357 : 0; 
65358 : 0; 
65359 : 0; 
65360 : 0; 
65361 : 0; 
65362 : 0; 
65363 : 0; 
65364 : 0; 
65365 : 0; 
65366 : 0; 
65367 : 0; 
65368 : 0; 
65369 : 0; 
65370 : 0; 
65371 : 0; 
65372 : 0; 
65373 : 0; 
65374 : 0; 
65375 : 0; 
65376 : 0; 
65377 : 0; 
65378 : 0; 
65379 : 0; 
65380 : 0; 
65381 : 0; 
65382 : 0; 
65383 : 0; 
65384 : 0; 
65385 : 0; 
65386 : 0; 
65387 : 0; 
65388 : 0; 
65389 : 0; 
65390 : 0; 
65391 : 0; 
65392 : 0; 
65393 : 0; 
65394 : 0; 
65395 : 0; 
65396 : 0; 
65397 : 0; 
65398 : 0; 
65399 : 0; 
65400 : 0; 
65401 : 0; 
65402 : 0; 
65403 : 0; 
65404 : 0; 
65405 : 0; 
65406 : 0; 
65407 : 0; 
65408 : 2; 
65409 : 3; 
65410 : 3; 
65411 : 3; 
65412 : 3; 
65413 : 3; 
65414 : 3; 
65415 : 3; 
65416 : 3; 
65417 : 3; 
65418 : 3; 
65419 : 3; 
65420 : 3; 
65421 : 3; 
65422 : 3; 
65423 : 3; 
65424 : 3; 
65425 : 3; 
65426 : 3; 
65427 : 3; 
65428 : 3; 
65429 : 3; 
65430 : 3; 
65431 : 3; 
65432 : 3; 
65433 : 3; 
65434 : 3; 
65435 : 3; 
65436 : 3; 
65437 : 3; 
65438 : 3; 
65439 : 3; 
65440 : 3; 
65441 : 3; 
65442 : 3; 
65443 : 3; 
65444 : 3; 
65445 : 3; 
65446 : 3; 
65447 : 3; 
65448 : 3; 
65449 : 3; 
65450 : 3; 
65451 : 3; 
65452 : 3; 
65453 : 3; 
65454 : 3; 
65455 : 3; 
65456 : 3; 
65457 : 3; 
65458 : 3; 
65459 : 3; 
65460 : 3; 
65461 : 3; 
65462 : 3; 
65463 : 3; 
65464 : 3; 
65465 : 3; 
65466 : 3; 
65467 : 3; 
65468 : 3; 
65469 : 3; 
65470 : 3; 
65471 : 3; 
65472 : 3; 
65473 : 3; 
65474 : 3; 
65475 : 3; 
65476 : 3; 
65477 : 3; 
65478 : 3; 
65479 : 3; 
65480 : 3; 
65481 : 3; 
65482 : 3; 
65483 : 3; 
65484 : 3; 
65485 : 3; 
65486 : 3; 
65487 : 3; 
65488 : 3; 
65489 : 3; 
65490 : 3; 
65491 : 3; 
65492 : 3; 
65493 : 3; 
65494 : 3; 
65495 : 3; 
65496 : 3; 
65497 : 3; 
65498 : 3; 
65499 : 3; 
65500 : 3; 
65501 : 3; 
65502 : 3; 
65503 : 3; 
65504 : 3; 
65505 : 3; 
65506 : 3; 
65507 : 3; 
65508 : 3; 
65509 : 3; 
65510 : 3; 
65511 : 3; 
65512 : 3; 
65513 : 3; 
65514 : 3; 
65515 : 3; 
65516 : 3; 
65517 : 3; 
65518 : 3; 
65519 : 3; 
65520 : 3; 
65521 : 3; 
65522 : 3; 
65523 : 3; 
65524 : 3; 
65525 : 3; 
65526 : 3; 
65527 : 3; 
65528 : 3; 
65529 : 3; 
65530 : 3; 
65531 : 3; 
65532 : 3; 
65533 : 3; 
65534 : 3; 
65535 : 3; 
END;