WIDTH=8;
DEPTH=25472;

ADDRESS_RADIX=HEX;
DATA_RADIX=HEX;

CONTENT BEGIN
	0000  :   05;
	0001  :   ff;
	0002  :   f4;
	0003  :   fd;
	0004  :   fd;
	0005  :   02;
	0006  :   08;
	0007  :   fd;
	0008  :   f6;
	0009  :   02;
	000a  :   01;
	000b  :   f6;
	000c  :   fd;
	000d  :   08;
	000e  :   01;
	000f  :   f9;
	0010  :   f6;
	0011  :   fb;
	0012  :   fe;
	0013  :   fc;
	0014  :   08;
	0015  :   f9;
	0016  :   fd;
	0017  :   fe;
	0018  :   05;
	0019  :   04;
	001a  :   09;
	001b  :   f2;
	001c  :   f0;
	001d  :   08;
	001e  :   fd;
	001f  :   f3;
	0020  :   09;
	0021  :   f2;
	0022  :   f7;
	0023  :   f6;
	0024  :   f9;
	0025  :   f1;
	0026  :   fa;
	0027  :   f1;
	0028  :   09;
	0029  :   f9;
	002a  :   05;
	002b  :   fd;
	002c  :   f4;
	002d  :   f3;
	002e  :   f1;
	002f  :   f0;
	0030  :   fd;
	0031  :   ff;
	0032  :   07;
	0033  :   fc;
	0034  :   09;
	0035  :   fd;
	0036  :   06;
	0037  :   05;
	0038  :   f8;
	0039  :   f5;
	003a  :   02;
	003b  :   05;
	003c  :   f9;
	003d  :   01;
	003e  :   fb;
	003f  :   f7;
	0040  :   f2;
	0041  :   01;
	0042  :   03;
	0043  :   04;
	0044  :   f9;
	0045  :   00;
	0046  :   0b;
	0047  :   f9;
	0048  :   fa;
	0049  :   00;
	004a  :   01;
	004b  :   ff;
	004c  :   ff;
	004d  :   f3;
	004e  :   00;
	004f  :   f6;
	0050  :   f2;
	0051  :   07;
	0052  :   02;
	0053  :   02;
	0054  :   09;
	0055  :   fe;
	0056  :   ff;
	0057  :   0a;
	0058  :   f5;
	0059  :   f1;
	005a  :   fb;
	005b  :   03;
	005c  :   f2;
	005d  :   f6;
	005e  :   15;
	005f  :   f9;
	0060  :   f7;
	0061  :   17;
	0062  :   1a;
	0063  :   2b;
	0064  :   42;
	0065  :   3a;
	0066  :   11;
	0067  :   fb;
	0068  :   0a;
	0069  :   fa;
	006a  :   f2;
	006b  :   02;
	006c  :   fa;
	006d  :   04;
	006e  :   fb;
	006f  :   f9;
	0070  :   03;
	0071  :   f9;
	0072  :   01;
	0073  :   02;
	0074  :   03;
	0075  :   f3;
	0076  :   f9;
	0077  :   f2;
	0078  :   f6;
	0079  :   ef;
	007a  :   f0;
	007b  :   02;
	007c  :   f4;
	007d  :   1f;
	007e  :   16;
	007f  :   12;
	0080  :   14;
	0081  :   28;
	0082  :   0d;
	0083  :   08;
	0084  :   08;
	0085  :   f8;
	0086  :   f4;
	0087  :   e9;
	0088  :   ec;
	0089  :   00;
	008a  :   fa;
	008b  :   02;
	008c  :   f5;
	008d  :   f7;
	008e  :   04;
	008f  :   fa;
	0090  :   03;
	0091  :   08;
	0092  :   f1;
	0093  :   ee;
	0094  :   e8;
	0095  :   e5;
	0096  :   f3;
	0097  :   ee;
	0098  :   f5;
	0099  :   0a;
	009a  :   15;
	009b  :   20;
	009c  :   19;
	009d  :   0c;
	009e  :   13;
	009f  :   14;
	00a0  :   06;
	00a1  :   18;
	00a2  :   05;
	00a3  :   e5;
	00a4  :   03;
	00a5  :   04;
	00a6  :   ef;
	00a7  :   f6;
	00a8  :   f8;
	00a9  :   07;
	00aa  :   f6;
	00ab  :   06;
	00ac  :   13;
	00ad  :   fd;
	00ae  :   ee;
	00af  :   f4;
	00b0  :   e1;
	00b1  :   e0;
	00b2  :   f5;
	00b3  :   04;
	00b4  :   12;
	00b5  :   fe;
	00b6  :   e1;
	00b7  :   f2;
	00b8  :   fc;
	00b9  :   06;
	00ba  :   11;
	00bb  :   0e;
	00bc  :   0b;
	00bd  :   21;
	00be  :   29;
	00bf  :   01;
	00c0  :   e5;
	00c1  :   f7;
	00c2  :   f5;
	00c3  :   06;
	00c4  :   fc;
	00c5  :   02;
	00c6  :   f1;
	00c7  :   0e;
	00c8  :   04;
	00c9  :   e9;
	00ca  :   02;
	00cb  :   07;
	00cc  :   ef;
	00cd  :   f6;
	00ce  :   fc;
	00cf  :   11;
	00d0  :   14;
	00d1  :   e9;
	00d2  :   e8;
	00d3  :   fe;
	00d4  :   fb;
	00d5  :   0e;
	00d6  :   12;
	00d7  :   1e;
	00d8  :   02;
	00d9  :   12;
	00da  :   1c;
	00db  :   2a;
	00dc  :   08;
	00dd  :   f4;
	00de  :   eb;
	00df  :   08;
	00e0  :   03;
	00e1  :   f6;
	00e2  :   f2;
	00e3  :   fc;
	00e4  :   ee;
	00e5  :   e3;
	00e6  :   f2;
	00e7  :   0c;
	00e8  :   f7;
	00e9  :   f5;
	00ea  :   fb;
	00eb  :   05;
	00ec  :   07;
	00ed  :   ee;
	00ee  :   f0;
	00ef  :   06;
	00f0  :   12;
	00f1  :   0a;
	00f2  :   15;
	00f3  :   08;
	00f4  :   12;
	00f5  :   02;
	00f6  :   12;
	00f7  :   38;
	00f8  :   ff;
	00f9  :   ea;
	00fa  :   fb;
	00fb  :   09;
	00fc  :   f7;
	00fd  :   f5;
	00fe  :   f3;
	00ff  :   f9;
	0100  :   e3;
	0101  :   ca;
	0102  :   d6;
	0103  :   e0;
	0104  :   e3;
	0105  :   f5;
	0106  :   ec;
	0107  :   fd;
	0108  :   f6;
	0109  :   f7;
	010a  :   ed;
	010b  :   ea;
	010c  :   d4;
	010d  :   f5;
	010e  :   0c;
	010f  :   1a;
	0110  :   2b;
	0111  :   27;
	0112  :   23;
	0113  :   4c;
	0114  :   19;
	0115  :   f5;
	0116  :   f7;
	0117  :   06;
	0118  :   f7;
	0119  :   fa;
	011a  :   07;
	011b  :   04;
	011c  :   e7;
	011d  :   e0;
	011e  :   e3;
	011f  :   f1;
	0120  :   e5;
	0121  :   e8;
	0122  :   e5;
	0123  :   e7;
	0124  :   fc;
	0125  :   f6;
	0126  :   f3;
	0127  :   eb;
	0128  :   bf;
	0129  :   de;
	012a  :   e8;
	012b  :   09;
	012c  :   31;
	012d  :   35;
	012e  :   41;
	012f  :   43;
	0130  :   03;
	0131  :   de;
	0132  :   ed;
	0133  :   fe;
	0134  :   f1;
	0135  :   02;
	0136  :   1c;
	0137  :   1c;
	0138  :   f0;
	0139  :   de;
	013a  :   e5;
	013b  :   03;
	013c  :   ef;
	013d  :   fc;
	013e  :   fd;
	013f  :   fb;
	0140  :   ef;
	0141  :   0c;
	0142  :   f4;
	0143  :   e0;
	0144  :   bc;
	0145  :   cb;
	0146  :   ee;
	0147  :   0a;
	0148  :   0e;
	0149  :   14;
	014a  :   27;
	014b  :   3c;
	014c  :   18;
	014d  :   f4;
	014e  :   f6;
	014f  :   f4;
	0150  :   fb;
	0151  :   09;
	0152  :   09;
	0153  :   10;
	0154  :   00;
	0155  :   e4;
	0156  :   05;
	0157  :   f9;
	0158  :   f4;
	0159  :   0e;
	015a  :   26;
	015b  :   10;
	015c  :   14;
	015d  :   fc;
	015e  :   db;
	015f  :   c2;
	0160  :   ce;
	0161  :   d8;
	0162  :   fe;
	0163  :   0c;
	0164  :   0e;
	0165  :   13;
	0166  :   13;
	0167  :   16;
	0168  :   2f;
	0169  :   07;
	016a  :   f6;
	016b  :   f2;
	016c  :   ff;
	016d  :   06;
	016e  :   f8;
	016f  :   fc;
	0170  :   d8;
	0171  :   f2;
	0172  :   14;
	0173  :   14;
	0174  :   14;
	0175  :   29;
	0176  :   37;
	0177  :   1b;
	0178  :   11;
	0179  :   f8;
	017a  :   da;
	017b  :   c7;
	017c  :   c2;
	017d  :   e2;
	017e  :   07;
	017f  :   09;
	0180  :   0d;
	0181  :   02;
	0182  :   15;
	0183  :   0e;
	0184  :   29;
	0185  :   08;
	0186  :   fb;
	0187  :   f3;
	0188  :   f1;
	0189  :   ff;
	018a  :   07;
	018b  :   0c;
	018c  :   e7;
	018d  :   fe;
	018e  :   0f;
	018f  :   25;
	0190  :   22;
	0191  :   33;
	0192  :   48;
	0193  :   29;
	0194  :   f1;
	0195  :   df;
	0196  :   cd;
	0197  :   c6;
	0198  :   cf;
	0199  :   05;
	019a  :   1d;
	019b  :   20;
	019c  :   14;
	019d  :   01;
	019e  :   07;
	019f  :   0c;
	01a0  :   09;
	01a1  :   11;
	01a2  :   09;
	01a3  :   0a;
	01a4  :   05;
	01a5  :   02;
	01a6  :   03;
	01a7  :   0b;
	01a8  :   ee;
	01a9  :   17;
	01aa  :   0f;
	01ab  :   39;
	01ac  :   28;
	01ad  :   48;
	01ae  :   2a;
	01af  :   ea;
	01b0  :   b5;
	01b1  :   ab;
	01b2  :   b7;
	01b3  :   e1;
	01b4  :   00;
	01b5  :   0e;
	01b6  :   12;
	01b7  :   21;
	01b8  :   11;
	01b9  :   06;
	01ba  :   04;
	01bb  :   ed;
	01bc  :   ee;
	01bd  :   09;
	01be  :   f2;
	01bf  :   07;
	01c0  :   05;
	01c1  :   01;
	01c2  :   f9;
	01c3  :   f5;
	01c4  :   0e;
	01c5  :   16;
	01c6  :   28;
	01c7  :   35;
	01c8  :   3c;
	01c9  :   41;
	01ca  :   12;
	01cb  :   b2;
	01cc  :   80;
	01cd  :   ab;
	01ce  :   e6;
	01cf  :   f6;
	01d0  :   05;
	01d1  :   0e;
	01d2  :   f8;
	01d3  :   03;
	01d4  :   14;
	01d5  :   09;
	01d6  :   04;
	01d7  :   f7;
	01d8  :   ee;
	01d9  :   fc;
	01da  :   0b;
	01db  :   f6;
	01dc  :   06;
	01dd  :   f0;
	01de  :   f7;
	01df  :   ef;
	01e0  :   03;
	01e1  :   1f;
	01e2  :   1f;
	01e3  :   30;
	01e4  :   35;
	01e5  :   18;
	01e6  :   d2;
	01e7  :   99;
	01e8  :   be;
	01e9  :   e6;
	01ea  :   fe;
	01eb  :   0a;
	01ec  :   04;
	01ed  :   f3;
	01ee  :   fa;
	01ef  :   f3;
	01f0  :   fb;
	01f1  :   05;
	01f2  :   06;
	01f3  :   f2;
	01f4  :   fd;
	01f5  :   03;
	01f6  :   f8;
	01f7  :   f8;
	01f8  :   f5;
	01f9  :   fd;
	01fa  :   00;
	01fb  :   e9;
	01fc  :   06;
	01fd  :   26;
	01fe  :   25;
	01ff  :   1e;
	0200  :   11;
	0201  :   ed;
	0202  :   af;
	0203  :   a2;
	0204  :   c4;
	0205  :   ec;
	0206  :   e0;
	0207  :   dc;
	0208  :   ea;
	0209  :   fb;
	020a  :   fe;
	020b  :   e3;
	020c  :   ee;
	020d  :   fa;
	020e  :   06;
	020f  :   1c;
	0210  :   fb;
	0211  :   f1;
	0212  :   05;
	0213  :   f5;
	0214  :   09;
	0215  :   f3;
	0216  :   fd;
	0217  :   f0;
	0218  :   03;
	0219  :   14;
	021a  :   27;
	021b  :   2d;
	021c  :   04;
	021d  :   d3;
	021e  :   be;
	021f  :   cd;
	0220  :   f9;
	0221  :   fd;
	0222  :   dc;
	0223  :   e3;
	0224  :   e4;
	0225  :   fc;
	0226  :   eb;
	0227  :   f7;
	0228  :   f4;
	0229  :   0a;
	022a  :   28;
	022b  :   09;
	022c  :   fd;
	022d  :   fc;
	022e  :   f6;
	022f  :   f5;
	0230  :   02;
	0231  :   02;
	0232  :   fb;
	0233  :   04;
	0234  :   1b;
	0235  :   2b;
	0236  :   27;
	0237  :   40;
	0238  :   07;
	0239  :   eb;
	023a  :   e9;
	023b  :   ef;
	023c  :   f7;
	023d  :   ee;
	023e  :   e3;
	023f  :   df;
	0240  :   f5;
	0241  :   eb;
	0242  :   e9;
	0243  :   e0;
	0244  :   05;
	0245  :   22;
	0246  :   14;
	0247  :   eb;
	0248  :   e5;
	0249  :   fa;
	024a  :   f2;
	024b  :   f1;
	024c  :   f1;
	024d  :   ff;
	024e  :   0d;
	024f  :   1e;
	0250  :   16;
	0251  :   38;
	0252  :   38;
	0253  :   20;
	0254  :   0f;
	0255  :   f8;
	0256  :   02;
	0257  :   0a;
	0258  :   f8;
	0259  :   dc;
	025a  :   e9;
	025b  :   f3;
	025c  :   05;
	025d  :   03;
	025e  :   ef;
	025f  :   f6;
	0260  :   09;
	0261  :   10;
	0262  :   fa;
	0263  :   db;
	0264  :   fb;
	0265  :   03;
	0266  :   f8;
	0267  :   f1;
	0268  :   f3;
	0269  :   00;
	026a  :   09;
	026b  :   0d;
	026c  :   01;
	026d  :   3a;
	026e  :   55;
	026f  :   45;
	0270  :   31;
	0271  :   1e;
	0272  :   1c;
	0273  :   0a;
	0274  :   f5;
	0275  :   e9;
	0276  :   de;
	0277  :   f1;
	0278  :   0d;
	0279  :   14;
	027a  :   0b;
	027b  :   fd;
	027c  :   ea;
	027d  :   e5;
	027e  :   ea;
	027f  :   e1;
	0280  :   f0;
	0281  :   08;
	0282  :   f2;
	0283  :   00;
	0284  :   f8;
	0285  :   fb;
	0286  :   fd;
	0287  :   ed;
	0288  :   f4;
	0289  :   10;
	028a  :   42;
	028b  :   3b;
	028c  :   26;
	028d  :   14;
	028e  :   11;
	028f  :   10;
	0290  :   e8;
	0291  :   e6;
	0292  :   e5;
	0293  :   eb;
	0294  :   04;
	0295  :   0e;
	0296  :   f0;
	0297  :   dd;
	0298  :   d1;
	0299  :   d7;
	029a  :   f5;
	029b  :   ec;
	029c  :   e9;
	029d  :   fc;
	029e  :   02;
	029f  :   f2;
	02a0  :   09;
	02a1  :   ff;
	02a2  :   f9;
	02a3  :   f3;
	02a4  :   0b;
	02a5  :   1f;
	02a6  :   1d;
	02a7  :   04;
	02a8  :   1a;
	02a9  :   20;
	02aa  :   1c;
	02ab  :   17;
	02ac  :   fa;
	02ad  :   f3;
	02ae  :   f7;
	02af  :   f1;
	02b0  :   0a;
	02b1  :   16;
	02b2  :   f0;
	02b3  :   e9;
	02b4  :   ef;
	02b5  :   ff;
	02b6  :   f8;
	02b7  :   e5;
	02b8  :   f2;
	02b9  :   fd;
	02ba  :   07;
	02bb  :   f3;
	02bc  :   f9;
	02bd  :   00;
	02be  :   05;
	02bf  :   0a;
	02c0  :   07;
	02c1  :   e7;
	02c2  :   e8;
	02c3  :   e5;
	02c4  :   f5;
	02c5  :   0e;
	02c6  :   14;
	02c7  :   ff;
	02c8  :   06;
	02c9  :   fc;
	02ca  :   12;
	02cb  :   04;
	02cc  :   1e;
	02cd  :   0c;
	02ce  :   fc;
	02cf  :   f4;
	02d0  :   f2;
	02d1  :   03;
	02d2  :   fa;
	02d3  :   f1;
	02d4  :   f7;
	02d5  :   f8;
	02d6  :   f1;
	02d7  :   08;
	02d8  :   03;
	02d9  :   02;
	02da  :   f3;
	02db  :   02;
	02dc  :   f1;
	02dd  :   e3;
	02de  :   da;
	02df  :   f4;
	02e0  :   f8;
	02e1  :   fd;
	02e2  :   fb;
	02e3  :   03;
	02e4  :   0d;
	02e5  :   0e;
	02e6  :   05;
	02e7  :   17;
	02e8  :   1b;
	02e9  :   1d;
	02ea  :   f7;
	02eb  :   00;
	02ec  :   ff;
	02ed  :   00;
	02ee  :   0c;
	02ef  :   02;
	02f0  :   f7;
	02f1  :   f2;
	02f2  :   08;
	02f3  :   f1;
	02f4  :   09;
	02f5  :   08;
	02f6  :   fb;
	02f7  :   f5;
	02f8  :   f5;
	02f9  :   f6;
	02fa  :   f8;
	02fb  :   03;
	02fc  :   f3;
	02fd  :   f9;
	02fe  :   fd;
	02ff  :   01;
	0300  :   04;
	0301  :   0b;
	0302  :   fb;
	0303  :   0d;
	0304  :   03;
	0305  :   06;
	0306  :   fd;
	0307  :   f8;
	0308  :   fd;
	0309  :   02;
	030a  :   09;
	030b  :   f8;
	030c  :   06;
	030d  :   08;
	030e  :   fb;
	030f  :   ff;
	0310  :   f5;
	0311  :   03;
	0312  :   10;
	0313  :   df;
	0314  :   10;
	0315  :   e4;
	0316  :   08;
	0317  :   0c;
	0318  :   0e;
	0319  :   f3;
	031a  :   07;
	031b  :   e3;
	031c  :   f6;
	031d  :   fd;
	031e  :   02;
	031f  :   ea;
	0320  :   04;
	0321  :   f8;
	0322  :   f0;
	0323  :   f3;
	0324  :   08;
	0325  :   ef;
	0326  :   08;
	0327  :   f0;
	0328  :   fc;
	0329  :   ec;
	032a  :   11;
	032b  :   e5;
	032c  :   ff;
	032d  :   fb;
	032e  :   fe;
	032f  :   02;
	0330  :   f1;
	0331  :   f2;
	0332  :   f5;
	0333  :   07;
	0334  :   0e;
	0335  :   f3;
	0336  :   0b;
	0337  :   e1;
	0338  :   fd;
	0339  :   11;
	033a  :   f8;
	033b  :   f6;
	033c  :   fb;
	033d  :   09;
	033e  :   e5;
	033f  :   08;
	0340  :   e1;
	0341  :   f2;
	0342  :   e5;
	0343  :   ed;
	0344  :   ea;
	0345  :   e8;
	0346  :   10;
	0347  :   0b;
	0348  :   00;
	0349  :   ef;
	034a  :   05;
	034b  :   03;
	034c  :   f1;
	034d  :   f2;
	034e  :   01;
	034f  :   e7;
	0350  :   10;
	0351  :   0b;
	0352  :   f5;
	0353  :   f0;
	0354  :   f0;
	0355  :   ff;
	0356  :   ef;
	0357  :   e8;
	0358  :   d7;
	0359  :   dc;
	035a  :   ea;
	035b  :   e3;
	035c  :   ec;
	035d  :   f2;
	035e  :   fa;
	035f  :   df;
	0360  :   f6;
	0361  :   ff;
	0362  :   f1;
	0363  :   e5;
	0364  :   e4;
	0365  :   f6;
	0366  :   eb;
	0367  :   ee;
	0368  :   13;
	0369  :   ee;
	036a  :   fa;
	036b  :   e3;
	036c  :   02;
	036d  :   e4;
	036e  :   05;
	036f  :   e9;
	0370  :   e3;
	0371  :   eb;
	0372  :   16;
	0373  :   f9;
	0374  :   f3;
	0375  :   d8;
	0376  :   d5;
	0377  :   e1;
	0378  :   cd;
	0379  :   ea;
	037a  :   f5;
	037b  :   eb;
	037c  :   09;
	037d  :   ea;
	037e  :   07;
	037f  :   02;
	0380  :   ec;
	0381  :   02;
	0382  :   e5;
	0383  :   f6;
	0384  :   0b;
	0385  :   f9;
	0386  :   ff;
	0387  :   f9;
	0388  :   e1;
	0389  :   cd;
	038a  :   bf;
	038b  :   db;
	038c  :   f9;
	038d  :   0b;
	038e  :   19;
	038f  :   2a;
	0390  :   10;
	0391  :   33;
	0392  :   0e;
	0393  :   de;
	0394  :   d1;
	0395  :   f3;
	0396  :   fc;
	0397  :   fb;
	0398  :   1a;
	0399  :   09;
	039a  :   12;
	039b  :   06;
	039c  :   07;
	039d  :   f2;
	039e  :   e3;
	039f  :   ec;
	03a0  :   03;
	03a1  :   c0;
	03a2  :   b3;
	03a3  :   b7;
	03a4  :   af;
	03a5  :   9f;
	03a6  :   b7;
	03a7  :   f6;
	03a8  :   13;
	03a9  :   35;
	03aa  :   19;
	03ab  :   2c;
	03ac  :   16;
	03ad  :   49;
	03ae  :   4a;
	03af  :   0d;
	03b0  :   03;
	03b1  :   08;
	03b2  :   0a;
	03b3  :   ef;
	03b4  :   f2;
	03b5  :   1e;
	03b6  :   f2;
	03b7  :   df;
	03b8  :   f8;
	03b9  :   f3;
	03ba  :   12;
	03bb  :   f5;
	03bc  :   cb;
	03bd  :   d8;
	03be  :   af;
	03bf  :   c4;
	03c0  :   a8;
	03c1  :   a8;
	03c2  :   bb;
	03c3  :   07;
	03c4  :   2d;
	03c5  :   1c;
	03c6  :   4a;
	03c7  :   4b;
	03c8  :   3b;
	03c9  :   4e;
	03ca  :   4b;
	03cb  :   3c;
	03cc  :   20;
	03cd  :   11;
	03ce  :   16;
	03cf  :   ec;
	03d0  :   ec;
	03d1  :   09;
	03d2  :   07;
	03d3  :   f3;
	03d4  :   e2;
	03d5  :   03;
	03d6  :   e3;
	03d7  :   e8;
	03d8  :   f1;
	03d9  :   e3;
	03da  :   bd;
	03db  :   9b;
	03dc  :   ca;
	03dd  :   e0;
	03de  :   04;
	03df  :   33;
	03e0  :   0c;
	03e1  :   26;
	03e2  :   fd;
	03e3  :   31;
	03e4  :   33;
	03e5  :   38;
	03e6  :   3b;
	03e7  :   2f;
	03e8  :   05;
	03e9  :   0a;
	03ea  :   07;
	03eb  :   ff;
	03ec  :   22;
	03ed  :   40;
	03ee  :   fd;
	03ef  :   f6;
	03f0  :   f9;
	03f1  :   e4;
	03f2  :   ea;
	03f3  :   e5;
	03f4  :   df;
	03f5  :   d0;
	03f6  :   c6;
	03f7  :   aa;
	03f8  :   ba;
	03f9  :   ec;
	03fa  :   1a;
	03fb  :   14;
	03fc  :   2c;
	03fd  :   00;
	03fe  :   05;
	03ff  :   e6;
	0400  :   20;
	0401  :   11;
	0402  :   31;
	0403  :   00;
	0404  :   12;
	0405  :   05;
	0406  :   f4;
	0407  :   37;
	0408  :   6b;
	0409  :   26;
	040a  :   f9;
	040b  :   ee;
	040c  :   02;
	040d  :   09;
	040e  :   e7;
	040f  :   00;
	0410  :   db;
	0411  :   c9;
	0412  :   df;
	0413  :   c5;
	0414  :   d2;
	0415  :   0b;
	0416  :   fe;
	0417  :   43;
	0418  :   1b;
	0419  :   0e;
	041a  :   ce;
	041b  :   af;
	041c  :   e4;
	041d  :   f5;
	041e  :   21;
	041f  :   0f;
	0420  :   2b;
	0421  :   08;
	0422  :   ff;
	0423  :   4a;
	0424  :   51;
	0425  :   21;
	0426  :   fe;
	0427  :   d6;
	0428  :   f1;
	0429  :   ec;
	042a  :   06;
	042b  :   f1;
	042c  :   c7;
	042d  :   e2;
	042e  :   09;
	042f  :   e8;
	0430  :   10;
	0431  :   36;
	0432  :   2d;
	0433  :   49;
	0434  :   3f;
	0435  :   ef;
	0436  :   e9;
	0437  :   b8;
	0438  :   c5;
	0439  :   f7;
	043a  :   ff;
	043b  :   08;
	043c  :   06;
	043d  :   1d;
	043e  :   0d;
	043f  :   57;
	0440  :   3e;
	0441  :   1d;
	0442  :   1a;
	0443  :   07;
	0444  :   0f;
	0445  :   ee;
	0446  :   d8;
	0447  :   e5;
	0448  :   cb;
	0449  :   e0;
	044a  :   04;
	044b  :   41;
	044c  :   2b;
	044d  :   29;
	044e  :   05;
	044f  :   25;
	0450  :   03;
	0451  :   1d;
	0452  :   f9;
	0453  :   ee;
	0454  :   d2;
	0455  :   dd;
	0456  :   e2;
	0457  :   07;
	0458  :   01;
	0459  :   37;
	045a  :   45;
	045b  :   5d;
	045c  :   54;
	045d  :   09;
	045e  :   07;
	045f  :   00;
	0460  :   ff;
	0461  :   f6;
	0462  :   07;
	0463  :   eb;
	0464  :   08;
	0465  :   e5;
	0466  :   2c;
	0467  :   1d;
	0468  :   14;
	0469  :   24;
	046a  :   02;
	046b  :   0b;
	046c  :   f1;
	046d  :   24;
	046e  :   eb;
	046f  :   ef;
	0470  :   c6;
	0471  :   bb;
	0472  :   f4;
	0473  :   0e;
	0474  :   1a;
	0475  :   41;
	0476  :   3b;
	0477  :   55;
	0478  :   0d;
	0479  :   0a;
	047a  :   fd;
	047b  :   04;
	047c  :   06;
	047d  :   e3;
	047e  :   0a;
	047f  :   e7;
	0480  :   0a;
	0481  :   ef;
	0482  :   ff;
	0483  :   f4;
	0484  :   eb;
	0485  :   f2;
	0486  :   2c;
	0487  :   23;
	0488  :   0a;
	0489  :   36;
	048a  :   f9;
	048b  :   f6;
	048c  :   cf;
	048d  :   d9;
	048e  :   e1;
	048f  :   01;
	0490  :   f5;
	0491  :   05;
	0492  :   30;
	0493  :   19;
	0494  :   1a;
	0495  :   e3;
	0496  :   11;
	0497  :   11;
	0498  :   e3;
	0499  :   e9;
	049a  :   fa;
	049b  :   fb;
	049c  :   12;
	049d  :   fe;
	049e  :   06;
	049f  :   01;
	04a0  :   e7;
	04a1  :   da;
	04a2  :   13;
	04a3  :   34;
	04a4  :   05;
	04a5  :   29;
	04a6  :   f0;
	04a7  :   df;
	04a8  :   e1;
	04a9  :   e3;
	04aa  :   f0;
	04ab  :   e8;
	04ac  :   e8;
	04ad  :   05;
	04ae  :   1e;
	04af  :   1d;
	04b0  :   f5;
	04b1  :   e4;
	04b2  :   13;
	04b3  :   0c;
	04b4  :   0f;
	04b5  :   e0;
	04b6  :   de;
	04b7  :   d6;
	04b8  :   07;
	04b9  :   2f;
	04ba  :   35;
	04bb  :   f1;
	04bc  :   da;
	04bd  :   ce;
	04be  :   fb;
	04bf  :   11;
	04c0  :   fe;
	04c1  :   ef;
	04c2  :   ed;
	04c3  :   fa;
	04c4  :   d3;
	04c5  :   fb;
	04c6  :   01;
	04c7  :   dd;
	04c8  :   e0;
	04c9  :   f8;
	04ca  :   f3;
	04cb  :   0b;
	04cc  :   21;
	04cd  :   f3;
	04ce  :   0a;
	04cf  :   e1;
	04d0  :   02;
	04d1  :   fe;
	04d2  :   fa;
	04d3  :   df;
	04d4  :   24;
	04d5  :   32;
	04d6  :   0d;
	04d7  :   ff;
	04d8  :   f7;
	04d9  :   d8;
	04da  :   ef;
	04db  :   f1;
	04dc  :   05;
	04dd  :   d8;
	04de  :   f9;
	04df  :   03;
	04e0  :   02;
	04e1  :   08;
	04e2  :   02;
	04e3  :   dd;
	04e4  :   d4;
	04e5  :   ed;
	04e6  :   ee;
	04e7  :   22;
	04e8  :   f6;
	04e9  :   1e;
	04ea  :   f6;
	04eb  :   fc;
	04ec  :   dd;
	04ed  :   0d;
	04ee  :   06;
	04ef  :   f0;
	04f0  :   18;
	04f1  :   15;
	04f2  :   34;
	04f3  :   2b;
	04f4  :   0e;
	04f5  :   f3;
	04f6  :   e9;
	04f7  :   fc;
	04f8  :   d5;
	04f9  :   b9;
	04fa  :   c2;
	04fb  :   f6;
	04fc  :   1b;
	04fd  :   32;
	04fe  :   ca;
	04ff  :   d0;
	0500  :   cd;
	0501  :   cc;
	0502  :   fb;
	0503  :   f7;
	0504  :   f9;
	0505  :   e3;
	0506  :   ef;
	0507  :   0b;
	0508  :   0d;
	0509  :   f4;
	050a  :   08;
	050b  :   07;
	050c  :   23;
	050d  :   3e;
	050e  :   69;
	050f  :   35;
	0510  :   0e;
	0511  :   f9;
	0512  :   05;
	0513  :   d8;
	0514  :   b0;
	0515  :   bb;
	0516  :   c4;
	0517  :   24;
	0518  :   37;
	0519  :   14;
	051a  :   08;
	051b  :   d3;
	051c  :   d9;
	051d  :   d9;
	051e  :   f4;
	051f  :   07;
	0520  :   d9;
	0521  :   fa;
	0522  :   09;
	0523  :   10;
	0524  :   01;
	0525  :   f3;
	0526  :   e6;
	0527  :   05;
	0528  :   0e;
	0529  :   28;
	052a  :   21;
	052b  :   2c;
	052c  :   17;
	052d  :   18;
	052e  :   29;
	052f  :   f2;
	0530  :   bc;
	0531  :   d2;
	0532  :   f1;
	0533  :   f1;
	0534  :   15;
	0535  :   3b;
	0536  :   26;
	0537  :   0a;
	0538  :   ea;
	0539  :   f4;
	053a  :   05;
	053b  :   00;
	053c  :   f6;
	053d  :   d6;
	053e  :   ef;
	053f  :   e6;
	0540  :   0b;
	0541  :   06;
	0542  :   f5;
	0543  :   ec;
	0544  :   2e;
	0545  :   5e;
	0546  :   2c;
	0547  :   2a;
	0548  :   29;
	0549  :   20;
	054a  :   17;
	054b  :   10;
	054c  :   cb;
	054d  :   eb;
	054e  :   db;
	054f  :   e6;
	0550  :   fa;
	0551  :   10;
	0552  :   d9;
	0553  :   df;
	0554  :   ae;
	0555  :   bb;
	0556  :   f9;
	0557  :   e7;
	0558  :   f6;
	0559  :   f6;
	055a  :   fc;
	055b  :   f2;
	055c  :   12;
	055d  :   e3;
	055e  :   e5;
	055f  :   05;
	0560  :   fd;
	0561  :   f7;
	0562  :   20;
	0563  :   12;
	0564  :   18;
	0565  :   3a;
	0566  :   18;
	0567  :   26;
	0568  :   21;
	0569  :   14;
	056a  :   dd;
	056b  :   fa;
	056c  :   d4;
	056d  :   f4;
	056e  :   9e;
	056f  :   9f;
	0570  :   80;
	0571  :   cd;
	0572  :   f0;
	0573  :   f4;
	0574  :   d8;
	0575  :   f0;
	0576  :   f7;
	0577  :   fc;
	0578  :   05;
	0579  :   f3;
	057a  :   09;
	057b  :   08;
	057c  :   02;
	057d  :   cc;
	057e  :   06;
	057f  :   38;
	0580  :   16;
	0581  :   39;
	0582  :   1e;
	0583  :   23;
	0584  :   3f;
	0585  :   43;
	0586  :   1f;
	0587  :   ee;
	0588  :   d6;
	0589  :   e3;
	058a  :   cc;
	058b  :   a5;
	058c  :   b2;
	058d  :   b1;
	058e  :   fe;
	058f  :   0a;
	0590  :   12;
	0591  :   ef;
	0592  :   0a;
	0593  :   e8;
	0594  :   fd;
	0595  :   02;
	0596  :   f1;
	0597  :   f4;
	0598  :   03;
	0599  :   de;
	059a  :   e1;
	059b  :   1d;
	059c  :   38;
	059d  :   26;
	059e  :   3e;
	059f  :   3a;
	05a0  :   2c;
	05a1  :   3f;
	05a2  :   21;
	05a3  :   12;
	05a4  :   24;
	05a5  :   e7;
	05a6  :   b4;
	05a7  :   c6;
	05a8  :   c9;
	05a9  :   cc;
	05aa  :   21;
	05ab  :   19;
	05ac  :   fd;
	05ad  :   e5;
	05ae  :   fc;
	05af  :   f0;
	05b0  :   01;
	05b1  :   08;
	05b2  :   de;
	05b3  :   f5;
	05b4  :   f4;
	05b5  :   cc;
	05b6  :   fa;
	05b7  :   ec;
	05b8  :   35;
	05b9  :   2f;
	05ba  :   15;
	05bb  :   02;
	05bc  :   4b;
	05bd  :   2e;
	05be  :   24;
	05bf  :   29;
	05c0  :   26;
	05c1  :   f7;
	05c2  :   14;
	05c3  :   29;
	05c4  :   2e;
	05c5  :   09;
	05c6  :   ee;
	05c7  :   f7;
	05c8  :   19;
	05c9  :   ec;
	05ca  :   e0;
	05cb  :   09;
	05cc  :   f1;
	05cd  :   e9;
	05ce  :   04;
	05cf  :   10;
	05d0  :   dc;
	05d1  :   f0;
	05d2  :   0a;
	05d3  :   f2;
	05d4  :   e3;
	05d5  :   07;
	05d6  :   fc;
	05d7  :   2c;
	05d8  :   eb;
	05d9  :   00;
	05da  :   2a;
	05db  :   5b;
	05dc  :   53;
	05dd  :   41;
	05de  :   2c;
	05df  :   21;
	05e0  :   2d;
	05e1  :   ec;
	05e2  :   f7;
	05e3  :   17;
	05e4  :   e5;
	05e5  :   0d;
	05e6  :   ef;
	05e7  :   ee;
	05e8  :   12;
	05e9  :   00;
	05ea  :   0a;
	05eb  :   fb;
	05ec  :   f9;
	05ed  :   14;
	05ee  :   f0;
	05ef  :   14;
	05f0  :   11;
	05f1  :   e2;
	05f2  :   f8;
	05f3  :   0b;
	05f4  :   10;
	05f5  :   1a;
	05f6  :   16;
	05f7  :   0d;
	05f8  :   f3;
	05f9  :   10;
	05fa  :   04;
	05fb  :   16;
	05fc  :   10;
	05fd  :   0f;
	05fe  :   f3;
	05ff  :   03;
	0600  :   ee;
	0601  :   e0;
	0602  :   e6;
	0603  :   0c;
	0604  :   00;
	0605  :   0f;
	0606  :   fb;
	0607  :   f9;
	0608  :   e8;
	0609  :   ff;
	060a  :   eb;
	060b  :   f5;
	060c  :   ea;
	060d  :   03;
	060e  :   02;
	060f  :   e9;
	0610  :   ee;
	0611  :   04;
	0612  :   04;
	0613  :   fd;
	0614  :   e3;
	0615  :   00;
	0616  :   06;
	0617  :   f9;
	0618  :   08;
	0619  :   ec;
	061a  :   fb;
	061b  :   fe;
	061c  :   e4;
	061d  :   e8;
	061e  :   fa;
	061f  :   09;
	0620  :   19;
	0621  :   17;
	0622  :   ff;
	0623  :   0a;
	0624  :   1c;
	0625  :   17;
	0626  :   12;
	0627  :   1b;
	0628  :   fb;
	0629  :   13;
	062a  :   0c;
	062b  :   14;
	062c  :   0e;
	062d  :   0f;
	062e  :   0e;
	062f  :   08;
	0630  :   21;
	0631  :   02;
	0632  :   13;
	0633  :   05;
	0634  :   0f;
	0635  :   06;
	0636  :   14;
	0637  :   03;
	0638  :   fc;
	0639  :   1b;
	063a  :   10;
	063b  :   16;
	063c  :   07;
	063d  :   04;
	063e  :   21;
	063f  :   0e;
	0640  :   1e;
	0641  :   1a;
	0642  :   07;
	0643  :   14;
	0644  :   16;
	0645  :   1f;
	0646  :   1c;
	0647  :   1e;
	0648  :   01;
	0649  :   20;
	064a  :   20;
	064b  :   0e;
	064c  :   02;
	064d  :   0e;
	064e  :   2b;
	064f  :   29;
	0650  :   10;
	0651  :   1b;
	0652  :   1b;
	0653  :   10;
	0654  :   01;
	0655  :   22;
	0656  :   08;
	0657  :   17;
	0658  :   1e;
	0659  :   08;
	065a  :   01;
	065b  :   16;
	065c  :   03;
	065d  :   fd;
	065e  :   1e;
	065f  :   22;
	0660  :   1b;
	0661  :   ff;
	0662  :   0c;
	0663  :   1a;
	0664  :   fd;
	0665  :   0f;
	0666  :   1c;
	0667  :   16;
	0668  :   18;
	0669  :   1c;
	066a  :   29;
	066b  :   3d;
	066c  :   2f;
	066d  :   23;
	066e  :   29;
	066f  :   21;
	0670  :   0d;
	0671  :   00;
	0672  :   21;
	0673  :   21;
	0674  :   08;
	0675  :   15;
	0676  :   04;
	0677  :   0a;
	0678  :   0b;
	0679  :   0d;
	067a  :   0a;
	067b  :   0b;
	067c  :   10;
	067d  :   f1;
	067e  :   d7;
	067f  :   ee;
	0680  :   bf;
	0681  :   c6;
	0682  :   f0;
	0683  :   e8;
	0684  :   f6;
	0685  :   0a;
	0686  :   34;
	0687  :   28;
	0688  :   36;
	0689  :   34;
	068a  :   3d;
	068b  :   22;
	068c  :   2d;
	068d  :   16;
	068e  :   1a;
	068f  :   fe;
	0690  :   fe;
	0691  :   09;
	0692  :   12;
	0693  :   fc;
	0694  :   0c;
	0695  :   07;
	0696  :   fb;
	0697  :   06;
	0698  :   f8;
	0699  :   e5;
	069a  :   c3;
	069b  :   99;
	069c  :   93;
	069d  :   c2;
	069e  :   ed;
	069f  :   05;
	06a0  :   0d;
	06a1  :   29;
	06a2  :   12;
	06a3  :   04;
	06a4  :   23;
	06a5  :   23;
	06a6  :   2a;
	06a7  :   2d;
	06a8  :   1a;
	06a9  :   fd;
	06aa  :   04;
	06ab  :   14;
	06ac  :   23;
	06ad  :   0a;
	06ae  :   15;
	06af  :   09;
	06b0  :   f9;
	06b1  :   eb;
	06b2  :   dc;
	06b3  :   fb;
	06b4  :   e6;
	06b5  :   e0;
	06b6  :   c4;
	06b7  :   df;
	06b8  :   ff;
	06b9  :   f2;
	06ba  :   0b;
	06bb  :   f5;
	06bc  :   ef;
	06bd  :   08;
	06be  :   fd;
	06bf  :   1a;
	06c0  :   27;
	06c1  :   0d;
	06c2  :   12;
	06c3  :   04;
	06c4  :   2a;
	06c5  :   02;
	06c6  :   04;
	06c7  :   11;
	06c8  :   05;
	06c9  :   17;
	06ca  :   10;
	06cb  :   fa;
	06cc  :   07;
	06cd  :   f5;
	06ce  :   e5;
	06cf  :   e5;
	06d0  :   da;
	06d1  :   d1;
	06d2  :   cd;
	06d3  :   f4;
	06d4  :   ff;
	06d5  :   18;
	06d6  :   00;
	06d7  :   f4;
	06d8  :   f5;
	06d9  :   04;
	06da  :   07;
	06db  :   14;
	06dc  :   23;
	06dd  :   1c;
	06de  :   02;
	06df  :   19;
	06e0  :   25;
	06e1  :   0d;
	06e2  :   f9;
	06e3  :   00;
	06e4  :   08;
	06e5  :   08;
	06e6  :   21;
	06e7  :   17;
	06e8  :   1a;
	06e9  :   e8;
	06ea  :   e9;
	06eb  :   c5;
	06ec  :   c0;
	06ed  :   04;
	06ee  :   11;
	06ef  :   05;
	06f0  :   2c;
	06f1  :   20;
	06f2  :   24;
	06f3  :   24;
	06f4  :   14;
	06f5  :   06;
	06f6  :   23;
	06f7  :   11;
	06f8  :   14;
	06f9  :   0c;
	06fa  :   f8;
	06fb  :   14;
	06fc  :   1c;
	06fd  :   03;
	06fe  :   08;
	06ff  :   05;
	0700  :   ff;
	0701  :   fd;
	0702  :   10;
	0703  :   fb;
	0704  :   06;
	0705  :   fc;
	0706  :   ef;
	0707  :   ec;
	0708  :   dc;
	0709  :   ff;
	070a  :   17;
	070b  :   21;
	070c  :   08;
	070d  :   23;
	070e  :   0e;
	070f  :   0d;
	0710  :   fb;
	0711  :   de;
	0712  :   07;
	0713  :   f2;
	0714  :   fa;
	0715  :   08;
	0716  :   d0;
	0717  :   f9;
	0718  :   1a;
	0719  :   09;
	071a  :   00;
	071b  :   13;
	071c  :   08;
	071d  :   07;
	071e  :   02;
	071f  :   ed;
	0720  :   f6;
	0721  :   e0;
	0722  :   e6;
	0723  :   df;
	0724  :   ec;
	0725  :   f7;
	0726  :   04;
	0727  :   0e;
	0728  :   1d;
	0729  :   0d;
	072a  :   0f;
	072b  :   d7;
	072c  :   bf;
	072d  :   bc;
	072e  :   c3;
	072f  :   bf;
	0730  :   b9;
	0731  :   db;
	0732  :   e3;
	0733  :   f0;
	0734  :   12;
	0735  :   08;
	0736  :   1f;
	0737  :   fe;
	0738  :   fe;
	0739  :   03;
	073a  :   fb;
	073b  :   ee;
	073c  :   ed;
	073d  :   f4;
	073e  :   d2;
	073f  :   c5;
	0740  :   dd;
	0741  :   f8;
	0742  :   02;
	0743  :   0c;
	0744  :   32;
	0745  :   07;
	0746  :   fc;
	0747  :   e2;
	0748  :   e3;
	0749  :   d5;
	074a  :   f3;
	074b  :   cf;
	074c  :   ce;
	074d  :   cb;
	074e  :   d3;
	074f  :   fc;
	0750  :   fc;
	0751  :   ef;
	0752  :   07;
	0753  :   fc;
	0754  :   06;
	0755  :   20;
	0756  :   0e;
	0757  :   ff;
	0758  :   f5;
	0759  :   f2;
	075a  :   d9;
	075b  :   d1;
	075c  :   fb;
	075d  :   0a;
	075e  :   27;
	075f  :   32;
	0760  :   4e;
	0761  :   56;
	0762  :   2f;
	0763  :   03;
	0764  :   ec;
	0765  :   04;
	0766  :   f6;
	0767  :   d3;
	0768  :   f7;
	0769  :   12;
	076a  :   09;
	076b  :   f7;
	076c  :   f3;
	076d  :   ec;
	076e  :   0e;
	076f  :   20;
	0770  :   12;
	0771  :   0d;
	0772  :   18;
	0773  :   01;
	0774  :   11;
	0775  :   f0;
	0776  :   e4;
	0777  :   d4;
	0778  :   09;
	0779  :   07;
	077a  :   15;
	077b  :   41;
	077c  :   25;
	077d  :   1f;
	077e  :   13;
	077f  :   2b;
	0780  :   18;
	0781  :   05;
	0782  :   fa;
	0783  :   f3;
	0784  :   05;
	0785  :   30;
	0786  :   05;
	0787  :   10;
	0788  :   d0;
	0789  :   d7;
	078a  :   f7;
	078b  :   03;
	078c  :   22;
	078d  :   fb;
	078e  :   17;
	078f  :   20;
	0790  :   f6;
	0791  :   d7;
	0792  :   d1;
	0793  :   dd;
	0794  :   0e;
	0795  :   10;
	0796  :   23;
	0797  :   0d;
	0798  :   f2;
	0799  :   04;
	079a  :   24;
	079b  :   24;
	079c  :   33;
	079d  :   08;
	079e  :   d2;
	079f  :   f7;
	07a0  :   01;
	07a1  :   01;
	07a2  :   d5;
	07a3  :   ca;
	07a4  :   b3;
	07a5  :   d7;
	07a6  :   ec;
	07a7  :   ff;
	07a8  :   ff;
	07a9  :   11;
	07aa  :   05;
	07ab  :   23;
	07ac  :   e8;
	07ad  :   c5;
	07ae  :   9d;
	07af  :   d8;
	07b0  :   10;
	07b1  :   23;
	07b2  :   2b;
	07b3  :   0f;
	07b4  :   08;
	07b5  :   fc;
	07b6  :   29;
	07b7  :   15;
	07b8  :   0e;
	07b9  :   00;
	07ba  :   00;
	07bb  :   1a;
	07bc  :   0a;
	07bd  :   fe;
	07be  :   e2;
	07bf  :   a8;
	07c0  :   c9;
	07c1  :   d0;
	07c2  :   f0;
	07c3  :   fd;
	07c4  :   19;
	07c5  :   06;
	07c6  :   0b;
	07c7  :   1a;
	07c8  :   f6;
	07c9  :   b5;
	07ca  :   ab;
	07cb  :   f7;
	07cc  :   29;
	07cd  :   27;
	07ce  :   33;
	07cf  :   1b;
	07d0  :   f1;
	07d1  :   0d;
	07d2  :   0a;
	07d3  :   0e;
	07d4  :   1c;
	07d5  :   ff;
	07d6  :   0c;
	07d7  :   f0;
	07d8  :   f4;
	07d9  :   e9;
	07da  :   da;
	07db  :   bd;
	07dc  :   c0;
	07dd  :   cf;
	07de  :   e7;
	07df  :   05;
	07e0  :   13;
	07e1  :   0f;
	07e2  :   19;
	07e3  :   f7;
	07e4  :   fa;
	07e5  :   cb;
	07e6  :   d5;
	07e7  :   eb;
	07e8  :   14;
	07e9  :   2c;
	07ea  :   10;
	07eb  :   20;
	07ec  :   f3;
	07ed  :   f6;
	07ee  :   15;
	07ef  :   fa;
	07f0  :   24;
	07f1  :   f6;
	07f2  :   fe;
	07f3  :   e2;
	07f4  :   e4;
	07f5  :   b4;
	07f6  :   ad;
	07f7  :   c0;
	07f8  :   cc;
	07f9  :   c4;
	07fa  :   f7;
	07fb  :   fc;
	07fc  :   09;
	07fd  :   20;
	07fe  :   fd;
	07ff  :   0b;
	0800  :   ef;
	0801  :   d6;
	0802  :   ec;
	0803  :   08;
	0804  :   08;
	0805  :   2a;
	0806  :   2b;
	0807  :   ff;
	0808  :   ea;
	0809  :   d5;
	080a  :   1b;
	080b  :   21;
	080c  :   10;
	080d  :   1f;
	080e  :   0b;
	080f  :   fc;
	0810  :   e3;
	0811  :   bb;
	0812  :   a4;
	0813  :   ae;
	0814  :   da;
	0815  :   de;
	0816  :   fe;
	0817  :   f6;
	0818  :   0b;
	0819  :   1c;
	081a  :   16;
	081b  :   0a;
	081c  :   da;
	081d  :   e8;
	081e  :   f9;
	081f  :   f2;
	0820  :   07;
	0821  :   11;
	0822  :   fb;
	0823  :   fa;
	0824  :   f6;
	0825  :   fb;
	0826  :   06;
	0827  :   0f;
	0828  :   1f;
	0829  :   19;
	082a  :   07;
	082b  :   fa;
	082c  :   e6;
	082d  :   cb;
	082e  :   80;
	082f  :   b8;
	0830  :   bf;
	0831  :   e6;
	0832  :   12;
	0833  :   00;
	0834  :   1f;
	0835  :   0b;
	0836  :   f6;
	0837  :   e5;
	0838  :   d8;
	0839  :   00;
	083a  :   fc;
	083b  :   0b;
	083c  :   00;
	083d  :   1f;
	083e  :   19;
	083f  :   0d;
	0840  :   03;
	0841  :   db;
	0842  :   06;
	0843  :   f9;
	0844  :   02;
	0845  :   0d;
	0846  :   1b;
	0847  :   f3;
	0848  :   d5;
	0849  :   ad;
	084a  :   b5;
	084b  :   b4;
	084c  :   fb;
	084d  :   08;
	084e  :   06;
	084f  :   13;
	0850  :   13;
	0851  :   23;
	0852  :   0e;
	0853  :   f9;
	0854  :   bc;
	0855  :   ff;
	0856  :   ef;
	0857  :   f6;
	0858  :   d2;
	0859  :   ee;
	085a  :   f9;
	085b  :   fa;
	085c  :   f7;
	085d  :   d0;
	085e  :   ef;
	085f  :   18;
	0860  :   ee;
	0861  :   02;
	0862  :   e7;
	0863  :   f8;
	0864  :   bf;
	0865  :   d1;
	0866  :   e5;
	0867  :   e8;
	0868  :   04;
	0869  :   fa;
	086a  :   fa;
	086b  :   16;
	086c  :   0a;
	086d  :   15;
	086e  :   0e;
	086f  :   e9;
	0870  :   df;
	0871  :   e2;
	0872  :   f6;
	0873  :   de;
	0874  :   dd;
	0875  :   fb;
	0876  :   01;
	0877  :   ef;
	0878  :   ee;
	0879  :   e8;
	087a  :   13;
	087b  :   12;
	087c  :   f5;
	087d  :   0f;
	087e  :   f5;
	087f  :   dd;
	0880  :   c6;
	0881  :   b9;
	0882  :   de;
	0883  :   e1;
	0884  :   00;
	0885  :   06;
	0886  :   fa;
	0887  :   19;
	0888  :   06;
	0889  :   fa;
	088a  :   ff;
	088b  :   fb;
	088c  :   fc;
	088d  :   dd;
	088e  :   dc;
	088f  :   bd;
	0890  :   c5;
	0891  :   c9;
	0892  :   db;
	0893  :   e0;
	0894  :   0b;
	0895  :   00;
	0896  :   24;
	0897  :   3a;
	0898  :   2a;
	0899  :   26;
	089a  :   f1;
	089b  :   e9;
	089c  :   cc;
	089d  :   c3;
	089e  :   d3;
	089f  :   e7;
	08a0  :   fc;
	08a1  :   03;
	08a2  :   17;
	08a3  :   1e;
	08a4  :   01;
	08a5  :   19;
	08a6  :   03;
	08a7  :   0f;
	08a8  :   d6;
	08a9  :   fd;
	08aa  :   f2;
	08ab  :   bf;
	08ac  :   cb;
	08ad  :   da;
	08ae  :   d8;
	08af  :   c8;
	08b0  :   19;
	08b1  :   0f;
	08b2  :   24;
	08b3  :   1d;
	08b4  :   36;
	08b5  :   0e;
	08b6  :   fb;
	08b7  :   e3;
	08b8  :   e3;
	08b9  :   d9;
	08ba  :   e4;
	08bb  :   0c;
	08bc  :   03;
	08bd  :   fd;
	08be  :   1c;
	08bf  :   0d;
	08c0  :   0a;
	08c1  :   19;
	08c2  :   11;
	08c3  :   11;
	08c4  :   e5;
	08c5  :   0e;
	08c6  :   e1;
	08c7  :   e9;
	08c8  :   eb;
	08c9  :   d1;
	08ca  :   e0;
	08cb  :   fc;
	08cc  :   15;
	08cd  :   2a;
	08ce  :   0a;
	08cf  :   4f;
	08d0  :   23;
	08d1  :   06;
	08d2  :   f3;
	08d3  :   ec;
	08d4  :   0d;
	08d5  :   c9;
	08d6  :   07;
	08d7  :   22;
	08d8  :   1b;
	08d9  :   fc;
	08da  :   22;
	08db  :   01;
	08dc  :   fc;
	08dd  :   05;
	08de  :   0a;
	08df  :   fb;
	08e0  :   19;
	08e1  :   00;
	08e2  :   fb;
	08e3  :   f7;
	08e4  :   eb;
	08e5  :   f9;
	08e6  :   0f;
	08e7  :   35;
	08e8  :   12;
	08e9  :   06;
	08ea  :   30;
	08eb  :   13;
	08ec  :   12;
	08ed  :   25;
	08ee  :   33;
	08ef  :   0d;
	08f0  :   ff;
	08f1  :   14;
	08f2  :   00;
	08f3  :   11;
	08f4  :   fc;
	08f5  :   fb;
	08f6  :   18;
	08f7  :   04;
	08f8  :   04;
	08f9  :   1d;
	08fa  :   20;
	08fb  :   00;
	08fc  :   0b;
	08fd  :   0b;
	08fe  :   05;
	08ff  :   24;
	0900  :   0e;
	0901  :   2a;
	0902  :   2c;
	0903  :   30;
	0904  :   20;
	0905  :   2d;
	0906  :   47;
	0907  :   1d;
	0908  :   21;
	0909  :   3d;
	090a  :   0a;
	090b  :   09;
	090c  :   25;
	090d  :   1d;
	090e  :   1e;
	090f  :   10;
	0910  :   ff;
	0911  :   03;
	0912  :   10;
	0913  :   17;
	0914  :   03;
	0915  :   1e;
	0916  :   fe;
	0917  :   23;
	0918  :   03;
	0919  :   13;
	091a  :   19;
	091b  :   0e;
	091c  :   0e;
	091d  :   00;
	091e  :   17;
	091f  :   0d;
	0920  :   fc;
	0921  :   fe;
	0922  :   1c;
	0923  :   24;
	0924  :   00;
	0925  :   05;
	0926  :   11;
	0927  :   0e;
	0928  :   12;
	0929  :   17;
	092a  :   15;
	092b  :   06;
	092c  :   06;
	092d  :   17;
	092e  :   0b;
	092f  :   1a;
	0930  :   f9;
	0931  :   e7;
	0932  :   dc;
	0933  :   07;
	0934  :   da;
	0935  :   f1;
	0936  :   fc;
	0937  :   fc;
	0938  :   dd;
	0939  :   dd;
	093a  :   00;
	093b  :   09;
	093c  :   fc;
	093d  :   ec;
	093e  :   04;
	093f  :   f5;
	0940  :   f0;
	0941  :   da;
	0942  :   ee;
	0943  :   db;
	0944  :   f1;
	0945  :   f9;
	0946  :   fe;
	0947  :   f8;
	0948  :   dd;
	0949  :   09;
	094a  :   f8;
	094b  :   02;
	094c  :   da;
	094d  :   04;
	094e  :   fb;
	094f  :   f3;
	0950  :   da;
	0951  :   f1;
	0952  :   f5;
	0953  :   f6;
	0954  :   fa;
	0955  :   ec;
	0956  :   f8;
	0957  :   06;
	0958  :   02;
	0959  :   e5;
	095a  :   03;
	095b  :   f2;
	095c  :   f1;
	095d  :   f7;
	095e  :   e3;
	095f  :   03;
	0960  :   ea;
	0961  :   ef;
	0962  :   f9;
	0963  :   f6;
	0964  :   da;
	0965  :   e8;
	0966  :   00;
	0967  :   f5;
	0968  :   ec;
	0969  :   f7;
	096a  :   00;
	096b  :   ed;
	096c  :   dc;
	096d  :   00;
	096e  :   df;
	096f  :   e0;
	0970  :   e1;
	0971  :   da;
	0972  :   d7;
	0973  :   13;
	0974  :   05;
	0975  :   fc;
	0976  :   03;
	0977  :   04;
	0978  :   ee;
	0979  :   02;
	097a  :   0a;
	097b  :   14;
	097c  :   17;
	097d  :   0d;
	097e  :   21;
	097f  :   07;
	0980  :   f7;
	0981  :   02;
	0982  :   f3;
	0983  :   ee;
	0984  :   fd;
	0985  :   dc;
	0986  :   02;
	0987  :   d9;
	0988  :   f1;
	0989  :   df;
	098a  :   0a;
	098b  :   14;
	098c  :   0a;
	098d  :   e5;
	098e  :   df;
	098f  :   fa;
	0990  :   f9;
	0991  :   d0;
	0992  :   c5;
	0993  :   d3;
	0994  :   be;
	0995  :   df;
	0996  :   22;
	0997  :   08;
	0998  :   04;
	0999  :   3c;
	099a  :   0c;
	099b  :   1d;
	099c  :   df;
	099d  :   df;
	099e  :   f9;
	099f  :   df;
	09a0  :   f1;
	09a1  :   f4;
	09a2  :   f2;
	09a3  :   db;
	09a4  :   f7;
	09a5  :   e9;
	09a6  :   e4;
	09a7  :   e6;
	09a8  :   fe;
	09a9  :   fe;
	09aa  :   09;
	09ab  :   1a;
	09ac  :   f7;
	09ad  :   f4;
	09ae  :   dc;
	09af  :   f6;
	09b0  :   08;
	09b1  :   ef;
	09b2  :   12;
	09b3  :   1f;
	09b4  :   0c;
	09b5  :   2c;
	09b6  :   18;
	09b7  :   04;
	09b8  :   f9;
	09b9  :   04;
	09ba  :   e1;
	09bb  :   fc;
	09bc  :   e6;
	09bd  :   fa;
	09be  :   fd;
	09bf  :   f9;
	09c0  :   e3;
	09c1  :   d8;
	09c2  :   f7;
	09c3  :   08;
	09c4  :   08;
	09c5  :   37;
	09c6  :   1a;
	09c7  :   1b;
	09c8  :   ef;
	09c9  :   ff;
	09ca  :   17;
	09cb  :   04;
	09cc  :   20;
	09cd  :   1a;
	09ce  :   0c;
	09cf  :   0d;
	09d0  :   02;
	09d1  :   17;
	09d2  :   f7;
	09d3  :   fe;
	09d4  :   0e;
	09d5  :   04;
	09d6  :   ec;
	09d7  :   f3;
	09d8  :   f9;
	09d9  :   f0;
	09da  :   02;
	09db  :   f0;
	09dc  :   02;
	09dd  :   17;
	09de  :   fc;
	09df  :   0f;
	09e0  :   3c;
	09e1  :   1d;
	09e2  :   00;
	09e3  :   13;
	09e4  :   03;
	09e5  :   ea;
	09e6  :   d4;
	09e7  :   f5;
	09e8  :   cf;
	09e9  :   fe;
	09ea  :   f9;
	09eb  :   11;
	09ec  :   f1;
	09ed  :   dc;
	09ee  :   ee;
	09ef  :   19;
	09f0  :   23;
	09f1  :   06;
	09f2  :   11;
	09f3  :   05;
	09f4  :   f5;
	09f5  :   dd;
	09f6  :   00;
	09f7  :   de;
	09f8  :   fe;
	09f9  :   30;
	09fa  :   08;
	09fb  :   31;
	09fc  :   2b;
	09fd  :   23;
	09fe  :   06;
	09ff  :   fd;
	0a00  :   f5;
	0a01  :   f7;
	0a02  :   c3;
	0a03  :   f8;
	0a04  :   f6;
	0a05  :   ff;
	0a06  :   0e;
	0a07  :   f1;
	0a08  :   f5;
	0a09  :   f6;
	0a0a  :   ec;
	0a0b  :   28;
	0a0c  :   1e;
	0a0d  :   11;
	0a0e  :   ee;
	0a0f  :   01;
	0a10  :   f5;
	0a11  :   f4;
	0a12  :   e2;
	0a13  :   06;
	0a14  :   0a;
	0a15  :   25;
	0a16  :   17;
	0a17  :   4d;
	0a18  :   4f;
	0a19  :   4f;
	0a1a  :   03;
	0a1b  :   2a;
	0a1c  :   fa;
	0a1d  :   db;
	0a1e  :   c3;
	0a1f  :   d7;
	0a20  :   1f;
	0a21  :   f7;
	0a22  :   06;
	0a23  :   fd;
	0a24  :   09;
	0a25  :   10;
	0a26  :   df;
	0a27  :   fe;
	0a28  :   3b;
	0a29  :   11;
	0a2a  :   e5;
	0a2b  :   05;
	0a2c  :   e1;
	0a2d  :   05;
	0a2e  :   09;
	0a2f  :   f7;
	0a30  :   fd;
	0a31  :   06;
	0a32  :   18;
	0a33  :   1b;
	0a34  :   22;
	0a35  :   40;
	0a36  :   30;
	0a37  :   2f;
	0a38  :   f7;
	0a39  :   ad;
	0a3a  :   9c;
	0a3b  :   e5;
	0a3c  :   18;
	0a3d  :   db;
	0a3e  :   e4;
	0a3f  :   c8;
	0a40  :   10;
	0a41  :   05;
	0a42  :   e8;
	0a43  :   10;
	0a44  :   1b;
	0a45  :   1f;
	0a46  :   f6;
	0a47  :   f0;
	0a48  :   03;
	0a49  :   dc;
	0a4a  :   fb;
	0a4b  :   f4;
	0a4c  :   f9;
	0a4d  :   f5;
	0a4e  :   e4;
	0a4f  :   28;
	0a50  :   20;
	0a51  :   47;
	0a52  :   57;
	0a53  :   47;
	0a54  :   15;
	0a55  :   c4;
	0a56  :   80;
	0a57  :   fb;
	0a58  :   e5;
	0a59  :   e1;
	0a5a  :   e4;
	0a5b  :   f4;
	0a5c  :   e4;
	0a5d  :   d5;
	0a5e  :   c9;
	0a5f  :   03;
	0a60  :   2a;
	0a61  :   06;
	0a62  :   ec;
	0a63  :   e9;
	0a64  :   e2;
	0a65  :   f1;
	0a66  :   d5;
	0a67  :   cc;
	0a68  :   0a;
	0a69  :   f4;
	0a6a  :   0c;
	0a6b  :   25;
	0a6c  :   45;
	0a6d  :   58;
	0a6e  :   61;
	0a6f  :   4b;
	0a70  :   34;
	0a71  :   e7;
	0a72  :   e4;
	0a73  :   f8;
	0a74  :   f2;
	0a75  :   c1;
	0a76  :   e3;
	0a77  :   c3;
	0a78  :   d9;
	0a79  :   c5;
	0a7a  :   d8;
	0a7b  :   c6;
	0a7c  :   e5;
	0a7d  :   e7;
	0a7e  :   e2;
	0a7f  :   04;
	0a80  :   f0;
	0a81  :   fb;
	0a82  :   ef;
	0a83  :   cf;
	0a84  :   dc;
	0a85  :   eb;
	0a86  :   31;
	0a87  :   24;
	0a88  :   0e;
	0a89  :   2a;
	0a8a  :   3e;
	0a8b  :   36;
	0a8c  :   2f;
	0a8d  :   f9;
	0a8e  :   f1;
	0a8f  :   1c;
	0a90  :   12;
	0a91  :   f0;
	0a92  :   ec;
	0a93  :   f6;
	0a94  :   ee;
	0a95  :   f7;
	0a96  :   db;
	0a97  :   04;
	0a98  :   fd;
	0a99  :   e3;
	0a9a  :   fa;
	0a9b  :   ef;
	0a9c  :   fe;
	0a9d  :   f9;
	0a9e  :   02;
	0a9f  :   ed;
	0aa0  :   de;
	0aa1  :   11;
	0aa2  :   10;
	0aa3  :   31;
	0aa4  :   3f;
	0aa5  :   32;
	0aa6  :   3f;
	0aa7  :   27;
	0aa8  :   fd;
	0aa9  :   f2;
	0aaa  :   e7;
	0aab  :   fc;
	0aac  :   07;
	0aad  :   01;
	0aae  :   11;
	0aaf  :   39;
	0ab0  :   fc;
	0ab1  :   00;
	0ab2  :   18;
	0ab3  :   13;
	0ab4  :   d9;
	0ab5  :   bb;
	0ab6  :   cc;
	0ab7  :   ef;
	0ab8  :   ea;
	0ab9  :   07;
	0aba  :   ea;
	0abb  :   de;
	0abc  :   da;
	0abd  :   f9;
	0abe  :   19;
	0abf  :   1b;
	0ac0  :   36;
	0ac1  :   3c;
	0ac2  :   4a;
	0ac3  :   40;
	0ac4  :   10;
	0ac5  :   d9;
	0ac6  :   e3;
	0ac7  :   fb;
	0ac8  :   f1;
	0ac9  :   23;
	0aca  :   30;
	0acb  :   1e;
	0acc  :   fa;
	0acd  :   f6;
	0ace  :   07;
	0acf  :   07;
	0ad0  :   ef;
	0ad1  :   d6;
	0ad2  :   c1;
	0ad3  :   ef;
	0ad4  :   e6;
	0ad5  :   e8;
	0ad6  :   dd;
	0ad7  :   fb;
	0ad8  :   d7;
	0ad9  :   bf;
	0ada  :   f5;
	0adb  :   16;
	0adc  :   38;
	0add  :   57;
	0ade  :   58;
	0adf  :   31;
	0ae0  :   10;
	0ae1  :   0b;
	0ae2  :   1d;
	0ae3  :   1c;
	0ae4  :   03;
	0ae5  :   2b;
	0ae6  :   13;
	0ae7  :   04;
	0ae8  :   ff;
	0ae9  :   31;
	0aea  :   30;
	0aeb  :   2d;
	0aec  :   dd;
	0aed  :   e0;
	0aee  :   ce;
	0aef  :   f1;
	0af0  :   dd;
	0af1  :   fc;
	0af2  :   e2;
	0af3  :   dc;
	0af4  :   a9;
	0af5  :   af;
	0af6  :   d5;
	0af7  :   15;
	0af8  :   32;
	0af9  :   2c;
	0afa  :   3e;
	0afb  :   39;
	0afc  :   22;
	0afd  :   20;
	0afe  :   00;
	0aff  :   fc;
	0b00  :   03;
	0b01  :   01;
	0b02  :   29;
	0b03  :   14;
	0b04  :   10;
	0b05  :   29;
	0b06  :   27;
	0b07  :   30;
	0b08  :   e7;
	0b09  :   df;
	0b0a  :   ce;
	0b0b  :   f9;
	0b0c  :   e5;
	0b0d  :   e1;
	0b0e  :   f1;
	0b0f  :   c9;
	0b10  :   af;
	0b11  :   cd;
	0b12  :   d1;
	0b13  :   0f;
	0b14  :   10;
	0b15  :   27;
	0b16  :   18;
	0b17  :   2e;
	0b18  :   3a;
	0b19  :   36;
	0b1a  :   f5;
	0b1b  :   e4;
	0b1c  :   f0;
	0b1d  :   fc;
	0b1e  :   11;
	0b1f  :   40;
	0b20  :   3e;
	0b21  :   3f;
	0b22  :   2c;
	0b23  :   1d;
	0b24  :   e5;
	0b25  :   b7;
	0b26  :   e9;
	0b27  :   f0;
	0b28  :   f1;
	0b29  :   dc;
	0b2a  :   de;
	0b2b  :   de;
	0b2c  :   dc;
	0b2d  :   d7;
	0b2e  :   e7;
	0b2f  :   ea;
	0b30  :   22;
	0b31  :   1e;
	0b32  :   04;
	0b33  :   08;
	0b34  :   43;
	0b35  :   26;
	0b36  :   ea;
	0b37  :   ac;
	0b38  :   e5;
	0b39  :   d9;
	0b3a  :   e9;
	0b3b  :   30;
	0b3c  :   4f;
	0b3d  :   24;
	0b3e  :   f1;
	0b3f  :   ec;
	0b40  :   bd;
	0b41  :   a0;
	0b42  :   fd;
	0b43  :   e3;
	0b44  :   fb;
	0b45  :   f9;
	0b46  :   d5;
	0b47  :   0c;
	0b48  :   c6;
	0b49  :   01;
	0b4a  :   f3;
	0b4b  :   be;
	0b4c  :   16;
	0b4d  :   0e;
	0b4e  :   f1;
	0b4f  :   f7;
	0b50  :   08;
	0b51  :   eb;
	0b52  :   bd;
	0b53  :   bd;
	0b54  :   dd;
	0b55  :   e1;
	0b56  :   19;
	0b57  :   43;
	0b58  :   52;
	0b59  :   3a;
	0b5a  :   fe;
	0b5b  :   eb;
	0b5c  :   b7;
	0b5d  :   b9;
	0b5e  :   f7;
	0b5f  :   de;
	0b60  :   05;
	0b61  :   e5;
	0b62  :   f1;
	0b63  :   fe;
	0b64  :   de;
	0b65  :   d0;
	0b66  :   a8;
	0b67  :   ca;
	0b68  :   e3;
	0b69  :   f8;
	0b6a  :   08;
	0b6b  :   09;
	0b6c  :   eb;
	0b6d  :   e2;
	0b6e  :   d1;
	0b6f  :   f8;
	0b70  :   ee;
	0b71  :   0a;
	0b72  :   20;
	0b73  :   58;
	0b74  :   2b;
	0b75  :   14;
	0b76  :   06;
	0b77  :   f6;
	0b78  :   de;
	0b79  :   d7;
	0b7a  :   fc;
	0b7b  :   dd;
	0b7c  :   e8;
	0b7d  :   03;
	0b7e  :   e5;
	0b7f  :   00;
	0b80  :   fe;
	0b81  :   d1;
	0b82  :   b3;
	0b83  :   cf;
	0b84  :   07;
	0b85  :   f6;
	0b86  :   f3;
	0b87  :   e9;
	0b88  :   f8;
	0b89  :   ec;
	0b8a  :   11;
	0b8b  :   1e;
	0b8c  :   34;
	0b8d  :   42;
	0b8e  :   3a;
	0b8f  :   2f;
	0b90  :   2e;
	0b91  :   15;
	0b92  :   f9;
	0b93  :   f1;
	0b94  :   dd;
	0b95  :   f0;
	0b96  :   f2;
	0b97  :   f1;
	0b98  :   e5;
	0b99  :   e3;
	0b9a  :   06;
	0b9b  :   ef;
	0b9c  :   fb;
	0b9d  :   f1;
	0b9e  :   ba;
	0b9f  :   bb;
	0ba0  :   b4;
	0ba1  :   b2;
	0ba2  :   cd;
	0ba3  :   d7;
	0ba4  :   f4;
	0ba5  :   0d;
	0ba6  :   14;
	0ba7  :   55;
	0ba8  :   53;
	0ba9  :   5a;
	0baa  :   2a;
	0bab  :   25;
	0bac  :   20;
	0bad  :   1e;
	0bae  :   ed;
	0baf  :   ff;
	0bb0  :   f4;
	0bb1  :   f2;
	0bb2  :   e7;
	0bb3  :   db;
	0bb4  :   df;
	0bb5  :   03;
	0bb6  :   f5;
	0bb7  :   f1;
	0bb8  :   1c;
	0bb9  :   01;
	0bba  :   e7;
	0bbb  :   c3;
	0bbc  :   e9;
	0bbd  :   d5;
	0bbe  :   c1;
	0bbf  :   d0;
	0bc0  :   f6;
	0bc1  :   27;
	0bc2  :   43;
	0bc3  :   4c;
	0bc4  :   39;
	0bc5  :   31;
	0bc6  :   44;
	0bc7  :   1c;
	0bc8  :   0a;
	0bc9  :   12;
	0bca  :   ef;
	0bcb  :   fb;
	0bcc  :   d5;
	0bcd  :   e6;
	0bce  :   e7;
	0bcf  :   e6;
	0bd0  :   fa;
	0bd1  :   f5;
	0bd2  :   eb;
	0bd3  :   06;
	0bd4  :   fa;
	0bd5  :   ea;
	0bd6  :   02;
	0bd7  :   0e;
	0bd8  :   e5;
	0bd9  :   fe;
	0bda  :   17;
	0bdb  :   29;
	0bdc  :   0b;
	0bdd  :   1c;
	0bde  :   30;
	0bdf  :   4b;
	0be0  :   5a;
	0be1  :   13;
	0be2  :   15;
	0be3  :   f6;
	0be4  :   f9;
	0be5  :   f3;
	0be6  :   02;
	0be7  :   e3;
	0be8  :   e9;
	0be9  :   f1;
	0bea  :   e3;
	0beb  :   09;
	0bec  :   ef;
	0bed  :   e4;
	0bee  :   04;
	0bef  :   dc;
	0bf0  :   fb;
	0bf1  :   f0;
	0bf2  :   ed;
	0bf3  :   00;
	0bf4  :   f9;
	0bf5  :   fc;
	0bf6  :   0b;
	0bf7  :   26;
	0bf8  :   0a;
	0bf9  :   06;
	0bfa  :   fe;
	0bfb  :   0c;
	0bfc  :   0a;
	0bfd  :   ee;
	0bfe  :   0a;
	0bff  :   ea;
	0c00  :   db;
	0c01  :   e1;
	0c02  :   16;
	0c03  :   e8;
	0c04  :   fb;
	0c05  :   f1;
	0c06  :   ed;
	0c07  :   f2;
	0c08  :   f4;
	0c09  :   e5;
	0c0a  :   fb;
	0c0b  :   f1;
	0c0c  :   05;
	0c0d  :   e2;
	0c0e  :   f3;
	0c0f  :   d4;
	0c10  :   cf;
	0c11  :   df;
	0c12  :   ed;
	0c13  :   e8;
	0c14  :   03;
	0c15  :   e1;
	0c16  :   cd;
	0c17  :   be;
	0c18  :   e8;
	0c19  :   ec;
	0c1a  :   e5;
	0c1b  :   de;
	0c1c  :   c7;
	0c1d  :   e0;
	0c1e  :   d3;
	0c1f  :   da;
	0c20  :   03;
	0c21  :   ee;
	0c22  :   e3;
	0c23  :   f5;
	0c24  :   df;
	0c25  :   f0;
	0c26  :   f2;
	0c27  :   da;
	0c28  :   fa;
	0c29  :   e5;
	0c2a  :   03;
	0c2b  :   e4;
	0c2c  :   f0;
	0c2d  :   ec;
	0c2e  :   e7;
	0c2f  :   07;
	0c30  :   eb;
	0c31  :   e7;
	0c32  :   d2;
	0c33  :   e6;
	0c34  :   e4;
	0c35  :   db;
	0c36  :   d5;
	0c37  :   f2;
	0c38  :   f5;
	0c39  :   d3;
	0c3a  :   de;
	0c3b  :   f6;
	0c3c  :   db;
	0c3d  :   06;
	0c3e  :   ec;
	0c3f  :   f4;
	0c40  :   0c;
	0c41  :   06;
	0c42  :   15;
	0c43  :   09;
	0c44  :   f7;
	0c45  :   15;
	0c46  :   fb;
	0c47  :   1c;
	0c48  :   06;
	0c49  :   04;
	0c4a  :   f9;
	0c4b  :   03;
	0c4c  :   06;
	0c4d  :   21;
	0c4e  :   f9;
	0c4f  :   02;
	0c50  :   f9;
	0c51  :   f6;
	0c52  :   16;
	0c53  :   fd;
	0c54  :   19;
	0c55  :   03;
	0c56  :   05;
	0c57  :   05;
	0c58  :   06;
	0c59  :   09;
	0c5a  :   f5;
	0c5b  :   fe;
	0c5c  :   14;
	0c5d  :   1e;
	0c5e  :   f4;
	0c5f  :   21;
	0c60  :   f0;
	0c61  :   22;
	0c62  :   1a;
	0c63  :   01;
	0c64  :   00;
	0c65  :   1f;
	0c66  :   0e;
	0c67  :   f2;
	0c68  :   02;
	0c69  :   06;
	0c6a  :   15;
	0c6b  :   07;
	0c6c  :   0e;
	0c6d  :   04;
	0c6e  :   00;
	0c6f  :   f7;
	0c70  :   f0;
	0c71  :   19;
	0c72  :   02;
	0c73  :   05;
	0c74  :   1f;
	0c75  :   f1;
	0c76  :   fc;
	0c77  :   06;
	0c78  :   07;
	0c79  :   1c;
	0c7a  :   f2;
	0c7b  :   f1;
	0c7c  :   f4;
	0c7d  :   1f;
	0c7e  :   03;
	0c7f  :   02;
	0c80  :   ff;
	0c81  :   0a;
	0c82  :   18;
	0c83  :   ef;
	0c84  :   0e;
	0c85  :   e0;
	0c86  :   0d;
	0c87  :   05;
	0c88  :   f8;
	0c89  :   14;
	0c8a  :   1d;
	0c8b  :   f6;
	0c8c  :   1b;
	0c8d  :   fb;
	0c8e  :   f2;
	0c8f  :   08;
	0c90  :   17;
	0c91  :   0c;
	0c92  :   17;
	0c93  :   0e;
	0c94  :   1f;
	0c95  :   00;
	0c96  :   0a;
	0c97  :   f4;
	0c98  :   03;
	0c99  :   11;
	0c9a  :   01;
	0c9b  :   ed;
	0c9c  :   f5;
	0c9d  :   c5;
	0c9e  :   cb;
	0c9f  :   e8;
	0ca0  :   dd;
	0ca1  :   c5;
	0ca2  :   e9;
	0ca3  :   18;
	0ca4  :   37;
	0ca5  :   3b;
	0ca6  :   1e;
	0ca7  :   31;
	0ca8  :   05;
	0ca9  :   09;
	0caa  :   09;
	0cab  :   07;
	0cac  :   28;
	0cad  :   16;
	0cae  :   0d;
	0caf  :   01;
	0cb0  :   fb;
	0cb1  :   1b;
	0cb2  :   18;
	0cb3  :   09;
	0cb4  :   10;
	0cb5  :   08;
	0cb6  :   1e;
	0cb7  :   08;
	0cb8  :   14;
	0cb9  :   da;
	0cba  :   dd;
	0cbb  :   d6;
	0cbc  :   fb;
	0cbd  :   06;
	0cbe  :   0b;
	0cbf  :   fd;
	0cc0  :   2e;
	0cc1  :   15;
	0cc2  :   07;
	0cc3  :   26;
	0cc4  :   27;
	0cc5  :   ff;
	0cc6  :   02;
	0cc7  :   ea;
	0cc8  :   02;
	0cc9  :   fb;
	0cca  :   24;
	0ccb  :   1a;
	0ccc  :   f5;
	0ccd  :   02;
	0cce  :   1a;
	0ccf  :   12;
	0cd0  :   2e;
	0cd1  :   18;
	0cd2  :   1a;
	0cd3  :   18;
	0cd4  :   12;
	0cd5  :   ef;
	0cd6  :   e9;
	0cd7  :   07;
	0cd8  :   15;
	0cd9  :   1b;
	0cda  :   03;
	0cdb  :   0d;
	0cdc  :   f1;
	0cdd  :   cf;
	0cde  :   ec;
	0cdf  :   24;
	0ce0  :   42;
	0ce1  :   1c;
	0ce2  :   0a;
	0ce3  :   e3;
	0ce4  :   fd;
	0ce5  :   2a;
	0ce6  :   1b;
	0ce7  :   fe;
	0ce8  :   19;
	0ce9  :   0a;
	0cea  :   12;
	0ceb  :   17;
	0cec  :   22;
	0ced  :   14;
	0cee  :   11;
	0cef  :   24;
	0cf0  :   24;
	0cf1  :   21;
	0cf2  :   ee;
	0cf3  :   fc;
	0cf4  :   0a;
	0cf5  :   06;
	0cf6  :   e1;
	0cf7  :   f2;
	0cf8  :   f2;
	0cf9  :   d6;
	0cfa  :   e5;
	0cfb  :   3f;
	0cfc  :   5b;
	0cfd  :   23;
	0cfe  :   f6;
	0cff  :   e1;
	0d00  :   d6;
	0d01  :   1c;
	0d02  :   fb;
	0d03  :   fe;
	0d04  :   1e;
	0d05  :   00;
	0d06  :   09;
	0d07  :   1c;
	0d08  :   36;
	0d09  :   04;
	0d0a  :   ed;
	0d0b  :   fe;
	0d0c  :   fd;
	0d0d  :   2c;
	0d0e  :   f6;
	0d0f  :   f8;
	0d10  :   f4;
	0d11  :   f6;
	0d12  :   b6;
	0d13  :   c8;
	0d14  :   b5;
	0d15  :   f7;
	0d16  :   fd;
	0d17  :   31;
	0d18  :   3a;
	0d19  :   0b;
	0d1a  :   d8;
	0d1b  :   c2;
	0d1c  :   cf;
	0d1d  :   f2;
	0d1e  :   f4;
	0d1f  :   12;
	0d20  :   fb;
	0d21  :   15;
	0d22  :   1b;
	0d23  :   2d;
	0d24  :   41;
	0d25  :   14;
	0d26  :   11;
	0d27  :   07;
	0d28  :   0d;
	0d29  :   18;
	0d2a  :   f8;
	0d2b  :   f0;
	0d2c  :   05;
	0d2d  :   19;
	0d2e  :   cb;
	0d2f  :   98;
	0d30  :   a3;
	0d31  :   09;
	0d32  :   43;
	0d33  :   56;
	0d34  :   35;
	0d35  :   08;
	0d36  :   df;
	0d37  :   b4;
	0d38  :   bf;
	0d39  :   d5;
	0d3a  :   1d;
	0d3b  :   11;
	0d3c  :   19;
	0d3d  :   f8;
	0d3e  :   1d;
	0d3f  :   16;
	0d40  :   57;
	0d41  :   40;
	0d42  :   0b;
	0d43  :   05;
	0d44  :   03;
	0d45  :   05;
	0d46  :   de;
	0d47  :   26;
	0d48  :   12;
	0d49  :   f0;
	0d4a  :   ca;
	0d4b  :   a8;
	0d4c  :   fa;
	0d4d  :   45;
	0d4e  :   7e;
	0d4f  :   58;
	0d50  :   20;
	0d51  :   f0;
	0d52  :   a3;
	0d53  :   c2;
	0d54  :   c2;
	0d55  :   f7;
	0d56  :   1e;
	0d57  :   18;
	0d58  :   fe;
	0d59  :   f9;
	0d5a  :   1d;
	0d5b  :   33;
	0d5c  :   2c;
	0d5d  :   34;
	0d5e  :   02;
	0d5f  :   f3;
	0d60  :   fb;
	0d61  :   ea;
	0d62  :   18;
	0d63  :   33;
	0d64  :   1f;
	0d65  :   e6;
	0d66  :   e2;
	0d67  :   ce;
	0d68  :   28;
	0d69  :   65;
	0d6a  :   60;
	0d6b  :   74;
	0d6c  :   18;
	0d6d  :   da;
	0d6e  :   b9;
	0d6f  :   95;
	0d70  :   ac;
	0d71  :   f5;
	0d72  :   f5;
	0d73  :   1d;
	0d74  :   f9;
	0d75  :   18;
	0d76  :   21;
	0d77  :   0b;
	0d78  :   38;
	0d79  :   3b;
	0d7a  :   f2;
	0d7b  :   f3;
	0d7c  :   02;
	0d7d  :   f6;
	0d7e  :   0d;
	0d7f  :   07;
	0d80  :   12;
	0d81  :   f2;
	0d82  :   0e;
	0d83  :   1c;
	0d84  :   35;
	0d85  :   43;
	0d86  :   53;
	0d87  :   26;
	0d88  :   0c;
	0d89  :   be;
	0d8a  :   ad;
	0d8b  :   ae;
	0d8c  :   b3;
	0d8d  :   dd;
	0d8e  :   10;
	0d8f  :   ff;
	0d90  :   1b;
	0d91  :   fd;
	0d92  :   09;
	0d93  :   0f;
	0d94  :   1f;
	0d95  :   44;
	0d96  :   f7;
	0d97  :   cf;
	0d98  :   d2;
	0d99  :   f9;
	0d9a  :   eb;
	0d9b  :   fc;
	0d9c  :   27;
	0d9d  :   44;
	0d9e  :   2c;
	0d9f  :   3d;
	0da0  :   6e;
	0da1  :   52;
	0da2  :   15;
	0da3  :   eb;
	0da4  :   c9;
	0da5  :   bb;
	0da6  :   ce;
	0da7  :   d0;
	0da8  :   fe;
	0da9  :   e6;
	0daa  :   0a;
	0dab  :   21;
	0dac  :   1d;
	0dad  :   02;
	0dae  :   09;
	0daf  :   1d;
	0db0  :   f9;
	0db1  :   17;
	0db2  :   e2;
	0db3  :   c1;
	0db4  :   d8;
	0db5  :   01;
	0db6  :   df;
	0db7  :   0e;
	0db8  :   34;
	0db9  :   2a;
	0dba  :   58;
	0dbb  :   54;
	0dbc  :   56;
	0dbd  :   14;
	0dbe  :   18;
	0dbf  :   d4;
	0dc0  :   f9;
	0dc1  :   da;
	0dc2  :   d7;
	0dc3  :   f6;
	0dc4  :   01;
	0dc5  :   fd;
	0dc6  :   0f;
	0dc7  :   01;
	0dc8  :   1b;
	0dc9  :   f6;
	0dca  :   22;
	0dcb  :   0f;
	0dcc  :   0a;
	0dcd  :   e9;
	0dce  :   d8;
	0dcf  :   b7;
	0dd0  :   da;
	0dd1  :   e1;
	0dd2  :   fa;
	0dd3  :   09;
	0dd4  :   0a;
	0dd5  :   20;
	0dd6  :   5b;
	0dd7  :   27;
	0dd8  :   14;
	0dd9  :   28;
	0dda  :   d8;
	0ddb  :   00;
	0ddc  :   fd;
	0ddd  :   f5;
	0dde  :   fc;
	0ddf  :   03;
	0de0  :   df;
	0de1  :   19;
	0de2  :   f8;
	0de3  :   09;
	0de4  :   13;
	0de5  :   fa;
	0de6  :   11;
	0de7  :   10;
	0de8  :   f9;
	0de9  :   dd;
	0dea  :   c4;
	0deb  :   f7;
	0dec  :   13;
	0ded  :   02;
	0dee  :   dc;
	0def  :   ee;
	0df0  :   1f;
	0df1  :   43;
	0df2  :   64;
	0df3  :   31;
	0df4  :   1d;
	0df5  :   e2;
	0df6  :   e2;
	0df7  :   1e;
	0df8  :   05;
	0df9  :   29;
	0dfa  :   50;
	0dfb  :   0f;
	0dfc  :   e5;
	0dfd  :   fc;
	0dfe  :   10;
	0dff  :   07;
	0e00  :   f4;
	0e01  :   fa;
	0e02  :   13;
	0e03  :   28;
	0e04  :   fd;
	0e05  :   b4;
	0e06  :   c1;
	0e07  :   13;
	0e08  :   01;
	0e09  :   18;
	0e0a  :   eb;
	0e0b  :   f4;
	0e0c  :   03;
	0e0d  :   16;
	0e0e  :   55;
	0e0f  :   31;
	0e10  :   20;
	0e11  :   de;
	0e12  :   12;
	0e13  :   17;
	0e14  :   11;
	0e15  :   14;
	0e16  :   14;
	0e17  :   11;
	0e18  :   11;
	0e19  :   1e;
	0e1a  :   01;
	0e1b  :   0d;
	0e1c  :   fd;
	0e1d  :   21;
	0e1e  :   1d;
	0e1f  :   19;
	0e20  :   e9;
	0e21  :   d1;
	0e22  :   c4;
	0e23  :   2b;
	0e24  :   02;
	0e25  :   06;
	0e26  :   e2;
	0e27  :   00;
	0e28  :   ca;
	0e29  :   11;
	0e2a  :   38;
	0e2b  :   00;
	0e2c  :   ff;
	0e2d  :   09;
	0e2e  :   eb;
	0e2f  :   fc;
	0e30  :   04;
	0e31  :   18;
	0e32  :   32;
	0e33  :   23;
	0e34  :   23;
	0e35  :   f5;
	0e36  :   17;
	0e37  :   01;
	0e38  :   18;
	0e39  :   1c;
	0e3a  :   20;
	0e3b  :   03;
	0e3c  :   ce;
	0e3d  :   06;
	0e3e  :   d3;
	0e3f  :   10;
	0e40  :   12;
	0e41  :   10;
	0e42  :   e0;
	0e43  :   bc;
	0e44  :   d0;
	0e45  :   df;
	0e46  :   fb;
	0e47  :   e5;
	0e48  :   f7;
	0e49  :   e4;
	0e4a  :   c7;
	0e4b  :   fb;
	0e4c  :   0f;
	0e4d  :   29;
	0e4e  :   02;
	0e4f  :   19;
	0e50  :   00;
	0e51  :   ec;
	0e52  :   f9;
	0e53  :   f3;
	0e54  :   02;
	0e55  :   fc;
	0e56  :   15;
	0e57  :   2c;
	0e58  :   f5;
	0e59  :   db;
	0e5a  :   f8;
	0e5b  :   1d;
	0e5c  :   01;
	0e5d  :   dc;
	0e5e  :   c8;
	0e5f  :   a3;
	0e60  :   80;
	0e61  :   da;
	0e62  :   04;
	0e63  :   03;
	0e64  :   0a;
	0e65  :   f0;
	0e66  :   e2;
	0e67  :   0f;
	0e68  :   17;
	0e69  :   1d;
	0e6a  :   23;
	0e6b  :   fc;
	0e6c  :   c1;
	0e6d  :   f6;
	0e6e  :   0d;
	0e6f  :   18;
	0e70  :   06;
	0e71  :   17;
	0e72  :   22;
	0e73  :   2b;
	0e74  :   27;
	0e75  :   fa;
	0e76  :   fd;
	0e77  :   15;
	0e78  :   16;
	0e79  :   de;
	0e7a  :   da;
	0e7b  :   99;
	0e7c  :   c5;
	0e7d  :   d8;
	0e7e  :   04;
	0e7f  :   0a;
	0e80  :   06;
	0e81  :   dd;
	0e82  :   da;
	0e83  :   17;
	0e84  :   1a;
	0e85  :   1c;
	0e86  :   20;
	0e87  :   08;
	0e88  :   d1;
	0e89  :   04;
	0e8a  :   07;
	0e8b  :   17;
	0e8c  :   1d;
	0e8d  :   22;
	0e8e  :   14;
	0e8f  :   11;
	0e90  :   f7;
	0e91  :   18;
	0e92  :   0d;
	0e93  :   2c;
	0e94  :   09;
	0e95  :   e3;
	0e96  :   f0;
	0e97  :   e1;
	0e98  :   ca;
	0e99  :   15;
	0e9a  :   0f;
	0e9b  :   21;
	0e9c  :   12;
	0e9d  :   06;
	0e9e  :   fa;
	0e9f  :   1e;
	0ea0  :   11;
	0ea1  :   39;
	0ea2  :   27;
	0ea3  :   05;
	0ea4  :   d5;
	0ea5  :   f9;
	0ea6  :   f8;
	0ea7  :   fd;
	0ea8  :   f4;
	0ea9  :   1b;
	0eaa  :   f7;
	0eab  :   fe;
	0eac  :   08;
	0ead  :   16;
	0eae  :   14;
	0eaf  :   35;
	0eb0  :   fb;
	0eb1  :   f6;
	0eb2  :   eb;
	0eb3  :   d7;
	0eb4  :   d9;
	0eb5  :   f5;
	0eb6  :   04;
	0eb7  :   0c;
	0eb8  :   1b;
	0eb9  :   f5;
	0eba  :   23;
	0ebb  :   1b;
	0ebc  :   2b;
	0ebd  :   14;
	0ebe  :   15;
	0ebf  :   00;
	0ec0  :   ec;
	0ec1  :   1f;
	0ec2  :   0d;
	0ec3  :   f0;
	0ec4  :   1c;
	0ec5  :   15;
	0ec6  :   08;
	0ec7  :   13;
	0ec8  :   11;
	0ec9  :   fe;
	0eca  :   09;
	0ecb  :   3e;
	0ecc  :   1f;
	0ecd  :   0a;
	0ece  :   f4;
	0ecf  :   f6;
	0ed0  :   09;
	0ed1  :   25;
	0ed2  :   ff;
	0ed3  :   06;
	0ed4  :   f0;
	0ed5  :   eb;
	0ed6  :   15;
	0ed7  :   2d;
	0ed8  :   1b;
	0ed9  :   10;
	0eda  :   fd;
	0edb  :   de;
	0edc  :   e8;
	0edd  :   1c;
	0ede  :   f0;
	0edf  :   f9;
	0ee0  :   07;
	0ee1  :   12;
	0ee2  :   fe;
	0ee3  :   f7;
	0ee4  :   fa;
	0ee5  :   1f;
	0ee6  :   17;
	0ee7  :   02;
	0ee8  :   fe;
	0ee9  :   e3;
	0eea  :   e0;
	0eeb  :   0a;
	0eec  :   f6;
	0eed  :   db;
	0eee  :   fd;
	0eef  :   d5;
	0ef0  :   03;
	0ef1  :   d9;
	0ef2  :   f5;
	0ef3  :   1a;
	0ef4  :   f0;
	0ef5  :   e3;
	0ef6  :   02;
	0ef7  :   e9;
	0ef8  :   d7;
	0ef9  :   1f;
	0efa  :   09;
	0efb  :   f3;
	0efc  :   ff;
	0efd  :   0b;
	0efe  :   1a;
	0eff  :   11;
	0f00  :   1b;
	0f01  :   0d;
	0f02  :   05;
	0f03  :   fa;
	0f04  :   f3;
	0f05  :   e3;
	0f06  :   de;
	0f07  :   db;
	0f08  :   f5;
	0f09  :   ec;
	0f0a  :   1e;
	0f0b  :   d0;
	0f0c  :   d8;
	0f0d  :   f2;
	0f0e  :   17;
	0f0f  :   ea;
	0f10  :   e7;
	0f11  :   e1;
	0f12  :   f6;
	0f13  :   e7;
	0f14  :   05;
	0f15  :   1c;
	0f16  :   fc;
	0f17  :   f4;
	0f18  :   f3;
	0f19  :   02;
	0f1a  :   f0;
	0f1b  :   1d;
	0f1c  :   fc;
	0f1d  :   16;
	0f1e  :   0c;
	0f1f  :   1a;
	0f20  :   1e;
	0f21  :   0c;
	0f22  :   1b;
	0f23  :   fa;
	0f24  :   ed;
	0f25  :   13;
	0f26  :   ee;
	0f27  :   e0;
	0f28  :   e4;
	0f29  :   f4;
	0f2a  :   04;
	0f2b  :   df;
	0f2c  :   d2;
	0f2d  :   09;
	0f2e  :   f0;
	0f2f  :   06;
	0f30  :   00;
	0f31  :   15;
	0f32  :   fe;
	0f33  :   03;
	0f34  :   10;
	0f35  :   10;
	0f36  :   f3;
	0f37  :   1f;
	0f38  :   1e;
	0f39  :   11;
	0f3a  :   19;
	0f3b  :   ef;
	0f3c  :   f4;
	0f3d  :   19;
	0f3e  :   06;
	0f3f  :   0f;
	0f40  :   f9;
	0f41  :   02;
	0f42  :   ee;
	0f43  :   00;
	0f44  :   19;
	0f45  :   0c;
	0f46  :   f7;
	0f47  :   07;
	0f48  :   f1;
	0f49  :   08;
	0f4a  :   24;
	0f4b  :   15;
	0f4c  :   16;
	0f4d  :   0d;
	0f4e  :   1b;
	0f4f  :   19;
	0f50  :   0c;
	0f51  :   ff;
	0f52  :   0e;
	0f53  :   fe;
	0f54  :   19;
	0f55  :   0a;
	0f56  :   1e;
	0f57  :   fd;
	0f58  :   21;
	0f59  :   10;
	0f5a  :   18;
	0f5b  :   1c;
	0f5c  :   09;
	0f5d  :   14;
	0f5e  :   07;
	0f5f  :   1f;
	0f60  :   1d;
	0f61  :   08;
	0f62  :   0e;
	0f63  :   12;
	0f64  :   24;
	0f65  :   1c;
	0f66  :   07;
	0f67  :   02;
	0f68  :   fe;
	0f69  :   17;
	0f6a  :   25;
	0f6b  :   22;
	0f6c  :   23;
	0f6d  :   00;
	0f6e  :   01;
	0f6f  :   24;
	0f70  :   08;
	0f71  :   0d;
	0f72  :   1d;
	0f73  :   08;
	0f74  :   f9;
	0f75  :   25;
	0f76  :   04;
	0f77  :   1c;
	0f78  :   10;
	0f79  :   14;
	0f7a  :   f9;
	0f7b  :   14;
	0f7c  :   0d;
	0f7d  :   1d;
	0f7e  :   17;
	0f7f  :   fd;
	0f80  :   f9;
	0f81  :   25;
	0f82  :   fe;
	0f83  :   1f;
	0f84  :   18;
	0f85  :   13;
	0f86  :   19;
	0f87  :   18;
	0f88  :   04;
	0f89  :   13;
	0f8a  :   1f;
	0f8b  :   14;
	0f8c  :   15;
	0f8d  :   1c;
	0f8e  :   15;
	0f8f  :   18;
	0f90  :   fb;
	0f91  :   0f;
	0f92  :   07;
	0f93  :   19;
	0f94  :   06;
	0f95  :   01;
	0f96  :   f0;
	0f97  :   00;
	0f98  :   f9;
	0f99  :   fc;
	0f9a  :   1b;
	0f9b  :   fa;
	0f9c  :   0e;
	0f9d  :   1b;
	0f9e  :   07;
	0f9f  :   0d;
	0fa0  :   fb;
	0fa1  :   0f;
	0fa2  :   12;
	0fa3  :   08;
	0fa4  :   01;
	0fa5  :   02;
	0fa6  :   08;
	0fa7  :   0e;
	0fa8  :   11;
	0fa9  :   1a;
	0faa  :   1d;
	0fab  :   24;
	0fac  :   16;
	0fad  :   fd;
	0fae  :   f3;
	0faf  :   e9;
	0fb0  :   e7;
	0fb1  :   d1;
	0fb2  :   d1;
	0fb3  :   c2;
	0fb4  :   dc;
	0fb5  :   e3;
	0fb6  :   04;
	0fb7  :   03;
	0fb8  :   0e;
	0fb9  :   0a;
	0fba  :   0f;
	0fbb  :   02;
	0fbc  :   1c;
	0fbd  :   22;
	0fbe  :   20;
	0fbf  :   02;
	0fc0  :   1d;
	0fc1  :   ff;
	0fc2  :   1c;
	0fc3  :   0d;
	0fc4  :   fe;
	0fc5  :   1e;
	0fc6  :   17;
	0fc7  :   00;
	0fc8  :   16;
	0fc9  :   ea;
	0fca  :   dd;
	0fcb  :   e9;
	0fcc  :   dc;
	0fcd  :   d5;
	0fce  :   cf;
	0fcf  :   d2;
	0fd0  :   ed;
	0fd1  :   d3;
	0fd2  :   13;
	0fd3  :   17;
	0fd4  :   09;
	0fd5  :   f5;
	0fd6  :   f9;
	0fd7  :   f4;
	0fd8  :   ec;
	0fd9  :   07;
	0fda  :   23;
	0fdb  :   19;
	0fdc  :   0d;
	0fdd  :   06;
	0fde  :   06;
	0fdf  :   18;
	0fe0  :   04;
	0fe1  :   0e;
	0fe2  :   00;
	0fe3  :   f0;
	0fe4  :   ce;
	0fe5  :   eb;
	0fe6  :   e4;
	0fe7  :   e9;
	0fe8  :   f9;
	0fe9  :   eb;
	0fea  :   d3;
	0feb  :   f7;
	0fec  :   c6;
	0fed  :   d9;
	0fee  :   e1;
	0fef  :   e4;
	0ff0  :   d9;
	0ff1  :   db;
	0ff2  :   ee;
	0ff3  :   18;
	0ff4  :   fe;
	0ff5  :   03;
	0ff6  :   01;
	0ff7  :   14;
	0ff8  :   14;
	0ff9  :   0c;
	0ffa  :   25;
	0ffb  :   16;
	0ffc  :   12;
	0ffd  :   04;
	0ffe  :   fa;
	0fff  :   e0;
	1000  :   d9;
	1001  :   e3;
	1002  :   bf;
	1003  :   ea;
	1004  :   11;
	1005  :   fd;
	1006  :   0b;
	1007  :   fe;
	1008  :   fd;
	1009  :   0a;
	100a  :   e0;
	100b  :   b7;
	100c  :   c9;
	100d  :   b7;
	100e  :   e7;
	100f  :   fb;
	1010  :   fe;
	1011  :   fd;
	1012  :   15;
	1013  :   1a;
	1014  :   fc;
	1015  :   09;
	1016  :   08;
	1017  :   23;
	1018  :   21;
	1019  :   f2;
	101a  :   e3;
	101b  :   c8;
	101c  :   d0;
	101d  :   d0;
	101e  :   b6;
	101f  :   ee;
	1020  :   26;
	1021  :   1e;
	1022  :   29;
	1023  :   08;
	1024  :   10;
	1025  :   09;
	1026  :   df;
	1027  :   e8;
	1028  :   e5;
	1029  :   d4;
	102a  :   dd;
	102b  :   fd;
	102c  :   d8;
	102d  :   f3;
	102e  :   12;
	102f  :   03;
	1030  :   13;
	1031  :   05;
	1032  :   11;
	1033  :   fd;
	1034  :   18;
	1035  :   ed;
	1036  :   e2;
	1037  :   b5;
	1038  :   f5;
	1039  :   05;
	103a  :   fb;
	103b  :   f8;
	103c  :   ea;
	103d  :   f0;
	103e  :   f5;
	103f  :   e1;
	1040  :   f2;
	1041  :   00;
	1042  :   06;
	1043  :   ea;
	1044  :   d9;
	1045  :   c9;
	1046  :   fb;
	1047  :   da;
	1048  :   e8;
	1049  :   f5;
	104a  :   16;
	104b  :   03;
	104c  :   0f;
	104d  :   06;
	104e  :   f8;
	104f  :   12;
	1050  :   ef;
	1051  :   c7;
	1052  :   af;
	1053  :   e0;
	1054  :   1a;
	1055  :   1f;
	1056  :   0b;
	1057  :   f7;
	1058  :   d1;
	1059  :   e0;
	105a  :   f2;
	105b  :   21;
	105c  :   1b;
	105d  :   07;
	105e  :   11;
	105f  :   f3;
	1060  :   e2;
	1061  :   d4;
	1062  :   dd;
	1063  :   e3;
	1064  :   cf;
	1065  :   f9;
	1066  :   01;
	1067  :   10;
	1068  :   17;
	1069  :   fe;
	106a  :   fd;
	106b  :   02;
	106c  :   0b;
	106d  :   c2;
	106e  :   b1;
	106f  :   c2;
	1070  :   1b;
	1071  :   15;
	1072  :   fd;
	1073  :   e3;
	1074  :   cd;
	1075  :   cb;
	1076  :   ea;
	1077  :   39;
	1078  :   1f;
	1079  :   11;
	107a  :   10;
	107b  :   f4;
	107c  :   02;
	107d  :   d9;
	107e  :   d9;
	107f  :   d4;
	1080  :   da;
	1081  :   fd;
	1082  :   07;
	1083  :   18;
	1084  :   19;
	1085  :   0b;
	1086  :   ee;
	1087  :   e0;
	1088  :   e1;
	1089  :   d8;
	108a  :   b5;
	108b  :   fa;
	108c  :   34;
	108d  :   fb;
	108e  :   f2;
	108f  :   ff;
	1090  :   e6;
	1091  :   14;
	1092  :   45;
	1093  :   46;
	1094  :   37;
	1095  :   3e;
	1096  :   4c;
	1097  :   2a;
	1098  :   f7;
	1099  :   ed;
	109a  :   c0;
	109b  :   8d;
	109c  :   ca;
	109d  :   f1;
	109e  :   17;
	109f  :   22;
	10a0  :   1d;
	10a1  :   00;
	10a2  :   04;
	10a3  :   e7;
	10a4  :   f8;
	10a5  :   c9;
	10a6  :   ce;
	10a7  :   0e;
	10a8  :   07;
	10a9  :   08;
	10aa  :   13;
	10ab  :   e9;
	10ac  :   03;
	10ad  :   3c;
	10ae  :   47;
	10af  :   2a;
	10b0  :   45;
	10b1  :   39;
	10b2  :   55;
	10b3  :   03;
	10b4  :   d7;
	10b5  :   e2;
	10b6  :   a6;
	10b7  :   d9;
	10b8  :   dc;
	10b9  :   e0;
	10ba  :   f5;
	10bb  :   19;
	10bc  :   01;
	10bd  :   24;
	10be  :   10;
	10bf  :   08;
	10c0  :   ec;
	10c1  :   d2;
	10c2  :   cb;
	10c3  :   22;
	10c4  :   12;
	10c5  :   14;
	10c6  :   1d;
	10c7  :   01;
	10c8  :   23;
	10c9  :   6e;
	10ca  :   68;
	10cb  :   50;
	10cc  :   32;
	10cd  :   54;
	10ce  :   1d;
	10cf  :   ff;
	10d0  :   ba;
	10d1  :   bf;
	10d2  :   c1;
	10d3  :   c1;
	10d4  :   e9;
	10d5  :   ea;
	10d6  :   f0;
	10d7  :   24;
	10d8  :   17;
	10d9  :   0b;
	10da  :   00;
	10db  :   f3;
	10dc  :   e8;
	10dd  :   cc;
	10de  :   d7;
	10df  :   0b;
	10e0  :   04;
	10e1  :   3a;
	10e2  :   18;
	10e3  :   10;
	10e4  :   46;
	10e5  :   4c;
	10e6  :   43;
	10e7  :   26;
	10e8  :   39;
	10e9  :   21;
	10ea  :   10;
	10eb  :   c6;
	10ec  :   80;
	10ed  :   9e;
	10ee  :   d0;
	10ef  :   d7;
	10f0  :   da;
	10f1  :   07;
	10f2  :   f6;
	10f3  :   1c;
	10f4  :   19;
	10f5  :   10;
	10f6  :   12;
	10f7  :   0d;
	10f8  :   06;
	10f9  :   eb;
	10fa  :   9d;
	10fb  :   9c;
	10fc  :   cb;
	10fd  :   27;
	10fe  :   33;
	10ff  :   2a;
	1100  :   34;
	1101  :   48;
	1102  :   17;
	1103  :   11;
	1104  :   26;
	1105  :   15;
	1106  :   e4;
	1107  :   92;
	1108  :   99;
	1109  :   db;
	110a  :   d6;
	110b  :   cd;
	110c  :   de;
	110d  :   eb;
	110e  :   10;
	110f  :   24;
	1110  :   04;
	1111  :   03;
	1112  :   15;
	1113  :   f7;
	1114  :   18;
	1115  :   be;
	1116  :   ad;
	1117  :   9d;
	1118  :   bb;
	1119  :   ed;
	111a  :   fb;
	111b  :   39;
	111c  :   39;
	111d  :   23;
	111e  :   0a;
	111f  :   fb;
	1120  :   23;
	1121  :   f7;
	1122  :   c0;
	1123  :   9e;
	1124  :   ae;
	1125  :   d3;
	1126  :   d9;
	1127  :   db;
	1128  :   ea;
	1129  :   f3;
	112a  :   08;
	112b  :   1b;
	112c  :   1f;
	112d  :   10;
	112e  :   12;
	112f  :   0c;
	1130  :   0e;
	1131  :   db;
	1132  :   a5;
	1133  :   8b;
	1134  :   8d;
	1135  :   c7;
	1136  :   d2;
	1137  :   f6;
	1138  :   25;
	1139  :   01;
	113a  :   14;
	113b  :   e0;
	113c  :   dd;
	113d  :   ad;
	113e  :   98;
	113f  :   a2;
	1140  :   c5;
	1141  :   e2;
	1142  :   e7;
	1143  :   f0;
	1144  :   f7;
	1145  :   0f;
	1146  :   1e;
	1147  :   23;
	1148  :   fb;
	1149  :   03;
	114a  :   05;
	114b  :   fa;
	114c  :   fa;
	114d  :   db;
	114e  :   b0;
	114f  :   93;
	1150  :   b9;
	1151  :   bd;
	1152  :   ce;
	1153  :   e7;
	1154  :   df;
	1155  :   0f;
	1156  :   f0;
	1157  :   d4;
	1158  :   cb;
	1159  :   b9;
	115a  :   a5;
	115b  :   c5;
	115c  :   b9;
	115d  :   ec;
	115e  :   ed;
	115f  :   09;
	1160  :   df;
	1161  :   f2;
	1162  :   19;
	1163  :   13;
	1164  :   fa;
	1165  :   01;
	1166  :   ff;
	1167  :   13;
	1168  :   17;
	1169  :   ea;
	116a  :   ef;
	116b  :   d9;
	116c  :   c4;
	116d  :   b5;
	116e  :   b1;
	116f  :   bc;
	1170  :   e4;
	1171  :   e9;
	1172  :   eb;
	1173  :   d4;
	1174  :   ca;
	1175  :   9d;
	1176  :   ae;
	1177  :   ce;
	1178  :   b9;
	1179  :   f5;
	117a  :   f5;
	117b  :   e1;
	117c  :   fd;
	117d  :   fb;
	117e  :   21;
	117f  :   14;
	1180  :   1a;
	1181  :   0d;
	1182  :   1b;
	1183  :   26;
	1184  :   35;
	1185  :   02;
	1186  :   fc;
	1187  :   e1;
	1188  :   b4;
	1189  :   dd;
	118a  :   d0;
	118b  :   e4;
	118c  :   d2;
	118d  :   cd;
	118e  :   e0;
	118f  :   dc;
	1190  :   e3;
	1191  :   bc;
	1192  :   ca;
	1193  :   e6;
	1194  :   dd;
	1195  :   e5;
	1196  :   fd;
	1197  :   0c;
	1198  :   f3;
	1199  :   f6;
	119a  :   19;
	119b  :   19;
	119c  :   23;
	119d  :   00;
	119e  :   01;
	119f  :   02;
	11a0  :   1d;
	11a1  :   3f;
	11a2  :   f3;
	11a3  :   cb;
	11a4  :   e0;
	11a5  :   14;
	11a6  :   06;
	11a7  :   dd;
	11a8  :   c9;
	11a9  :   b7;
	11aa  :   c8;
	11ab  :   eb;
	11ac  :   e0;
	11ad  :   d3;
	11ae  :   de;
	11af  :   d5;
	11b0  :   f2;
	11b1  :   f3;
	11b2  :   f7;
	11b3  :   f1;
	11b4  :   ff;
	11b5  :   fd;
	11b6  :   02;
	11b7  :   fe;
	11b8  :   00;
	11b9  :   13;
	11ba  :   18;
	11bb  :   0a;
	11bc  :   04;
	11bd  :   38;
	11be  :   07;
	11bf  :   10;
	11c0  :   0e;
	11c1  :   24;
	11c2  :   00;
	11c3  :   dd;
	11c4  :   cb;
	11c5  :   ba;
	11c6  :   b8;
	11c7  :   d6;
	11c8  :   d5;
	11c9  :   03;
	11ca  :   ef;
	11cb  :   d8;
	11cc  :   e8;
	11cd  :   fc;
	11ce  :   dc;
	11cf  :   fe;
	11d0  :   12;
	11d1  :   ff;
	11d2  :   15;
	11d3  :   fd;
	11d4  :   0f;
	11d5  :   17;
	11d6  :   fb;
	11d7  :   07;
	11d8  :   f7;
	11d9  :   11;
	11da  :   f8;
	11db  :   19;
	11dc  :   03;
	11dd  :   f1;
	11de  :   19;
	11df  :   e4;
	11e0  :   fb;
	11e1  :   e5;
	11e2  :   c9;
	11e3  :   e8;
	11e4  :   0c;
	11e5  :   2d;
	11e6  :   0f;
	11e7  :   f2;
	11e8  :   e6;
	11e9  :   cc;
	11ea  :   f6;
	11eb  :   f8;
	11ec  :   07;
	11ed  :   21;
	11ee  :   02;
	11ef  :   18;
	11f0  :   21;
	11f1  :   0b;
	11f2  :   14;
	11f3  :   0b;
	11f4  :   06;
	11f5  :   25;
	11f6  :   fc;
	11f7  :   14;
	11f8  :   13;
	11f9  :   ef;
	11fa  :   ea;
	11fb  :   c7;
	11fc  :   b1;
	11fd  :   cc;
	11fe  :   da;
	11ff  :   e9;
	1200  :   02;
	1201  :   0f;
	1202  :   21;
	1203  :   08;
	1204  :   0a;
	1205  :   fd;
	1206  :   03;
	1207  :   03;
	1208  :   04;
	1209  :   0f;
	120a  :   23;
	120b  :   02;
	120c  :   0f;
	120d  :   1a;
	120e  :   1b;
	120f  :   03;
	1210  :   fd;
	1211  :   2e;
	1212  :   13;
	1213  :   20;
	1214  :   2e;
	1215  :   32;
	1216  :   ec;
	1217  :   e6;
	1218  :   ef;
	1219  :   f0;
	121a  :   07;
	121b  :   da;
	121c  :   05;
	121d  :   15;
	121e  :   25;
	121f  :   eb;
	1220  :   f5;
	1221  :   ef;
	1222  :   ff;
	1223  :   01;
	1224  :   fe;
	1225  :   0d;
	1226  :   0d;
	1227  :   fc;
	1228  :   0c;
	1229  :   1d;
	122a  :   0b;
	122b  :   07;
	122c  :   03;
	122d  :   19;
	122e  :   14;
	122f  :   25;
	1230  :   13;
	1231  :   27;
	1232  :   1e;
	1233  :   27;
	1234  :   0e;
	1235  :   18;
	1236  :   28;
	1237  :   49;
	1238  :   45;
	1239  :   4c;
	123a  :   35;
	123b  :   17;
	123c  :   0b;
	123d  :   06;
	123e  :   15;
	123f  :   fd;
	1240  :   09;
	1241  :   fb;
	1242  :   1e;
	1243  :   14;
	1244  :   01;
	1245  :   11;
	1246  :   11;
	1247  :   0b;
	1248  :   03;
	1249  :   fe;
	124a  :   05;
	124b  :   03;
	124c  :   22;
	124d  :   04;
	124e  :   04;
	124f  :   00;
	1250  :   15;
	1251  :   f1;
	1252  :   17;
	1253  :   16;
	1254  :   18;
	1255  :   1e;
	1256  :   13;
	1257  :   18;
	1258  :   01;
	1259  :   0a;
	125a  :   02;
	125b  :   04;
	125c  :   1f;
	125d  :   fd;
	125e  :   18;
	125f  :   01;
	1260  :   fc;
	1261  :   f4;
	1262  :   11;
	1263  :   0c;
	1264  :   04;
	1265  :   0e;
	1266  :   fd;
	1267  :   06;
	1268  :   f7;
	1269  :   f8;
	126a  :   f8;
	126b  :   ff;
	126c  :   ff;
	126d  :   f3;
	126e  :   fc;
	126f  :   14;
	1270  :   10;
	1271  :   13;
	1272  :   ff;
	1273  :   f6;
	1274  :   f2;
	1275  :   f7;
	1276  :   11;
	1277  :   f9;
	1278  :   f9;
	1279  :   0c;
	127a  :   07;
	127b  :   ff;
	127c  :   fb;
	127d  :   fc;
	127e  :   04;
	127f  :   f4;
	1280  :   04;
	1281  :   f7;
	1282  :   05;
	1283  :   14;
	1284  :   02;
	1285  :   06;
	1286  :   ff;
	1287  :   03;
	1288  :   fe;
	1289  :   03;
	128a  :   0c;
	128b  :   fa;
	128c  :   02;
	128d  :   13;
	128e  :   06;
	128f  :   fa;
	1290  :   f9;
	1291  :   05;
	1292  :   f6;
	1293  :   fc;
	1294  :   f7;
	1295  :   f6;
	1296  :   07;
	1297  :   f9;
	1298  :   0b;
	1299  :   13;
	129a  :   11;
	129b  :   f2;
	129c  :   f2;
	129d  :   0f;
	129e  :   f9;
	129f  :   08;
	12a0  :   12;
	12a1  :   f6;
	12a2  :   03;
	12a3  :   00;
	12a4  :   ee;
	12a5  :   fc;
	12a6  :   06;
	12a7  :   10;
	12a8  :   fb;
	12a9  :   f4;
	12aa  :   04;
	12ab  :   fb;
	12ac  :   0c;
	12ad  :   fd;
	12ae  :   f5;
	12af  :   fd;
	12b0  :   09;
	12b1  :   04;
	12b2  :   09;
	12b3  :   f3;
	12b4  :   0e;
	12b5  :   00;
	12b6  :   14;
	12b7  :   0c;
	12b8  :   0c;
	12b9  :   01;
	12ba  :   09;
	12bb  :   08;
	12bc  :   03;
	12bd  :   f5;
	12be  :   e5;
	12bf  :   b1;
	12c0  :   ce;
	12c1  :   eb;
	12c2  :   ea;
	12c3  :   e9;
	12c4  :   db;
	12c5  :   e1;
	12c6  :   ea;
	12c7  :   db;
	12c8  :   fd;
	12c9  :   ff;
	12ca  :   12;
	12cb  :   14;
	12cc  :   00;
	12cd  :   ff;
	12ce  :   fa;
	12cf  :   f6;
	12d0  :   fa;
	12d1  :   06;
	12d2  :   fd;
	12d3  :   13;
	12d4  :   00;
	12d5  :   0b;
	12d6  :   fc;
	12d7  :   09;
	12d8  :   ee;
	12d9  :   eb;
	12da  :   ca;
	12db  :   db;
	12dc  :   f5;
	12dd  :   fa;
	12de  :   dc;
	12df  :   eb;
	12e0  :   cb;
	12e1  :   b6;
	12e2  :   bf;
	12e3  :   da;
	12e4  :   ca;
	12e5  :   f7;
	12e6  :   04;
	12e7  :   0f;
	12e8  :   13;
	12e9  :   fa;
	12ea  :   00;
	12eb  :   ff;
	12ec  :   07;
	12ed  :   09;
	12ee  :   fe;
	12ef  :   00;
	12f0  :   17;
	12f1  :   0f;
	12f2  :   11;
	12f3  :   fa;
	12f4  :   dd;
	12f5  :   de;
	12f6  :   c6;
	12f7  :   db;
	12f8  :   03;
	12f9  :   24;
	12fa  :   02;
	12fb  :   12;
	12fc  :   00;
	12fd  :   f5;
	12fe  :   08;
	12ff  :   e9;
	1300  :   eb;
	1301  :   ee;
	1302  :   ea;
	1303  :   0a;
	1304  :   f8;
	1305  :   0b;
	1306  :   0c;
	1307  :   0a;
	1308  :   ff;
	1309  :   0a;
	130a  :   03;
	130b  :   11;
	130c  :   0a;
	130d  :   00;
	130e  :   1c;
	130f  :   04;
	1310  :   de;
	1311  :   d4;
	1312  :   d8;
	1313  :   ee;
	1314  :   f6;
	1315  :   03;
	1316  :   1b;
	1317  :   20;
	1318  :   15;
	1319  :   0f;
	131a  :   f5;
	131b  :   e9;
	131c  :   dc;
	131d  :   03;
	131e  :   cb;
	131f  :   cb;
	1320  :   ec;
	1321  :   ee;
	1322  :   10;
	1323  :   13;
	1324  :   fc;
	1325  :   00;
	1326  :   11;
	1327  :   12;
	1328  :   04;
	1329  :   f7;
	132a  :   34;
	132b  :   1f;
	132c  :   f0;
	132d  :   f5;
	132e  :   fc;
	132f  :   00;
	1330  :   3c;
	1331  :   21;
	1332  :   1c;
	1333  :   0e;
	1334  :   ed;
	1335  :   e2;
	1336  :   f7;
	1337  :   f4;
	1338  :   0c;
	1339  :   0a;
	133a  :   c3;
	133b  :   b3;
	133c  :   d3;
	133d  :   e7;
	133e  :   05;
	133f  :   10;
	1340  :   f8;
	1341  :   14;
	1342  :   f6;
	1343  :   12;
	1344  :   19;
	1345  :   1a;
	1346  :   27;
	1347  :   33;
	1348  :   01;
	1349  :   01;
	134a  :   3a;
	134b  :   41;
	134c  :   4c;
	134d  :   38;
	134e  :   2f;
	134f  :   f7;
	1350  :   c7;
	1351  :   d8;
	1352  :   ea;
	1353  :   e9;
	1354  :   0c;
	1355  :   09;
	1356  :   fa;
	1357  :   ee;
	1358  :   d7;
	1359  :   f4;
	135a  :   00;
	135b  :   09;
	135c  :   f4;
	135d  :   13;
	135e  :   16;
	135f  :   2e;
	1360  :   34;
	1361  :   3b;
	1362  :   32;
	1363  :   3d;
	1364  :   1a;
	1365  :   2c;
	1366  :   4f;
	1367  :   53;
	1368  :   2d;
	1369  :   3d;
	136a  :   40;
	136b  :   fa;
	136c  :   ca;
	136d  :   df;
	136e  :   f5;
	136f  :   f1;
	1370  :   0d;
	1371  :   f5;
	1372  :   f6;
	1373  :   ee;
	1374  :   f2;
	1375  :   f0;
	1376  :   11;
	1377  :   ff;
	1378  :   fc;
	1379  :   fd;
	137a  :   12;
	137b  :   14;
	137c  :   19;
	137d  :   3f;
	137e  :   31;
	137f  :   2a;
	1380  :   38;
	1381  :   33;
	1382  :   59;
	1383  :   37;
	1384  :   39;
	1385  :   66;
	1386  :   3e;
	1387  :   eb;
	1388  :   d2;
	1389  :   f4;
	138a  :   eb;
	138b  :   08;
	138c  :   05;
	138d  :   11;
	138e  :   03;
	138f  :   f4;
	1390  :   d3;
	1391  :   0d;
	1392  :   10;
	1393  :   03;
	1394  :   07;
	1395  :   11;
	1396  :   23;
	1397  :   1b;
	1398  :   31;
	1399  :   23;
	139a  :   29;
	139b  :   38;
	139c  :   3f;
	139d  :   23;
	139e  :   48;
	139f  :   2f;
	13a0  :   23;
	13a1  :   47;
	13a2  :   1c;
	13a3  :   e4;
	13a4  :   d2;
	13a5  :   fe;
	13a6  :   f7;
	13a7  :   09;
	13a8  :   10;
	13a9  :   19;
	13aa  :   2d;
	13ab  :   14;
	13ac  :   d6;
	13ad  :   fa;
	13ae  :   09;
	13af  :   09;
	13b0  :   0b;
	13b1  :   13;
	13b2  :   18;
	13b3  :   21;
	13b4  :   2d;
	13b5  :   14;
	13b6  :   06;
	13b7  :   1d;
	13b8  :   22;
	13b9  :   01;
	13ba  :   19;
	13bb  :   ff;
	13bc  :   f9;
	13bd  :   f8;
	13be  :   f2;
	13bf  :   fc;
	13c0  :   f6;
	13c1  :   10;
	13c2  :   10;
	13c3  :   f2;
	13c4  :   03;
	13c5  :   0b;
	13c6  :   24;
	13c7  :   16;
	13c8  :   fd;
	13c9  :   12;
	13ca  :   03;
	13cb  :   0c;
	13cc  :   13;
	13cd  :   fb;
	13ce  :   1d;
	13cf  :   1c;
	13d0  :   30;
	13d1  :   02;
	13d2  :   f6;
	13d3  :   f9;
	13d4  :   f1;
	13d5  :   f7;
	13d6  :   e3;
	13d7  :   dc;
	13d8  :   ca;
	13d9  :   d2;
	13da  :   f3;
	13db  :   f4;
	13dc  :   fa;
	13dd  :   f5;
	13de  :   cf;
	13df  :   d6;
	13e0  :   19;
	13e1  :   0e;
	13e2  :   0a;
	13e3  :   10;
	13e4  :   26;
	13e5  :   11;
	13e6  :   18;
	13e7  :   05;
	13e8  :   01;
	13e9  :   10;
	13ea  :   0b;
	13eb  :   16;
	13ec  :   f9;
	13ed  :   d8;
	13ee  :   dc;
	13ef  :   b5;
	13f0  :   e0;
	13f1  :   ec;
	13f2  :   ea;
	13f3  :   d1;
	13f4  :   cc;
	13f5  :   ea;
	13f6  :   e5;
	13f7  :   ea;
	13f8  :   f6;
	13f9  :   0f;
	13fa  :   ef;
	13fb  :   01;
	13fc  :   1e;
	13fd  :   1b;
	13fe  :   11;
	13ff  :   11;
	1400  :   01;
	1401  :   06;
	1402  :   0b;
	1403  :   00;
	1404  :   f3;
	1405  :   00;
	1406  :   05;
	1407  :   0d;
	1408  :   fe;
	1409  :   ce;
	140a  :   d8;
	140b  :   d7;
	140c  :   d3;
	140d  :   e8;
	140e  :   dd;
	140f  :   f0;
	1410  :   df;
	1411  :   e3;
	1412  :   ed;
	1413  :   04;
	1414  :   13;
	1415  :   1a;
	1416  :   29;
	1417  :   17;
	1418  :   39;
	1419  :   2f;
	141a  :   1c;
	141b  :   f8;
	141c  :   0d;
	141d  :   13;
	141e  :   09;
	141f  :   00;
	1420  :   0d;
	1421  :   0e;
	1422  :   13;
	1423  :   f4;
	1424  :   fa;
	1425  :   f5;
	1426  :   d4;
	1427  :   e7;
	1428  :   e3;
	1429  :   e3;
	142a  :   ef;
	142b  :   d2;
	142c  :   ba;
	142d  :   e6;
	142e  :   07;
	142f  :   17;
	1430  :   16;
	1431  :   2e;
	1432  :   2a;
	1433  :   21;
	1434  :   fb;
	1435  :   13;
	1436  :   08;
	1437  :   08;
	1438  :   f7;
	1439  :   11;
	143a  :   04;
	143b  :   f7;
	143c  :   f1;
	143d  :   00;
	143e  :   f3;
	143f  :   f6;
	1440  :   f6;
	1441  :   d9;
	1442  :   c7;
	1443  :   e6;
	1444  :   ed;
	1445  :   fc;
	1446  :   e8;
	1447  :   bc;
	1448  :   b3;
	1449  :   b2;
	144a  :   17;
	144b  :   30;
	144c  :   26;
	144d  :   3c;
	144e  :   2d;
	144f  :   08;
	1450  :   0e;
	1451  :   f3;
	1452  :   11;
	1453  :   07;
	1454  :   08;
	1455  :   19;
	1456  :   1c;
	1457  :   fa;
	1458  :   09;
	1459  :   fc;
	145a  :   13;
	145b  :   e2;
	145c  :   da;
	145d  :   e0;
	145e  :   ce;
	145f  :   e2;
	1460  :   dd;
	1461  :   01;
	1462  :   f1;
	1463  :   b3;
	1464  :   80;
	1465  :   bf;
	1466  :   38;
	1467  :   3a;
	1468  :   2f;
	1469  :   34;
	146a  :   11;
	146b  :   01;
	146c  :   06;
	146d  :   f4;
	146e  :   0a;
	146f  :   08;
	1470  :   f1;
	1471  :   14;
	1472  :   01;
	1473  :   f8;
	1474  :   01;
	1475  :   fc;
	1476  :   f6;
	1477  :   da;
	1478  :   f9;
	1479  :   fc;
	147a  :   e7;
	147b  :   ef;
	147c  :   dd;
	147d  :   c9;
	147e  :   c9;
	147f  :   98;
	1480  :   92;
	1481  :   d9;
	1482  :   44;
	1483  :   68;
	1484  :   4a;
	1485  :   11;
	1486  :   e5;
	1487  :   ef;
	1488  :   f4;
	1489  :   cc;
	148a  :   e9;
	148b  :   00;
	148c  :   11;
	148d  :   0d;
	148e  :   0a;
	148f  :   f6;
	1490  :   0a;
	1491  :   fb;
	1492  :   11;
	1493  :   f5;
	1494  :   eb;
	1495  :   06;
	1496  :   0b;
	1497  :   ee;
	1498  :   f1;
	1499  :   c2;
	149a  :   bb;
	149b  :   b1;
	149c  :   bc;
	149d  :   fb;
	149e  :   38;
	149f  :   41;
	14a0  :   25;
	14a1  :   14;
	14a2  :   fd;
	14a3  :   f5;
	14a4  :   ec;
	14a5  :   d7;
	14a6  :   c2;
	14a7  :   ea;
	14a8  :   07;
	14a9  :   ff;
	14aa  :   13;
	14ab  :   f5;
	14ac  :   00;
	14ad  :   08;
	14ae  :   f3;
	14af  :   05;
	14b0  :   ef;
	14b1  :   0e;
	14b2  :   11;
	14b3  :   fd;
	14b4  :   f7;
	14b5  :   e4;
	14b6  :   e2;
	14b7  :   d0;
	14b8  :   eb;
	14b9  :   0d;
	14ba  :   1d;
	14bb  :   3e;
	14bc  :   2e;
	14bd  :   f4;
	14be  :   15;
	14bf  :   13;
	14c0  :   11;
	14c1  :   f5;
	14c2  :   db;
	14c3  :   f6;
	14c4  :   f6;
	14c5  :   04;
	14c6  :   f4;
	14c7  :   01;
	14c8  :   0e;
	14c9  :   10;
	14ca  :   08;
	14cb  :   f7;
	14cc  :   fe;
	14cd  :   0e;
	14ce  :   20;
	14cf  :   0f;
	14d0  :   2b;
	14d1  :   24;
	14d2  :   08;
	14d3  :   e5;
	14d4  :   0e;
	14d5  :   0e;
	14d6  :   1b;
	14d7  :   2a;
	14d8  :   1f;
	14d9  :   08;
	14da  :   05;
	14db  :   f6;
	14dc  :   0d;
	14dd  :   e8;
	14de  :   d0;
	14df  :   ea;
	14e0  :   fa;
	14e1  :   10;
	14e2  :   09;
	14e3  :   0a;
	14e4  :   13;
	14e5  :   0e;
	14e6  :   12;
	14e7  :   01;
	14e8  :   06;
	14e9  :   e6;
	14ea  :   f7;
	14eb  :   07;
	14ec  :   05;
	14ed  :   1b;
	14ee  :   00;
	14ef  :   01;
	14f0  :   01;
	14f1  :   0b;
	14f2  :   1b;
	14f3  :   42;
	14f4  :   16;
	14f5  :   08;
	14f6  :   e5;
	14f7  :   fd;
	14f8  :   12;
	14f9  :   eb;
	14fa  :   ef;
	14fb  :   01;
	14fc  :   00;
	14fd  :   05;
	14fe  :   0d;
	14ff  :   01;
	1500  :   f6;
	1501  :   11;
	1502  :   10;
	1503  :   fe;
	1504  :   ef;
	1505  :   fa;
	1506  :   d8;
	1507  :   e6;
	1508  :   f7;
	1509  :   e5;
	150a  :   d0;
	150b  :   e1;
	150c  :   d9;
	150d  :   ed;
	150e  :   e8;
	150f  :   0f;
	1510  :   de;
	1511  :   1e;
	1512  :   ff;
	1513  :   f2;
	1514  :   f9;
	1515  :   0c;
	1516  :   fc;
	1517  :   03;
	1518  :   08;
	1519  :   f4;
	151a  :   f8;
	151b  :   0a;
	151c  :   0b;
	151d  :   f3;
	151e  :   02;
	151f  :   05;
	1520  :   f8;
	1521  :   fb;
	1522  :   d8;
	1523  :   d6;
	1524  :   f1;
	1525  :   d4;
	1526  :   b9;
	1527  :   e3;
	1528  :   00;
	1529  :   fe;
	152a  :   0a;
	152b  :   13;
	152c  :   f0;
	152d  :   11;
	152e  :   0c;
	152f  :   1d;
	1530  :   11;
	1531  :   17;
	1532  :   f5;
	1533  :   04;
	1534  :   01;
	1535  :   14;
	1536  :   fd;
	1537  :   f3;
	1538  :   11;
	1539  :   f7;
	153a  :   f7;
	153b  :   f2;
	153c  :   f2;
	153d  :   fc;
	153e  :   fc;
	153f  :   f8;
	1540  :   03;
	1541  :   1c;
	1542  :   28;
	1543  :   02;
	1544  :   f8;
	1545  :   1e;
	1546  :   3f;
	1547  :   3f;
	1548  :   2b;
	1549  :   2d;
	154a  :   3d;
	154b  :   32;
	154c  :   2e;
	154d  :   23;
	154e  :   07;
	154f  :   05;
	1550  :   00;
	1551  :   0b;
	1552  :   13;
	1553  :   10;
	1554  :   f4;
	1555  :   03;
	1556  :   fb;
	1557  :   0b;
	1558  :   08;
	1559  :   0c;
	155a  :   f5;
	155b  :   10;
	155c  :   00;
	155d  :   04;
	155e  :   05;
	155f  :   0f;
	1560  :   fb;
	1561  :   08;
	1562  :   02;
	1563  :   03;
	1564  :   09;
	1565  :   09;
	1566  :   1a;
	1567  :   10;
	1568  :   01;
	1569  :   1c;
	156a  :   1c;
	156b  :   0f;
	156c  :   07;
	156d  :   f4;
	156e  :   ff;
	156f  :   fd;
	1570  :   f1;
	1571  :   e2;
	1572  :   ef;
	1573  :   0e;
	1574  :   eb;
	1575  :   e3;
	1576  :   e4;
	1577  :   ed;
	1578  :   06;
	1579  :   e2;
	157a  :   e0;
	157b  :   e1;
	157c  :   03;
	157d  :   02;
	157e  :   fc;
	157f  :   0f;
	1580  :   e6;
	1581  :   07;
	1582  :   e3;
	1583  :   0a;
	1584  :   fe;
	1585  :   0e;
	1586  :   f7;
	1587  :   ef;
	1588  :   0d;
	1589  :   e4;
	158a  :   e3;
	158b  :   0b;
	158c  :   ea;
	158d  :   f5;
	158e  :   f8;
	158f  :   0c;
	1590  :   e6;
	1591  :   e7;
	1592  :   fa;
	1593  :   06;
	1594  :   e6;
	1595  :   f8;
	1596  :   e2;
	1597  :   06;
	1598  :   f1;
	1599  :   f1;
	159a  :   eb;
	159b  :   f0;
	159c  :   04;
	159d  :   02;
	159e  :   e6;
	159f  :   0b;
	15a0  :   ee;
	15a1  :   ea;
	15a2  :   f7;
	15a3  :   01;
	15a4  :   11;
	15a5  :   fe;
	15a6  :   fb;
	15a7  :   10;
	15a8  :   01;
	15a9  :   f0;
	15aa  :   ee;
	15ab  :   e9;
	15ac  :   f8;
	15ad  :   10;
	15ae  :   0d;
	15af  :   f0;
	15b0  :   e9;
	15b1  :   fa;
	15b2  :   1d;
	15b3  :   19;
	15b4  :   07;
	15b5  :   e8;
	15b6  :   19;
	15b7  :   f2;
	15b8  :   df;
	15b9  :   f8;
	15ba  :   1d;
	15bb  :   f2;
	15bc  :   e9;
	15bd  :   e9;
	15be  :   01;
	15bf  :   07;
	15c0  :   0a;
	15c1  :   f0;
	15c2  :   08;
	15c3  :   e3;
	15c4  :   fa;
	15c5  :   f7;
	15c6  :   e9;
	15c7  :   e9;
	15c8  :   07;
	15c9  :   0f;
	15ca  :   11;
	15cb  :   21;
	15cc  :   10;
	15cd  :   1f;
	15ce  :   23;
	15cf  :   1b;
	15d0  :   e2;
	15d1  :   f7;
	15d2  :   f5;
	15d3  :   ff;
	15d4  :   f4;
	15d5  :   e1;
	15d6  :   3f;
	15d7  :   34;
	15d8  :   1e;
	15d9  :   31;
	15da  :   14;
	15db  :   f0;
	15dc  :   10;
	15dd  :   ff;
	15de  :   f0;
	15df  :   00;
	15e0  :   f3;
	15e1  :   0d;
	15e2  :   f7;
	15e3  :   ed;
	15e4  :   07;
	15e5  :   00;
	15e6  :   14;
	15e7  :   10;
	15e8  :   35;
	15e9  :   1e;
	15ea  :   22;
	15eb  :   33;
	15ec  :   20;
	15ed  :   08;
	15ee  :   20;
	15ef  :   05;
	15f0  :   1a;
	15f1  :   28;
	15f2  :   0b;
	15f3  :   f2;
	15f4  :   19;
	15f5  :   36;
	15f6  :   22;
	15f7  :   3e;
	15f8  :   13;
	15f9  :   1f;
	15fa  :   11;
	15fb  :   0b;
	15fc  :   f8;
	15fd  :   ef;
	15fe  :   05;
	15ff  :   f5;
	1600  :   fa;
	1601  :   fd;
	1602  :   13;
	1603  :   10;
	1604  :   0b;
	1605  :   02;
	1606  :   21;
	1607  :   03;
	1608  :   fb;
	1609  :   ee;
	160a  :   04;
	160b  :   fc;
	160c  :   1b;
	160d  :   23;
	160e  :   09;
	160f  :   f2;
	1610  :   eb;
	1611  :   fb;
	1612  :   13;
	1613  :   1d;
	1614  :   14;
	1615  :   03;
	1616  :   0b;
	1617  :   0b;
	1618  :   e9;
	1619  :   f8;
	161a  :   04;
	161b  :   e3;
	161c  :   f2;
	161d  :   2b;
	161e  :   03;
	161f  :   1f;
	1620  :   3d;
	1621  :   09;
	1622  :   e8;
	1623  :   cf;
	1624  :   c7;
	1625  :   c5;
	1626  :   d1;
	1627  :   eb;
	1628  :   ee;
	1629  :   c2;
	162a  :   d4;
	162b  :   e5;
	162c  :   cf;
	162d  :   a0;
	162e  :   be;
	162f  :   f4;
	1630  :   11;
	1631  :   21;
	1632  :   11;
	1633  :   e5;
	1634  :   fd;
	1635  :   08;
	1636  :   e6;
	1637  :   e1;
	1638  :   17;
	1639  :   3a;
	163a  :   28;
	163b  :   2b;
	163c  :   4f;
	163d  :   0c;
	163e  :   d8;
	163f  :   f7;
	1640  :   d3;
	1641  :   ae;
	1642  :   cb;
	1643  :   d5;
	1644  :   c9;
	1645  :   df;
	1646  :   cb;
	1647  :   cc;
	1648  :   b5;
	1649  :   a4;
	164a  :   c8;
	164b  :   d3;
	164c  :   10;
	164d  :   19;
	164e  :   20;
	164f  :   ff;
	1650  :   f0;
	1651  :   fe;
	1652  :   ef;
	1653  :   e9;
	1654  :   ff;
	1655  :   24;
	1656  :   15;
	1657  :   ff;
	1658  :   f7;
	1659  :   e7;
	165a  :   df;
	165b  :   e6;
	165c  :   c4;
	165d  :   d0;
	165e  :   bf;
	165f  :   ac;
	1660  :   b6;
	1661  :   c3;
	1662  :   ac;
	1663  :   e1;
	1664  :   bb;
	1665  :   cb;
	1666  :   ea;
	1667  :   d6;
	1668  :   2d;
	1669  :   10;
	166a  :   f2;
	166b  :   02;
	166c  :   f0;
	166d  :   fe;
	166e  :   ed;
	166f  :   f5;
	1670  :   08;
	1671  :   06;
	1672  :   0a;
	1673  :   fd;
	1674  :   fb;
	1675  :   fa;
	1676  :   c6;
	1677  :   cd;
	1678  :   c4;
	1679  :   9f;
	167a  :   8f;
	167b  :   cb;
	167c  :   c3;
	167d  :   b3;
	167e  :   c3;
	167f  :   f2;
	1680  :   d3;
	1681  :   dc;
	1682  :   d0;
	1683  :   e2;
	1684  :   e4;
	1685  :   01;
	1686  :   f6;
	1687  :   05;
	1688  :   ee;
	1689  :   f6;
	168a  :   05;
	168b  :   fc;
	168c  :   06;
	168d  :   16;
	168e  :   04;
	168f  :   ff;
	1690  :   01;
	1691  :   e7;
	1692  :   c7;
	1693  :   bf;
	1694  :   f4;
	1695  :   a6;
	1696  :   88;
	1697  :   bc;
	1698  :   c3;
	1699  :   e0;
	169a  :   bd;
	169b  :   c5;
	169c  :   df;
	169d  :   d2;
	169e  :   a7;
	169f  :   e0;
	16a0  :   f7;
	16a1  :   00;
	16a2  :   17;
	16a3  :   0f;
	16a4  :   fe;
	16a5  :   dc;
	16a6  :   d9;
	16a7  :   dc;
	16a8  :   dc;
	16a9  :   f5;
	16aa  :   ea;
	16ab  :   e8;
	16ac  :   da;
	16ad  :   00;
	16ae  :   f3;
	16af  :   d8;
	16b0  :   0f;
	16b1  :   e4;
	16b2  :   dc;
	16b3  :   d9;
	16b4  :   08;
	16b5  :   ea;
	16b6  :   ce;
	16b7  :   ea;
	16b8  :   b0;
	16b9  :   d0;
	16ba  :   a5;
	16bb  :   c8;
	16bc  :   ea;
	16bd  :   fd;
	16be  :   17;
	16bf  :   f0;
	16c0  :   10;
	16c1  :   fb;
	16c2  :   ea;
	16c3  :   cf;
	16c4  :   d4;
	16c5  :   ee;
	16c6  :   f4;
	16c7  :   e0;
	16c8  :   e1;
	16c9  :   1c;
	16ca  :   2e;
	16cb  :   2e;
	16cc  :   3f;
	16cd  :   57;
	16ce  :   0d;
	16cf  :   22;
	16d0  :   17;
	16d1  :   06;
	16d2  :   d9;
	16d3  :   0e;
	16d4  :   e8;
	16d5  :   03;
	16d6  :   cb;
	16d7  :   e2;
	16d8  :   ed;
	16d9  :   ee;
	16da  :   06;
	16db  :   e3;
	16dc  :   eb;
	16dd  :   e5;
	16de  :   0a;
	16df  :   f0;
	16e0  :   a0;
	16e1  :   f0;
	16e2  :   07;
	16e3  :   00;
	16e4  :   24;
	16e5  :   18;
	16e6  :   1d;
	16e7  :   55;
	16e8  :   7f;
	16e9  :   73;
	16ea  :   25;
	16eb  :   1a;
	16ec  :   36;
	16ed  :   ff;
	16ee  :   0c;
	16ef  :   f7;
	16f0  :   31;
	16f1  :   24;
	16f2  :   1f;
	16f3  :   f9;
	16f4  :   eb;
	16f5  :   e2;
	16f6  :   1b;
	16f7  :   00;
	16f8  :   f7;
	16f9  :   0e;
	16fa  :   fc;
	16fb  :   f5;
	16fc  :   e4;
	16fd  :   04;
	16fe  :   02;
	16ff  :   21;
	1700  :   29;
	1701  :   28;
	1702  :   28;
	1703  :   34;
	1704  :   45;
	1705  :   39;
	1706  :   59;
	1707  :   4e;
	1708  :   58;
	1709  :   2c;
	170a  :   1b;
	170b  :   fd;
	170c  :   15;
	170d  :   05;
	170e  :   1f;
	170f  :   0e;
	1710  :   00;
	1711  :   f8;
	1712  :   e9;
	1713  :   f6;
	1714  :   e3;
	1715  :   10;
	1716  :   eb;
	1717  :   fe;
	1718  :   0d;
	1719  :   05;
	171a  :   0f;
	171b  :   20;
	171c  :   42;
	171d  :   11;
	171e  :   e3;
	171f  :   05;
	1720  :   15;
	1721  :   3a;
	1722  :   51;
	1723  :   5b;
	1724  :   51;
	1725  :   3a;
	1726  :   22;
	1727  :   fa;
	1728  :   10;
	1729  :   0d;
	172a  :   0a;
	172b  :   14;
	172c  :   03;
	172d  :   f7;
	172e  :   fa;
	172f  :   e2;
	1730  :   09;
	1731  :   f2;
	1732  :   ea;
	1733  :   0c;
	1734  :   ff;
	1735  :   fc;
	1736  :   28;
	1737  :   08;
	1738  :   00;
	1739  :   09;
	173a  :   c7;
	173b  :   c8;
	173c  :   04;
	173d  :   2d;
	173e  :   03;
	173f  :   1e;
	1740  :   2c;
	1741  :   40;
	1742  :   18;
	1743  :   3b;
	1744  :   17;
	1745  :   3f;
	1746  :   35;
	1747  :   18;
	1748  :   1b;
	1749  :   16;
	174a  :   00;
	174b  :   09;
	174c  :   f3;
	174d  :   0b;
	174e  :   fa;
	174f  :   10;
	1750  :   1d;
	1751  :   35;
	1752  :   1c;
	1753  :   1d;
	1754  :   17;
	1755  :   ee;
	1756  :   fa;
	1757  :   d9;
	1758  :   d6;
	1759  :   02;
	175a  :   d6;
	175b  :   ee;
	175c  :   1b;
	175d  :   16;
	175e  :   3c;
	175f  :   25;
	1760  :   3d;
	1761  :   49;
	1762  :   0c;
	1763  :   38;
	1764  :   04;
	1765  :   21;
	1766  :   f4;
	1767  :   dd;
	1768  :   f9;
	1769  :   f5;
	176a  :   0c;
	176b  :   27;
	176c  :   2e;
	176d  :   4c;
	176e  :   53;
	176f  :   38;
	1770  :   ff;
	1771  :   ef;
	1772  :   17;
	1773  :   e9;
	1774  :   26;
	1775  :   07;
	1776  :   ea;
	1777  :   e6;
	1778  :   23;
	1779  :   2c;
	177a  :   0f;
	177b  :   14;
	177c  :   3d;
	177d  :   35;
	177e  :   0c;
	177f  :   2a;
	1780  :   1e;
	1781  :   05;
	1782  :   f7;
	1783  :   09;
	1784  :   f0;
	1785  :   02;
	1786  :   e3;
	1787  :   03;
	1788  :   2f;
	1789  :   10;
	178a  :   2a;
	178b  :   08;
	178c  :   d8;
	178d  :   f6;
	178e  :   11;
	178f  :   05;
	1790  :   f6;
	1791  :   0a;
	1792  :   01;
	1793  :   19;
	1794  :   0b;
	1795  :   1d;
	1796  :   0b;
	1797  :   0c;
	1798  :   07;
	1799  :   24;
	179a  :   06;
	179b  :   2a;
	179c  :   14;
	179d  :   fe;
	179e  :   e8;
	179f  :   ef;
	17a0  :   ef;
	17a1  :   ef;
	17a2  :   0e;
	17a3  :   fa;
	17a4  :   19;
	17a5  :   e4;
	17a6  :   f7;
	17a7  :   ef;
	17a8  :   f9;
	17a9  :   f8;
	17aa  :   d7;
	17ab  :   f7;
	17ac  :   0d;
	17ad  :   0e;
	17ae  :   00;
	17af  :   49;
	17b0  :   09;
	17b1  :   25;
	17b2  :   e8;
	17b3  :   dd;
	17b4  :   13;
	17b5  :   25;
	17b6  :   3b;
	17b7  :   3e;
	17b8  :   0a;
	17b9  :   ec;
	17ba  :   e4;
	17bb  :   f3;
	17bc  :   f6;
	17bd  :   0c;
	17be  :   03;
	17bf  :   13;
	17c0  :   0a;
	17c1  :   e8;
	17c2  :   e2;
	17c3  :   04;
	17c4  :   05;
	17c5  :   f3;
	17c6  :   df;
	17c7  :   21;
	17c8  :   31;
	17c9  :   40;
	17ca  :   23;
	17cb  :   e9;
	17cc  :   e8;
	17cd  :   1a;
	17ce  :   0c;
	17cf  :   1e;
	17d0  :   02;
	17d1  :   12;
	17d2  :   27;
	17d3  :   42;
	17d4  :   f2;
	17d5  :   11;
	17d6  :   0d;
	17d7  :   e8;
	17d8  :   ec;
	17d9  :   04;
	17da  :   e5;
	17db  :   15;
	17dc  :   f7;
	17dd  :   eb;
	17de  :   d0;
	17df  :   eb;
	17e0  :   c5;
	17e1  :   f2;
	17e2  :   ed;
	17e3  :   2b;
	17e4  :   ff;
	17e5  :   f4;
	17e6  :   df;
	17e7  :   b0;
	17e8  :   ca;
	17e9  :   e2;
	17ea  :   f5;
	17eb  :   17;
	17ec  :   26;
	17ed  :   23;
	17ee  :   34;
	17ef  :   28;
	17f0  :   01;
	17f1  :   ee;
	17f2  :   09;
	17f3  :   0f;
	17f4  :   ee;
	17f5  :   e1;
	17f6  :   ff;
	17f7  :   17;
	17f8  :   fd;
	17f9  :   0e;
	17fa  :   df;
	17fb  :   ce;
	17fc  :   fa;
	17fd  :   01;
	17fe  :   df;
	17ff  :   d9;
	1800  :   c4;
	1801  :   bc;
	1802  :   a3;
	1803  :   c3;
	1804  :   c0;
	1805  :   c9;
	1806  :   d6;
	1807  :   05;
	1808  :   30;
	1809  :   19;
	180a  :   22;
	180b  :   20;
	180c  :   e3;
	180d  :   02;
	180e  :   e4;
	180f  :   f3;
	1810  :   e6;
	1811  :   fb;
	1812  :   fe;
	1813  :   0f;
	1814  :   fa;
	1815  :   d8;
	1816  :   cf;
	1817  :   d4;
	1818  :   d2;
	1819  :   c9;
	181a  :   c6;
	181b  :   da;
	181c  :   de;
	181d  :   d5;
	181e  :   ef;
	181f  :   f4;
	1820  :   0b;
	1821  :   d9;
	1822  :   17;
	1823  :   f3;
	1824  :   f8;
	1825  :   15;
	1826  :   13;
	1827  :   04;
	1828  :   fa;
	1829  :   f2;
	182a  :   12;
	182b  :   fd;
	182c  :   f5;
	182d  :   01;
	182e  :   fc;
	182f  :   e9;
	1830  :   f3;
	1831  :   d5;
	1832  :   db;
	1833  :   e9;
	1834  :   df;
	1835  :   dd;
	1836  :   cf;
	1837  :   db;
	1838  :   e3;
	1839  :   e8;
	183a  :   10;
	183b  :   2b;
	183c  :   2a;
	183d  :   f5;
	183e  :   ec;
	183f  :   d5;
	1840  :   c6;
	1841  :   dd;
	1842  :   08;
	1843  :   fb;
	1844  :   04;
	1845  :   00;
	1846  :   e8;
	1847  :   e7;
	1848  :   fc;
	1849  :   f5;
	184a  :   f4;
	184b  :   08;
	184c  :   f2;
	184d  :   d8;
	184e  :   f0;
	184f  :   fd;
	1850  :   d8;
	1851  :   bd;
	1852  :   d4;
	1853  :   ca;
	1854  :   cd;
	1855  :   af;
	1856  :   bd;
	1857  :   d9;
	1858  :   c3;
	1859  :   b9;
	185a  :   b0;
	185b  :   be;
	185c  :   c9;
	185d  :   d1;
	185e  :   ec;
	185f  :   0f;
	1860  :   eb;
	1861  :   e9;
	1862  :   fb;
	1863  :   e2;
	1864  :   e4;
	1865  :   08;
	1866  :   ec;
	1867  :   fe;
	1868  :   e7;
	1869  :   04;
	186a  :   fb;
	186b  :   06;
	186c  :   04;
	186d  :   0b;
	186e  :   d7;
	186f  :   de;
	1870  :   0a;
	1871  :   ff;
	1872  :   ee;
	1873  :   00;
	1874  :   de;
	1875  :   ea;
	1876  :   ec;
	1877  :   d9;
	1878  :   e0;
	1879  :   ee;
	187a  :   e4;
	187b  :   f9;
	187c  :   0b;
	187d  :   0e;
	187e  :   f6;
	187f  :   f6;
	1880  :   ef;
	1881  :   03;
	1882  :   ec;
	1883  :   e9;
	1884  :   fb;
	1885  :   09;
	1886  :   07;
	1887  :   fb;
	1888  :   f4;
	1889  :   f4;
	188a  :   e7;
	188b  :   0a;
	188c  :   fb;
	188d  :   f8;
	188e  :   03;
	188f  :   f5;
	1890  :   ee;
	1891  :   ff;
	1892  :   01;
	1893  :   e5;
	1894  :   f0;
	1895  :   05;
	1896  :   f8;
	1897  :   e7;
	1898  :   f6;
	1899  :   f5;
	189a  :   fe;
	189b  :   f9;
	189c  :   f1;
	189d  :   fc;
	189e  :   ed;
	189f  :   f9;
	18a0  :   ef;
	18a1  :   f5;
	18a2  :   f3;
	18a3  :   fc;
	18a4  :   f8;
	18a5  :   ff;
	18a6  :   f8;
	18a7  :   f2;
	18a8  :   05;
	18a9  :   05;
	18aa  :   e6;
	18ab  :   04;
	18ac  :   fb;
	18ad  :   f5;
	18ae  :   05;
	18af  :   f8;
	18b0  :   f8;
	18b1  :   fd;
	18b2  :   ec;
	18b3  :   f0;
	18b4  :   0b;
	18b5  :   05;
	18b6  :   ff;
	18b7  :   fc;
	18b8  :   01;
	18b9  :   03;
	18ba  :   fe;
	18bb  :   f5;
	18bc  :   e6;
	18bd  :   ef;
	18be  :   ed;
	18bf  :   fb;
	18c0  :   f1;
	18c1  :   f7;
	18c2  :   14;
	18c3  :   03;
	18c4  :   08;
	18c5  :   19;
	18c6  :   03;
	18c7  :   1d;
	18c8  :   0f;
	18c9  :   fe;
	18ca  :   0c;
	18cb  :   00;
	18cc  :   01;
	18cd  :   fe;
	18ce  :   f6;
	18cf  :   f4;
	18d0  :   04;
	18d1  :   fa;
	18d2  :   ea;
	18d3  :   01;
	18d4  :   04;
	18d5  :   ed;
	18d6  :   02;
	18d7  :   f0;
	18d8  :   fa;
	18d9  :   fa;
	18da  :   ec;
	18db  :   ff;
	18dc  :   fe;
	18dd  :   25;
	18de  :   17;
	18df  :   14;
	18e0  :   0b;
	18e1  :   32;
	18e2  :   0f;
	18e3  :   01;
	18e4  :   03;
	18e5  :   f8;
	18e6  :   f7;
	18e7  :   06;
	18e8  :   04;
	18e9  :   e4;
	18ea  :   ff;
	18eb  :   f2;
	18ec  :   fc;
	18ed  :   e9;
	18ee  :   ef;
	18ef  :   f2;
	18f0  :   01;
	18f1  :   f9;
	18f2  :   ef;
	18f3  :   ed;
	18f4  :   f5;
	18f5  :   fc;
	18f6  :   f7;
	18f7  :   f9;
	18f8  :   0d;
	18f9  :   1d;
	18fa  :   2c;
	18fb  :   2f;
	18fc  :   28;
	18fd  :   1a;
	18fe  :   0d;
	18ff  :   1f;
	1900  :   29;
	1901  :   34;
	1902  :   1f;
	1903  :   02;
	1904  :   15;
	1905  :   dc;
	1906  :   d6;
	1907  :   cf;
	1908  :   dd;
	1909  :   eb;
	190a  :   f9;
	190b  :   0b;
	190c  :   f3;
	190d  :   0a;
	190e  :   e8;
	190f  :   e8;
	1910  :   e1;
	1911  :   de;
	1912  :   ec;
	1913  :   e1;
	1914  :   f8;
	1915  :   e1;
	1916  :   0b;
	1917  :   12;
	1918  :   11;
	1919  :   1f;
	191a  :   23;
	191b  :   05;
	191c  :   1b;
	191d  :   0d;
	191e  :   ff;
	191f  :   e8;
	1920  :   f2;
	1921  :   fa;
	1922  :   f1;
	1923  :   c9;
	1924  :   f3;
	1925  :   e9;
	1926  :   0b;
	1927  :   ee;
	1928  :   09;
	1929  :   03;
	192a  :   e5;
	192b  :   06;
	192c  :   e2;
	192d  :   d8;
	192e  :   e1;
	192f  :   f8;
	1930  :   f2;
	1931  :   ec;
	1932  :   37;
	1933  :   43;
	1934  :   2d;
	1935  :   37;
	1936  :   16;
	1937  :   01;
	1938  :   e5;
	1939  :   ca;
	193a  :   d4;
	193b  :   cc;
	193c  :   da;
	193d  :   d9;
	193e  :   c7;
	193f  :   dc;
	1940  :   f2;
	1941  :   ec;
	1942  :   e7;
	1943  :   fa;
	1944  :   fb;
	1945  :   f5;
	1946  :   08;
	1947  :   e0;
	1948  :   cf;
	1949  :   c4;
	194a  :   f6;
	194b  :   f3;
	194c  :   22;
	194d  :   2b;
	194e  :   37;
	194f  :   42;
	1950  :   35;
	1951  :   11;
	1952  :   ed;
	1953  :   e2;
	1954  :   c4;
	1955  :   b7;
	1956  :   cd;
	1957  :   bc;
	1958  :   ad;
	1959  :   c7;
	195a  :   d1;
	195b  :   bf;
	195c  :   d8;
	195d  :   e9;
	195e  :   eb;
	195f  :   02;
	1960  :   f6;
	1961  :   f4;
	1962  :   fb;
	1963  :   f1;
	1964  :   ca;
	1965  :   d0;
	1966  :   f8;
	1967  :   0b;
	1968  :   2a;
	1969  :   31;
	196a  :   3e;
	196b  :   29;
	196c  :   f1;
	196d  :   e7;
	196e  :   f6;
	196f  :   db;
	1970  :   cb;
	1971  :   bc;
	1972  :   ae;
	1973  :   c5;
	1974  :   dd;
	1975  :   ba;
	1976  :   ca;
	1977  :   c6;
	1978  :   be;
	1979  :   e9;
	197a  :   e4;
	197b  :   06;
	197c  :   e7;
	197d  :   ec;
	197e  :   f4;
	197f  :   e3;
	1980  :   f5;
	1981  :   14;
	1982  :   17;
	1983  :   3a;
	1984  :   2c;
	1985  :   26;
	1986  :   12;
	1987  :   1b;
	1988  :   eb;
	1989  :   e7;
	198a  :   cf;
	198b  :   e9;
	198c  :   e4;
	198d  :   ee;
	198e  :   e0;
	198f  :   e1;
	1990  :   cc;
	1991  :   c7;
	1992  :   ba;
	1993  :   c9;
	1994  :   da;
	1995  :   e7;
	1996  :   fa;
	1997  :   fe;
	1998  :   fe;
	1999  :   fd;
	199a  :   fa;
	199b  :   02;
	199c  :   01;
	199d  :   11;
	199e  :   4f;
	199f  :   39;
	19a0  :   2a;
	19a1  :   05;
	19a2  :   09;
	19a3  :   05;
	19a4  :   d1;
	19a5  :   cc;
	19a6  :   ec;
	19a7  :   d3;
	19a8  :   fb;
	19a9  :   0d;
	19aa  :   03;
	19ab  :   ee;
	19ac  :   de;
	19ad  :   eb;
	19ae  :   c3;
	19af  :   ff;
	19b0  :   f5;
	19b1  :   e0;
	19b2  :   08;
	19b3  :   fc;
	19b4  :   eb;
	19b5  :   f9;
	19b6  :   fa;
	19b7  :   f7;
	19b8  :   18;
	19b9  :   25;
	19ba  :   2d;
	19bb  :   1e;
	19bc  :   03;
	19bd  :   ed;
	19be  :   c5;
	19bf  :   d2;
	19c0  :   e1;
	19c1  :   e4;
	19c2  :   f8;
	19c3  :   e0;
	19c4  :   eb;
	19c5  :   0a;
	19c6  :   fd;
	19c7  :   04;
	19c8  :   05;
	19c9  :   dc;
	19ca  :   eb;
	19cb  :   1c;
	19cc  :   1d;
	19cd  :   22;
	19ce  :   fb;
	19cf  :   f5;
	19d0  :   f3;
	19d1  :   f6;
	19d2  :   e9;
	19d3  :   ff;
	19d4  :   0e;
	19d5  :   0f;
	19d6  :   12;
	19d7  :   e0;
	19d8  :   d6;
	19d9  :   e5;
	19da  :   bf;
	19db  :   00;
	19dc  :   fd;
	19dd  :   f1;
	19de  :   e0;
	19df  :   dc;
	19e0  :   ea;
	19e1  :   f9;
	19e2  :   f3;
	19e3  :   fe;
	19e4  :   de;
	19e5  :   ec;
	19e6  :   03;
	19e7  :   26;
	19e8  :   44;
	19e9  :   07;
	19ea  :   0b;
	19eb  :   05;
	19ec  :   fc;
	19ed  :   f6;
	19ee  :   ea;
	19ef  :   f8;
	19f0  :   f9;
	19f1  :   f3;
	19f2  :   cf;
	19f3  :   e9;
	19f4  :   df;
	19f5  :   00;
	19f6  :   ff;
	19f7  :   f9;
	19f8  :   fc;
	19f9  :   ee;
	19fa  :   f0;
	19fb  :   dd;
	19fc  :   d7;
	19fd  :   f5;
	19fe  :   f5;
	19ff  :   ea;
	1a00  :   04;
	1a01  :   fd;
	1a02  :   07;
	1a03  :   34;
	1a04  :   39;
	1a05  :   17;
	1a06  :   19;
	1a07  :   f4;
	1a08  :   f7;
	1a09  :   fd;
	1a0a  :   fd;
	1a0b  :   05;
	1a0c  :   d0;
	1a0d  :   a8;
	1a0e  :   f2;
	1a0f  :   05;
	1a10  :   f4;
	1a11  :   08;
	1a12  :   1c;
	1a13  :   00;
	1a14  :   04;
	1a15  :   0c;
	1a16  :   ff;
	1a17  :   ce;
	1a18  :   e6;
	1a19  :   d9;
	1a1a  :   02;
	1a1b  :   ef;
	1a1c  :   02;
	1a1d  :   00;
	1a1e  :   18;
	1a1f  :   22;
	1a20  :   1a;
	1a21  :   2c;
	1a22  :   1f;
	1a23  :   f9;
	1a24  :   f2;
	1a25  :   ff;
	1a26  :   01;
	1a27  :   01;
	1a28  :   c9;
	1a29  :   bc;
	1a2a  :   ea;
	1a2b  :   f8;
	1a2c  :   fc;
	1a2d  :   04;
	1a2e  :   11;
	1a2f  :   00;
	1a30  :   06;
	1a31  :   16;
	1a32  :   1b;
	1a33  :   fe;
	1a34  :   00;
	1a35  :   06;
	1a36  :   f8;
	1a37  :   f7;
	1a38  :   01;
	1a39  :   11;
	1a3a  :   e0;
	1a3b  :   13;
	1a3c  :   2e;
	1a3d  :   3b;
	1a3e  :   0f;
	1a3f  :   ef;
	1a40  :   01;
	1a41  :   f4;
	1a42  :   ed;
	1a43  :   fd;
	1a44  :   e6;
	1a45  :   e9;
	1a46  :   02;
	1a47  :   f0;
	1a48  :   ea;
	1a49  :   f1;
	1a4a  :   07;
	1a4b  :   e7;
	1a4c  :   01;
	1a4d  :   32;
	1a4e  :   2d;
	1a4f  :   09;
	1a50  :   e9;
	1a51  :   1b;
	1a52  :   10;
	1a53  :   11;
	1a54  :   ff;
	1a55  :   11;
	1a56  :   20;
	1a57  :   1f;
	1a58  :   3d;
	1a59  :   35;
	1a5a  :   17;
	1a5b  :   04;
	1a5c  :   0a;
	1a5d  :   ea;
	1a5e  :   f7;
	1a5f  :   fa;
	1a60  :   f8;
	1a61  :   d0;
	1a62  :   ef;
	1a63  :   f0;
	1a64  :   e7;
	1a65  :   e9;
	1a66  :   05;
	1a67  :   ef;
	1a68  :   2e;
	1a69  :   2d;
	1a6a  :   0d;
	1a6b  :   00;
	1a6c  :   d5;
	1a6d  :   f4;
	1a6e  :   e3;
	1a6f  :   f8;
	1a70  :   fc;
	1a71  :   15;
	1a72  :   f4;
	1a73  :   08;
	1a74  :   1e;
	1a75  :   2c;
	1a76  :   fe;
	1a77  :   f0;
	1a78  :   f6;
	1a79  :   f6;
	1a7a  :   f6;
	1a7b  :   f4;
	1a7c  :   fb;
	1a7d  :   dc;
	1a7e  :   fc;
	1a7f  :   01;
	1a80  :   ed;
	1a81  :   f7;
	1a82  :   f4;
	1a83  :   0f;
	1a84  :   13;
	1a85  :   1c;
	1a86  :   1d;
	1a87  :   f9;
	1a88  :   f8;
	1a89  :   00;
	1a8a  :   f5;
	1a8b  :   ea;
	1a8c  :   fe;
	1a8d  :   ff;
	1a8e  :   05;
	1a8f  :   04;
	1a90  :   36;
	1a91  :   3c;
	1a92  :   01;
	1a93  :   0a;
	1a94  :   08;
	1a95  :   f7;
	1a96  :   f8;
	1a97  :   f1;
	1a98  :   f3;
	1a99  :   db;
	1a9a  :   f8;
	1a9b  :   12;
	1a9c  :   16;
	1a9d  :   0a;
	1a9e  :   16;
	1a9f  :   1a;
	1aa0  :   40;
	1aa1  :   33;
	1aa2  :   1a;
	1aa3  :   05;
	1aa4  :   f1;
	1aa5  :   07;
	1aa6  :   e8;
	1aa7  :   f5;
	1aa8  :   02;
	1aa9  :   0d;
	1aaa  :   1a;
	1aab  :   3c;
	1aac  :   0f;
	1aad  :   15;
	1aae  :   fa;
	1aaf  :   08;
	1ab0  :   01;
	1ab1  :   05;
	1ab2  :   ea;
	1ab3  :   03;
	1ab4  :   13;
	1ab5  :   04;
	1ab6  :   18;
	1ab7  :   21;
	1ab8  :   1f;
	1ab9  :   0a;
	1aba  :   20;
	1abb  :   58;
	1abc  :   35;
	1abd  :   3a;
	1abe  :   f7;
	1abf  :   07;
	1ac0  :   0e;
	1ac1  :   07;
	1ac2  :   0d;
	1ac3  :   09;
	1ac4  :   13;
	1ac5  :   13;
	1ac6  :   13;
	1ac7  :   10;
	1ac8  :   24;
	1ac9  :   ff;
	1aca  :   f4;
	1acb  :   f7;
	1acc  :   04;
	1acd  :   eb;
	1ace  :   f4;
	1acf  :   f6;
	1ad0  :   17;
	1ad1  :   11;
	1ad2  :   0d;
	1ad3  :   25;
	1ad4  :   29;
	1ad5  :   27;
	1ad6  :   3e;
	1ad7  :   22;
	1ad8  :   32;
	1ad9  :   1d;
	1ada  :   f5;
	1adb  :   d6;
	1adc  :   f4;
	1add  :   f1;
	1ade  :   0e;
	1adf  :   0c;
	1ae0  :   08;
	1ae1  :   0f;
	1ae2  :   2f;
	1ae3  :   17;
	1ae4  :   0d;
	1ae5  :   0c;
	1ae6  :   ec;
	1ae7  :   f8;
	1ae8  :   e6;
	1ae9  :   fa;
	1aea  :   f3;
	1aeb  :   0a;
	1aec  :   0d;
	1aed  :   16;
	1aee  :   18;
	1aef  :   08;
	1af0  :   18;
	1af1  :   20;
	1af2  :   23;
	1af3  :   0f;
	1af4  :   ef;
	1af5  :   de;
	1af6  :   e8;
	1af7  :   de;
	1af8  :   d8;
	1af9  :   f3;
	1afa  :   1c;
	1afb  :   10;
	1afc  :   3a;
	1afd  :   15;
	1afe  :   21;
	1aff  :   28;
	1b00  :   0c;
	1b01  :   ff;
	1b02  :   ea;
	1b03  :   f1;
	1b04  :   f4;
	1b05  :   fb;
	1b06  :   03;
	1b07  :   fc;
	1b08  :   e3;
	1b09  :   ef;
	1b0a  :   eb;
	1b0b  :   ed;
	1b0c  :   ec;
	1b0d  :   ea;
	1b0e  :   d2;
	1b0f  :   01;
	1b10  :   f3;
	1b11  :   e7;
	1b12  :   ee;
	1b13  :   dc;
	1b14  :   06;
	1b15  :   f2;
	1b16  :   21;
	1b17  :   1c;
	1b18  :   37;
	1b19  :   23;
	1b1a  :   49;
	1b1b  :   13;
	1b1c  :   27;
	1b1d  :   06;
	1b1e  :   f5;
	1b1f  :   e9;
	1b20  :   03;
	1b21  :   0b;
	1b22  :   f6;
	1b23  :   f4;
	1b24  :   c5;
	1b25  :   d2;
	1b26  :   b9;
	1b27  :   b9;
	1b28  :   bf;
	1b29  :   80;
	1b2a  :   ab;
	1b2b  :   c3;
	1b2c  :   cd;
	1b2d  :   e0;
	1b2e  :   01;
	1b2f  :   11;
	1b30  :   1d;
	1b31  :   22;
	1b32  :   36;
	1b33  :   34;
	1b34  :   2d;
	1b35  :   f5;
	1b36  :   0d;
	1b37  :   23;
	1b38  :   24;
	1b39  :   f4;
	1b3a  :   f6;
	1b3b  :   fe;
	1b3c  :   ed;
	1b3d  :   f6;
	1b3e  :   e5;
	1b3f  :   e9;
	1b40  :   f6;
	1b41  :   eb;
	1b42  :   f0;
	1b43  :   db;
	1b44  :   b9;
	1b45  :   a4;
	1b46  :   a2;
	1b47  :   af;
	1b48  :   d9;
	1b49  :   d3;
	1b4a  :   0a;
	1b4b  :   0e;
	1b4c  :   00;
	1b4d  :   1b;
	1b4e  :   14;
	1b4f  :   07;
	1b50  :   2e;
	1b51  :   0d;
	1b52  :   f2;
	1b53  :   fa;
	1b54  :   0d;
	1b55  :   f8;
	1b56  :   f2;
	1b57  :   f8;
	1b58  :   e9;
	1b59  :   f1;
	1b5a  :   f9;
	1b5b  :   e6;
	1b5c  :   ee;
	1b5d  :   ed;
	1b5e  :   f6;
	1b5f  :   e6;
	1b60  :   f3;
	1b61  :   ea;
	1b62  :   e1;
	1b63  :   f9;
	1b64  :   fd;
	1b65  :   f7;
	1b66  :   f9;
	1b67  :   f3;
	1b68  :   f2;
	1b69  :   fd;
	1b6a  :   02;
	1b6b  :   ff;
	1b6c  :   10;
	1b6d  :   08;
	1b6e  :   ec;
	1b6f  :   fc;
	1b70  :   e9;
	1b71  :   fd;
	1b72  :   f4;
	1b73  :   ea;
	1b74  :   e6;
	1b75  :   f7;
	1b76  :   e8;
	1b77  :   08;
	1b78  :   0a;
	1b79  :   0a;
	1b7a  :   f8;
	1b7b  :   fc;
	1b7c  :   ea;
	1b7d  :   0a;
	1b7e  :   0a;
	1b7f  :   f6;
	1b80  :   fe;
	1b81  :   ee;
	1b82  :   e5;
	1b83  :   f8;
	1b84  :   e5;
	1b85  :   e7;
	1b86  :   03;
	1b87  :   fe;
	1b88  :   00;
	1b89  :   e3;
	1b8a  :   f9;
	1b8b  :   f1;
	1b8c  :   f1;
	1b8d  :   ec;
	1b8e  :   fa;
	1b8f  :   f2;
	1b90  :   0d;
	1b91  :   e9;
	1b92  :   ef;
	1b93  :   07;
	1b94  :   15;
	1b95  :   14;
	1b96  :   18;
	1b97  :   18;
	1b98  :   ef;
	1b99  :   e8;
	1b9a  :   f7;
	1b9b  :   ec;
	1b9c  :   04;
	1b9d  :   ea;
	1b9e  :   0d;
	1b9f  :   0e;
	1ba0  :   08;
	1ba1  :   f0;
	1ba2  :   03;
	1ba3  :   f8;
	1ba4  :   f0;
	1ba5  :   1b;
	1ba6  :   0a;
	1ba7  :   06;
	1ba8  :   ec;
	1ba9  :   f9;
	1baa  :   06;
	1bab  :   f9;
	1bac  :   fc;
	1bad  :   ed;
	1bae  :   fd;
	1baf  :   e8;
	1bb0  :   f0;
	1bb1  :   fa;
	1bb2  :   17;
	1bb3  :   fe;
	1bb4  :   fd;
	1bb5  :   f4;
	1bb6  :   13;
	1bb7  :   13;
	1bb8  :   06;
	1bb9  :   f4;
	1bba  :   1b;
	1bbb  :   0f;
	1bbc  :   fc;
	1bbd  :   06;
	1bbe  :   fb;
	1bbf  :   ff;
	1bc0  :   19;
	1bc1  :   18;
	1bc2  :   eb;
	1bc3  :   fa;
	1bc4  :   08;
	1bc5  :   00;
	1bc6  :   12;
	1bc7  :   01;
	1bc8  :   18;
	1bc9  :   03;
	1bca  :   0c;
	1bcb  :   13;
	1bcc  :   ec;
	1bcd  :   fb;
	1bce  :   e9;
	1bcf  :   ff;
	1bd0  :   fc;
	1bd1  :   11;
	1bd2  :   15;
	1bd3  :   0f;
	1bd4  :   1c;
	1bd5  :   0d;
	1bd6  :   21;
	1bd7  :   0e;
	1bd8  :   3e;
	1bd9  :   1c;
	1bda  :   0a;
	1bdb  :   0f;
	1bdc  :   1c;
	1bdd  :   18;
	1bde  :   0a;
	1bdf  :   07;
	1be0  :   19;
	1be1  :   ff;
	1be2  :   05;
	1be3  :   f8;
	1be4  :   ff;
	1be5  :   02;
	1be6  :   e9;
	1be7  :   06;
	1be8  :   09;
	1be9  :   00;
	1bea  :   f1;
	1beb  :   fd;
	1bec  :   2c;
	1bed  :   37;
	1bee  :   3b;
	1bef  :   37;
	1bf0  :   4c;
	1bf1  :   48;
	1bf2  :   6f;
	1bf3  :   35;
	1bf4  :   45;
	1bf5  :   4b;
	1bf6  :   16;
	1bf7  :   19;
	1bf8  :   17;
	1bf9  :   e0;
	1bfa  :   e8;
	1bfb  :   0d;
	1bfc  :   f6;
	1bfd  :   e7;
	1bfe  :   ef;
	1bff  :   03;
	1c00  :   e8;
	1c01  :   19;
	1c02  :   0c;
	1c03  :   e8;
	1c04  :   f9;
	1c05  :   0f;
	1c06  :   15;
	1c07  :   1a;
	1c08  :   31;
	1c09  :   5f;
	1c0a  :   41;
	1c0b  :   4e;
	1c0c  :   43;
	1c0d  :   2c;
	1c0e  :   26;
	1c0f  :   31;
	1c10  :   1b;
	1c11  :   34;
	1c12  :   2a;
	1c13  :   16;
	1c14  :   da;
	1c15  :   b1;
	1c16  :   c1;
	1c17  :   d9;
	1c18  :   ec;
	1c19  :   d8;
	1c1a  :   eb;
	1c1b  :   f9;
	1c1c  :   fd;
	1c1d  :   0e;
	1c1e  :   00;
	1c1f  :   f7;
	1c20  :   ef;
	1c21  :   ec;
	1c22  :   f1;
	1c23  :   eb;
	1c24  :   0b;
	1c25  :   22;
	1c26  :   40;
	1c27  :   09;
	1c28  :   e4;
	1c29  :   03;
	1c2a  :   f3;
	1c2b  :   22;
	1c2c  :   17;
	1c2d  :   ed;
	1c2e  :   22;
	1c2f  :   22;
	1c30  :   0b;
	1c31  :   09;
	1c32  :   fc;
	1c33  :   d4;
	1c34  :   d8;
	1c35  :   fb;
	1c36  :   13;
	1c37  :   05;
	1c38  :   1a;
	1c39  :   04;
	1c3a  :   02;
	1c3b  :   14;
	1c3c  :   f6;
	1c3d  :   03;
	1c3e  :   da;
	1c3f  :   dc;
	1c40  :   d6;
	1c41  :   fd;
	1c42  :   0c;
	1c43  :   ce;
	1c44  :   d3;
	1c45  :   00;
	1c46  :   db;
	1c47  :   0b;
	1c48  :   f3;
	1c49  :   0b;
	1c4a  :   3a;
	1c4b  :   0d;
	1c4c  :   05;
	1c4d  :   ea;
	1c4e  :   12;
	1c4f  :   d5;
	1c50  :   f2;
	1c51  :   e1;
	1c52  :   0f;
	1c53  :   03;
	1c54  :   eb;
	1c55  :   05;
	1c56  :   f3;
	1c57  :   fe;
	1c58  :   01;
	1c59  :   d8;
	1c5a  :   d6;
	1c5b  :   ef;
	1c5c  :   01;
	1c5d  :   1d;
	1c5e  :   d8;
	1c5f  :   d6;
	1c60  :   ef;
	1c61  :   cb;
	1c62  :   f6;
	1c63  :   f3;
	1c64  :   21;
	1c65  :   21;
	1c66  :   2e;
	1c67  :   23;
	1c68  :   2b;
	1c69  :   f8;
	1c6a  :   ec;
	1c6b  :   f0;
	1c6c  :   d0;
	1c6d  :   fe;
	1c6e  :   13;
	1c6f  :   ed;
	1c70  :   17;
	1c71  :   11;
	1c72  :   fc;
	1c73  :   ea;
	1c74  :   f4;
	1c75  :   01;
	1c76  :   e9;
	1c77  :   07;
	1c78  :   06;
	1c79  :   c0;
	1c7a  :   a7;
	1c7b  :   ba;
	1c7c  :   bb;
	1c7d  :   a2;
	1c7e  :   c8;
	1c7f  :   0c;
	1c80  :   32;
	1c81  :   20;
	1c82  :   0c;
	1c83  :   26;
	1c84  :   26;
	1c85  :   19;
	1c86  :   32;
	1c87  :   f4;
	1c88  :   ac;
	1c89  :   f2;
	1c8a  :   f8;
	1c8b  :   13;
	1c8c  :   1c;
	1c8d  :   08;
	1c8e  :   eb;
	1c8f  :   f9;
	1c90  :   02;
	1c91  :   e2;
	1c92  :   02;
	1c93  :   03;
	1c94  :   d8;
	1c95  :   c1;
	1c96  :   c2;
	1c97  :   a6;
	1c98  :   92;
	1c99  :   80;
	1c9a  :   b5;
	1c9b  :   23;
	1c9c  :   45;
	1c9d  :   46;
	1c9e  :   34;
	1c9f  :   33;
	1ca0  :   32;
	1ca1  :   ef;
	1ca2  :   46;
	1ca3  :   12;
	1ca4  :   e6;
	1ca5  :   ee;
	1ca6  :   04;
	1ca7  :   05;
	1ca8  :   0e;
	1ca9  :   f3;
	1caa  :   fd;
	1cab  :   11;
	1cac  :   f5;
	1cad  :   d7;
	1cae  :   b7;
	1caf  :   ca;
	1cb0  :   a6;
	1cb1  :   9a;
	1cb2  :   a1;
	1cb3  :   a6;
	1cb4  :   b6;
	1cb5  :   88;
	1cb6  :   be;
	1cb7  :   3f;
	1cb8  :   75;
	1cb9  :   2f;
	1cba  :   3b;
	1cbb  :   33;
	1cbc  :   46;
	1cbd  :   23;
	1cbe  :   41;
	1cbf  :   02;
	1cc0  :   d3;
	1cc1  :   e1;
	1cc2  :   01;
	1cc3  :   fa;
	1cc4  :   19;
	1cc5  :   1c;
	1cc6  :   f2;
	1cc7  :   e5;
	1cc8  :   f8;
	1cc9  :   cd;
	1cca  :   c6;
	1ccb  :   c1;
	1ccc  :   c4;
	1ccd  :   bd;
	1cce  :   e9;
	1ccf  :   db;
	1cd0  :   b0;
	1cd1  :   cc;
	1cd2  :   27;
	1cd3  :   3a;
	1cd4  :   3b;
	1cd5  :   31;
	1cd6  :   21;
	1cd7  :   2a;
	1cd8  :   3e;
	1cd9  :   4f;
	1cda  :   48;
	1cdb  :   f7;
	1cdc  :   e0;
	1cdd  :   d1;
	1cde  :   e3;
	1cdf  :   19;
	1ce0  :   1b;
	1ce1  :   f5;
	1ce2  :   0e;
	1ce3  :   07;
	1ce4  :   15;
	1ce5  :   da;
	1ce6  :   e0;
	1ce7  :   14;
	1ce8  :   fb;
	1ce9  :   1b;
	1cea  :   37;
	1ceb  :   20;
	1cec  :   20;
	1ced  :   1f;
	1cee  :   67;
	1cef  :   43;
	1cf0  :   14;
	1cf1  :   e2;
	1cf2  :   0b;
	1cf3  :   05;
	1cf4  :   19;
	1cf5  :   52;
	1cf6  :   4a;
	1cf7  :   25;
	1cf8  :   df;
	1cf9  :   fa;
	1cfa  :   fa;
	1cfb  :   11;
	1cfc  :   18;
	1cfd  :   16;
	1cfe  :   e7;
	1cff  :   14;
	1d00  :   24;
	1d01  :   fc;
	1d02  :   2d;
	1d03  :   05;
	1d04  :   2d;
	1d05  :   2e;
	1d06  :   12;
	1d07  :   00;
	1d08  :   3f;
	1d09  :   2c;
	1d0a  :   1a;
	1d0b  :   09;
	1d0c  :   f6;
	1d0d  :   bd;
	1d0e  :   e6;
	1d0f  :   1a;
	1d10  :   39;
	1d11  :   54;
	1d12  :   4a;
	1d13  :   05;
	1d14  :   f7;
	1d15  :   f9;
	1d16  :   13;
	1d17  :   fa;
	1d18  :   f9;
	1d19  :   f6;
	1d1a  :   f9;
	1d1b  :   0c;
	1d1c  :   e8;
	1d1d  :   05;
	1d1e  :   4a;
	1d1f  :   2b;
	1d20  :   2a;
	1d21  :   4f;
	1d22  :   ff;
	1d23  :   e0;
	1d24  :   20;
	1d25  :   f3;
	1d26  :   f0;
	1d27  :   db;
	1d28  :   cb;
	1d29  :   ca;
	1d2a  :   01;
	1d2b  :   08;
	1d2c  :   3e;
	1d2d  :   57;
	1d2e  :   36;
	1d2f  :   08;
	1d30  :   15;
	1d31  :   03;
	1d32  :   04;
	1d33  :   fe;
	1d34  :   0f;
	1d35  :   fa;
	1d36  :   f2;
	1d37  :   f6;
	1d38  :   f4;
	1d39  :   10;
	1d3a  :   22;
	1d3b  :   0f;
	1d3c  :   19;
	1d3d  :   13;
	1d3e  :   da;
	1d3f  :   f0;
	1d40  :   f1;
	1d41  :   e8;
	1d42  :   c7;
	1d43  :   da;
	1d44  :   f4;
	1d45  :   e9;
	1d46  :   02;
	1d47  :   35;
	1d48  :   22;
	1d49  :   17;
	1d4a  :   ec;
	1d4b  :   10;
	1d4c  :   12;
	1d4d  :   0b;
	1d4e  :   eb;
	1d4f  :   f0;
	1d50  :   fc;
	1d51  :   ea;
	1d52  :   1a;
	1d53  :   1f;
	1d54  :   00;
	1d55  :   31;
	1d56  :   f5;
	1d57  :   f5;
	1d58  :   08;
	1d59  :   03;
	1d5a  :   c2;
	1d5b  :   ae;
	1d5c  :   b9;
	1d5d  :   d9;
	1d5e  :   c3;
	1d5f  :   dd;
	1d60  :   ea;
	1d61  :   30;
	1d62  :   2f;
	1d63  :   31;
	1d64  :   27;
	1d65  :   f1;
	1d66  :   f9;
	1d67  :   cd;
	1d68  :   f0;
	1d69  :   f1;
	1d6a  :   1c;
	1d6b  :   0d;
	1d6c  :   14;
	1d6d  :   0c;
	1d6e  :   1a;
	1d6f  :   1a;
	1d70  :   1b;
	1d71  :   ed;
	1d72  :   f2;
	1d73  :   f8;
	1d74  :   f8;
	1d75  :   e7;
	1d76  :   df;
	1d77  :   ce;
	1d78  :   c5;
	1d79  :   cf;
	1d7a  :   e6;
	1d7b  :   0d;
	1d7c  :   00;
	1d7d  :   16;
	1d7e  :   46;
	1d7f  :   20;
	1d80  :   f3;
	1d81  :   b6;
	1d82  :   d3;
	1d83  :   bd;
	1d84  :   d4;
	1d85  :   e6;
	1d86  :   16;
	1d87  :   0b;
	1d88  :   13;
	1d89  :   fe;
	1d8a  :   17;
	1d8b  :   26;
	1d8c  :   fa;
	1d8d  :   f2;
	1d8e  :   d4;
	1d8f  :   f8;
	1d90  :   2e;
	1d91  :   0a;
	1d92  :   0c;
	1d93  :   e9;
	1d94  :   05;
	1d95  :   25;
	1d96  :   38;
	1d97  :   35;
	1d98  :   1f;
	1d99  :   24;
	1d9a  :   14;
	1d9b  :   04;
	1d9c  :   d2;
	1d9d  :   df;
	1d9e  :   c4;
	1d9f  :   9a;
	1da0  :   f7;
	1da1  :   fe;
	1da2  :   15;
	1da3  :   f3;
	1da4  :   08;
	1da5  :   0e;
	1da6  :   05;
	1da7  :   f4;
	1da8  :   04;
	1da9  :   0f;
	1daa  :   1f;
	1dab  :   ff;
	1dac  :   2b;
	1dad  :   17;
	1dae  :   27;
	1daf  :   4a;
	1db0  :   6a;
	1db1  :   6a;
	1db2  :   37;
	1db3  :   3c;
	1db4  :   0f;
	1db5  :   1b;
	1db6  :   1e;
	1db7  :   0d;
	1db8  :   f0;
	1db9  :   c9;
	1dba  :   c9;
	1dbb  :   bd;
	1dbc  :   e9;
	1dbd  :   15;
	1dbe  :   fd;
	1dbf  :   00;
	1dc0  :   f3;
	1dc1  :   f6;
	1dc2  :   e7;
	1dc3  :   2c;
	1dc4  :   12;
	1dc5  :   e9;
	1dc6  :   fa;
	1dc7  :   fd;
	1dc8  :   06;
	1dc9  :   30;
	1dca  :   5f;
	1dcb  :   3c;
	1dcc  :   5a;
	1dcd  :   3b;
	1dce  :   53;
	1dcf  :   16;
	1dd0  :   14;
	1dd1  :   05;
	1dd2  :   eb;
	1dd3  :   d9;
	1dd4  :   e1;
	1dd5  :   b7;
	1dd6  :   c6;
	1dd7  :   e6;
	1dd8  :   0e;
	1dd9  :   19;
	1dda  :   13;
	1ddb  :   ea;
	1ddc  :   1a;
	1ddd  :   00;
	1dde  :   0c;
	1ddf  :   23;
	1de0  :   0e;
	1de1  :   f2;
	1de2  :   de;
	1de3  :   0e;
	1de4  :   2c;
	1de5  :   28;
	1de6  :   22;
	1de7  :   28;
	1de8  :   33;
	1de9  :   05;
	1dea  :   20;
	1deb  :   f6;
	1dec  :   fa;
	1ded  :   07;
	1dee  :   1f;
	1def  :   04;
	1df0  :   d0;
	1df1  :   cc;
	1df2  :   de;
	1df3  :   10;
	1df4  :   23;
	1df5  :   12;
	1df6  :   01;
	1df7  :   1b;
	1df8  :   1b;
	1df9  :   15;
	1dfa  :   11;
	1dfb  :   09;
	1dfc  :   07;
	1dfd  :   04;
	1dfe  :   f0;
	1dff  :   dc;
	1e00  :   fa;
	1e01  :   12;
	1e02  :   10;
	1e03  :   f3;
	1e04  :   e1;
	1e05  :   e0;
	1e06  :   1b;
	1e07  :   06;
	1e08  :   2b;
	1e09  :   18;
	1e0a  :   f6;
	1e0b  :   e6;
	1e0c  :   f2;
	1e0d  :   db;
	1e0e  :   fe;
	1e0f  :   f6;
	1e10  :   f9;
	1e11  :   0c;
	1e12  :   00;
	1e13  :   00;
	1e14  :   00;
	1e15  :   f7;
	1e16  :   1b;
	1e17  :   34;
	1e18  :   01;
	1e19  :   19;
	1e1a  :   f4;
	1e1b  :   09;
	1e1c  :   f5;
	1e1d  :   10;
	1e1e  :   1d;
	1e1f  :   02;
	1e20  :   e7;
	1e21  :   f0;
	1e22  :   f7;
	1e23  :   02;
	1e24  :   01;
	1e25  :   20;
	1e26  :   00;
	1e27  :   f1;
	1e28  :   dd;
	1e29  :   e5;
	1e2a  :   f5;
	1e2b  :   f6;
	1e2c  :   17;
	1e2d  :   04;
	1e2e  :   f8;
	1e2f  :   1a;
	1e30  :   f5;
	1e31  :   0e;
	1e32  :   1b;
	1e33  :   22;
	1e34  :   17;
	1e35  :   20;
	1e36  :   1a;
	1e37  :   03;
	1e38  :   3a;
	1e39  :   2a;
	1e3a  :   00;
	1e3b  :   db;
	1e3c  :   d6;
	1e3d  :   bf;
	1e3e  :   ef;
	1e3f  :   f2;
	1e40  :   18;
	1e41  :   34;
	1e42  :   f0;
	1e43  :   ec;
	1e44  :   0b;
	1e45  :   fc;
	1e46  :   1b;
	1e47  :   00;
	1e48  :   17;
	1e49  :   f8;
	1e4a  :   11;
	1e4b  :   f7;
	1e4c  :   15;
	1e4d  :   16;
	1e4e  :   fc;
	1e4f  :   e9;
	1e50  :   1a;
	1e51  :   32;
	1e52  :   40;
	1e53  :   3a;
	1e54  :   46;
	1e55  :   3a;
	1e56  :   09;
	1e57  :   cd;
	1e58  :   e5;
	1e59  :   cc;
	1e5a  :   e2;
	1e5b  :   ef;
	1e5c  :   d7;
	1e5d  :   e7;
	1e5e  :   e1;
	1e5f  :   23;
	1e60  :   29;
	1e61  :   08;
	1e62  :   12;
	1e63  :   12;
	1e64  :   06;
	1e65  :   01;
	1e66  :   18;
	1e67  :   f7;
	1e68  :   12;
	1e69  :   1c;
	1e6a  :   18;
	1e6b  :   f0;
	1e6c  :   0c;
	1e6d  :   1c;
	1e6e  :   1d;
	1e6f  :   07;
	1e70  :   0c;
	1e71  :   05;
	1e72  :   24;
	1e73  :   f5;
	1e74  :   ed;
	1e75  :   1c;
	1e76  :   22;
	1e77  :   f5;
	1e78  :   f9;
	1e79  :   04;
	1e7a  :   fd;
	1e7b  :   1d;
	1e7c  :   0e;
	1e7d  :   fa;
	1e7e  :   03;
	1e7f  :   09;
	1e80  :   10;
	1e81  :   18;
	1e82  :   f1;
	1e83  :   04;
	1e84  :   ee;
	1e85  :   13;
	1e86  :   1a;
	1e87  :   0d;
	1e88  :   fc;
	1e89  :   05;
	1e8a  :   0c;
	1e8b  :   e8;
	1e8c  :   fa;
	1e8d  :   ef;
	1e8e  :   ff;
	1e8f  :   f7;
	1e90  :   f8;
	1e91  :   02;
	1e92  :   08;
	1e93  :   03;
	1e94  :   18;
	1e95  :   0e;
	1e96  :   fa;
	1e97  :   1b;
	1e98  :   07;
	1e99  :   16;
	1e9a  :   f5;
	1e9b  :   12;
	1e9c  :   01;
	1e9d  :   fe;
	1e9e  :   fd;
	1e9f  :   ff;
	1ea0  :   1c;
	1ea1  :   20;
	1ea2  :   f0;
	1ea3  :   04;
	1ea4  :   18;
	1ea5  :   f4;
	1ea6  :   15;
	1ea7  :   15;
	1ea8  :   1c;
	1ea9  :   0e;
	1eaa  :   06;
	1eab  :   0a;
	1eac  :   1b;
	1ead  :   20;
	1eae  :   ff;
	1eaf  :   06;
	1eb0  :   01;
	1eb1  :   04;
	1eb2  :   0f;
	1eb3  :   03;
	1eb4  :   16;
	1eb5  :   f6;
	1eb6  :   f9;
	1eb7  :   1e;
	1eb8  :   ef;
	1eb9  :   1d;
	1eba  :   1b;
	1ebb  :   0c;
	1ebc  :   09;
	1ebd  :   16;
	1ebe  :   f8;
	1ebf  :   13;
	1ec0  :   02;
	1ec1  :   fb;
	1ec2  :   ef;
	1ec3  :   22;
	1ec4  :   21;
	1ec5  :   04;
	1ec6  :   13;
	1ec7  :   f8;
	1ec8  :   05;
	1ec9  :   12;
	1eca  :   11;
	1ecb  :   fc;
	1ecc  :   f0;
	1ecd  :   1e;
	1ece  :   f2;
	1ecf  :   00;
	1ed0  :   1d;
	1ed1  :   19;
	1ed2  :   f4;
	1ed3  :   1e;
	1ed4  :   04;
	1ed5  :   16;
	1ed6  :   19;
	1ed7  :   f1;
	1ed8  :   f0;
	1ed9  :   fe;
	1eda  :   f1;
	1edb  :   ff;
	1edc  :   fd;
	1edd  :   f0;
	1ede  :   1c;
	1edf  :   1c;
	1ee0  :   13;
	1ee1  :   f2;
	1ee2  :   08;
	1ee3  :   eb;
	1ee4  :   f2;
	1ee5  :   fb;
	1ee6  :   28;
	1ee7  :   14;
	1ee8  :   29;
	1ee9  :   36;
	1eea  :   13;
	1eeb  :   19;
	1eec  :   0a;
	1eed  :   2a;
	1eee  :   21;
	1eef  :   0e;
	1ef0  :   fd;
	1ef1  :   fd;
	1ef2  :   19;
	1ef3  :   0e;
	1ef4  :   14;
	1ef5  :   21;
	1ef6  :   ff;
	1ef7  :   16;
	1ef8  :   ef;
	1ef9  :   1b;
	1efa  :   22;
	1efb  :   0b;
	1efc  :   ea;
	1efd  :   d5;
	1efe  :   de;
	1eff  :   eb;
	1f00  :   00;
	1f01  :   ee;
	1f02  :   24;
	1f03  :   36;
	1f04  :   47;
	1f05  :   25;
	1f06  :   26;
	1f07  :   59;
	1f08  :   19;
	1f09  :   1a;
	1f0a  :   0c;
	1f0b  :   f2;
	1f0c  :   04;
	1f0d  :   fe;
	1f0e  :   07;
	1f0f  :   00;
	1f10  :   f1;
	1f11  :   00;
	1f12  :   ee;
	1f13  :   21;
	1f14  :   f4;
	1f15  :   fc;
	1f16  :   0d;
	1f17  :   0d;
	1f18  :   0a;
	1f19  :   cd;
	1f1a  :   d4;
	1f1b  :   fb;
	1f1c  :   ff;
	1f1d  :   1f;
	1f1e  :   2f;
	1f1f  :   1b;
	1f20  :   12;
	1f21  :   e1;
	1f22  :   f3;
	1f23  :   01;
	1f24  :   f1;
	1f25  :   de;
	1f26  :   fa;
	1f27  :   e8;
	1f28  :   f1;
	1f29  :   0f;
	1f2a  :   e9;
	1f2b  :   f2;
	1f2c  :   fc;
	1f2d  :   f6;
	1f2e  :   f0;
	1f2f  :   0e;
	1f30  :   27;
	1f31  :   1b;
	1f32  :   10;
	1f33  :   06;
	1f34  :   ff;
	1f35  :   0d;
	1f36  :   27;
	1f37  :   17;
	1f38  :   34;
	1f39  :   3c;
	1f3a  :   05;
	1f3b  :   42;
	1f3c  :   13;
	1f3d  :   ea;
	1f3e  :   e3;
	1f3f  :   e1;
	1f40  :   bb;
	1f41  :   bd;
	1f42  :   d3;
	1f43  :   f6;
	1f44  :   fb;
	1f45  :   f8;
	1f46  :   ea;
	1f47  :   08;
	1f48  :   1b;
	1f49  :   17;
	1f4a  :   15;
	1f4b  :   1d;
	1f4c  :   2c;
	1f4d  :   2a;
	1f4e  :   2a;
	1f4f  :   0a;
	1f50  :   0f;
	1f51  :   05;
	1f52  :   0e;
	1f53  :   fb;
	1f54  :   fb;
	1f55  :   fd;
	1f56  :   1f;
	1f57  :   1e;
	1f58  :   2b;
	1f59  :   0f;
	1f5a  :   13;
	1f5b  :   e6;
	1f5c  :   cb;
	1f5d  :   c6;
	1f5e  :   e8;
	1f5f  :   e3;
	1f60  :   01;
	1f61  :   0a;
	1f62  :   19;
	1f63  :   19;
	1f64  :   09;
	1f65  :   f1;
	1f66  :   17;
	1f67  :   0f;
	1f68  :   0f;
	1f69  :   18;
	1f6a  :   05;
	1f6b  :   ee;
	1f6c  :   e0;
	1f6d  :   c4;
	1f6e  :   c3;
	1f6f  :   d3;
	1f70  :   d9;
	1f71  :   08;
	1f72  :   3f;
	1f73  :   2a;
	1f74  :   35;
	1f75  :   0e;
	1f76  :   dd;
	1f77  :   e1;
	1f78  :   fc;
	1f79  :   f3;
	1f7a  :   f4;
	1f7b  :   eb;
	1f7c  :   12;
	1f7d  :   f7;
	1f7e  :   0a;
	1f7f  :   01;
	1f80  :   fd;
	1f81  :   fb;
	1f82  :   fa;
	1f83  :   18;
	1f84  :   0e;
	1f85  :   0e;
	1f86  :   e2;
	1f87  :   f3;
	1f88  :   c5;
	1f89  :   bf;
	1f8a  :   bf;
	1f8b  :   b9;
	1f8c  :   c9;
	1f8d  :   f5;
	1f8e  :   37;
	1f8f  :   23;
	1f90  :   f1;
	1f91  :   e2;
	1f92  :   a5;
	1f93  :   bc;
	1f94  :   e9;
	1f95  :   0a;
	1f96  :   1d;
	1f97  :   fe;
	1f98  :   12;
	1f99  :   ff;
	1f9a  :   1b;
	1f9b  :   16;
	1f9c  :   f2;
	1f9d  :   17;
	1f9e  :   16;
	1f9f  :   e3;
	1fa0  :   01;
	1fa1  :   f0;
	1fa2  :   d5;
	1fa3  :   cc;
	1fa4  :   c9;
	1fa5  :   aa;
	1fa6  :   bf;
	1fa7  :   b9;
	1fa8  :   f1;
	1fa9  :   11;
	1faa  :   49;
	1fab  :   06;
	1fac  :   ae;
	1fad  :   80;
	1fae  :   b7;
	1faf  :   d4;
	1fb0  :   f8;
	1fb1  :   d2;
	1fb2  :   03;
	1fb3  :   ea;
	1fb4  :   f5;
	1fb5  :   1f;
	1fb6  :   ef;
	1fb7  :   fe;
	1fb8  :   1a;
	1fb9  :   07;
	1fba  :   07;
	1fbb  :   e8;
	1fbc  :   09;
	1fbd  :   af;
	1fbe  :   9c;
	1fbf  :   c5;
	1fc0  :   b7;
	1fc1  :   a4;
	1fc2  :   bc;
	1fc3  :   dd;
	1fc4  :   02;
	1fc5  :   54;
	1fc6  :   2a;
	1fc7  :   de;
	1fc8  :   c2;
	1fc9  :   b8;
	1fca  :   c5;
	1fcb  :   c4;
	1fcc  :   e0;
	1fcd  :   d8;
	1fce  :   dd;
	1fcf  :   f5;
	1fd0  :   f1;
	1fd1  :   fe;
	1fd2  :   10;
	1fd3  :   10;
	1fd4  :   fe;
	1fd5  :   0d;
	1fd6  :   ed;
	1fd7  :   db;
	1fd8  :   cd;
	1fd9  :   a1;
	1fda  :   a2;
	1fdb  :   b7;
	1fdc  :   cd;
	1fdd  :   e0;
	1fde  :   01;
	1fdf  :   22;
	1fe0  :   55;
	1fe1  :   57;
	1fe2  :   1c;
	1fe3  :   e5;
	1fe4  :   eb;
	1fe5  :   e5;
	1fe6  :   b8;
	1fe7  :   cd;
	1fe8  :   a4;
	1fe9  :   9c;
	1fea  :   cd;
	1feb  :   e8;
	1fec  :   d0;
	1fed  :   db;
	1fee  :   ee;
	1fef  :   0c;
	1ff0  :   f6;
	1ff1  :   05;
	1ff2  :   f2;
	1ff3  :   e8;
	1ff4  :   d8;
	1ff5  :   c2;
	1ff6  :   a5;
	1ff7  :   c7;
	1ff8  :   e1;
	1ff9  :   1e;
	1ffa  :   63;
	1ffb  :   61;
	1ffc  :   7f;
	1ffd  :   75;
	1ffe  :   1f;
	1fff  :   0b;
	2000  :   f3;
	2001  :   fa;
	2002  :   01;
	2003  :   c6;
	2004  :   9e;
	2005  :   c4;
	2006  :   bf;
	2007  :   e3;
	2008  :   c9;
	2009  :   e5;
	200a  :   06;
	200b  :   17;
	200c  :   0d;
	200d  :   fa;
	200e  :   05;
	200f  :   d8;
	2010  :   f0;
	2011  :   d6;
	2012  :   e6;
	2013  :   e0;
	2014  :   0f;
	2015  :   3a;
	2016  :   66;
	2017  :   4d;
	2018  :   56;
	2019  :   25;
	201a  :   18;
	201b  :   e6;
	201c  :   1a;
	201d  :   10;
	201e  :   de;
	201f  :   d8;
	2020  :   ed;
	2021  :   dd;
	2022  :   d0;
	2023  :   ca;
	2024  :   de;
	2025  :   df;
	2026  :   da;
	2027  :   ec;
	2028  :   ee;
	2029  :   01;
	202a  :   f8;
	202b  :   ea;
	202c  :   d8;
	202d  :   ef;
	202e  :   d3;
	202f  :   ee;
	2030  :   12;
	2031  :   3c;
	2032  :   5b;
	2033  :   44;
	2034  :   38;
	2035  :   fc;
	2036  :   e4;
	2037  :   f4;
	2038  :   23;
	2039  :   25;
	203a  :   09;
	203b  :   10;
	203c  :   ee;
	203d  :   ec;
	203e  :   e7;
	203f  :   c1;
	2040  :   c2;
	2041  :   e6;
	2042  :   f4;
	2043  :   1f;
	2044  :   04;
	2045  :   f0;
	2046  :   f4;
	2047  :   f1;
	2048  :   ea;
	2049  :   cb;
	204a  :   d7;
	204b  :   d7;
	204c  :   10;
	204d  :   2f;
	204e  :   31;
	204f  :   2e;
	2050  :   2b;
	2051  :   02;
	2052  :   d8;
	2053  :   fd;
	2054  :   15;
	2055  :   08;
	2056  :   0a;
	2057  :   0c;
	2058  :   24;
	2059  :   27;
	205a  :   f0;
	205b  :   d6;
	205c  :   cf;
	205d  :   d8;
	205e  :   fe;
	205f  :   ed;
	2060  :   21;
	2061  :   03;
	2062  :   15;
	2063  :   0a;
	2064  :   e3;
	2065  :   c6;
	2066  :   a4;
	2067  :   a3;
	2068  :   d8;
	2069  :   14;
	206a  :   21;
	206b  :   60;
	206c  :   1c;
	206d  :   0b;
	206e  :   eb;
	206f  :   f6;
	2070  :   ff;
	2071  :   1b;
	2072  :   21;
	2073  :   2d;
	2074  :   04;
	2075  :   16;
	2076  :   e0;
	2077  :   d8;
	2078  :   da;
	2079  :   d8;
	207a  :   08;
	207b  :   0f;
	207c  :   09;
	207d  :   f7;
	207e  :   01;
	207f  :   fc;
	2080  :   e6;
	2081  :   d0;
	2082  :   b7;
	2083  :   9b;
	2084  :   a1;
	2085  :   ac;
	2086  :   d9;
	2087  :   02;
	2088  :   ea;
	2089  :   13;
	208a  :   0a;
	208b  :   fd;
	208c  :   fb;
	208d  :   07;
	208e  :   0d;
	208f  :   ee;
	2090  :   ed;
	2091  :   f0;
	2092  :   d3;
	2093  :   c6;
	2094  :   de;
	2095  :   c5;
	2096  :   ea;
	2097  :   12;
	2098  :   f2;
	2099  :   f3;
	209a  :   1c;
	209b  :   f7;
	209c  :   f0;
	209d  :   c5;
	209e  :   b2;
	209f  :   ab;
	20a0  :   97;
	20a1  :   af;
	20a2  :   c7;
	20a3  :   ac;
	20a4  :   ec;
	20a5  :   fa;
	20a6  :   1f;
	20a7  :   ff;
	20a8  :   13;
	20a9  :   e4;
	20aa  :   0a;
	20ab  :   e8;
	20ac  :   bc;
	20ad  :   e0;
	20ae  :   da;
	20af  :   e6;
	20b0  :   cc;
	20b1  :   d2;
	20b2  :   eb;
	20b3  :   02;
	20b4  :   06;
	20b5  :   14;
	20b6  :   13;
	20b7  :   14;
	20b8  :   fa;
	20b9  :   d3;
	20ba  :   9f;
	20bb  :   b4;
	20bc  :   8e;
	20bd  :   97;
	20be  :   95;
	20bf  :   bc;
	20c0  :   d1;
	20c1  :   eb;
	20c2  :   29;
	20c3  :   1d;
	20c4  :   07;
	20c5  :   f5;
	20c6  :   04;
	20c7  :   f5;
	20c8  :   d6;
	20c9  :   f0;
	20ca  :   d5;
	20cb  :   01;
	20cc  :   d8;
	20cd  :   cf;
	20ce  :   0c;
	20cf  :   f9;
	20d0  :   08;
	20d1  :   f8;
	20d2  :   04;
	20d3  :   32;
	20d4  :   ec;
	20d5  :   e0;
	20d6  :   e1;
	20d7  :   bc;
	20d8  :   a3;
	20d9  :   e7;
	20da  :   af;
	20db  :   c4;
	20dc  :   e7;
	20dd  :   2f;
	20de  :   3c;
	20df  :   28;
	20e0  :   f0;
	20e1  :   f6;
	20e2  :   dc;
	20e3  :   f5;
	20e4  :   ef;
	20e5  :   ee;
	20e6  :   f1;
	20e7  :   04;
	20e8  :   f3;
	20e9  :   fa;
	20ea  :   ef;
	20eb  :   10;
	20ec  :   10;
	20ed  :   21;
	20ee  :   fb;
	20ef  :   25;
	20f0  :   05;
	20f1  :   fe;
	20f2  :   0f;
	20f3  :   e3;
	20f4  :   15;
	20f5  :   eb;
	20f6  :   d9;
	20f7  :   03;
	20f8  :   0f;
	20f9  :   20;
	20fa  :   23;
	20fb  :   10;
	20fc  :   01;
	20fd  :   e5;
	20fe  :   f0;
	20ff  :   10;
	2100  :   13;
	2101  :   eb;
	2102  :   0d;
	2103  :   e8;
	2104  :   fb;
	2105  :   0b;
	2106  :   0b;
	2107  :   04;
	2108  :   0c;
	2109  :   0e;
	210a  :   23;
	210b  :   29;
	210c  :   37;
	210d  :   0f;
	210e  :   f7;
	210f  :   1f;
	2110  :   2d;
	2111  :   33;
	2112  :   35;
	2113  :   25;
	2114  :   0f;
	2115  :   27;
	2116  :   e2;
	2117  :   f6;
	2118  :   c5;
	2119  :   c8;
	211a  :   0b;
	211b  :   17;
	211c  :   de;
	211d  :   f1;
	211e  :   fb;
	211f  :   ef;
	2120  :   19;
	2121  :   eb;
	2122  :   04;
	2123  :   f4;
	2124  :   15;
	2125  :   f8;
	2126  :   13;
	2127  :   19;
	2128  :   33;
	2129  :   21;
	212a  :   37;
	212b  :   1c;
	212c  :   2e;
	212d  :   3a;
	212e  :   33;
	212f  :   1b;
	2130  :   0b;
	2131  :   14;
	2132  :   fd;
	2133  :   be;
	2134  :   e8;
	2135  :   cd;
	2136  :   ed;
	2137  :   db;
	2138  :   04;
	2139  :   cd;
	213a  :   e7;
	213b  :   19;
	213c  :   0d;
	213d  :   20;
	213e  :   07;
	213f  :   0b;
	2140  :   0c;
	2141  :   f1;
	2142  :   ff;
	2143  :   fb;
	2144  :   17;
	2145  :   47;
	2146  :   51;
	2147  :   46;
	2148  :   2f;
	2149  :   62;
	214a  :   57;
	214b  :   1b;
	214c  :   1c;
	214d  :   0a;
	214e  :   f9;
	214f  :   f3;
	2150  :   ed;
	2151  :   f7;
	2152  :   17;
	2153  :   f7;
	2154  :   15;
	2155  :   10;
	2156  :   2a;
	2157  :   1a;
	2158  :   fa;
	2159  :   04;
	215a  :   1f;
	215b  :   13;
	215c  :   03;
	215d  :   00;
	215e  :   f4;
	215f  :   f5;
	2160  :   1f;
	2161  :   44;
	2162  :   3c;
	2163  :   2d;
	2164  :   4d;
	2165  :   39;
	2166  :   1c;
	2167  :   28;
	2168  :   05;
	2169  :   f9;
	216a  :   06;
	216b  :   07;
	216c  :   04;
	216d  :   09;
	216e  :   13;
	216f  :   1f;
	2170  :   1b;
	2171  :   05;
	2172  :   04;
	2173  :   09;
	2174  :   00;
	2175  :   0c;
	2176  :   21;
	2177  :   06;
	2178  :   13;
	2179  :   1b;
	217a  :   f6;
	217b  :   0d;
	217c  :   0c;
	217d  :   15;
	217e  :   25;
	217f  :   29;
	2180  :   05;
	2181  :   f7;
	2182  :   13;
	2183  :   fd;
	2184  :   06;
	2185  :   f1;
	2186  :   f9;
	2187  :   13;
	2188  :   1b;
	2189  :   04;
	218a  :   08;
	218b  :   1e;
	218c  :   07;
	218d  :   02;
	218e  :   0c;
	218f  :   10;
	2190  :   f6;
	2191  :   f3;
	2192  :   19;
	2193  :   1f;
	2194  :   17;
	2195  :   f8;
	2196  :   0f;
	2197  :   06;
	2198  :   0b;
	2199  :   18;
	219a  :   20;
	219b  :   1a;
	219c  :   fc;
	219d  :   18;
	219e  :   f0;
	219f  :   1b;
	21a0  :   13;
	21a1  :   14;
	21a2  :   04;
	21a3  :   13;
	21a4  :   08;
	21a5  :   ee;
	21a6  :   01;
	21a7  :   1d;
	21a8  :   04;
	21a9  :   15;
	21aa  :   04;
	21ab  :   f5;
	21ac  :   fa;
	21ad  :   17;
	21ae  :   1a;
	21af  :   03;
	21b0  :   08;
	21b1  :   f5;
	21b2  :   03;
	21b3  :   0e;
	21b4  :   14;
	21b5  :   14;
	21b6  :   0d;
	21b7  :   02;
	21b8  :   07;
	21b9  :   10;
	21ba  :   15;
	21bb  :   ef;
	21bc  :   eb;
	21bd  :   01;
	21be  :   11;
	21bf  :   06;
	21c0  :   03;
	21c1  :   17;
	21c2  :   0c;
	21c3  :   e8;
	21c4  :   ff;
	21c5  :   f2;
	21c6  :   13;
	21c7  :   02;
	21c8  :   0a;
	21c9  :   ff;
	21ca  :   f1;
	21cb  :   14;
	21cc  :   f9;
	21cd  :   03;
	21ce  :   ff;
	21cf  :   e8;
	21d0  :   ea;
	21d1  :   ea;
	21d2  :   fa;
	21d3  :   12;
	21d4  :   f5;
	21d5  :   f9;
	21d6  :   f2;
	21d7  :   f0;
	21d8  :   fd;
	21d9  :   f2;
	21da  :   0f;
	21db  :   f6;
	21dc  :   fa;
	21dd  :   f9;
	21de  :   f0;
	21df  :   f3;
	21e0  :   09;
	21e1  :   f0;
	21e2  :   19;
	21e3  :   0f;
	21e4  :   0f;
	21e5  :   fe;
	21e6  :   03;
	21e7  :   f4;
	21e8  :   15;
	21e9  :   09;
	21ea  :   f4;
	21eb  :   f2;
	21ec  :   ed;
	21ed  :   ef;
	21ee  :   ee;
	21ef  :   f4;
	21f0  :   fa;
	21f1  :   0a;
	21f2  :   03;
	21f3  :   fb;
	21f4  :   12;
	21f5  :   1e;
	21f6  :   1b;
	21f7  :   f6;
	21f8  :   ff;
	21f9  :   ec;
	21fa  :   f1;
	21fb  :   f6;
	21fc  :   f4;
	21fd  :   0b;
	21fe  :   11;
	21ff  :   17;
	2200  :   16;
	2201  :   18;
	2202  :   02;
	2203  :   06;
	2204  :   02;
	2205  :   f8;
	2206  :   f8;
	2207  :   0b;
	2208  :   17;
	2209  :   0d;
	220a  :   ee;
	220b  :   13;
	220c  :   eb;
	220d  :   f6;
	220e  :   ec;
	220f  :   03;
	2210  :   ed;
	2211  :   0c;
	2212  :   00;
	2213  :   f0;
	2214  :   e0;
	2215  :   c5;
	2216  :   ce;
	2217  :   08;
	2218  :   ed;
	2219  :   f0;
	221a  :   fc;
	221b  :   eb;
	221c  :   f3;
	221d  :   ff;
	221e  :   e9;
	221f  :   fe;
	2220  :   ed;
	2221  :   06;
	2222  :   12;
	2223  :   07;
	2224  :   0d;
	2225  :   04;
	2226  :   f3;
	2227  :   ef;
	2228  :   06;
	2229  :   1a;
	222a  :   3c;
	222b  :   06;
	222c  :   04;
	222d  :   0a;
	222e  :   bd;
	222f  :   d5;
	2230  :   ea;
	2231  :   00;
	2232  :   00;
	2233  :   30;
	2234  :   28;
	2235  :   05;
	2236  :   f7;
	2237  :   ed;
	2238  :   ec;
	2239  :   f4;
	223a  :   fb;
	223b  :   f1;
	223c  :   15;
	223d  :   0b;
	223e  :   f9;
	223f  :   ef;
	2240  :   fe;
	2241  :   f4;
	2242  :   12;
	2243  :   00;
	2244  :   f8;
	2245  :   1b;
	2246  :   1f;
	2247  :   e5;
	2248  :   eb;
	2249  :   b4;
	224a  :   c9;
	224b  :   d2;
	224c  :   e6;
	224d  :   2c;
	224e  :   29;
	224f  :   07;
	2250  :   0a;
	2251  :   31;
	2252  :   0e;
	2253  :   0c;
	2254  :   0d;
	2255  :   02;
	2256  :   11;
	2257  :   19;
	2258  :   f1;
	2259  :   10;
	225a  :   0a;
	225b  :   ff;
	225c  :   04;
	225d  :   16;
	225e  :   f2;
	225f  :   05;
	2260  :   fb;
	2261  :   01;
	2262  :   dc;
	2263  :   e0;
	2264  :   c7;
	2265  :   80;
	2266  :   89;
	2267  :   be;
	2268  :   ec;
	2269  :   20;
	226a  :   09;
	226b  :   fc;
	226c  :   ea;
	226d  :   f3;
	226e  :   1b;
	226f  :   f4;
	2270  :   11;
	2271  :   06;
	2272  :   f5;
	2273  :   08;
	2274  :   ea;
	2275  :   f9;
	2276  :   ea;
	2277  :   f2;
	2278  :   e6;
	2279  :   db;
	227a  :   00;
	227b  :   05;
	227c  :   f4;
	227d  :   e5;
	227e  :   02;
	227f  :   e4;
	2280  :   a1;
	2281  :   ab;
	2282  :   8c;
	2283  :   c7;
	2284  :   08;
	2285  :   3a;
	2286  :   0c;
	2287  :   d5;
	2288  :   f8;
	2289  :   fc;
	228a  :   18;
	228b  :   0c;
	228c  :   df;
	228d  :   f9;
	228e  :   f6;
	228f  :   13;
	2290  :   17;
	2291  :   ea;
	2292  :   e8;
	2293  :   f8;
	2294  :   fe;
	2295  :   07;
	2296  :   f3;
	2297  :   f8;
	2298  :   f0;
	2299  :   fa;
	229a  :   ef;
	229b  :   e6;
	229c  :   b1;
	229d  :   93;
	229e  :   a0;
	229f  :   11;
	22a0  :   3c;
	22a1  :   56;
	22a2  :   ef;
	22a3  :   e3;
	22a4  :   f2;
	22a5  :   e8;
	22a6  :   d8;
	22a7  :   c6;
	22a8  :   b8;
	22a9  :   d5;
	22aa  :   fd;
	22ab  :   fb;
	22ac  :   f0;
	22ad  :   fb;
	22ae  :   f8;
	22af  :   da;
	22b0  :   ec;
	22b1  :   df;
	22b2  :   d6;
	22b3  :   fc;
	22b4  :   ee;
	22b5  :   f4;
	22b6  :   ea;
	22b7  :   f9;
	22b8  :   c1;
	22b9  :   96;
	22ba  :   97;
	22bb  :   2e;
	22bc  :   72;
	22bd  :   1e;
	22be  :   00;
	22bf  :   ca;
	22c0  :   c9;
	22c1  :   e0;
	22c2  :   c3;
	22c3  :   be;
	22c4  :   e0;
	22c5  :   c8;
	22c6  :   fc;
	22c7  :   05;
	22c8  :   ef;
	22c9  :   10;
	22ca  :   06;
	22cb  :   fd;
	22cc  :   ca;
	22cd  :   df;
	22ce  :   c6;
	22cf  :   f1;
	22d0  :   f7;
	22d1  :   fa;
	22d2  :   eb;
	22d3  :   dd;
	22d4  :   b1;
	22d5  :   8d;
	22d6  :   d1;
	22d7  :   75;
	22d8  :   61;
	22d9  :   46;
	22da  :   e2;
	22db  :   b5;
	22dc  :   e3;
	22dd  :   d0;
	22de  :   bd;
	22df  :   bb;
	22e0  :   b8;
	22e1  :   f8;
	22e2  :   f9;
	22e3  :   f3;
	22e4  :   0b;
	22e5  :   f6;
	22e6  :   e7;
	22e7  :   07;
	22e8  :   e0;
	22e9  :   d9;
	22ea  :   d8;
	22eb  :   e7;
	22ec  :   e5;
	22ed  :   f8;
	22ee  :   ea;
	22ef  :   c5;
	22f0  :   86;
	22f1  :   8b;
	22f2  :   b9;
	22f3  :   30;
	22f4  :   4f;
	22f5  :   17;
	22f6  :   c5;
	22f7  :   c2;
	22f8  :   e9;
	22f9  :   e1;
	22fa  :   d3;
	22fb  :   c6;
	22fc  :   cb;
	22fd  :   fa;
	22fe  :   f0;
	22ff  :   ef;
	2300  :   eb;
	2301  :   09;
	2302  :   ea;
	2303  :   07;
	2304  :   ca;
	2305  :   b6;
	2306  :   02;
	2307  :   e2;
	2308  :   f7;
	2309  :   d9;
	230a  :   f9;
	230b  :   c1;
	230c  :   c2;
	230d  :   bb;
	230e  :   e9;
	230f  :   19;
	2310  :   29;
	2311  :   01;
	2312  :   d1;
	2313  :   e9;
	2314  :   d4;
	2315  :   0b;
	2316  :   02;
	2317  :   cd;
	2318  :   df;
	2319  :   d9;
	231a  :   e8;
	231b  :   f4;
	231c  :   f3;
	231d  :   03;
	231e  :   f7;
	231f  :   00;
	2320  :   cf;
	2321  :   e0;
	2322  :   e2;
	2323  :   de;
	2324  :   01;
	2325  :   f7;
	2326  :   12;
	2327  :   e5;
	2328  :   da;
	2329  :   e1;
	232a  :   d9;
	232b  :   06;
	232c  :   ea;
	232d  :   1d;
	232e  :   e2;
	232f  :   d3;
	2330  :   d4;
	2331  :   11;
	2332  :   00;
	2333  :   02;
	2334  :   17;
	2335  :   eb;
	2336  :   f6;
	2337  :   00;
	2338  :   eb;
	2339  :   01;
	233a  :   fc;
	233b  :   0c;
	233c  :   df;
	233d  :   ff;
	233e  :   13;
	233f  :   ff;
	2340  :   06;
	2341  :   20;
	2342  :   0e;
	2343  :   fa;
	2344  :   06;
	2345  :   fe;
	2346  :   e6;
	2347  :   e6;
	2348  :   f8;
	2349  :   f3;
	234a  :   d2;
	234b  :   f8;
	234c  :   e8;
	234d  :   f1;
	234e  :   1f;
	234f  :   34;
	2350  :   55;
	2351  :   13;
	2352  :   07;
	2353  :   02;
	2354  :   f8;
	2355  :   f9;
	2356  :   ef;
	2357  :   1f;
	2358  :   21;
	2359  :   17;
	235a  :   02;
	235b  :   2f;
	235c  :   31;
	235d  :   4d;
	235e  :   33;
	235f  :   2e;
	2360  :   05;
	2361  :   0d;
	2362  :   f2;
	2363  :   1b;
	2364  :   0f;
	2365  :   00;
	2366  :   e3;
	2367  :   ee;
	2368  :   fb;
	2369  :   06;
	236a  :   27;
	236b  :   43;
	236c  :   29;
	236d  :   2f;
	236e  :   16;
	236f  :   03;
	2370  :   06;
	2371  :   f5;
	2372  :   18;
	2373  :   fc;
	2374  :   1a;
	2375  :   37;
	2376  :   2a;
	2377  :   2b;
	2378  :   25;
	2379  :   1f;
	237a  :   25;
	237b  :   09;
	237c  :   0b;
	237d  :   17;
	237e  :   fb;
	237f  :   0f;
	2380  :   07;
	2381  :   fe;
	2382  :   fc;
	2383  :   02;
	2384  :   2b;
	2385  :   42;
	2386  :   2e;
	2387  :   48;
	2388  :   46;
	2389  :   2e;
	238a  :   1b;
	238b  :   f4;
	238c  :   fa;
	238d  :   ff;
	238e  :   f0;
	238f  :   08;
	2390  :   0f;
	2391  :   1c;
	2392  :   0f;
	2393  :   2f;
	2394  :   13;
	2395  :   3f;
	2396  :   3f;
	2397  :   0d;
	2398  :   10;
	2399  :   10;
	239a  :   24;
	239b  :   22;
	239c  :   fb;
	239d  :   e2;
	239e  :   05;
	239f  :   01;
	23a0  :   1f;
	23a1  :   62;
	23a2  :   49;
	23a3  :   38;
	23a4  :   04;
	23a5  :   18;
	23a6  :   f2;
	23a7  :   fb;
	23a8  :   fc;
	23a9  :   ea;
	23aa  :   ed;
	23ab  :   08;
	23ac  :   21;
	23ad  :   20;
	23ae  :   f4;
	23af  :   1f;
	23b0  :   2f;
	23b1  :   4a;
	23b2  :   1f;
	23b3  :   20;
	23b4  :   11;
	23b5  :   1a;
	23b6  :   20;
	23b7  :   fb;
	23b8  :   14;
	23b9  :   fd;
	23ba  :   1a;
	23bb  :   fa;
	23bc  :   f5;
	23bd  :   fe;
	23be  :   09;
	23bf  :   22;
	23c0  :   1c;
	23c1  :   26;
	23c2  :   f6;
	23c3  :   00;
	23c4  :   ef;
	23c5  :   0f;
	23c6  :   12;
	23c7  :   24;
	23c8  :   43;
	23c9  :   12;
	23ca  :   24;
	23cb  :   27;
	23cc  :   30;
	23cd  :   22;
	23ce  :   35;
	23cf  :   39;
	23d0  :   11;
	23d1  :   06;
	23d2  :   1f;
	23d3  :   25;
	23d4  :   11;
	23d5  :   10;
	23d6  :   06;
	23d7  :   20;
	23d8  :   1e;
	23d9  :   0d;
	23da  :   11;
	23db  :   3c;
	23dc  :   27;
	23dd  :   25;
	23de  :   16;
	23df  :   06;
	23e0  :   fa;
	23e1  :   f5;
	23e2  :   fe;
	23e3  :   1b;
	23e4  :   4c;
	23e5  :   00;
	23e6  :   fc;
	23e7  :   39;
	23e8  :   1d;
	23e9  :   1a;
	23ea  :   29;
	23eb  :   13;
	23ec  :   18;
	23ed  :   17;
	23ee  :   05;
	23ef  :   0d;
	23f0  :   18;
	23f1  :   11;
	23f2  :   3a;
	23f3  :   24;
	23f4  :   3e;
	23f5  :   2a;
	23f6  :   01;
	23f7  :   0f;
	23f8  :   09;
	23f9  :   17;
	23fa  :   f6;
	23fb  :   18;
	23fc  :   f8;
	23fd  :   0c;
	23fe  :   ff;
	23ff  :   12;
	2400  :   15;
	2401  :   3c;
	2402  :   03;
	2403  :   f5;
	2404  :   fb;
	2405  :   17;
	2406  :   10;
	2407  :   07;
	2408  :   e8;
	2409  :   f2;
	240a  :   00;
	240b  :   f9;
	240c  :   fc;
	240d  :   1d;
	240e  :   06;
	240f  :   f8;
	2410  :   11;
	2411  :   22;
	2412  :   1d;
	2413  :   1d;
	2414  :   04;
	2415  :   fe;
	2416  :   07;
	2417  :   11;
	2418  :   ee;
	2419  :   f4;
	241a  :   05;
	241b  :   fb;
	241c  :   ff;
	241d  :   1a;
	241e  :   f6;
	241f  :   f6;
	2420  :   e5;
	2421  :   fd;
	2422  :   e7;
	2423  :   fa;
	2424  :   dc;
	2425  :   f3;
	2426  :   ed;
	2427  :   e4;
	2428  :   ff;
	2429  :   ff;
	242a  :   fc;
	242b  :   ec;
	242c  :   e0;
	242d  :   fc;
	242e  :   f8;
	242f  :   e8;
	2430  :   f5;
	2431  :   ea;
	2432  :   07;
	2433  :   14;
	2434  :   f8;
	2435  :   fb;
	2436  :   0e;
	2437  :   fc;
	2438  :   d4;
	2439  :   ec;
	243a  :   fb;
	243b  :   f6;
	243c  :   ea;
	243d  :   e4;
	243e  :   e0;
	243f  :   f2;
	2440  :   0b;
	2441  :   ea;
	2442  :   ea;
	2443  :   e2;
	2444  :   cd;
	2445  :   b0;
	2446  :   b1;
	2447  :   b8;
	2448  :   d8;
	2449  :   e7;
	244a  :   ca;
	244b  :   ca;
	244c  :   d9;
	244d  :   fd;
	244e  :   00;
	244f  :   18;
	2450  :   15;
	2451  :   f0;
	2452  :   14;
	2453  :   ed;
	2454  :   ef;
	2455  :   e1;
	2456  :   c5;
	2457  :   c8;
	2458  :   ce;
	2459  :   c8;
	245a  :   b4;
	245b  :   bc;
	245c  :   d5;
	245d  :   d6;
	245e  :   cd;
	245f  :   e6;
	2460  :   c3;
	2461  :   cf;
	2462  :   bd;
	2463  :   97;
	2464  :   b5;
	2465  :   b9;
	2466  :   cb;
	2467  :   d9;
	2468  :   eb;
	2469  :   fd;
	246a  :   18;
	246b  :   11;
	246c  :   ee;
	246d  :   f4;
	246e  :   06;
	246f  :   0d;
	2470  :   ff;
	2471  :   e2;
	2472  :   d4;
	2473  :   d9;
	2474  :   c2;
	2475  :   ad;
	2476  :   b3;
	2477  :   c9;
	2478  :   c9;
	2479  :   ad;
	247a  :   a4;
	247b  :   c1;
	247c  :   c6;
	247d  :   b4;
	247e  :   b1;
	247f  :   a3;
	2480  :   a3;
	2481  :   ac;
	2482  :   e2;
	2483  :   09;
	2484  :   ee;
	2485  :   ee;
	2486  :   06;
	2487  :   ef;
	2488  :   f4;
	2489  :   f4;
	248a  :   0d;
	248b  :   f9;
	248c  :   0d;
	248d  :   f4;
	248e  :   f5;
	248f  :   e5;
	2490  :   fc;
	2491  :   f5;
	2492  :   e9;
	2493  :   ed;
	2494  :   d4;
	2495  :   d7;
	2496  :   d6;
	2497  :   cb;
	2498  :   ee;
	2499  :   f1;
	249a  :   d7;
	249b  :   de;
	249c  :   d6;
	249d  :   d3;
	249e  :   df;
	249f  :   f4;
	24a0  :   14;
	24a1  :   0f;
	24a2  :   f3;
	24a3  :   04;
	24a4  :   06;
	24a5  :   0e;
	24a6  :   0a;
	24a7  :   08;
	24a8  :   0b;
	24a9  :   07;
	24aa  :   05;
	24ab  :   e3;
	24ac  :   de;
	24ad  :   fc;
	24ae  :   eb;
	24af  :   eb;
	24b0  :   f7;
	24b1  :   ed;
	24b2  :   0d;
	24b3  :   12;
	24b4  :   f4;
	24b5  :   10;
	24b6  :   01;
	24b7  :   fe;
	24b8  :   11;
	24b9  :   0b;
	24ba  :   06;
	24bb  :   fc;
	24bc  :   07;
	24bd  :   fe;
	24be  :   11;
	24bf  :   ee;
	24c0  :   f0;
	24c1  :   00;
	24c2  :   ec;
	24c3  :   12;
	24c4  :   00;
	24c5  :   0d;
	24c6  :   0c;
	24c7  :   0e;
	24c8  :   00;
	24c9  :   07;
	24ca  :   0e;
	24cb  :   1b;
	24cc  :   fb;
	24cd  :   00;
	24ce  :   fa;
	24cf  :   03;
	24d0  :   07;
	24d1  :   f1;
	24d2  :   fe;
	24d3  :   11;
	24d4  :   f8;
	24d5  :   02;
	24d6  :   12;
	24d7  :   05;
	24d8  :   f7;
	24d9  :   13;
	24da  :   14;
	24db  :   f1;
	24dc  :   f2;
	24dd  :   18;
	24de  :   13;
	24df  :   08;
	24e0  :   10;
	24e1  :   ee;
	24e2  :   13;
	24e3  :   f4;
	24e4  :   f8;
	24e5  :   0a;
	24e6  :   f4;
	24e7  :   e6;
	24e8  :   01;
	24e9  :   07;
	24ea  :   ed;
	24eb  :   fd;
	24ec  :   fc;
	24ed  :   f1;
	24ee  :   ec;
	24ef  :   06;
	24f0  :   1a;
	24f1  :   fb;
	24f2  :   f4;
	24f3  :   f7;
	24f4  :   0b;
	24f5  :   18;
	24f6  :   06;
	24f7  :   f4;
	24f8  :   02;
	24f9  :   18;
	24fa  :   0d;
	24fb  :   fa;
	24fc  :   03;
	24fd  :   f9;
	24fe  :   f3;
	24ff  :   f2;
	2500  :   00;
	2501  :   f3;
	2502  :   fc;
	2503  :   f7;
	2504  :   cd;
	2505  :   d0;
	2506  :   bb;
	2507  :   cf;
	2508  :   f4;
	2509  :   10;
	250a  :   0c;
	250b  :   11;
	250c  :   11;
	250d  :   02;
	250e  :   f3;
	250f  :   07;
	2510  :   02;
	2511  :   ed;
	2512  :   00;
	2513  :   fa;
	2514  :   0f;
	2515  :   ee;
	2516  :   14;
	2517  :   fa;
	2518  :   00;
	2519  :   04;
	251a  :   ef;
	251b  :   e8;
	251c  :   e1;
	251d  :   b7;
	251e  :   c4;
	251f  :   ca;
	2520  :   ba;
	2521  :   c2;
	2522  :   a8;
	2523  :   d9;
	2524  :   ee;
	2525  :   ed;
	2526  :   f9;
	2527  :   fa;
	2528  :   ed;
	2529  :   14;
	252a  :   02;
	252b  :   f1;
	252c  :   ef;
	252d  :   f2;
	252e  :   ed;
	252f  :   fc;
	2530  :   fe;
	2531  :   17;
	2532  :   0e;
	2533  :   f3;
	2534  :   f3;
	2535  :   f9;
	2536  :   03;
	2537  :   fc;
	2538  :   cd;
	2539  :   cb;
	253a  :   d8;
	253b  :   e9;
	253c  :   ff;
	253d  :   00;
	253e  :   d8;
	253f  :   e1;
	2540  :   f8;
	2541  :   02;
	2542  :   06;
	2543  :   17;
	2544  :   df;
	2545  :   ed;
	2546  :   e4;
	2547  :   03;
	2548  :   fc;
	2549  :   09;
	254a  :   11;
	254b  :   ed;
	254c  :   fc;
	254d  :   ee;
	254e  :   fb;
	254f  :   0d;
	2550  :   fd;
	2551  :   1a;
	2552  :   0f;
	2553  :   24;
	2554  :   07;
	2555  :   06;
	2556  :   1f;
	2557  :   fe;
	2558  :   0f;
	2559  :   ec;
	255a  :   25;
	255b  :   01;
	255c  :   1b;
	255d  :   1c;
	255e  :   f8;
	255f  :   ee;
	2560  :   f9;
	2561  :   e1;
	2562  :   07;
	2563  :   f6;
	2564  :   e5;
	2565  :   ef;
	2566  :   09;
	2567  :   ed;
	2568  :   ee;
	2569  :   0e;
	256a  :   16;
	256b  :   12;
	256c  :   1b;
	256d  :   21;
	256e  :   01;
	256f  :   2b;
	2570  :   01;
	2571  :   06;
	2572  :   2f;
	2573  :   29;
	2574  :   15;
	2575  :   10;
	2576  :   f6;
	2577  :   f6;
	2578  :   de;
	2579  :   00;
	257a  :   c8;
	257b  :   fa;
	257c  :   03;
	257d  :   e4;
	257e  :   f4;
	257f  :   22;
	2580  :   e3;
	2581  :   ee;
	2582  :   0b;
	2583  :   ef;
	2584  :   f9;
	2585  :   02;
	2586  :   08;
	2587  :   1b;
	2588  :   08;
	2589  :   06;
	258a  :   00;
	258b  :   1d;
	258c  :   f6;
	258d  :   ef;
	258e  :   0f;
	258f  :   09;
	2590  :   ee;
	2591  :   f2;
	2592  :   e8;
	2593  :   c0;
	2594  :   cb;
	2595  :   f6;
	2596  :   dc;
	2597  :   01;
	2598  :   e2;
	2599  :   fa;
	259a  :   0e;
	259b  :   2e;
	259c  :   10;
	259d  :   03;
	259e  :   ee;
	259f  :   e5;
	25a0  :   fa;
	25a1  :   f2;
	25a2  :   04;
	25a3  :   fc;
	25a4  :   f7;
	25a5  :   f5;
	25a6  :   06;
	25a7  :   00;
	25a8  :   03;
	25a9  :   12;
	25aa  :   f8;
	25ab  :   f2;
	25ac  :   0e;
	25ad  :   fc;
	25ae  :   02;
	25af  :   02;
	25b0  :   0d;
	25b1  :   ff;
	25b2  :   0a;
	25b3  :   ec;
	25b4  :   f7;
	25b5  :   fd;
	25b6  :   1b;
	25b7  :   04;
	25b8  :   16;
	25b9  :   08;
	25ba  :   fe;
	25bb  :   1a;
	25bc  :   fe;
	25bd  :   f1;
	25be  :   f6;
	25bf  :   fe;
	25c0  :   1f;
	25c1  :   04;
	25c2  :   12;
	25c3  :   0b;
	25c4  :   0c;
	25c5  :   ee;
	25c6  :   d3;
	25c7  :   f0;
	25c8  :   17;
	25c9  :   02;
	25ca  :   fb;
	25cb  :   fb;
	25cc  :   1d;
	25cd  :   31;
	25ce  :   24;
	25cf  :   04;
	25d0  :   21;
	25d1  :   2c;
	25d2  :   2e;
	25d3  :   35;
	25d4  :   11;
	25d5  :   36;
	25d6  :   f9;
	25d7  :   fc;
	25d8  :   17;
	25d9  :   10;
	25da  :   06;
	25db  :   20;
	25dc  :   1f;
	25dd  :   01;
	25de  :   d9;
	25df  :   cb;
	25e0  :   fa;
	25e1  :   00;
	25e2  :   df;
	25e3  :   ec;
	25e4  :   13;
	25e5  :   fb;
	25e6  :   ff;
	25e7  :   fe;
	25e8  :   0e;
	25e9  :   11;
	25ea  :   14;
	25eb  :   2a;
	25ec  :   43;
	25ed  :   55;
	25ee  :   3f;
	25ef  :   1e;
	25f0  :   2c;
	25f1  :   1f;
	25f2  :   fd;
	25f3  :   00;
	25f4  :   10;
	25f5  :   19;
	25f6  :   03;
	25f7  :   0a;
	25f8  :   36;
	25f9  :   f7;
	25fa  :   f0;
	25fb  :   f1;
	25fc  :   f6;
	25fd  :   17;
	25fe  :   12;
	25ff  :   17;
	2600  :   16;
	2601  :   e9;
	2602  :   e2;
	2603  :   e6;
	2604  :   e1;
	2605  :   f4;
	2606  :   0b;
	2607  :   20;
	2608  :   27;
	2609  :   21;
	260a  :   31;
	260b  :   21;
	260c  :   1b;
	260d  :   1a;
	260e  :   fb;
	260f  :   f1;
	2610  :   00;
	2611  :   09;
	2612  :   f9;
	2613  :   0b;
	2614  :   0d;
	2615  :   26;
	2616  :   fe;
	2617  :   ff;
	2618  :   0b;
	2619  :   12;
	261a  :   1e;
	261b  :   03;
	261c  :   37;
	261d  :   0c;
	261e  :   f6;
	261f  :   0d;
	2620  :   f4;
	2621  :   ed;
	2622  :   0f;
	2623  :   e9;
	2624  :   03;
	2625  :   36;
	2626  :   14;
	2627  :   fe;
	2628  :   1d;
	2629  :   19;
	262a  :   0d;
	262b  :   14;
	262c  :   07;
	262d  :   15;
	262e  :   15;
	262f  :   20;
	2630  :   11;
	2631  :   20;
	2632  :   f4;
	2633  :   2a;
	2634  :   2c;
	2635  :   29;
	2636  :   04;
	2637  :   24;
	2638  :   1b;
	2639  :   28;
	263a  :   16;
	263b  :   ff;
	263c  :   e3;
	263d  :   ef;
	263e  :   f6;
	263f  :   13;
	2640  :   3b;
	2641  :   24;
	2642  :   14;
	2643  :   ec;
	2644  :   f6;
	2645  :   06;
	2646  :   ea;
	2647  :   fb;
	2648  :   ec;
	2649  :   f6;
	264a  :   0f;
	264b  :   0f;
	264c  :   27;
	264d  :   3b;
	264e  :   ff;
	264f  :   23;
	2650  :   05;
	2651  :   29;
	2652  :   11;
	2653  :   25;
	2654  :   1a;
	2655  :   22;
	2656  :   09;
	2657  :   f2;
	2658  :   e6;
	2659  :   2b;
	265a  :   03;
	265b  :   15;
	265c  :   24;
	265d  :   12;
	265e  :   ec;
	265f  :   e9;
	2660  :   f3;
	2661  :   f8;
	2662  :   05;
	2663  :   04;
	2664  :   f7;
	2665  :   f1;
	2666  :   f1;
	2667  :   ff;
	2668  :   0a;
	2669  :   f6;
	266a  :   15;
	266b  :   0b;
	266c  :   28;
	266d  :   3b;
	266e  :   42;
	266f  :   31;
	2670  :   39;
	2671  :   3f;
	2672  :   33;
	2673  :   31;
	2674  :   24;
	2675  :   21;
	2676  :   11;
	2677  :   07;
	2678  :   ff;
	2679  :   3f;
	267a  :   31;
	267b  :   e2;
	267c  :   e4;
	267d  :   d7;
	267e  :   e7;
	267f  :   ec;
	2680  :   eb;
	2681  :   f5;
	2682  :   f9;
	2683  :   fa;
	2684  :   e9;
	2685  :   f6;
	2686  :   04;
	2687  :   f1;
	2688  :   13;
	2689  :   37;
	268a  :   19;
	268b  :   0c;
	268c  :   60;
	268d  :   78;
	268e  :   44;
	268f  :   27;
	2690  :   10;
	2691  :   00;
	2692  :   0f;
	2693  :   ff;
	2694  :   1a;
	2695  :   29;
	2696  :   1a;
	2697  :   eb;
	2698  :   e1;
	2699  :   d8;
	269a  :   f8;
	269b  :   f4;
	269c  :   00;
	269d  :   eb;
	269e  :   0f;
	269f  :   04;
	26a0  :   e8;
	26a1  :   ce;
	26a2  :   b9;
	26a3  :   c4;
	26a4  :   b9;
	26a5  :   de;
	26a6  :   ec;
	26a7  :   e4;
	26a8  :   25;
	26a9  :   4e;
	26aa  :   31;
	26ab  :   07;
	26ac  :   f9;
	26ad  :   f7;
	26ae  :   ca;
	26af  :   f3;
	26b0  :   f0;
	26b1  :   1c;
	26b2  :   07;
	26b3  :   d9;
	26b4  :   02;
	26b5  :   d1;
	26b6  :   f6;
	26b7  :   f4;
	26b8  :   10;
	26b9  :   16;
	26ba  :   ef;
	26bb  :   ee;
	26bc  :   d6;
	26bd  :   bf;
	26be  :   9f;
	26bf  :   81;
	26c0  :   87;
	26c1  :   94;
	26c2  :   c0;
	26c3  :   de;
	26c4  :   0e;
	26c5  :   05;
	26c6  :   15;
	26c7  :   e9;
	26c8  :   e9;
	26c9  :   cc;
	26ca  :   ae;
	26cb  :   d0;
	26cc  :   fd;
	26cd  :   f3;
	26ce  :   cd;
	26cf  :   cb;
	26d0  :   e3;
	26d1  :   f5;
	26d2  :   f2;
	26d3  :   1a;
	26d4  :   ff;
	26d5  :   00;
	26d6  :   ed;
	26d7  :   07;
	26d8  :   d2;
	26d9  :   c1;
	26da  :   9f;
	26db  :   c2;
	26dc  :   9c;
	26dd  :   92;
	26de  :   97;
	26df  :   c3;
	26e0  :   b6;
	26e1  :   e2;
	26e2  :   ff;
	26e3  :   06;
	26e4  :   e5;
	26e5  :   ec;
	26e6  :   d6;
	26e7  :   00;
	26e8  :   fa;
	26e9  :   f7;
	26ea  :   d1;
	26eb  :   da;
	26ec  :   d4;
	26ed  :   f4;
	26ee  :   0d;
	26ef  :   09;
	26f0  :   ed;
	26f1  :   11;
	26f2  :   19;
	26f3  :   11;
	26f4  :   08;
	26f5  :   ed;
	26f6  :   c1;
	26f7  :   d6;
	26f8  :   c7;
	26f9  :   c6;
	26fa  :   bb;
	26fb  :   c2;
	26fc  :   f7;
	26fd  :   d4;
	26fe  :   e4;
	26ff  :   f4;
	2700  :   fe;
	2701  :   fd;
	2702  :   ea;
	2703  :   ec;
	2704  :   e4;
	2705  :   08;
	2706  :   09;
	2707  :   e6;
	2708  :   07;
	2709  :   f4;
	270a  :   ef;
	270b  :   0e;
	270c  :   0e;
	270d  :   f3;
	270e  :   09;
	270f  :   07;
	2710  :   15;
	2711  :   2a;
	2712  :   14;
	2713  :   31;
	2714  :   fa;
	2715  :   ea;
	2716  :   fd;
	2717  :   f8;
	2718  :   ff;
	2719  :   e3;
	271a  :   0c;
	271b  :   fe;
	271c  :   f8;
	271d  :   ce;
	271e  :   ee;
	271f  :   cf;
	2720  :   f4;
	2721  :   13;
	2722  :   0f;
	2723  :   17;
	2724  :   0f;
	2725  :   eb;
	2726  :   eb;
	2727  :   06;
	2728  :   0c;
	2729  :   07;
	272a  :   f5;
	272b  :   fa;
	272c  :   1a;
	272d  :   44;
	272e  :   59;
	272f  :   52;
	2730  :   23;
	2731  :   15;
	2732  :   fb;
	2733  :   2f;
	2734  :   07;
	2735  :   f8;
	2736  :   ea;
	2737  :   12;
	2738  :   f8;
	2739  :   d6;
	273a  :   f2;
	273b  :   ef;
	273c  :   c4;
	273d  :   ed;
	273e  :   db;
	273f  :   fc;
	2740  :   f7;
	2741  :   ea;
	2742  :   08;
	2743  :   12;
	2744  :   12;
	2745  :   01;
	2746  :   f6;
	2747  :   0d;
	2748  :   48;
	2749  :   3a;
	274a  :   49;
	274b  :   66;
	274c  :   18;
	274d  :   1b;
	274e  :   2a;
	274f  :   18;
	2750  :   fa;
	2751  :   0f;
	2752  :   0e;
	2753  :   f5;
	2754  :   ea;
	2755  :   e4;
	2756  :   cf;
	2757  :   b5;
	2758  :   bd;
	2759  :   c5;
	275a  :   d3;
	275b  :   e8;
	275c  :   fb;
	275d  :   f1;
	275e  :   f2;
	275f  :   fb;
	2760  :   13;
	2761  :   19;
	2762  :   00;
	2763  :   13;
	2764  :   13;
	2765  :   2d;
	2766  :   3e;
	2767  :   18;
	2768  :   25;
	2769  :   33;
	276a  :   23;
	276b  :   3a;
	276c  :   10;
	276d  :   29;
	276e  :   01;
	276f  :   f5;
	2770  :   c8;
	2771  :   ce;
	2772  :   d5;
	2773  :   db;
	2774  :   e3;
	2775  :   e3;
	2776  :   e2;
	2777  :   f6;
	2778  :   e7;
	2779  :   17;
	277a  :   ec;
	277b  :   13;
	277c  :   0c;
	277d  :   f2;
	277e  :   f9;
	277f  :   f9;
	2780  :   13;
	2781  :   01;
	2782  :   fb;
	2783  :   18;
	2784  :   06;
	2785  :   3a;
	2786  :   0f;
	2787  :   fa;
	2788  :   02;
	2789  :   ff;
	278a  :   eb;
	278b  :   e1;
	278c  :   de;
	278d  :   ba;
	278e  :   cd;
	278f  :   d4;
	2790  :   e3;
	2791  :   f2;
	2792  :   fb;
	2793  :   e9;
	2794  :   f0;
	2795  :   0a;
	2796  :   f0;
	2797  :   f3;
	2798  :   0c;
	2799  :   15;
	279a  :   fc;
	279b  :   f0;
	279c  :   f9;
	279d  :   0e;
	279e  :   e4;
	279f  :   0c;
	27a0  :   f2;
	27a1  :   f5;
	27a2  :   dc;
	27a3  :   e7;
	27a4  :   da;
	27a5  :   dc;
	27a6  :   cb;
	27a7  :   dd;
	27a8  :   f7;
	27a9  :   e3;
	27aa  :   f2;
	27ab  :   e2;
	27ac  :   e1;
	27ad  :   f2;
	27ae  :   f7;
	27af  :   0c;
	27b0  :   f6;
	27b1  :   17;
	27b2  :   ef;
	27b3  :   19;
	27b4  :   f7;
	27b5  :   08;
	27b6  :   12;
	27b7  :   f3;
	27b8  :   fb;
	27b9  :   fe;
	27ba  :   14;
	27bb  :   e4;
	27bc  :   0f;
	27bd  :   fb;
	27be  :   fa;
	27bf  :   0d;
	27c0  :   f1;
	27c1  :   02;
	27c2  :   f6;
	27c3  :   fb;
	27c4  :   00;
	27c5  :   00;
	27c6  :   f8;
	27c7  :   10;
	27c8  :   0f;
	27c9  :   fb;
	27ca  :   02;
	27cb  :   1a;
	27cc  :   08;
	27cd  :   15;
	27ce  :   f4;
	27cf  :   08;
	27d0  :   09;
	27d1  :   fc;
	27d2  :   fe;
	27d3  :   0c;
	27d4  :   09;
	27d5  :   fe;
	27d6  :   07;
	27d7  :   07;
	27d8  :   0c;
	27d9  :   0f;
	27da  :   0f;
	27db  :   04;
	27dc  :   0c;
	27dd  :   07;
	27de  :   05;
	27df  :   fc;
	27e0  :   06;
	27e1  :   04;
	27e2  :   03;
	27e3  :   05;
	27e4  :   fd;
	27e5  :   00;
	27e6  :   fc;
	27e7  :   02;
	27e8  :   ff;
	27e9  :   01;
	27ea  :   fb;
	27eb  :   06;
	27ec  :   08;
	27ed  :   fa;
	27ee  :   0f;
	27ef  :   fe;
	27f0  :   11;
	27f1  :   fd;
	27f2  :   0f;
	27f3  :   01;
	27f4  :   10;
	27f5  :   fd;
	27f6  :   06;
	27f7  :   06;
	27f8  :   0a;
	27f9  :   00;
	27fa  :   11;
	27fb  :   0a;
	27fc  :   03;
	27fd  :   04;
	27fe  :   10;
	27ff  :   12;
	2800  :   0d;
	2801  :   10;
	2802  :   ff;
	2803  :   00;
	2804  :   10;
	2805  :   05;
	2806  :   06;
	2807  :   0e;
	2808  :   0b;
	2809  :   0a;
	280a  :   0a;
	280b  :   04;
	280c  :   fe;
	280d  :   fd;
	280e  :   fa;
	280f  :   f9;
	2810  :   ff;
	2811  :   ff;
	2812  :   09;
	2813  :   09;
	2814  :   0e;
	2815  :   fb;
	2816  :   f6;
	2817  :   ef;
	2818  :   ef;
	2819  :   02;
	281a  :   fe;
	281b  :   00;
	281c  :   fe;
	281d  :   fa;
	281e  :   08;
	281f  :   06;
	2820  :   07;
	2821  :   fe;
	2822  :   00;
	2823  :   04;
	2824  :   fd;
	2825  :   02;
	2826  :   0f;
	2827  :   11;
	2828  :   07;
	2829  :   0f;
	282a  :   12;
	282b  :   ff;
	282c  :   fe;
	282d  :   05;
	282e  :   0d;
	282f  :   09;
	2830  :   11;
	2831  :   13;
	2832  :   1c;
	2833  :   0e;
	2834  :   00;
	2835  :   0d;
	2836  :   0c;
	2837  :   00;
	2838  :   05;
	2839  :   fc;
	283a  :   fe;
	283b  :   fc;
	283c  :   fe;
	283d  :   fe;
	283e  :   01;
	283f  :   0c;
	2840  :   fb;
	2841  :   10;
	2842  :   fa;
	2843  :   fe;
	2844  :   ff;
	2845  :   0e;
	2846  :   04;
	2847  :   11;
	2848  :   15;
	2849  :   13;
	284a  :   0a;
	284b  :   0a;
	284c  :   ff;
	284d  :   06;
	284e  :   fc;
	284f  :   ee;
	2850  :   08;
	2851  :   f9;
	2852  :   f9;
	2853  :   0e;
	2854  :   07;
	2855  :   fe;
	2856  :   11;
	2857  :   06;
	2858  :   0f;
	2859  :   11;
	285a  :   fe;
	285b  :   0d;
	285c  :   f8;
	285d  :   07;
	285e  :   f9;
	285f  :   12;
	2860  :   0d;
	2861  :   01;
	2862  :   15;
	2863  :   0e;
	2864  :   0e;
	2865  :   fa;
	2866  :   ee;
	2867  :   f0;
	2868  :   f7;
	2869  :   08;
	286a  :   fe;
	286b  :   0a;
	286c  :   0d;
	286d  :   f3;
	286e  :   fc;
	286f  :   01;
	2870  :   12;
	2871  :   09;
	2872  :   02;
	2873  :   f6;
	2874  :   10;
	2875  :   00;
	2876  :   0b;
	2877  :   08;
	2878  :   ff;
	2879  :   fc;
	287a  :   0a;
	287b  :   11;
	287c  :   12;
	287d  :   0f;
	287e  :   07;
	287f  :   02;
	2880  :   f6;
	2881  :   00;
	2882  :   fe;
	2883  :   f0;
	2884  :   f6;
	2885  :   fa;
	2886  :   f5;
	2887  :   03;
	2888  :   fb;
	2889  :   04;
	288a  :   e6;
	288b  :   07;
	288c  :   0c;
	288d  :   0f;
	288e  :   0c;
	288f  :   05;
	2890  :   03;
	2891  :   11;
	2892  :   03;
	2893  :   03;
	2894  :   0e;
	2895  :   fa;
	2896  :   04;
	2897  :   18;
	2898  :   1d;
	2899  :   19;
	289a  :   06;
	289b  :   06;
	289c  :   fc;
	289d  :   03;
	289e  :   0a;
	289f  :   fb;
	28a0  :   f8;
	28a1  :   fd;
	28a2  :   09;
	28a3  :   00;
	28a4  :   f7;
	28a5  :   09;
	28a6  :   0a;
	28a7  :   06;
	28a8  :   0e;
	28a9  :   1f;
	28aa  :   1e;
	28ab  :   21;
	28ac  :   03;
	28ad  :   08;
	28ae  :   fd;
	28af  :   09;
	28b0  :   0e;
	28b1  :   13;
	28b2  :   ff;
	28b3  :   0a;
	28b4  :   23;
	28b5  :   03;
	28b6  :   0d;
	28b7  :   20;
	28b8  :   13;
	28b9  :   0a;
	28ba  :   2c;
	28bb  :   20;
	28bc  :   23;
	28bd  :   2d;
	28be  :   15;
	28bf  :   0b;
	28c0  :   12;
	28c1  :   0d;
	28c2  :   00;
	28c3  :   fc;
	28c4  :   10;
	28c5  :   08;
	28c6  :   1b;
	28c7  :   1a;
	28c8  :   ef;
	28c9  :   07;
	28ca  :   0d;
	28cb  :   ff;
	28cc  :   0f;
	28cd  :   fa;
	28ce  :   10;
	28cf  :   13;
	28d0  :   0d;
	28d1  :   17;
	28d2  :   1a;
	28d3  :   32;
	28d4  :   30;
	28d5  :   2d;
	28d6  :   38;
	28d7  :   25;
	28d8  :   2e;
	28d9  :   2d;
	28da  :   1a;
	28db  :   15;
	28dc  :   14;
	28dd  :   1b;
	28de  :   f8;
	28df  :   f3;
	28e0  :   0a;
	28e1  :   11;
	28e2  :   27;
	28e3  :   16;
	28e4  :   fa;
	28e5  :   10;
	28e6  :   19;
	28e7  :   08;
	28e8  :   fa;
	28e9  :   fe;
	28ea  :   1a;
	28eb  :   23;
	28ec  :   12;
	28ed  :   1e;
	28ee  :   22;
	28ef  :   3a;
	28f0  :   3b;
	28f1  :   3b;
	28f2  :   36;
	28f3  :   16;
	28f4  :   14;
	28f5  :   10;
	28f6  :   fe;
	28f7  :   f5;
	28f8  :   f7;
	28f9  :   0d;
	28fa  :   05;
	28fb  :   06;
	28fc  :   0c;
	28fd  :   0e;
	28fe  :   14;
	28ff  :   fe;
	2900  :   fa;
	2901  :   06;
	2902  :   0c;
	2903  :   09;
	2904  :   01;
	2905  :   12;
	2906  :   0d;
	2907  :   02;
	2908  :   fe;
	2909  :   07;
	290a  :   1a;
	290b  :   30;
	290c  :   1e;
	290d  :   07;
	290e  :   00;
	290f  :   f7;
	2910  :   cb;
	2911  :   b0;
	2912  :   b9;
	2913  :   e4;
	2914  :   ee;
	2915  :   11;
	2916  :   13;
	2917  :   03;
	2918  :   0d;
	2919  :   12;
	291a  :   ff;
	291b  :   f2;
	291c  :   f6;
	291d  :   00;
	291e  :   09;
	291f  :   09;
	2920  :   04;
	2921  :   10;
	2922  :   0c;
	2923  :   08;
	2924  :   e4;
	2925  :   f7;
	2926  :   e1;
	2927  :   f2;
	2928  :   f3;
	2929  :   cd;
	292a  :   c6;
	292b  :   c5;
	292c  :   b0;
	292d  :   b3;
	292e  :   ef;
	292f  :   f9;
	2930  :   0f;
	2931  :   08;
	2932  :   03;
	2933  :   01;
	2934  :   fb;
	2935  :   fc;
	2936  :   e5;
	2937  :   d6;
	2938  :   08;
	2939  :   ff;
	293a  :   01;
	293b  :   0c;
	293c  :   09;
	293d  :   11;
	293e  :   07;
	293f  :   f9;
	2940  :   d4;
	2941  :   c6;
	2942  :   c4;
	2943  :   ba;
	2944  :   a3;
	2945  :   96;
	2946  :   97;
	2947  :   b2;
	2948  :   ca;
	2949  :   ee;
	294a  :   12;
	294b  :   fd;
	294c  :   0a;
	294d  :   fd;
	294e  :   f6;
	294f  :   ee;
	2950  :   ee;
	2951  :   df;
	2952  :   e3;
	2953  :   e6;
	2954  :   09;
	2955  :   0f;
	2956  :   11;
	2957  :   07;
	2958  :   02;
	2959  :   fc;
	295a  :   09;
	295b  :   f8;
	295c  :   e2;
	295d  :   b5;
	295e  :   a8;
	295f  :   9f;
	2960  :   81;
	2961  :   91;
	2962  :   c1;
	2963  :   ea;
	2964  :   0a;
	2965  :   1a;
	2966  :   15;
	2967  :   09;
	2968  :   f9;
	2969  :   01;
	296a  :   f4;
	296b  :   dd;
	296c  :   e2;
	296d  :   e8;
	296e  :   dc;
	296f  :   fc;
	2970  :   19;
	2971  :   08;
	2972  :   08;
	2973  :   fe;
	2974  :   07;
	2975  :   0b;
	2976  :   fc;
	2977  :   f3;
	2978  :   e1;
	2979  :   b5;
	297a  :   a9;
	297b  :   a6;
	297c  :   a5;
	297d  :   ce;
	297e  :   f2;
	297f  :   01;
	2980  :   29;
	2981  :   29;
	2982  :   17;
	2983  :   1b;
	2984  :   f7;
	2985  :   f3;
	2986  :   fc;
	2987  :   ed;
	2988  :   f4;
	2989  :   f5;
	298a  :   f7;
	298b  :   00;
	298c  :   1b;
	298d  :   00;
	298e  :   10;
	298f  :   fb;
	2990  :   09;
	2991  :   0a;
	2992  :   11;
	2993  :   f5;
	2994  :   e7;
	2995  :   b3;
	2996  :   c1;
	2997  :   d6;
	2998  :   e4;
	2999  :   fd;
	299a  :   17;
	299b  :   1c;
	299c  :   2d;
	299d  :   31;
	299e  :   0c;
	299f  :   fb;
	29a0  :   03;
	29a1  :   f8;
	29a2  :   00;
	29a3  :   14;
	29a4  :   fa;
	29a5  :   f7;
	29a6  :   08;
	29a7  :   05;
	29a8  :   1b;
	29a9  :   12;
	29aa  :   10;
	29ab  :   0a;
	29ac  :   04;
	29ad  :   ff;
	29ae  :   0b;
	29af  :   fb;
	29b0  :   04;
	29b1  :   de;
	29b2  :   d8;
	29b3  :   f9;
	29b4  :   f3;
	29b5  :   09;
	29b6  :   21;
	29b7  :   23;
	29b8  :   36;
	29b9  :   25;
	29ba  :   12;
	29bb  :   f3;
	29bc  :   01;
	29bd  :   0c;
	29be  :   0f;
	29bf  :   15;
	29c0  :   f6;
	29c1  :   e5;
	29c2  :   ef;
	29c3  :   f1;
	29c4  :   06;
	29c5  :   1b;
	29c6  :   04;
	29c7  :   10;
	29c8  :   0f;
	29c9  :   05;
	29ca  :   00;
	29cb  :   1d;
	29cc  :   03;
	29cd  :   fe;
	29ce  :   e9;
	29cf  :   0d;
	29d0  :   19;
	29d1  :   28;
	29d2  :   2b;
	29d3  :   33;
	29d4  :   2d;
	29d5  :   19;
	29d6  :   09;
	29d7  :   11;
	29d8  :   06;
	29d9  :   02;
	29da  :   12;
	29db  :   07;
	29dc  :   e5;
	29dd  :   c6;
	29de  :   ea;
	29df  :   00;
	29e0  :   08;
	29e1  :   00;
	29e2  :   fd;
	29e3  :   fa;
	29e4  :   01;
	29e5  :   fb;
	29e6  :   fe;
	29e7  :   0c;
	29e8  :   1f;
	29e9  :   0d;
	29ea  :   fa;
	29eb  :   25;
	29ec  :   28;
	29ed  :   37;
	29ee  :   26;
	29ef  :   27;
	29f0  :   ff;
	29f1  :   fd;
	29f2  :   05;
	29f3  :   11;
	29f4  :   01;
	29f5  :   fc;
	29f6  :   f8;
	29f7  :   ff;
	29f8  :   f1;
	29f9  :   dd;
	29fa  :   ef;
	29fb  :   fd;
	29fc  :   ee;
	29fd  :   01;
	29fe  :   12;
	29ff  :   f8;
	2a00  :   05;
	2a01  :   10;
	2a02  :   0d;
	2a03  :   0c;
	2a04  :   16;
	2a05  :   fc;
	2a06  :   17;
	2a07  :   38;
	2a08  :   22;
	2a09  :   11;
	2a0a  :   05;
	2a0b  :   12;
	2a0c  :   fc;
	2a0d  :   08;
	2a0e  :   12;
	2a0f  :   fb;
	2a10  :   fe;
	2a11  :   ee;
	2a12  :   f9;
	2a13  :   fc;
	2a14  :   ed;
	2a15  :   ef;
	2a16  :   e7;
	2a17  :   fe;
	2a18  :   f8;
	2a19  :   06;
	2a1a  :   fa;
	2a1b  :   11;
	2a1c  :   03;
	2a1d  :   03;
	2a1e  :   14;
	2a1f  :   0d;
	2a20  :   05;
	2a21  :   f6;
	2a22  :   0e;
	2a23  :   15;
	2a24  :   f9;
	2a25  :   fb;
	2a26  :   fd;
	2a27  :   05;
	2a28  :   06;
	2a29  :   08;
	2a2a  :   05;
	2a2b  :   00;
	2a2c  :   f4;
	2a2d  :   e6;
	2a2e  :   06;
	2a2f  :   03;
	2a30  :   f7;
	2a31  :   f6;
	2a32  :   15;
	2a33  :   0f;
	2a34  :   02;
	2a35  :   f5;
	2a36  :   06;
	2a37  :   06;
	2a38  :   09;
	2a39  :   0e;
	2a3a  :   15;
	2a3b  :   06;
	2a3c  :   03;
	2a3d  :   03;
	2a3e  :   14;
	2a3f  :   1b;
	2a40  :   f8;
	2a41  :   f7;
	2a42  :   06;
	2a43  :   0a;
	2a44  :   09;
	2a45  :   ff;
	2a46  :   08;
	2a47  :   f6;
	2a48  :   12;
	2a49  :   f6;
	2a4a  :   f5;
	2a4b  :   05;
	2a4c  :   fb;
	2a4d  :   fe;
	2a4e  :   0a;
	2a4f  :   07;
	2a50  :   f9;
	2a51  :   09;
	2a52  :   0a;
	2a53  :   07;
	2a54  :   fd;
	2a55  :   10;
	2a56  :   00;
	2a57  :   00;
	2a58  :   0a;
	2a59  :   07;
	2a5a  :   16;
	2a5b  :   22;
	2a5c  :   f2;
	2a5d  :   04;
	2a5e  :   04;
	2a5f  :   0a;
	2a60  :   ff;
	2a61  :   fd;
	2a62  :   fd;
	2a63  :   0d;
	2a64  :   1a;
	2a65  :   0f;
	2a66  :   0b;
	2a67  :   0f;
	2a68  :   06;
	2a69  :   fc;
	2a6a  :   0d;
	2a6b  :   07;
	2a6c  :   07;
	2a6d  :   0d;
	2a6e  :   fc;
	2a6f  :   0b;
	2a70  :   0d;
	2a71  :   02;
	2a72  :   0c;
	2a73  :   06;
	2a74  :   19;
	2a75  :   0a;
	2a76  :   0c;
	2a77  :   0a;
	2a78  :   fc;
	2a79  :   ff;
	2a7a  :   f8;
	2a7b  :   ff;
	2a7c  :   fa;
	2a7d  :   0c;
	2a7e  :   13;
	2a7f  :   2a;
	2a80  :   1f;
	2a81  :   0d;
	2a82  :   fb;
	2a83  :   02;
	2a84  :   ff;
	2a85  :   03;
	2a86  :   0f;
	2a87  :   0a;
	2a88  :   fc;
	2a89  :   fe;
	2a8a  :   06;
	2a8b  :   0f;
	2a8c  :   fc;
	2a8d  :   f9;
	2a8e  :   00;
	2a8f  :   fc;
	2a90  :   00;
	2a91  :   fa;
	2a92  :   12;
	2a93  :   05;
	2a94  :   20;
	2a95  :   0e;
	2a96  :   10;
	2a97  :   fa;
	2a98  :   05;
	2a99  :   0f;
	2a9a  :   10;
	2a9b  :   2a;
	2a9c  :   2a;
	2a9d  :   02;
	2a9e  :   fa;
	2a9f  :   0b;
	2aa0  :   f0;
	2aa1  :   f1;
	2aa2  :   ef;
	2aa3  :   fe;
	2aa4  :   f8;
	2aa5  :   08;
	2aa6  :   01;
	2aa7  :   11;
	2aa8  :   03;
	2aa9  :   fb;
	2aaa  :   f9;
	2aab  :   fa;
	2aac  :   f8;
	2aad  :   ef;
	2aae  :   f6;
	2aaf  :   0d;
	2ab0  :   10;
	2ab1  :   01;
	2ab2  :   00;
	2ab3  :   f7;
	2ab4  :   f5;
	2ab5  :   02;
	2ab6  :   e8;
	2ab7  :   03;
	2ab8  :   ef;
	2ab9  :   f0;
	2aba  :   0c;
	2abb  :   02;
	2abc  :   08;
	2abd  :   fb;
	2abe  :   09;
	2abf  :   00;
	2ac0  :   0f;
	2ac1  :   fd;
	2ac2  :   03;
	2ac3  :   0b;
	2ac4  :   fd;
	2ac5  :   07;
	2ac6  :   07;
	2ac7  :   ff;
	2ac8  :   09;
	2ac9  :   fe;
	2aca  :   10;
	2acb  :   04;
	2acc  :   00;
	2acd  :   0f;
	2ace  :   03;
	2acf  :   03;
	2ad0  :   ff;
	2ad1  :   13;
	2ad2  :   10;
	2ad3  :   06;
	2ad4  :   0e;
	2ad5  :   08;
	2ad6  :   fd;
	2ad7  :   06;
	2ad8  :   01;
	2ad9  :   06;
	2ada  :   fd;
	2adb  :   0e;
	2adc  :   0d;
	2add  :   fe;
	2ade  :   ff;
	2adf  :   0b;
	2ae0  :   00;
	2ae1  :   eb;
	2ae2  :   ea;
	2ae3  :   04;
	2ae4  :   0a;
	2ae5  :   e2;
	2ae6  :   e7;
	2ae7  :   df;
	2ae8  :   13;
	2ae9  :   fe;
	2aea  :   01;
	2aeb  :   f6;
	2aec  :   f0;
	2aed  :   fe;
	2aee  :   f4;
	2aef  :   dc;
	2af0  :   ef;
	2af1  :   04;
	2af2  :   eb;
	2af3  :   eb;
	2af4  :   03;
	2af5  :   f1;
	2af6  :   0f;
	2af7  :   e1;
	2af8  :   f9;
	2af9  :   f5;
	2afa  :   00;
	2afb  :   ed;
	2afc  :   e1;
	2afd  :   fa;
	2afe  :   0b;
	2aff  :   06;
	2b00  :   0d;
	2b01  :   10;
	2b02  :   ec;
	2b03  :   06;
	2b04  :   0b;
	2b05  :   de;
	2b06  :   18;
	2b07  :   e2;
	2b08  :   ee;
	2b09  :   0f;
	2b0a  :   ff;
	2b0b  :   16;
	2b0c  :   f1;
	2b0d  :   0f;
	2b0e  :   e7;
	2b0f  :   15;
	2b10  :   e8;
	2b11  :   df;
	2b12  :   f4;
	2b13  :   ed;
	2b14  :   f0;
	2b15  :   e2;
	2b16  :   e8;
	2b17  :   08;
	2b18  :   f6;
	2b19  :   08;
	2b1a  :   16;
	2b1b  :   f2;
	2b1c  :   e5;
	2b1d  :   f1;
	2b1e  :   f6;
	2b1f  :   e2;
	2b20  :   13;
	2b21  :   03;
	2b22  :   0b;
	2b23  :   ef;
	2b24  :   ea;
	2b25  :   e9;
	2b26  :   11;
	2b27  :   04;
	2b28  :   03;
	2b29  :   fb;
	2b2a  :   f5;
	2b2b  :   ee;
	2b2c  :   16;
	2b2d  :   09;
	2b2e  :   fb;
	2b2f  :   f7;
	2b30  :   e7;
	2b31  :   17;
	2b32  :   08;
	2b33  :   df;
	2b34  :   e4;
	2b35  :   dc;
	2b36  :   e8;
	2b37  :   f5;
	2b38  :   f8;
	2b39  :   ed;
	2b3a  :   06;
	2b3b  :   f6;
	2b3c  :   2e;
	2b3d  :   10;
	2b3e  :   2a;
	2b3f  :   1f;
	2b40  :   44;
	2b41  :   48;
	2b42  :   47;
	2b43  :   1a;
	2b44  :   09;
	2b45  :   42;
	2b46  :   51;
	2b47  :   1c;
	2b48  :   28;
	2b49  :   2b;
	2b4a  :   fd;
	2b4b  :   f2;
	2b4c  :   f6;
	2b4d  :   f4;
	2b4e  :   08;
	2b4f  :   15;
	2b50  :   f9;
	2b51  :   ea;
	2b52  :   df;
	2b53  :   e2;
	2b54  :   11;
	2b55  :   ee;
	2b56  :   07;
	2b57  :   1d;
	2b58  :   35;
	2b59  :   6b;
	2b5a  :   3d;
	2b5b  :   42;
	2b5c  :   48;
	2b5d  :   52;
	2b5e  :   40;
	2b5f  :   25;
	2b60  :   3a;
	2b61  :   2d;
	2b62  :   40;
	2b63  :   37;
	2b64  :   21;
	2b65  :   28;
	2b66  :   11;
	2b67  :   05;
	2b68  :   1f;
	2b69  :   06;
	2b6a  :   ee;
	2b6b  :   e8;
	2b6c  :   11;
	2b6d  :   17;
	2b6e  :   05;
	2b6f  :   ed;
	2b70  :   07;
	2b71  :   1f;
	2b72  :   1e;
	2b73  :   5b;
	2b74  :   78;
	2b75  :   49;
	2b76  :   2a;
	2b77  :   03;
	2b78  :   2f;
	2b79  :   fe;
	2b7a  :   18;
	2b7b  :   0b;
	2b7c  :   1f;
	2b7d  :   d6;
	2b7e  :   02;
	2b7f  :   18;
	2b80  :   1f;
	2b81  :   ee;
	2b82  :   0a;
	2b83  :   ce;
	2b84  :   1c;
	2b85  :   24;
	2b86  :   18;
	2b87  :   10;
	2b88  :   e1;
	2b89  :   10;
	2b8a  :   12;
	2b8b  :   f0;
	2b8c  :   03;
	2b8d  :   38;
	2b8e  :   44;
	2b8f  :   65;
	2b90  :   53;
	2b91  :   5f;
	2b92  :   31;
	2b93  :   0b;
	2b94  :   e6;
	2b95  :   f7;
	2b96  :   ed;
	2b97  :   fa;
	2b98  :   e9;
	2b99  :   bf;
	2b9a  :   d4;
	2b9b  :   0b;
	2b9c  :   f0;
	2b9d  :   05;
	2b9e  :   16;
	2b9f  :   15;
	2ba0  :   13;
	2ba1  :   0d;
	2ba2  :   02;
	2ba3  :   f6;
	2ba4  :   ef;
	2ba5  :   0e;
	2ba6  :   e2;
	2ba7  :   04;
	2ba8  :   32;
	2ba9  :   12;
	2baa  :   30;
	2bab  :   55;
	2bac  :   28;
	2bad  :   f2;
	2bae  :   f5;
	2baf  :   07;
	2bb0  :   f9;
	2bb1  :   f2;
	2bb2  :   c8;
	2bb3  :   10;
	2bb4  :   d8;
	2bb5  :   dd;
	2bb6  :   ef;
	2bb7  :   da;
	2bb8  :   c3;
	2bb9  :   f8;
	2bba  :   2f;
	2bbb  :   0d;
	2bbc  :   3f;
	2bbd  :   33;
	2bbe  :   e3;
	2bbf  :   da;
	2bc0  :   f8;
	2bc1  :   ed;
	2bc2  :   13;
	2bc3  :   09;
	2bc4  :   38;
	2bc5  :   1f;
	2bc6  :   07;
	2bc7  :   26;
	2bc8  :   0d;
	2bc9  :   e2;
	2bca  :   1f;
	2bcb  :   14;
	2bcc  :   30;
	2bcd  :   0c;
	2bce  :   15;
	2bcf  :   df;
	2bd0  :   d6;
	2bd1  :   dd;
	2bd2  :   f9;
	2bd3  :   00;
	2bd4  :   fc;
	2bd5  :   fe;
	2bd6  :   29;
	2bd7  :   4c;
	2bd8  :   12;
	2bd9  :   18;
	2bda  :   16;
	2bdb  :   0e;
	2bdc  :   08;
	2bdd  :   07;
	2bde  :   24;
	2bdf  :   01;
	2be0  :   26;
	2be1  :   1b;
	2be2  :   2a;
	2be3  :   21;
	2be4  :   03;
	2be5  :   07;
	2be6  :   15;
	2be7  :   f4;
	2be8  :   05;
	2be9  :   1e;
	2bea  :   1a;
	2beb  :   e1;
	2bec  :   ee;
	2bed  :   27;
	2bee  :   fe;
	2bef  :   f3;
	2bf0  :   1a;
	2bf1  :   35;
	2bf2  :   3c;
	2bf3  :   33;
	2bf4  :   3b;
	2bf5  :   06;
	2bf6  :   23;
	2bf7  :   ed;
	2bf8  :   fd;
	2bf9  :   19;
	2bfa  :   f3;
	2bfb  :   1b;
	2bfc  :   26;
	2bfd  :   e3;
	2bfe  :   d7;
	2bff  :   dd;
	2c00  :   e0;
	2c01  :   13;
	2c02  :   fa;
	2c03  :   2c;
	2c04  :   05;
	2c05  :   0a;
	2c06  :   36;
	2c07  :   ee;
	2c08  :   06;
	2c09  :   e6;
	2c0a  :   fc;
	2c0b  :   11;
	2c0c  :   0c;
	2c0d  :   1c;
	2c0e  :   33;
	2c0f  :   26;
	2c10  :   04;
	2c11  :   2d;
	2c12  :   19;
	2c13  :   f2;
	2c14  :   0f;
	2c15  :   1a;
	2c16  :   06;
	2c17  :   0c;
	2c18  :   13;
	2c19  :   e7;
	2c1a  :   b4;
	2c1b  :   e6;
	2c1c  :   02;
	2c1d  :   04;
	2c1e  :   f3;
	2c1f  :   dc;
	2c20  :   df;
	2c21  :   0a;
	2c22  :   25;
	2c23  :   0e;
	2c24  :   cb;
	2c25  :   f1;
	2c26  :   07;
	2c27  :   1c;
	2c28  :   fa;
	2c29  :   d1;
	2c2a  :   ef;
	2c2b  :   21;
	2c2c  :   23;
	2c2d  :   17;
	2c2e  :   1c;
	2c2f  :   13;
	2c30  :   f4;
	2c31  :   fc;
	2c32  :   0e;
	2c33  :   18;
	2c34  :   cf;
	2c35  :   c3;
	2c36  :   86;
	2c37  :   9c;
	2c38  :   98;
	2c39  :   bb;
	2c3a  :   c9;
	2c3b  :   ad;
	2c3c  :   dc;
	2c3d  :   38;
	2c3e  :   53;
	2c3f  :   4a;
	2c40  :   01;
	2c41  :   2d;
	2c42  :   03;
	2c43  :   f9;
	2c44  :   e8;
	2c45  :   e2;
	2c46  :   ed;
	2c47  :   09;
	2c48  :   50;
	2c49  :   3a;
	2c4a  :   f6;
	2c4b  :   e1;
	2c4c  :   18;
	2c4d  :   09;
	2c4e  :   10;
	2c4f  :   f6;
	2c50  :   db;
	2c51  :   af;
	2c52  :   92;
	2c53  :   93;
	2c54  :   91;
	2c55  :   b1;
	2c56  :   a7;
	2c57  :   9a;
	2c58  :   e7;
	2c59  :   20;
	2c5a  :   2c;
	2c5b  :   47;
	2c5c  :   4a;
	2c5d  :   1e;
	2c5e  :   15;
	2c5f  :   c6;
	2c60  :   e5;
	2c61  :   ef;
	2c62  :   e3;
	2c63  :   07;
	2c64  :   f8;
	2c65  :   1e;
	2c66  :   e9;
	2c67  :   00;
	2c68  :   e7;
	2c69  :   ec;
	2c6a  :   e5;
	2c6b  :   f9;
	2c6c  :   e0;
	2c6d  :   b0;
	2c6e  :   a7;
	2c6f  :   9a;
	2c70  :   81;
	2c71  :   a8;
	2c72  :   db;
	2c73  :   ca;
	2c74  :   dc;
	2c75  :   f8;
	2c76  :   57;
	2c77  :   21;
	2c78  :   3c;
	2c79  :   0f;
	2c7a  :   e9;
	2c7b  :   ef;
	2c7c  :   d0;
	2c7d  :   f2;
	2c7e  :   f7;
	2c7f  :   01;
	2c80  :   e5;
	2c81  :   12;
	2c82  :   da;
	2c83  :   f8;
	2c84  :   f5;
	2c85  :   19;
	2c86  :   19;
	2c87  :   1f;
	2c88  :   d3;
	2c89  :   c3;
	2c8a  :   eb;
	2c8b  :   d4;
	2c8c  :   f0;
	2c8d  :   03;
	2c8e  :   ff;
	2c8f  :   14;
	2c90  :   0b;
	2c91  :   2e;
	2c92  :   20;
	2c93  :   fe;
	2c94  :   f1;
	2c95  :   04;
	2c96  :   41;
	2c97  :   22;
	2c98  :   1b;
	2c99  :   e8;
	2c9a  :   dd;
	2c9b  :   f9;
	2c9c  :   d9;
	2c9d  :   0a;
	2c9e  :   05;
	2c9f  :   fb;
	2ca0  :   de;
	2ca1  :   0c;
	2ca2  :   e6;
	2ca3  :   06;
	2ca4  :   28;
	2ca5  :   f0;
	2ca6  :   0b;
	2ca7  :   0c;
	2ca8  :   0d;
	2ca9  :   44;
	2caa  :   12;
	2cab  :   28;
	2cac  :   1f;
	2cad  :   fb;
	2cae  :   e1;
	2caf  :   d9;
	2cb0  :   f9;
	2cb1  :   0f;
	2cb2  :   44;
	2cb3  :   48;
	2cb4  :   34;
	2cb5  :   f8;
	2cb6  :   e2;
	2cb7  :   f8;
	2cb8  :   f7;
	2cb9  :   fc;
	2cba  :   eb;
	2cbb  :   ed;
	2cbc  :   0f;
	2cbd  :   f1;
	2cbe  :   e4;
	2cbf  :   3d;
	2cc0  :   21;
	2cc1  :   0c;
	2cc2  :   1b;
	2cc3  :   2c;
	2cc4  :   23;
	2cc5  :   28;
	2cc6  :   1e;
	2cc7  :   24;
	2cc8  :   e8;
	2cc9  :   18;
	2cca  :   b6;
	2ccb  :   d4;
	2ccc  :   ff;
	2ccd  :   19;
	2cce  :   08;
	2ccf  :   53;
	2cd0  :   3a;
	2cd1  :   16;
	2cd2  :   0b;
	2cd3  :   08;
	2cd4  :   e4;
	2cd5  :   db;
	2cd6  :   f8;
	2cd7  :   e8;
	2cd8  :   09;
	2cd9  :   e8;
	2cda  :   1e;
	2cdb  :   06;
	2cdc  :   07;
	2cdd  :   2a;
	2cde  :   44;
	2cdf  :   fd;
	2ce0  :   10;
	2ce1  :   28;
	2ce2  :   47;
	2ce3  :   0b;
	2ce4  :   f2;
	2ce5  :   dd;
	2ce6  :   b1;
	2ce7  :   e9;
	2ce8  :   e5;
	2ce9  :   2a;
	2cea  :   21;
	2ceb  :   f1;
	2cec  :   f8;
	2ced  :   d8;
	2cee  :   d8;
	2cef  :   da;
	2cf0  :   df;
	2cf1  :   08;
	2cf2  :   e4;
	2cf3  :   ee;
	2cf4  :   03;
	2cf5  :   e9;
	2cf6  :   f9;
	2cf7  :   02;
	2cf8  :   10;
	2cf9  :   3a;
	2cfa  :   1d;
	2cfb  :   01;
	2cfc  :   36;
	2cfd  :   2e;
	2cfe  :   14;
	2cff  :   e3;
	2d00  :   e9;
	2d01  :   ca;
	2d02  :   fb;
	2d03  :   fc;
	2d04  :   f8;
	2d05  :   21;
	2d06  :   f0;
	2d07  :   13;
	2d08  :   f4;
	2d09  :   0a;
	2d0a  :   e9;
	2d0b  :   e3;
	2d0c  :   ca;
	2d0d  :   c9;
	2d0e  :   da;
	2d0f  :   17;
	2d10  :   0a;
	2d11  :   f9;
	2d12  :   f4;
	2d13  :   14;
	2d14  :   f9;
	2d15  :   0f;
	2d16  :   32;
	2d17  :   4a;
	2d18  :   3e;
	2d19  :   ff;
	2d1a  :   df;
	2d1b  :   b7;
	2d1c  :   f0;
	2d1d  :   0f;
	2d1e  :   f4;
	2d1f  :   07;
	2d20  :   06;
	2d21  :   f1;
	2d22  :   06;
	2d23  :   05;
	2d24  :   e6;
	2d25  :   ee;
	2d26  :   df;
	2d27  :   f7;
	2d28  :   e2;
	2d29  :   da;
	2d2a  :   e4;
	2d2b  :   15;
	2d2c  :   e1;
	2d2d  :   e0;
	2d2e  :   ea;
	2d2f  :   0f;
	2d30  :   0f;
	2d31  :   e6;
	2d32  :   33;
	2d33  :   3e;
	2d34  :   25;
	2d35  :   07;
	2d36  :   fc;
	2d37  :   ef;
	2d38  :   08;
	2d39  :   05;
	2d3a  :   21;
	2d3b  :   25;
	2d3c  :   cc;
	2d3d  :   e3;
	2d3e  :   fa;
	2d3f  :   e6;
	2d40  :   df;
	2d41  :   d1;
	2d42  :   da;
	2d43  :   eb;
	2d44  :   e6;
	2d45  :   e6;
	2d46  :   18;
	2d47  :   e9;
	2d48  :   db;
	2d49  :   16;
	2d4a  :   03;
	2d4b  :   e2;
	2d4c  :   00;
	2d4d  :   06;
	2d4e  :   f7;
	2d4f  :   f8;
	2d50  :   f5;
	2d51  :   eb;
	2d52  :   09;
	2d53  :   fe;
	2d54  :   fd;
	2d55  :   f4;
	2d56  :   0e;
	2d57  :   fc;
	2d58  :   d1;
	2d59  :   0a;
	2d5a  :   d1;
	2d5b  :   00;
	2d5c  :   e7;
	2d5d  :   d2;
	2d5e  :   d8;
	2d5f  :   c7;
	2d60  :   cd;
	2d61  :   e1;
	2d62  :   ef;
	2d63  :   08;
	2d64  :   f2;
	2d65  :   df;
	2d66  :   f6;
	2d67  :   1b;
	2d68  :   26;
	2d69  :   02;
	2d6a  :   e6;
	2d6b  :   08;
	2d6c  :   d6;
	2d6d  :   12;
	2d6e  :   ec;
	2d6f  :   0f;
	2d70  :   f7;
	2d71  :   08;
	2d72  :   e8;
	2d73  :   df;
	2d74  :   06;
	2d75  :   06;
	2d76  :   fe;
	2d77  :   09;
	2d78  :   fc;
	2d79  :   c2;
	2d7a  :   e8;
	2d7b  :   0d;
	2d7c  :   ea;
	2d7d  :   19;
	2d7e  :   ff;
	2d7f  :   dd;
	2d80  :   f6;
	2d81  :   eb;
	2d82  :   e0;
	2d83  :   1d;
	2d84  :   09;
	2d85  :   15;
	2d86  :   01;
	2d87  :   00;
	2d88  :   1a;
	2d89  :   15;
	2d8a  :   ff;
	2d8b  :   1f;
	2d8c  :   e9;
	2d8d  :   fe;
	2d8e  :   06;
	2d8f  :   0e;
	2d90  :   2b;
	2d91  :   27;
	2d92  :   e6;
	2d93  :   fd;
	2d94  :   f3;
	2d95  :   b0;
	2d96  :   c6;
	2d97  :   fb;
	2d98  :   da;
	2d99  :   f7;
	2d9a  :   11;
	2d9b  :   fd;
	2d9c  :   13;
	2d9d  :   fa;
	2d9e  :   0d;
	2d9f  :   03;
	2da0  :   eb;
	2da1  :   00;
	2da2  :   32;
	2da3  :   1d;
	2da4  :   1a;
	2da5  :   34;
	2da6  :   4e;
	2da7  :   33;
	2da8  :   59;
	2da9  :   40;
	2daa  :   17;
	2dab  :   4d;
	2dac  :   43;
	2dad  :   39;
	2dae  :   11;
	2daf  :   1c;
	2db0  :   0e;
	2db1  :   e8;
	2db2  :   cb;
	2db3  :   dd;
	2db4  :   10;
	2db5  :   01;
	2db6  :   08;
	2db7  :   e5;
	2db8  :   fa;
	2db9  :   ed;
	2dba  :   f9;
	2dbb  :   14;
	2dbc  :   05;
	2dbd  :   da;
	2dbe  :   e3;
	2dbf  :   f6;
	2dc0  :   11;
	2dc1  :   06;
	2dc2  :   2c;
	2dc3  :   ee;
	2dc4  :   06;
	2dc5  :   ee;
	2dc6  :   f0;
	2dc7  :   0b;
	2dc8  :   ea;
	2dc9  :   fb;
	2dca  :   25;
	2dcb  :   1d;
	2dcc  :   0d;
	2dcd  :   0a;
	2dce  :   f7;
	2dcf  :   ff;
	2dd0  :   e8;
	2dd1  :   e2;
	2dd2  :   15;
	2dd3  :   fd;
	2dd4  :   fb;
	2dd5  :   13;
	2dd6  :   f2;
	2dd7  :   e8;
	2dd8  :   0a;
	2dd9  :   f2;
	2dda  :   00;
	2ddb  :   0b;
	2ddc  :   e5;
	2ddd  :   07;
	2dde  :   1b;
	2ddf  :   e6;
	2de0  :   17;
	2de1  :   1f;
	2de2  :   fc;
	2de3  :   f9;
	2de4  :   fe;
	2de5  :   e9;
	2de6  :   f9;
	2de7  :   10;
	2de8  :   0f;
	2de9  :   fd;
	2dea  :   0f;
	2deb  :   fa;
	2dec  :   dc;
	2ded  :   ee;
	2dee  :   17;
	2def  :   f9;
	2df0  :   ef;
	2df1  :   0d;
	2df2  :   0d;
	2df3  :   0a;
	2df4  :   ef;
	2df5  :   00;
	2df6  :   12;
	2df7  :   f9;
	2df8  :   f7;
	2df9  :   f3;
	2dfa  :   f5;
	2dfb  :   0e;
	2dfc  :   0d;
	2dfd  :   11;
	2dfe  :   f8;
	2dff  :   ed;
	2e00  :   f7;
	2e01  :   05;
	2e02  :   01;
	2e03  :   fd;
	2e04  :   10;
	2e05  :   ff;
	2e06  :   11;
	2e07  :   f8;
	2e08  :   fb;
	2e09  :   05;
	2e0a  :   0c;
	2e0b  :   f3;
	2e0c  :   ee;
	2e0d  :   09;
	2e0e  :   0b;
	2e0f  :   0d;
	2e10  :   06;
	2e11  :   f5;
	2e12  :   06;
	2e13  :   0b;
	2e14  :   17;
	2e15  :   14;
	2e16  :   f8;
	2e17  :   18;
	2e18  :   17;
	2e19  :   1b;
	2e1a  :   f7;
	2e1b  :   0b;
	2e1c  :   07;
	2e1d  :   17;
	2e1e  :   08;
	2e1f  :   17;
	2e20  :   09;
	2e21  :   13;
	2e22  :   10;
	2e23  :   13;
	2e24  :   f3;
	2e25  :   12;
	2e26  :   fa;
	2e27  :   0a;
	2e28  :   fa;
	2e29  :   0e;
	2e2a  :   eb;
	2e2b  :   ee;
	2e2c  :   ed;
	2e2d  :   12;
	2e2e  :   07;
	2e2f  :   0d;
	2e30  :   20;
	2e31  :   0d;
	2e32  :   27;
	2e33  :   1e;
	2e34  :   3b;
	2e35  :   25;
	2e36  :   57;
	2e37  :   36;
	2e38  :   17;
	2e39  :   20;
	2e3a  :   17;
	2e3b  :   06;
	2e3c  :   ef;
	2e3d  :   12;
	2e3e  :   0c;
	2e3f  :   01;
	2e40  :   ee;
	2e41  :   ef;
	2e42  :   0d;
	2e43  :   f0;
	2e44  :   02;
	2e45  :   09;
	2e46  :   11;
	2e47  :   08;
	2e48  :   f7;
	2e49  :   f8;
	2e4a  :   2c;
	2e4b  :   2e;
	2e4c  :   2e;
	2e4d  :   2c;
	2e4e  :   28;
	2e4f  :   26;
	2e50  :   1a;
	2e51  :   17;
	2e52  :   13;
	2e53  :   23;
	2e54  :   11;
	2e55  :   05;
	2e56  :   e2;
	2e57  :   f4;
	2e58  :   e1;
	2e59  :   f5;
	2e5a  :   e0;
	2e5b  :   f5;
	2e5c  :   04;
	2e5d  :   0e;
	2e5e  :   05;
	2e5f  :   f8;
	2e60  :   f1;
	2e61  :   09;
	2e62  :   f3;
	2e63  :   01;
	2e64  :   12;
	2e65  :   14;
	2e66  :   05;
	2e67  :   1c;
	2e68  :   23;
	2e69  :   27;
	2e6a  :   3d;
	2e6b  :   1e;
	2e6c  :   13;
	2e6d  :   19;
	2e6e  :   34;
	2e6f  :   19;
	2e70  :   00;
	2e71  :   05;
	2e72  :   e8;
	2e73  :   cc;
	2e74  :   aa;
	2e75  :   af;
	2e76  :   c2;
	2e77  :   b3;
	2e78  :   f1;
	2e79  :   05;
	2e7a  :   ff;
	2e7b  :   0f;
	2e7c  :   0f;
	2e7d  :   fa;
	2e7e  :   0a;
	2e7f  :   0c;
	2e80  :   04;
	2e81  :   e4;
	2e82  :   15;
	2e83  :   22;
	2e84  :   40;
	2e85  :   07;
	2e86  :   0e;
	2e87  :   f5;
	2e88  :   fd;
	2e89  :   1f;
	2e8a  :   1f;
	2e8b  :   d8;
	2e8c  :   f6;
	2e8d  :   c0;
	2e8e  :   b2;
	2e8f  :   a6;
	2e90  :   a1;
	2e91  :   a9;
	2e92  :   9f;
	2e93  :   9e;
	2e94  :   de;
	2e95  :   0d;
	2e96  :   13;
	2e97  :   08;
	2e98  :   f3;
	2e99  :   f4;
	2e9a  :   05;
	2e9b  :   02;
	2e9c  :   0f;
	2e9d  :   0c;
	2e9e  :   07;
	2e9f  :   18;
	2ea0  :   08;
	2ea1  :   06;
	2ea2  :   09;
	2ea3  :   0f;
	2ea4  :   31;
	2ea5  :   0f;
	2ea6  :   f2;
	2ea7  :   d1;
	2ea8  :   d6;
	2ea9  :   b1;
	2eaa  :   86;
	2eab  :   96;
	2eac  :   8e;
	2ead  :   8a;
	2eae  :   81;
	2eaf  :   ab;
	2eb0  :   f0;
	2eb1  :   01;
	2eb2  :   fe;
	2eb3  :   f8;
	2eb4  :   00;
	2eb5  :   03;
	2eb6  :   fb;
	2eb7  :   f7;
	2eb8  :   16;
	2eb9  :   1e;
	2eba  :   15;
	2ebb  :   08;
	2ebc  :   1d;
	2ebd  :   28;
	2ebe  :   15;
	2ebf  :   3b;
	2ec0  :   17;
	2ec1  :   e3;
	2ec2  :   e4;
	2ec3  :   d8;
	2ec4  :   c5;
	2ec5  :   ba;
	2ec6  :   84;
	2ec7  :   92;
	2ec8  :   98;
	2ec9  :   9c;
	2eca  :   8c;
	2ecb  :   87;
	2ecc  :   e4;
	2ecd  :   eb;
	2ece  :   ea;
	2ecf  :   02;
	2ed0  :   0b;
	2ed1  :   0d;
	2ed2  :   0d;
	2ed3  :   0c;
	2ed4  :   19;
	2ed5  :   21;
	2ed6  :   07;
	2ed7  :   32;
	2ed8  :   39;
	2ed9  :   26;
	2eda  :   1e;
	2edb  :   f2;
	2edc  :   da;
	2edd  :   bf;
	2ede  :   c1;
	2edf  :   c0;
	2ee0  :   ce;
	2ee1  :   b7;
	2ee2  :   c0;
	2ee3  :   de;
	2ee4  :   b8;
	2ee5  :   bc;
	2ee6  :   9c;
	2ee7  :   c6;
	2ee8  :   ec;
	2ee9  :   ee;
	2eea  :   fe;
	2eeb  :   0f;
	2eec  :   ef;
	2eed  :   0f;
	2eee  :   07;
	2eef  :   ec;
	2ef0  :   0f;
	2ef1  :   05;
	2ef2  :   17;
	2ef3  :   10;
	2ef4  :   1b;
	2ef5  :   0c;
	2ef6  :   e5;
	2ef7  :   ee;
	2ef8  :   be;
	2ef9  :   8f;
	2efa  :   a9;
	2efb  :   af;
	2efc  :   cd;
	2efd  :   f9;
	2efe  :   09;
	2eff  :   0f;
	2f00  :   df;
	2f01  :   e0;
	2f02  :   f1;
	2f03  :   ef;
	2f04  :   02;
	2f05  :   ea;
	2f06  :   f1;
	2f07  :   fd;
	2f08  :   f6;
	2f09  :   fe;
	2f0a  :   ff;
	2f0b  :   f2;
	2f0c  :   fc;
	2f0d  :   15;
	2f0e  :   fb;
	2f0f  :   00;
	2f10  :   07;
	2f11  :   f9;
	2f12  :   e7;
	2f13  :   c1;
	2f14  :   c2;
	2f15  :   af;
	2f16  :   cf;
	2f17  :   e3;
	2f18  :   14;
	2f19  :   0e;
	2f1a  :   22;
	2f1b  :   1c;
	2f1c  :   16;
	2f1d  :   0d;
	2f1e  :   f8;
	2f1f  :   25;
	2f20  :   2c;
	2f21  :   df;
	2f22  :   f1;
	2f23  :   09;
	2f24  :   07;
	2f25  :   f2;
	2f26  :   00;
	2f27  :   e3;
	2f28  :   0a;
	2f29  :   1d;
	2f2a  :   d8;
	2f2b  :   07;
	2f2c  :   f9;
	2f2d  :   ff;
	2f2e  :   e4;
	2f2f  :   ce;
	2f30  :   bb;
	2f31  :   e4;
	2f32  :   f1;
	2f33  :   fd;
	2f34  :   2e;
	2f35  :   07;
	2f36  :   25;
	2f37  :   0a;
	2f38  :   0d;
	2f39  :   0f;
	2f3a  :   23;
	2f3b  :   2e;
	2f3c  :   49;
	2f3d  :   fd;
	2f3e  :   e5;
	2f3f  :   f4;
	2f40  :   fa;
	2f41  :   ed;
	2f42  :   10;
	2f43  :   15;
	2f44  :   16;
	2f45  :   ff;
	2f46  :   e1;
	2f47  :   e8;
	2f48  :   0b;
	2f49  :   f6;
	2f4a  :   f9;
	2f4b  :   07;
	2f4c  :   b9;
	2f4d  :   d2;
	2f4e  :   e8;
	2f4f  :   00;
	2f50  :   07;
	2f51  :   0a;
	2f52  :   13;
	2f53  :   14;
	2f54  :   09;
	2f55  :   1a;
	2f56  :   1e;
	2f57  :   2c;
	2f58  :   65;
	2f59  :   21;
	2f5a  :   f0;
	2f5b  :   0b;
	2f5c  :   01;
	2f5d  :   0d;
	2f5e  :   f6;
	2f5f  :   fd;
	2f60  :   17;
	2f61  :   12;
	2f62  :   1c;
	2f63  :   f1;
	2f64  :   fb;
	2f65  :   04;
	2f66  :   09;
	2f67  :   fc;
	2f68  :   a9;
	2f69  :   d4;
	2f6a  :   f3;
	2f6b  :   1a;
	2f6c  :   03;
	2f6d  :   fb;
	2f6e  :   12;
	2f6f  :   44;
	2f70  :   f6;
	2f71  :   26;
	2f72  :   31;
	2f73  :   5e;
	2f74  :   30;
	2f75  :   17;
	2f76  :   f5;
	2f77  :   ed;
	2f78  :   f0;
	2f79  :   fa;
	2f7a  :   f1;
	2f7b  :   02;
	2f7c  :   d2;
	2f7d  :   0c;
	2f7e  :   15;
	2f7f  :   0f;
	2f80  :   22;
	2f81  :   09;
	2f82  :   19;
	2f83  :   e3;
	2f84  :   cd;
	2f85  :   e2;
	2f86  :   11;
	2f87  :   14;
	2f88  :   0b;
	2f89  :   fb;
	2f8a  :   14;
	2f8b  :   0f;
	2f8c  :   12;
	2f8d  :   2d;
	2f8e  :   49;
	2f8f  :   37;
	2f90  :   0e;
	2f91  :   1f;
	2f92  :   04;
	2f93  :   fd;
	2f94  :   f0;
	2f95  :   0e;
	2f96  :   ed;
	2f97  :   17;
	2f98  :   dc;
	2f99  :   02;
	2f9a  :   10;
	2f9b  :   0b;
	2f9c  :   0b;
	2f9d  :   13;
	2f9e  :   e0;
	2f9f  :   e5;
	2fa0  :   b2;
	2fa1  :   07;
	2fa2  :   27;
	2fa3  :   2e;
	2fa4  :   0b;
	2fa5  :   f8;
	2fa6  :   1d;
	2fa7  :   f5;
	2fa8  :   20;
	2fa9  :   12;
	2faa  :   25;
	2fab  :   24;
	2fac  :   16;
	2fad  :   37;
	2fae  :   ef;
	2faf  :   11;
	2fb0  :   12;
	2fb1  :   0e;
	2fb2  :   11;
	2fb3  :   08;
	2fb4  :   fb;
	2fb5  :   24;
	2fb6  :   25;
	2fb7  :   07;
	2fb8  :   01;
	2fb9  :   ec;
	2fba  :   e5;
	2fbb  :   e2;
	2fbc  :   bf;
	2fbd  :   02;
	2fbe  :   5e;
	2fbf  :   3a;
	2fc0  :   3d;
	2fc1  :   ff;
	2fc2  :   e8;
	2fc3  :   00;
	2fc4  :   f0;
	2fc5  :   eb;
	2fc6  :   09;
	2fc7  :   32;
	2fc8  :   00;
	2fc9  :   43;
	2fca  :   0e;
	2fcb  :   02;
	2fcc  :   0b;
	2fcd  :   ef;
	2fce  :   f1;
	2fcf  :   f9;
	2fd0  :   e6;
	2fd1  :   07;
	2fd2  :   02;
	2fd3  :   e6;
	2fd4  :   d2;
	2fd5  :   c0;
	2fd6  :   aa;
	2fd7  :   c8;
	2fd8  :   ea;
	2fd9  :   2b;
	2fda  :   5a;
	2fdb  :   49;
	2fdc  :   41;
	2fdd  :   0e;
	2fde  :   12;
	2fdf  :   d7;
	2fe0  :   07;
	2fe1  :   0b;
	2fe2  :   ff;
	2fe3  :   16;
	2fe4  :   1e;
	2fe5  :   47;
	2fe6  :   0a;
	2fe7  :   00;
	2fe8  :   03;
	2fe9  :   ef;
	2fea  :   0f;
	2feb  :   df;
	2fec  :   e1;
	2fed  :   f1;
	2fee  :   e7;
	2fef  :   ec;
	2ff0  :   f2;
	2ff1  :   a4;
	2ff2  :   8f;
	2ff3  :   a1;
	2ff4  :   1f;
	2ff5  :   3f;
	2ff6  :   66;
	2ff7  :   40;
	2ff8  :   0f;
	2ff9  :   29;
	2ffa  :   26;
	2ffb  :   d2;
	2ffc  :   f0;
	2ffd  :   e6;
	2ffe  :   00;
	2fff  :   3f;
	3000  :   25;
	3001  :   35;
	3002  :   11;
	3003  :   fb;
	3004  :   f4;
	3005  :   f9;
	3006  :   09;
	3007  :   f1;
	3008  :   ed;
	3009  :   c4;
	300a  :   00;
	300b  :   e2;
	300c  :   d5;
	300d  :   be;
	300e  :   d5;
	300f  :   ef;
	3010  :   24;
	3011  :   53;
	3012  :   5d;
	3013  :   44;
	3014  :   34;
	3015  :   27;
	3016  :   23;
	3017  :   05;
	3018  :   ff;
	3019  :   ec;
	301a  :   1e;
	301b  :   2d;
	301c  :   1f;
	301d  :   f4;
	301e  :   0f;
	301f  :   f0;
	3020  :   ee;
	3021  :   f2;
	3022  :   03;
	3023  :   0d;
	3024  :   06;
	3025  :   e2;
	3026  :   d2;
	3027  :   fe;
	3028  :   e3;
	3029  :   cd;
	302a  :   d8;
	302b  :   17;
	302c  :   44;
	302d  :   3a;
	302e  :   56;
	302f  :   49;
	3030  :   46;
	3031  :   38;
	3032  :   2f;
	3033  :   00;
	3034  :   e2;
	3035  :   e8;
	3036  :   10;
	3037  :   0a;
	3038  :   f6;
	3039  :   f6;
	303a  :   f3;
	303b  :   f1;
	303c  :   ef;
	303d  :   09;
	303e  :   fe;
	303f  :   f2;
	3040  :   e6;
	3041  :   ee;
	3042  :   cf;
	3043  :   d8;
	3044  :   11;
	3045  :   0b;
	3046  :   fe;
	3047  :   fc;
	3048  :   28;
	3049  :   4e;
	304a  :   46;
	304b  :   43;
	304c  :   2d;
	304d  :   2d;
	304e  :   28;
	304f  :   f9;
	3050  :   e5;
	3051  :   e7;
	3052  :   e0;
	3053  :   eb;
	3054  :   fb;
	3055  :   0c;
	3056  :   0d;
	3057  :   f9;
	3058  :   12;
	3059  :   ef;
	305a  :   0e;
	305b  :   f8;
	305c  :   ea;
	305d  :   e3;
	305e  :   e1;
	305f  :   cb;
	3060  :   14;
	3061  :   00;
	3062  :   eb;
	3063  :   c3;
	3064  :   e3;
	3065  :   f6;
	3066  :   ef;
	3067  :   e7;
	3068  :   f2;
	3069  :   e6;
	306a  :   e7;
	306b  :   f2;
	306c  :   e9;
	306d  :   ec;
	306e  :   fd;
	306f  :   da;
	3070  :   f2;
	3071  :   13;
	3072  :   ee;
	3073  :   06;
	3074  :   08;
	3075  :   ec;
	3076  :   ed;
	3077  :   01;
	3078  :   ed;
	3079  :   f0;
	307a  :   00;
	307b  :   08;
	307c  :   f2;
	307d  :   e8;
	307e  :   c6;
	307f  :   aa;
	3080  :   ec;
	3081  :   c7;
	3082  :   dc;
	3083  :   e0;
	3084  :   e8;
	3085  :   db;
	3086  :   e6;
	3087  :   f4;
	3088  :   07;
	3089  :   f8;
	308a  :   18;
	308b  :   ff;
	308c  :   fa;
	308d  :   f5;
	308e  :   03;
	308f  :   ee;
	3090  :   f4;
	3091  :   ee;
	3092  :   00;
	3093  :   f7;
	3094  :   ef;
	3095  :   f9;
	3096  :   d2;
	3097  :   c7;
	3098  :   e2;
	3099  :   ac;
	309a  :   ba;
	309b  :   b4;
	309c  :   ea;
	309d  :   be;
	309e  :   da;
	309f  :   ee;
	30a0  :   08;
	30a1  :   e2;
	30a2  :   f7;
	30a3  :   0e;
	30a4  :   0a;
	30a5  :   e2;
	30a6  :   fc;
	30a7  :   f9;
	30a8  :   03;
	30a9  :   f9;
	30aa  :   0b;
	30ab  :   f8;
	30ac  :   f3;
	30ad  :   f7;
	30ae  :   08;
	30af  :   0d;
	30b0  :   fc;
	30b1  :   fd;
	30b2  :   f6;
	30b3  :   f4;
	30b4  :   dc;
	30b5  :   b4;
	30b6  :   c4;
	30b7  :   b5;
	30b8  :   ad;
	30b9  :   bf;
	30ba  :   f1;
	30bb  :   02;
	30bc  :   02;
	30bd  :   0d;
	30be  :   fc;
	30bf  :   d6;
	30c0  :   f3;
	30c1  :   ed;
	30c2  :   01;
	30c3  :   f4;
	30c4  :   fc;
	30c5  :   f5;
	30c6  :   f9;
	30c7  :   00;
	30c8  :   f3;
	30c9  :   0f;
	30ca  :   00;
	30cb  :   0d;
	30cc  :   07;
	30cd  :   fa;
	30ce  :   0d;
	30cf  :   03;
	30d0  :   f8;
	30d1  :   ee;
	30d2  :   03;
	30d3  :   e9;
	30d4  :   f2;
	30d5  :   07;
	30d6  :   e7;
	30d7  :   f6;
	30d8  :   e6;
	30d9  :   d5;
	30da  :   02;
	30db  :   f6;
	30dc  :   0c;
	30dd  :   06;
	30de  :   0a;
	30df  :   09;
	30e0  :   fe;
	30e1  :   03;
	30e2  :   f5;
	30e3  :   07;
	30e4  :   11;
	30e5  :   0e;
	30e6  :   f3;
	30e7  :   0a;
	30e8  :   0f;
	30e9  :   05;
	30ea  :   fd;
	30eb  :   fa;
	30ec  :   10;
	30ed  :   f4;
	30ee  :   00;
	30ef  :   ed;
	30f0  :   f2;
	30f1  :   fd;
	30f2  :   09;
	30f3  :   0d;
	30f4  :   12;
	30f5  :   05;
	30f6  :   fc;
	30f7  :   07;
	30f8  :   fa;
	30f9  :   f8;
	30fa  :   f2;
	30fb  :   ec;
	30fc  :   f6;
	30fd  :   f4;
	30fe  :   0d;
	30ff  :   f5;
	3100  :   ee;
	3101  :   12;
	3102  :   14;
	3103  :   f0;
	3104  :   0c;
	3105  :   f9;
	3106  :   e7;
	3107  :   14;
	3108  :   18;
	3109  :   fa;
	310a  :   e7;
	310b  :   11;
	310c  :   f5;
	310d  :   12;
	310e  :   09;
	310f  :   ed;
	3110  :   13;
	3111  :   fb;
	3112  :   16;
	3113  :   e9;
	3114  :   0d;
	3115  :   fd;
	3116  :   f0;
	3117  :   e7;
	3118  :   0e;
	3119  :   f2;
	311a  :   11;
	311b  :   05;
	311c  :   ea;
	311d  :   08;
	311e  :   fb;
	311f  :   f8;
	3120  :   05;
	3121  :   f6;
	3122  :   fe;
	3123  :   f7;
	3124  :   19;
	3125  :   0b;
	3126  :   f2;
	3127  :   fd;
	3128  :   10;
	3129  :   f5;
	312a  :   19;
	312b  :   01;
	312c  :   f8;
	312d  :   15;
	312e  :   02;
	312f  :   13;
	3130  :   ed;
	3131  :   ed;
	3132  :   f3;
	3133  :   e6;
	3134  :   f6;
	3135  :   10;
	3136  :   eb;
	3137  :   f7;
	3138  :   02;
	3139  :   0b;
	313a  :   ec;
	313b  :   ff;
	313c  :   ec;
	313d  :   10;
	313e  :   0f;
	313f  :   f7;
	3140  :   f5;
	3141  :   fe;
	3142  :   03;
	3143  :   14;
	3144  :   26;
	3145  :   32;
	3146  :   03;
	3147  :   ee;
	3148  :   03;
	3149  :   e4;
	314a  :   e5;
	314b  :   ec;
	314c  :   e0;
	314d  :   e8;
	314e  :   de;
	314f  :   e1;
	3150  :   0f;
	3151  :   e8;
	3152  :   e6;
	3153  :   fe;
	3154  :   e5;
	3155  :   0d;
	3156  :   10;
	3157  :   e7;
	3158  :   ed;
	3159  :   0d;
	315a  :   fd;
	315b  :   03;
	315c  :   df;
	315d  :   eb;
	315e  :   04;
	315f  :   f4;
	3160  :   12;
	3161  :   2b;
	3162  :   14;
	3163  :   c7;
	3164  :   ea;
	3165  :   e2;
	3166  :   d2;
	3167  :   e8;
	3168  :   db;
	3169  :   c3;
	316a  :   e4;
	316b  :   03;
	316c  :   12;
	316d  :   f5;
	316e  :   0a;
	316f  :   f2;
	3170  :   07;
	3171  :   ea;
	3172  :   ec;
	3173  :   f3;
	3174  :   fb;
	3175  :   f2;
	3176  :   d6;
	3177  :   e7;
	3178  :   ec;
	3179  :   dd;
	317a  :   ef;
	317b  :   e3;
	317c  :   31;
	317d  :   2d;
	317e  :   25;
	317f  :   f1;
	3180  :   e5;
	3181  :   15;
	3182  :   f9;
	3183  :   fa;
	3184  :   da;
	3185  :   d7;
	3186  :   b7;
	3187  :   aa;
	3188  :   e0;
	3189  :   eb;
	318a  :   ed;
	318b  :   f1;
	318c  :   01;
	318d  :   06;
	318e  :   f0;
	318f  :   14;
	3190  :   10;
	3191  :   f1;
	3192  :   cf;
	3193  :   e0;
	3194  :   c8;
	3195  :   b1;
	3196  :   bd;
	3197  :   e7;
	3198  :   c0;
	3199  :   dd;
	319a  :   ed;
	319b  :   f4;
	319c  :   1e;
	319d  :   12;
	319e  :   20;
	319f  :   0e;
	31a0  :   15;
	31a1  :   03;
	31a2  :   ca;
	31a3  :   80;
	31a4  :   d7;
	31a5  :   e8;
	31a6  :   e8;
	31a7  :   0a;
	31a8  :   ff;
	31a9  :   03;
	31aa  :   04;
	31ab  :   07;
	31ac  :   db;
	31ad  :   e9;
	31ae  :   de;
	31af  :   e0;
	31b0  :   c8;
	31b1  :   a7;
	31b2  :   9d;
	31b3  :   b3;
	31b4  :   c6;
	31b5  :   d6;
	31b6  :   0c;
	31b7  :   18;
	31b8  :   37;
	31b9  :   31;
	31ba  :   1c;
	31bb  :   05;
	31bc  :   f1;
	31bd  :   d9;
	31be  :   ba;
	31bf  :   ad;
	31c0  :   b9;
	31c1  :   dd;
	31c2  :   e3;
	31c3  :   fc;
	31c4  :   fc;
	31c5  :   0b;
	31c6  :   ea;
	31c7  :   f2;
	31c8  :   ed;
	31c9  :   d1;
	31ca  :   b8;
	31cb  :   af;
	31cc  :   b8;
	31cd  :   92;
	31ce  :   d4;
	31cf  :   c4;
	31d0  :   f4;
	31d1  :   fe;
	31d2  :   25;
	31d3  :   2d;
	31d4  :   21;
	31d5  :   fe;
	31d6  :   14;
	31d7  :   fd;
	31d8  :   f2;
	31d9  :   12;
	31da  :   f7;
	31db  :   de;
	31dc  :   d1;
	31dd  :   e8;
	31de  :   da;
	31df  :   e3;
	31e0  :   e9;
	31e1  :   fc;
	31e2  :   04;
	31e3  :   07;
	31e4  :   f9;
	31e5  :   d8;
	31e6  :   ac;
	31e7  :   aa;
	31e8  :   85;
	31e9  :   90;
	31ea  :   f4;
	31eb  :   eb;
	31ec  :   24;
	31ed  :   2f;
	31ee  :   18;
	31ef  :   01;
	31f0  :   27;
	31f1  :   05;
	31f2  :   e7;
	31f3  :   03;
	31f4  :   1b;
	31f5  :   ff;
	31f6  :   20;
	31f7  :   13;
	31f8  :   f4;
	31f9  :   c7;
	31fa  :   13;
	31fb  :   f4;
	31fc  :   f1;
	31fd  :   e8;
	31fe  :   f8;
	31ff  :   0d;
	3200  :   f7;
	3201  :   a4;
	3202  :   ad;
	3203  :   87;
	3204  :   c6;
	3205  :   d0;
	3206  :   18;
	3207  :   ff;
	3208  :   0a;
	3209  :   21;
	320a  :   26;
	320b  :   22;
	320c  :   1a;
	320d  :   fe;
	320e  :   ed;
	320f  :   02;
	3210  :   17;
	3211  :   0a;
	3212  :   0d;
	3213  :   23;
	3214  :   e8;
	3215  :   e7;
	3216  :   f4;
	3217  :   ea;
	3218  :   f3;
	3219  :   09;
	321a  :   0e;
	321b  :   ed;
	321c  :   e4;
	321d  :   c4;
	321e  :   c3;
	321f  :   e6;
	3220  :   f2;
	3221  :   fa;
	3222  :   e7;
	3223  :   40;
	3224  :   47;
	3225  :   45;
	3226  :   5c;
	3227  :   4d;
	3228  :   1d;
	3229  :   0b;
	322a  :   ee;
	322b  :   15;
	322c  :   1c;
	322d  :   17;
	322e  :   18;
	322f  :   06;
	3230  :   b6;
	3231  :   c2;
	3232  :   0d;
	3233  :   0b;
	3234  :   12;
	3235  :   00;
	3236  :   e6;
	3237  :   e3;
	3238  :   f4;
	3239  :   0b;
	323a  :   eb;
	323b  :   18;
	323c  :   dc;
	323d  :   eb;
	323e  :   01;
	323f  :   27;
	3240  :   13;
	3241  :   2c;
	3242  :   42;
	3243  :   31;
	3244  :   23;
	3245  :   f5;
	3246  :   2f;
	3247  :   1d;
	3248  :   2f;
	3249  :   21;
	324a  :   0f;
	324b  :   1b;
	324c  :   e8;
	324d  :   ed;
	324e  :   f8;
	324f  :   07;
	3250  :   eb;
	3251  :   0a;
	3252  :   f8;
	3253  :   f5;
	3254  :   26;
	3255  :   23;
	3256  :   f5;
	3257  :   fa;
	3258  :   de;
	3259  :   15;
	325a  :   db;
	325b  :   0f;
	325c  :   ff;
	325d  :   00;
	325e  :   2d;
	325f  :   4e;
	3260  :   43;
	3261  :   48;
	3262  :   22;
	3263  :   14;
	3264  :   ff;
	3265  :   f8;
	3266  :   09;
	3267  :   f6;
	3268  :   21;
	3269  :   de;
	326a  :   f4;
	326b  :   0a;
	326c  :   f9;
	326d  :   19;
	326e  :   07;
	326f  :   fa;
	3270  :   29;
	3271  :   0a;
	3272  :   ee;
	3273  :   e6;
	3274  :   ef;
	3275  :   e5;
	3276  :   bd;
	3277  :   df;
	3278  :   e2;
	3279  :   20;
	327a  :   14;
	327b  :   42;
	327c  :   3c;
	327d  :   53;
	327e  :   2f;
	327f  :   f2;
	3280  :   b5;
	3281  :   dd;
	3282  :   fe;
	3283  :   f2;
	3284  :   f3;
	3285  :   02;
	3286  :   10;
	3287  :   11;
	3288  :   0b;
	3289  :   0d;
	328a  :   00;
	328b  :   fe;
	328c  :   1d;
	328d  :   1c;
	328e  :   26;
	328f  :   11;
	3290  :   eb;
	3291  :   da;
	3292  :   d7;
	3293  :   d7;
	3294  :   f6;
	3295  :   1d;
	3296  :   03;
	3297  :   2a;
	3298  :   29;
	3299  :   10;
	329a  :   ea;
	329b  :   c7;
	329c  :   93;
	329d  :   d3;
	329e  :   e8;
	329f  :   f3;
	32a0  :   08;
	32a1  :   0e;
	32a2  :   30;
	32a3  :   fd;
	32a4  :   fb;
	32a5  :   ff;
	32a6  :   10;
	32a7  :   fc;
	32a8  :   0a;
	32a9  :   1a;
	32aa  :   e9;
	32ab  :   10;
	32ac  :   f3;
	32ad  :   fe;
	32ae  :   09;
	32af  :   09;
	32b0  :   15;
	32b1  :   33;
	32b2  :   01;
	32b3  :   fd;
	32b4  :   15;
	32b5  :   f0;
	32b6  :   da;
	32b7  :   9c;
	32b8  :   9a;
	32b9  :   aa;
	32ba  :   ed;
	32bb  :   fb;
	32bc  :   e3;
	32bd  :   f4;
	32be  :   11;
	32bf  :   0a;
	32c0  :   fd;
	32c1  :   f6;
	32c2  :   0b;
	32c3  :   e0;
	32c4  :   01;
	32c5  :   20;
	32c6  :   f1;
	32c7  :   0b;
	32c8  :   1f;
	32c9  :   1a;
	32ca  :   4d;
	32cb  :   4c;
	32cc  :   35;
	32cd  :   0e;
	32ce  :   14;
	32cf  :   1b;
	32d0  :   fa;
	32d1  :   e8;
	32d2  :   9b;
	32d3  :   aa;
	32d4  :   b2;
	32d5  :   f1;
	32d6  :   e7;
	32d7  :   eb;
	32d8  :   e0;
	32d9  :   1a;
	32da  :   16;
	32db  :   0e;
	32dc  :   f9;
	32dd  :   eb;
	32de  :   e0;
	32df  :   f3;
	32e0  :   09;
	32e1  :   17;
	32e2  :   08;
	32e3  :   08;
	32e4  :   0f;
	32e5  :   4c;
	32e6  :   5e;
	32e7  :   64;
	32e8  :   19;
	32e9  :   0d;
	32ea  :   07;
	32eb  :   e3;
	32ec  :   d5;
	32ed  :   a4;
	32ee  :   9e;
	32ef  :   c8;
	32f0  :   c7;
	32f1  :   17;
	32f2  :   0b;
	32f3  :   f1;
	32f4  :   f2;
	32f5  :   19;
	32f6  :   12;
	32f7  :   f1;
	32f8  :   0b;
	32f9  :   08;
	32fa  :   e7;
	32fb  :   12;
	32fc  :   08;
	32fd  :   0d;
	32fe  :   0f;
	32ff  :   07;
	3300  :   26;
	3301  :   50;
	3302  :   70;
	3303  :   19;
	3304  :   e0;
	3305  :   cf;
	3306  :   ca;
	3307  :   b5;
	3308  :   96;
	3309  :   bd;
	330a  :   b6;
	330b  :   c2;
	330c  :   fe;
	330d  :   05;
	330e  :   44;
	330f  :   19;
	3310  :   0f;
	3311  :   37;
	3312  :   f5;
	3313  :   f3;
	3314  :   ec;
	3315  :   f3;
	3316  :   0b;
	3317  :   ee;
	3318  :   03;
	3319  :   da;
	331a  :   e1;
	331b  :   d8;
	331c  :   12;
	331d  :   2a;
	331e  :   41;
	331f  :   1a;
	3320  :   e7;
	3321  :   d3;
	3322  :   b5;
	3323  :   c3;
	3324  :   d7;
	3325  :   e6;
	3326  :   d9;
	3327  :   e7;
	3328  :   1e;
	3329  :   53;
	332a  :   35;
	332b  :   2b;
	332c  :   15;
	332d  :   16;
	332e  :   1b;
	332f  :   ed;
	3330  :   fc;
	3331  :   15;
	3332  :   08;
	3333  :   ed;
	3334  :   19;
	3335  :   ed;
	3336  :   ec;
	3337  :   f5;
	3338  :   0e;
	3339  :   f5;
	333a  :   3a;
	333b  :   ea;
	333c  :   f7;
	333d  :   c6;
	333e  :   b1;
	333f  :   de;
	3340  :   05;
	3341  :   ee;
	3342  :   f6;
	3343  :   f7;
	3344  :   1d;
	3345  :   2b;
	3346  :   1f;
	3347  :   11;
	3348  :   23;
	3349  :   f3;
	334a  :   f0;
	334b  :   f2;
	334c  :   f8;
	334d  :   08;
	334e  :   ff;
	334f  :   e8;
	3350  :   13;
	3351  :   e0;
	3352  :   06;
	3353  :   09;
	3354  :   dc;
	3355  :   fc;
	3356  :   0d;
	3357  :   eb;
	3358  :   c5;
	3359  :   d0;
	335a  :   cd;
	335b  :   ea;
	335c  :   e8;
	335d  :   f3;
	335e  :   20;
	335f  :   f7;
	3360  :   e9;
	3361  :   29;
	3362  :   1e;
	3363  :   0a;
	3364  :   f6;
	3365  :   f3;
	3366  :   fd;
	3367  :   f8;
	3368  :   10;
	3369  :   f8;
	336a  :   0c;
	336b  :   08;
	336c  :   e9;
	336d  :   10;
	336e  :   1a;
	336f  :   e5;
	3370  :   f6;
	3371  :   1b;
	3372  :   f8;
	3373  :   e9;
	3374  :   fc;
	3375  :   fe;
	3376  :   f8;
	3377  :   ef;
	3378  :   0e;
	3379  :   11;
	337a  :   1b;
	337b  :   e5;
	337c  :   c8;
	337d  :   03;
	337e  :   ea;
	337f  :   e3;
	3380  :   e7;
	3381  :   e5;
	3382  :   12;
	3383  :   f8;
	3384  :   01;
	3385  :   07;
	3386  :   f9;
	3387  :   ee;
	3388  :   e2;
	3389  :   cc;
	338a  :   e5;
	338b  :   fe;
	338c  :   e9;
	338d  :   18;
	338e  :   f2;
	338f  :   e6;
	3390  :   12;
	3391  :   19;
	3392  :   ec;
	3393  :   19;
	3394  :   16;
	3395  :   1d;
	3396  :   de;
	3397  :   ce;
	3398  :   da;
	3399  :   f4;
	339a  :   0c;
	339b  :   15;
	339c  :   f5;
	339d  :   f3;
	339e  :   ff;
	339f  :   16;
	33a0  :   ef;
	33a1  :   fe;
	33a2  :   fe;
	33a3  :   e5;
	33a4  :   c2;
	33a5  :   bf;
	33a6  :   b5;
	33a7  :   b6;
	33a8  :   d3;
	33a9  :   c5;
	33aa  :   cb;
	33ab  :   d9;
	33ac  :   05;
	33ad  :   fe;
	33ae  :   f7;
	33af  :   f2;
	33b0  :   0b;
	33b1  :   0a;
	33b2  :   fe;
	33b3  :   ec;
	33b4  :   e3;
	33b5  :   fe;
	33b6  :   e8;
	33b7  :   ec;
	33b8  :   0d;
	33b9  :   f9;
	33ba  :   fa;
	33bb  :   fa;
	33bc  :   f1;
	33bd  :   07;
	33be  :   07;
	33bf  :   10;
	33c0  :   db;
	33c1  :   da;
	33c2  :   10;
	33c3  :   fa;
	33c4  :   d4;
	33c5  :   bb;
	33c6  :   d5;
	33c7  :   b8;
	33c8  :   06;
	33c9  :   f5;
	33ca  :   10;
	33cb  :   27;
	33cc  :   04;
	33cd  :   09;
	33ce  :   e4;
	33cf  :   e9;
	33d0  :   03;
	33d1  :   fd;
	33d2  :   f1;
	33d3  :   ee;
	33d4  :   03;
	33d5  :   10;
	33d6  :   f6;
	33d7  :   0f;
	33d8  :   19;
	33d9  :   13;
	33da  :   13;
	33db  :   00;
	33dc  :   f2;
	33dd  :   ed;
	33de  :   04;
	33df  :   00;
	33e0  :   29;
	33e1  :   2e;
	33e2  :   11;
	33e3  :   05;
	33e4  :   39;
	33e5  :   04;
	33e6  :   47;
	33e7  :   28;
	33e8  :   fd;
	33e9  :   ff;
	33ea  :   ec;
	33eb  :   01;
	33ec  :   08;
	33ed  :   2b;
	33ee  :   10;
	33ef  :   0e;
	33f0  :   06;
	33f1  :   18;
	33f2  :   f6;
	33f3  :   0f;
	33f4  :   fd;
	33f5  :   06;
	33f6  :   08;
	33f7  :   f3;
	33f8  :   14;
	33f9  :   00;
	33fa  :   07;
	33fb  :   f7;
	33fc  :   f2;
	33fd  :   ef;
	33fe  :   f8;
	33ff  :   1f;
	3400  :   f9;
	3401  :   ff;
	3402  :   ef;
	3403  :   02;
	3404  :   1c;
	3405  :   19;
	3406  :   ee;
	3407  :   17;
	3408  :   1c;
	3409  :   fd;
	340a  :   19;
	340b  :   f7;
	340c  :   fd;
	340d  :   0c;
	340e  :   fe;
	340f  :   fd;
	3410  :   16;
	3411  :   d3;
	3412  :   f0;
	3413  :   df;
	3414  :   40;
	3415  :   40;
	3416  :   15;
	3417  :   71;
	3418  :   d6;
	3419  :   e0;
	341a  :   d2;
	341b  :   3b;
	341c  :   48;
	341d  :   c4;
	341e  :   11;
	341f  :   eb;
	3420  :   1d;
	3421  :   ba;
	3422  :   1a;
	3423  :   c7;
	3424  :   09;
	3425  :   3b;
	3426  :   3e;
	3427  :   60;
	3428  :   eb;
	3429  :   27;
	342a  :   56;
	342b  :   33;
	342c  :   10;
	342d  :   56;
	342e  :   24;
	342f  :   72;
	3430  :   20;
	3431  :   38;
	3432  :   38;
	3433  :   ed;
	3434  :   16;
	3435  :   c1;
	3436  :   4f;
	3437  :   b8;
	3438  :   dd;
	3439  :   6d;
	343a  :   56;
	343b  :   1c;
	343c  :   fb;
	343d  :   62;
	343e  :   4e;
	343f  :   53;
	3440  :   15;
	3441  :   66;
	3442  :   19;
	3443  :   07;
	3444  :   77;
	3445  :   e0;
	3446  :   47;
	3447  :   76;
	3448  :   c6;
	3449  :   d1;
	344a  :   27;
	344b  :   1b;
	344c  :   5e;
	344d  :   3c;
	344e  :   e6;
	344f  :   2c;
	3450  :   11;
	3451  :   37;
	3452  :   0d;
	3453  :   f5;
	3454  :   e8;
	3455  :   bf;
	3456  :   5e;
	3457  :   73;
	3458  :   5e;
	3459  :   c9;
	345a  :   ca;
	345b  :   2d;
	345c  :   60;
	345d  :   e1;
	345e  :   57;
	345f  :   03;
	3460  :   38;
	3461  :   3f;
	3462  :   e3;
	3463  :   e2;
	3464  :   b6;
	3465  :   04;
	3466  :   16;
	3467  :   75;
	3468  :   c3;
	3469  :   2e;
	346a  :   2a;
	346b  :   4b;
	346c  :   0f;
	346d  :   70;
	346e  :   e6;
	346f  :   56;
	3470  :   d0;
	3471  :   f3;
	3472  :   54;
	3473  :   58;
	3474  :   5a;
	3475  :   1b;
	3476  :   b2;
	3477  :   65;
	3478  :   3e;
	3479  :   bd;
	347a  :   7a;
	347b  :   c1;
	347c  :   69;
	347d  :   70;
	347e  :   29;
	347f  :   4a;
	3480  :   3e;
	3481  :   50;
	3482  :   e6;
	3483  :   13;
	3484  :   1a;
	3485  :   dd;
	3486  :   64;
	3487  :   f5;
	3488  :   61;
	3489  :   39;
	348a  :   d0;
	348b  :   12;
	348c  :   13;
	348d  :   20;
	348e  :   35;
	348f  :   a9;
	3490  :   ff;
	3491  :   c6;
	3492  :   d6;
	3493  :   2b;
	3494  :   53;
	3495  :   21;
	3496  :   db;
	3497  :   54;
	3498  :   1f;
	3499  :   e3;
	349a  :   3b;
	349b  :   e0;
	349c  :   0e;
	349d  :   22;
	349e  :   53;
	349f  :   f7;
	34a0  :   09;
	34a1  :   e2;
	34a2  :   3c;
	34a3  :   4e;
	34a4  :   d3;
	34a5  :   6d;
	34a6  :   59;
	34a7  :   23;
	34a8  :   e2;
	34a9  :   0b;
	34aa  :   b1;
	34ab  :   11;
	34ac  :   f9;
	34ad  :   e1;
	34ae  :   04;
	34af  :   db;
	34b0  :   b8;
	34b1  :   e8;
	34b2  :   be;
	34b3  :   2c;
	34b4  :   ce;
	34b5  :   76;
	34b6  :   09;
	34b7  :   4e;
	34b8  :   0d;
	34b9  :   bb;
	34ba  :   5e;
	34bb  :   0f;
	34bc  :   1a;
	34bd  :   e9;
	34be  :   46;
	34bf  :   0d;
	34c0  :   53;
	34c1  :   18;
	34c2  :   dc;
	34c3  :   b1;
	34c4  :   bc;
	34c5  :   22;
	34c6  :   1e;
	34c7  :   08;
	34c8  :   39;
	34c9  :   cd;
	34ca  :   ce;
	34cb  :   10;
	34cc  :   bf;
	34cd  :   c8;
	34ce  :   43;
	34cf  :   2b;
	34d0  :   c1;
	34d1  :   14;
	34d2  :   2b;
	34d3  :   0b;
	34d4  :   0a;
	34d5  :   3e;
	34d6  :   08;
	34d7  :   b6;
	34d8  :   21;
	34d9  :   48;
	34da  :   ae;
	34db  :   10;
	34dc  :   12;
	34dd  :   bf;
	34de  :   b5;
	34df  :   1c;
	34e0  :   cd;
	34e1  :   21;
	34e2  :   ab;
	34e3  :   07;
	34e4  :   8d;
	34e5  :   26;
	34e6  :   01;
	34e7  :   32;
	34e8  :   4b;
	34e9  :   08;
	34ea  :   a8;
	34eb  :   b5;
	34ec  :   26;
	34ed  :   b9;
	34ee  :   df;
	34ef  :   d5;
	34f0  :   fb;
	34f1  :   3b;
	34f2  :   c0;
	34f3  :   c7;
	34f4  :   18;
	34f5  :   e9;
	34f6  :   28;
	34f7  :   c5;
	34f8  :   0d;
	34f9  :   2b;
	34fa  :   19;
	34fb  :   91;
	34fc  :   e5;
	34fd  :   a1;
	34fe  :   31;
	34ff  :   2e;
	3500  :   1b;
	3501  :   e2;
	3502  :   c4;
	3503  :   92;
	3504  :   02;
	3505  :   15;
	3506  :   c3;
	3507  :   4d;
	3508  :   6d;
	3509  :   5f;
	350a  :   70;
	350b  :   d2;
	350c  :   25;
	350d  :   04;
	350e  :   03;
	350f  :   b9;
	3510  :   f1;
	3511  :   20;
	3512  :   41;
	3513  :   c3;
	3514  :   6f;
	3515  :   da;
	3516  :   00;
	3517  :   32;
	3518  :   ca;
	3519  :   26;
	351a  :   5b;
	351b  :   14;
	351c  :   6d;
	351d  :   11;
	351e  :   a5;
	351f  :   cc;
	3520  :   b6;
	3521  :   b5;
	3522  :   59;
	3523  :   78;
	3524  :   24;
	3525  :   6d;
	3526  :   bd;
	3527  :   bc;
	3528  :   75;
	3529  :   3a;
	352a  :   16;
	352b  :   56;
	352c  :   4a;
	352d  :   e7;
	352e  :   c2;
	352f  :   ef;
	3530  :   43;
	3531  :   b5;
	3532  :   08;
	3533  :   1f;
	3534  :   f4;
	3535  :   d0;
	3536  :   c1;
	3537  :   d0;
	3538  :   23;
	3539  :   c6;
	353a  :   a1;
	353b  :   2c;
	353c  :   de;
	353d  :   2b;
	353e  :   19;
	353f  :   26;
	3540  :   c3;
	3541  :   6b;
	3542  :   da;
	3543  :   77;
	3544  :   62;
	3545  :   c6;
	3546  :   1f;
	3547  :   5d;
	3548  :   be;
	3549  :   63;
	354a  :   17;
	354b  :   c0;
	354c  :   b1;
	354d  :   fc;
	354e  :   49;
	354f  :   34;
	3550  :   c2;
	3551  :   00;
	3552  :   3e;
	3553  :   f4;
	3554  :   be;
	3555  :   bc;
	3556  :   ee;
	3557  :   fa;
	3558  :   14;
	3559  :   53;
	355a  :   d9;
	355b  :   d6;
	355c  :   77;
	355d  :   09;
	355e  :   24;
	355f  :   5d;
	3560  :   fb;
	3561  :   0a;
	3562  :   77;
	3563  :   61;
	3564  :   2d;
	3565  :   a7;
	3566  :   39;
	3567  :   cf;
	3568  :   2b;
	3569  :   99;
	356a  :   41;
	356b  :   c2;
	356c  :   c9;
	356d  :   10;
	356e  :   e4;
	356f  :   e3;
	3570  :   c2;
	3571  :   ef;
	3572  :   0d;
	3573  :   da;
	3574  :   f0;
	3575  :   29;
	3576  :   d1;
	3577  :   b9;
	3578  :   d5;
	3579  :   d5;
	357a  :   c6;
	357b  :   19;
	357c  :   1c;
	357d  :   c4;
	357e  :   17;
	357f  :   f9;
	3580  :   3a;
	3581  :   ef;
	3582  :   b0;
	3583  :   63;
	3584  :   24;
	3585  :   1d;
	3586  :   cd;
	3587  :   e3;
	3588  :   5d;
	3589  :   2f;
	358a  :   18;
	358b  :   85;
	358c  :   ac;
	358d  :   b5;
	358e  :   d3;
	358f  :   0c;
	3590  :   29;
	3591  :   c9;
	3592  :   76;
	3593  :   55;
	3594  :   19;
	3595  :   b8;
	3596  :   ce;
	3597  :   49;
	3598  :   22;
	3599  :   66;
	359a  :   c0;
	359b  :   3c;
	359c  :   bb;
	359d  :   c9;
	359e  :   ef;
	359f  :   3d;
	35a0  :   26;
	35a1  :   91;
	35a2  :   49;
	35a3  :   f2;
	35a4  :   f6;
	35a5  :   bf;
	35a6  :   d9;
	35a7  :   96;
	35a8  :   fc;
	35a9  :   19;
	35aa  :   cd;
	35ab  :   c9;
	35ac  :   bc;
	35ad  :   da;
	35ae  :   e7;
	35af  :   1a;
	35b0  :   be;
	35b1  :   ca;
	35b2  :   fc;
	35b3  :   71;
	35b4  :   11;
	35b5  :   45;
	35b6  :   e4;
	35b7  :   2a;
	35b8  :   db;
	35b9  :   c1;
	35ba  :   58;
	35bb  :   ee;
	35bc  :   43;
	35bd  :   e1;
	35be  :   0c;
	35bf  :   b4;
	35c0  :   cc;
	35c1  :   d4;
	35c2  :   9e;
	35c3  :   01;
	35c4  :   1b;
	35c5  :   ec;
	35c6  :   b0;
	35c7  :   d0;
	35c8  :   e0;
	35c9  :   05;
	35ca  :   ba;
	35cb  :   ed;
	35cc  :   b7;
	35cd  :   fc;
	35ce  :   f8;
	35cf  :   d7;
	35d0  :   31;
	35d1  :   64;
	35d2  :   fc;
	35d3  :   f6;
	35d4  :   21;
	35d5  :   c3;
	35d6  :   ad;
	35d7  :   2d;
	35d8  :   ec;
	35d9  :   28;
	35da  :   cf;
	35db  :   c1;
	35dc  :   0a;
	35dd  :   a4;
	35de  :   9a;
	35df  :   3a;
	35e0  :   42;
	35e1  :   e9;
	35e2  :   a6;
	35e3  :   f0;
	35e4  :   25;
	35e5  :   ec;
	35e6  :   e4;
	35e7  :   74;
	35e8  :   32;
	35e9  :   b9;
	35ea  :   25;
	35eb  :   fd;
	35ec  :   5a;
	35ed  :   34;
	35ee  :   07;
	35ef  :   52;
	35f0  :   da;
	35f1  :   2b;
	35f2  :   18;
	35f3  :   9f;
	35f4  :   df;
	35f5  :   cf;
	35f6  :   40;
	35f7  :   2a;
	35f8  :   96;
	35f9  :   3f;
	35fa  :   11;
	35fb  :   18;
	35fc  :   c6;
	35fd  :   d2;
	35fe  :   09;
	35ff  :   fe;
	3600  :   0f;
	3601  :   ef;
	3602  :   e8;
	3603  :   66;
	3604  :   15;
	3605  :   cd;
	3606  :   3f;
	3607  :   67;
	3608  :   5b;
	3609  :   bc;
	360a  :   54;
	360b  :   18;
	360c  :   2b;
	360d  :   3b;
	360e  :   65;
	360f  :   bc;
	3610  :   fc;
	3611  :   ee;
	3612  :   29;
	3613  :   53;
	3614  :   0e;
	3615  :   bc;
	3616  :   dd;
	3617  :   e1;
	3618  :   2f;
	3619  :   c8;
	361a  :   4d;
	361b  :   2b;
	361c  :   12;
	361d  :   d9;
	361e  :   cf;
	361f  :   37;
	3620  :   17;
	3621  :   49;
	3622  :   d4;
	3623  :   ca;
	3624  :   bd;
	3625  :   d4;
	3626  :   78;
	3627  :   3d;
	3628  :   4b;
	3629  :   b6;
	362a  :   3d;
	362b  :   0f;
	362c  :   d2;
	362d  :   55;
	362e  :   cc;
	362f  :   c8;
	3630  :   e1;
	3631  :   59;
	3632  :   3a;
	3633  :   99;
	3634  :   f0;
	3635  :   dd;
	3636  :   7f;
	3637  :   55;
	3638  :   e9;
	3639  :   64;
	363a  :   e3;
	363b  :   03;
	363c  :   49;
	363d  :   5b;
	363e  :   08;
	363f  :   b7;
	3640  :   b5;
	3641  :   b9;
	3642  :   e6;
	3643  :   14;
	3644  :   51;
	3645  :   c0;
	3646  :   1f;
	3647  :   b3;
	3648  :   36;
	3649  :   04;
	364a  :   04;
	364b  :   5b;
	364c  :   5e;
	364d  :   b1;
	364e  :   0e;
	364f  :   ec;
	3650  :   b0;
	3651  :   fe;
	3652  :   02;
	3653  :   e8;
	3654  :   55;
	3655  :   62;
	3656  :   00;
	3657  :   02;
	3658  :   29;
	3659  :   45;
	365a  :   11;
	365b  :   c0;
	365c  :   53;
	365d  :   48;
	365e  :   46;
	365f  :   65;
	3660  :   c8;
	3661  :   09;
	3662  :   28;
	3663  :   d0;
	3664  :   eb;
	3665  :   d5;
	3666  :   4e;
	3667  :   1c;
	3668  :   d8;
	3669  :   60;
	366a  :   ea;
	366b  :   19;
	366c  :   2c;
	366d  :   d7;
	366e  :   9a;
	366f  :   12;
	3670  :   b5;
	3671  :   5e;
	3672  :   cb;
	3673  :   3c;
	3674  :   c0;
	3675  :   d4;
	3676  :   3e;
	3677  :   07;
	3678  :   61;
	3679  :   cc;
	367a  :   44;
	367b  :   64;
	367c  :   b9;
	367d  :   29;
	367e  :   ee;
	367f  :   19;
	3680  :   11;
	3681  :   b2;
	3682  :   37;
	3683  :   b4;
	3684  :   9c;
	3685  :   2e;
	3686  :   df;
	3687  :   e4;
	3688  :   a7;
	3689  :   05;
	368a  :   d7;
	368b  :   44;
	368c  :   23;
	368d  :   d6;
	368e  :   2b;
	368f  :   06;
	3690  :   68;
	3691  :   02;
	3692  :   1c;
	3693  :   0a;
	3694  :   5f;
	3695  :   67;
	3696  :   19;
	3697  :   42;
	3698  :   e0;
	3699  :   ee;
	369a  :   1f;
	369b  :   61;
	369c  :   ea;
	369d  :   f7;
	369e  :   eb;
	369f  :   2f;
	36a0  :   60;
	36a1  :   c5;
	36a2  :   c3;
	36a3  :   e3;
	36a4  :   ad;
	36a5  :   bf;
	36a6  :   13;
	36a7  :   c5;
	36a8  :   0d;
	36a9  :   64;
	36aa  :   b5;
	36ab  :   70;
	36ac  :   06;
	36ad  :   7a;
	36ae  :   6c;
	36af  :   fc;
	36b0  :   02;
	36b1  :   d7;
	36b2  :   34;
	36b3  :   08;
	36b4  :   db;
	36b5  :   0c;
	36b6  :   bf;
	36b7  :   78;
	36b8  :   17;
	36b9  :   d1;
	36ba  :   27;
	36bb  :   b5;
	36bc  :   ec;
	36bd  :   b7;
	36be  :   04;
	36bf  :   97;
	36c0  :   4f;
	36c1  :   40;
	36c2  :   19;
	36c3  :   4a;
	36c4  :   a8;
	36c5  :   c2;
	36c6  :   0a;
	36c7  :   74;
	36c8  :   38;
	36c9  :   00;
	36ca  :   6b;
	36cb  :   c7;
	36cc  :   59;
	36cd  :   2d;
	36ce  :   2b;
	36cf  :   3b;
	36d0  :   06;
	36d1  :   6d;
	36d2  :   53;
	36d3  :   64;
	36d4  :   b9;
	36d5  :   39;
	36d6  :   3c;
	36d7  :   ec;
	36d8  :   09;
	36d9  :   f8;
	36da  :   3c;
	36db  :   dd;
	36dc  :   fb;
	36dd  :   63;
	36de  :   3d;
	36df  :   fa;
	36e0  :   cf;
	36e1  :   6c;
	36e2  :   19;
	36e3  :   dc;
	36e4  :   6d;
	36e5  :   f0;
	36e6  :   62;
	36e7  :   ef;
	36e8  :   c0;
	36e9  :   10;
	36ea  :   1b;
	36eb  :   2f;
	36ec  :   2c;
	36ed  :   73;
	36ee  :   66;
	36ef  :   3a;
	36f0  :   4c;
	36f1  :   fd;
	36f2  :   74;
	36f3  :   32;
	36f4  :   bb;
	36f5  :   67;
	36f6  :   ea;
	36f7  :   ce;
	36f8  :   0a;
	36f9  :   4e;
	36fa  :   de;
	36fb  :   bf;
	36fc  :   ee;
	36fd  :   fb;
	36fe  :   fe;
	36ff  :   e6;
	3700  :   68;
	3701  :   19;
	3702  :   37;
	3703  :   cf;
	3704  :   16;
	3705  :   f1;
	3706  :   09;
	3707  :   09;
	3708  :   c7;
	3709  :   5c;
	370a  :   72;
	370b  :   e2;
	370c  :   3b;
	370d  :   04;
	370e  :   e1;
	370f  :   38;
	3710  :   c2;
	3711  :   58;
	3712  :   77;
	3713  :   28;
	3714  :   5f;
	3715  :   eb;
	3716  :   c0;
	3717  :   e1;
	3718  :   71;
	3719  :   f2;
	371a  :   57;
	371b  :   b5;
	371c  :   4b;
	371d  :   e7;
	371e  :   73;
	371f  :   7b;
	3720  :   fa;
	3721  :   06;
	3722  :   07;
	3723  :   0f;
	3724  :   05;
	3725  :   13;
	3726  :   fe;
	3727  :   06;
	3728  :   ff;
	3729  :   f6;
	372a  :   f8;
	372b  :   0e;
	372c  :   18;
	372d  :   fc;
	372e  :   13;
	372f  :   17;
	3730  :   f5;
	3731  :   f7;
	3732  :   0f;
	3733  :   01;
	3734  :   1a;
	3735  :   fe;
	3736  :   f9;
	3737  :   05;
	3738  :   10;
	3739  :   ff;
	373a  :   0f;
	373b  :   03;
	373c  :   fe;
	373d  :   ff;
	373e  :   fa;
	373f  :   03;
	3740  :   05;
	3741  :   f9;
	3742  :   0b;
	3743  :   08;
	3744  :   06;
	3745  :   18;
	3746  :   0d;
	3747  :   0f;
	3748  :   00;
	3749  :   0e;
	374a  :   15;
	374b  :   16;
	374c  :   0f;
	374d  :   f0;
	374e  :   16;
	374f  :   ee;
	3750  :   18;
	3751  :   f1;
	3752  :   17;
	3753  :   fe;
	3754  :   f6;
	3755  :   13;
	3756  :   18;
	3757  :   fa;
	3758  :   fa;
	3759  :   07;
	375a  :   04;
	375b  :   0a;
	375c  :   03;
	375d  :   fa;
	375e  :   07;
	375f  :   07;
	3760  :   1c;
	3761  :   0a;
	3762  :   f6;
	3763  :   17;
	3764  :   01;
	3765  :   0d;
	3766  :   0f;
	3767  :   ed;
	3768  :   ed;
	3769  :   0b;
	376a  :   f7;
	376b  :   10;
	376c  :   ed;
	376d  :   00;
	376e  :   09;
	376f  :   07;
	3770  :   f8;
	3771  :   11;
	3772  :   f7;
	3773  :   1b;
	3774  :   fd;
	3775  :   f9;
	3776  :   fe;
	3777  :   f4;
	3778  :   05;
	3779  :   fe;
	377a  :   07;
	377b  :   0a;
	377c  :   07;
	377d  :   05;
	377e  :   f3;
	377f  :   fc;
	3780  :   f3;
	3781  :   e2;
	3782  :   b5;
	3783  :   d4;
	3784  :   e5;
	3785  :   fa;
	3786  :   0c;
	3787  :   0d;
	3788  :   01;
	3789  :   09;
	378a  :   12;
	378b  :   fb;
	378c  :   ed;
	378d  :   18;
	378e  :   f3;
	378f  :   0c;
	3790  :   04;
	3791  :   f5;
	3792  :   0c;
	3793  :   fe;
	3794  :   01;
	3795  :   fe;
	3796  :   08;
	3797  :   ee;
	3798  :   f9;
	3799  :   f5;
	379a  :   e1;
	379b  :   d0;
	379c  :   b5;
	379d  :   b8;
	379e  :   9d;
	379f  :   b4;
	37a0  :   c4;
	37a1  :   c2;
	37a2  :   dd;
	37a3  :   d2;
	37a4  :   e4;
	37a5  :   00;
	37a6  :   f0;
	37a7  :   14;
	37a8  :   f1;
	37a9  :   16;
	37aa  :   06;
	37ab  :   08;
	37ac  :   02;
	37ad  :   18;
	37ae  :   13;
	37af  :   fc;
	37b0  :   fa;
	37b1  :   13;
	37b2  :   09;
	37b3  :   27;
	37b4  :   2d;
	37b5  :   25;
	37b6  :   d6;
	37b7  :   b7;
	37b8  :   aa;
	37b9  :   93;
	37ba  :   b7;
	37bb  :   d2;
	37bc  :   b8;
	37bd  :   c5;
	37be  :   d2;
	37bf  :   dd;
	37c0  :   fc;
	37c1  :   d6;
	37c2  :   e2;
	37c3  :   d4;
	37c4  :   e7;
	37c5  :   16;
	37c6  :   f5;
	37c7  :   19;
	37c8  :   03;
	37c9  :   16;
	37ca  :   11;
	37cb  :   f8;
	37cc  :   e9;
	37cd  :   fd;
	37ce  :   0c;
	37cf  :   17;
	37d0  :   f9;
	37d1  :   e3;
	37d2  :   ad;
	37d3  :   8a;
	37d4  :   93;
	37d5  :   d3;
	37d6  :   f6;
	37d7  :   19;
	37d8  :   0d;
	37d9  :   3f;
	37da  :   3c;
	37db  :   21;
	37dc  :   37;
	37dd  :   3a;
	37de  :   00;
	37df  :   0e;
	37e0  :   07;
	37e1  :   1a;
	37e2  :   f6;
	37e3  :   0f;
	37e4  :   fd;
	37e5  :   fe;
	37e6  :   0e;
	37e7  :   10;
	37e8  :   f3;
	37e9  :   f8;
	37ea  :   01;
	37eb  :   06;
	37ec  :   eb;
	37ed  :   b9;
	37ee  :   a9;
	37ef  :   b4;
	37f0  :   e3;
	37f1  :   06;
	37f2  :   29;
	37f3  :   34;
	37f4  :   23;
	37f5  :   2f;
	37f6  :   4e;
	37f7  :   4f;
	37f8  :   4a;
	37f9  :   36;
	37fa  :   11;
	37fb  :   23;
	37fc  :   00;
	37fd  :   fd;
	37fe  :   02;
	37ff  :   07;
	3800  :   fe;
	3801  :   f3;
	3802  :   f2;
	3803  :   0a;
	3804  :   f6;
	3805  :   f7;
	3806  :   ff;
	3807  :   07;
	3808  :   06;
	3809  :   e0;
	380a  :   ee;
	380b  :   e2;
	380c  :   15;
	380d  :   17;
	380e  :   19;
	380f  :   0c;
	3810  :   02;
	3811  :   10;
	3812  :   1b;
	3813  :   32;
	3814  :   17;
	3815  :   20;
	3816  :   f9;
	3817  :   10;
	3818  :   3f;
	3819  :   1e;
	381a  :   04;
	381b  :   0f;
	381c  :   fa;
	381d  :   0a;
	381e  :   f3;
	381f  :   07;
	3820  :   f9;
	3821  :   eb;
	3822  :   ee;
	3823  :   ef;
	3824  :   09;
	3825  :   f4;
	3826  :   0a;
	3827  :   f2;
	3828  :   2b;
	3829  :   19;
	382a  :   17;
	382b  :   06;
	382c  :   e5;
	382d  :   e7;
	382e  :   e0;
	382f  :   13;
	3830  :   0c;
	3831  :   fc;
	3832  :   0e;
	3833  :   01;
	3834  :   3d;
	3835  :   10;
	3836  :   19;
	3837  :   0a;
	3838  :   10;
	3839  :   05;
	383a  :   fd;
	383b  :   fb;
	383c  :   e7;
	383d  :   e1;
	383e  :   d8;
	383f  :   ce;
	3840  :   06;
	3841  :   f0;
	3842  :   fb;
	3843  :   fc;
	3844  :   17;
	3845  :   1b;
	3846  :   22;
	3847  :   15;
	3848  :   f8;
	3849  :   d2;
	384a  :   f5;
	384b  :   0b;
	384c  :   e1;
	384d  :   1c;
	384e  :   ee;
	384f  :   1f;
	3850  :   3f;
	3851  :   41;
	3852  :   19;
	3853  :   21;
	3854  :   18;
	3855  :   04;
	3856  :   0e;
	3857  :   09;
	3858  :   f6;
	3859  :   d1;
	385a  :   c5;
	385b  :   f3;
	385c  :   10;
	385d  :   0f;
	385e  :   19;
	385f  :   39;
	3860  :   fd;
	3861  :   e8;
	3862  :   11;
	3863  :   02;
	3864  :   0d;
	3865  :   ff;
	3866  :   05;
	3867  :   e9;
	3868  :   0c;
	3869  :   01;
	386a  :   ff;
	386b  :   33;
	386c  :   4e;
	386d  :   20;
	386e  :   0c;
	386f  :   13;
	3870  :   0a;
	3871  :   03;
	3872  :   1f;
	3873  :   1f;
	3874  :   fe;
	3875  :   d8;
	3876  :   d8;
	3877  :   07;
	3878  :   f4;
	3879  :   07;
	387a  :   12;
	387b  :   0b;
	387c  :   d5;
	387d  :   9d;
	387e  :   f6;
	387f  :   1f;
	3880  :   05;
	3881  :   02;
	3882  :   0e;
	3883  :   eb;
	3884  :   dc;
	3885  :   f4;
	3886  :   e5;
	3887  :   12;
	3888  :   1e;
	3889  :   32;
	388a  :   0b;
	388b  :   04;
	388c  :   15;
	388d  :   09;
	388e  :   f9;
	388f  :   f3;
	3890  :   ee;
	3891  :   b2;
	3892  :   c9;
	3893  :   04;
	3894  :   ed;
	3895  :   1a;
	3896  :   fd;
	3897  :   d7;
	3898  :   96;
	3899  :   b7;
	389a  :   03;
	389b  :   23;
	389c  :   27;
	389d  :   08;
	389e  :   f9;
	389f  :   ea;
	38a0  :   c5;
	38a1  :   e7;
	38a2  :   db;
	38a3  :   da;
	38a4  :   01;
	38a5  :   11;
	38a6  :   10;
	38a7  :   11;
	38a8  :   01;
	38a9  :   05;
	38aa  :   f7;
	38ab  :   f1;
	38ac  :   0d;
	38ad  :   dd;
	38ae  :   e3;
	38af  :   eb;
	38b0  :   01;
	38b1  :   15;
	38b2  :   f2;
	38b3  :   bf;
	38b4  :   af;
	38b5  :   e9;
	38b6  :   22;
	38b7  :   38;
	38b8  :   34;
	38b9  :   00;
	38ba  :   ec;
	38bb  :   d6;
	38bc  :   bb;
	38bd  :   dc;
	38be  :   c2;
	38bf  :   eb;
	38c0  :   f8;
	38c1  :   02;
	38c2  :   00;
	38c3  :   08;
	38c4  :   f9;
	38c5  :   01;
	38c6  :   17;
	38c7  :   0a;
	38c8  :   f6;
	38c9  :   db;
	38ca  :   e3;
	38cb  :   f0;
	38cc  :   0f;
	38cd  :   06;
	38ce  :   02;
	38cf  :   f7;
	38d0  :   f3;
	38d1  :   1c;
	38d2  :   22;
	38d3  :   3f;
	38d4  :   31;
	38d5  :   1c;
	38d6  :   ea;
	38d7  :   a3;
	38d8  :   b8;
	38d9  :   c6;
	38da  :   eb;
	38db  :   e6;
	38dc  :   f0;
	38dd  :   ff;
	38de  :   f3;
	38df  :   1a;
	38e0  :   0c;
	38e1  :   fb;
	38e2  :   08;
	38e3  :   f4;
	38e4  :   e6;
	38e5  :   f1;
	38e6  :   00;
	38e7  :   10;
	38e8  :   30;
	38e9  :   0f;
	38ea  :   19;
	38eb  :   04;
	38ec  :   1a;
	38ed  :   0e;
	38ee  :   09;
	38ef  :   0a;
	38f0  :   1e;
	38f1  :   d5;
	38f2  :   a7;
	38f3  :   95;
	38f4  :   8c;
	38f5  :   e8;
	38f6  :   eb;
	38f7  :   d2;
	38f8  :   ea;
	38f9  :   fc;
	38fa  :   f4;
	38fb  :   0c;
	38fc  :   18;
	38fd  :   f3;
	38fe  :   ef;
	38ff  :   e8;
	3900  :   e2;
	3901  :   d6;
	3902  :   08;
	3903  :   14;
	3904  :   2b;
	3905  :   16;
	3906  :   0c;
	3907  :   0a;
	3908  :   05;
	3909  :   13;
	390a  :   27;
	390b  :   05;
	390c  :   f9;
	390d  :   bd;
	390e  :   9a;
	390f  :   8f;
	3910  :   c0;
	3911  :   ef;
	3912  :   1d;
	3913  :   14;
	3914  :   08;
	3915  :   f4;
	3916  :   f6;
	3917  :   17;
	3918  :   18;
	3919  :   1c;
	391a  :   0f;
	391b  :   dc;
	391c  :   bd;
	391d  :   cf;
	391e  :   fa;
	391f  :   21;
	3920  :   18;
	3921  :   05;
	3922  :   15;
	3923  :   20;
	3924  :   f9;
	3925  :   15;
	3926  :   20;
	3927  :   ea;
	3928  :   db;
	3929  :   cd;
	392a  :   ac;
	392b  :   8e;
	392c  :   e5;
	392d  :   f0;
	392e  :   f8;
	392f  :   03;
	3930  :   08;
	3931  :   0c;
	3932  :   17;
	3933  :   fb;
	3934  :   fe;
	3935  :   0f;
	3936  :   19;
	3937  :   de;
	3938  :   ba;
	3939  :   bb;
	393a  :   d6;
	393b  :   05;
	393c  :   ea;
	393d  :   fb;
	393e  :   fc;
	393f  :   09;
	3940  :   13;
	3941  :   18;
	3942  :   f8;
	3943  :   cb;
	3944  :   c9;
	3945  :   c0;
	3946  :   a2;
	3947  :   b8;
	3948  :   c5;
	3949  :   e1;
	394a  :   ea;
	394b  :   11;
	394c  :   08;
	394d  :   1c;
	394e  :   f7;
	394f  :   16;
	3950  :   12;
	3951  :   f8;
	3952  :   ed;
	3953  :   d0;
	3954  :   bb;
	3955  :   e2;
	3956  :   ed;
	3957  :   f7;
	3958  :   e9;
	3959  :   ea;
	395a  :   e9;
	395b  :   f9;
	395c  :   20;
	395d  :   08;
	395e  :   fc;
	395f  :   e3;
	3960  :   c0;
	3961  :   e0;
	3962  :   87;
	3963  :   b9;
	3964  :   e0;
	3965  :   f8;
	3966  :   02;
	3967  :   06;
	3968  :   1b;
	3969  :   2e;
	396a  :   f6;
	396b  :   10;
	396c  :   f9;
	396d  :   f6;
	396e  :   02;
	396f  :   e1;
	3970  :   d1;
	3971  :   cb;
	3972  :   f7;
	3973  :   01;
	3974  :   d0;
	3975  :   ef;
	3976  :   e6;
	3977  :   f3;
	3978  :   0d;
	3979  :   1b;
	397a  :   13;
	397b  :   e4;
	397c  :   b4;
	397d  :   bb;
	397e  :   80;
	397f  :   a6;
	3980  :   de;
	3981  :   ed;
	3982  :   fa;
	3983  :   02;
	3984  :   2e;
	3985  :   23;
	3986  :   ff;
	3987  :   f7;
	3988  :   fa;
	3989  :   12;
	398a  :   09;
	398b  :   f1;
	398c  :   fc;
	398d  :   fc;
	398e  :   eb;
	398f  :   0b;
	3990  :   0d;
	3991  :   0c;
	3992  :   e1;
	3993  :   f7;
	3994  :   07;
	3995  :   01;
	3996  :   19;
	3997  :   d9;
	3998  :   c7;
	3999  :   af;
	399a  :   96;
	399b  :   b7;
	399c  :   ff;
	399d  :   f6;
	399e  :   fd;
	399f  :   0c;
	39a0  :   0b;
	39a1  :   17;
	39a2  :   15;
	39a3  :   1a;
	39a4  :   1b;
	39a5  :   fc;
	39a6  :   17;
	39a7  :   ef;
	39a8  :   f3;
	39a9  :   f7;
	39aa  :   09;
	39ab  :   05;
	39ac  :   11;
	39ad  :   0d;
	39ae  :   f4;
	39af  :   e8;
	39b0  :   06;
	39b1  :   29;
	39b2  :   f8;
	39b3  :   d3;
	39b4  :   be;
	39b5  :   93;
	39b6  :   88;
	39b7  :   bf;
	39b8  :   f7;
	39b9  :   08;
	39ba  :   f5;
	39bb  :   12;
	39bc  :   f6;
	39bd  :   fc;
	39be  :   07;
	39bf  :   17;
	39c0  :   17;
	39c1  :   f9;
	39c2  :   03;
	39c3  :   0b;
	39c4  :   f7;
	39c5  :   01;
	39c6  :   ff;
	39c7  :   20;
	39c8  :   2b;
	39c9  :   f7;
	39ca  :   08;
	39cb  :   17;
	39cc  :   0d;
	39cd  :   06;
	39ce  :   ff;
	39cf  :   f5;
	39d0  :   c4;
	39d1  :   b9;
	39d2  :   85;
	39d3  :   b5;
	39d4  :   de;
	39d5  :   ec;
	39d6  :   f7;
	39d7  :   07;
	39d8  :   19;
	39d9  :   fa;
	39da  :   19;
	39db  :   1c;
	39dc  :   16;
	39dd  :   f9;
	39de  :   ff;
	39df  :   0c;
	39e0  :   0f;
	39e1  :   fc;
	39e2  :   fe;
	39e3  :   f8;
	39e4  :   1a;
	39e5  :   10;
	39e6  :   0b;
	39e7  :   2c;
	39e8  :   18;
	39e9  :   2a;
	39ea  :   34;
	39eb  :   31;
	39ec  :   01;
	39ed  :   f0;
	39ee  :   f0;
	39ef  :   e2;
	39f0  :   ff;
	39f1  :   f3;
	39f2  :   04;
	39f3  :   0a;
	39f4  :   fd;
	39f5  :   0e;
	39f6  :   0b;
	39f7  :   0c;
	39f8  :   03;
	39f9  :   f8;
	39fa  :   ff;
	39fb  :   14;
	39fc  :   f8;
	39fd  :   08;
	39fe  :   2b;
	39ff  :   11;
	3a00  :   49;
	3a01  :   5b;
	3a02  :   3d;
	3a03  :   30;
	3a04  :   2b;
	3a05  :   40;
	3a06  :   6e;
	3a07  :   54;
	3a08  :   3a;
	3a09  :   38;
	3a0a  :   2f;
	3a0b  :   09;
	3a0c  :   14;
	3a0d  :   1e;
	3a0e  :   05;
	3a0f  :   1a;
	3a10  :   f7;
	3a11  :   14;
	3a12  :   17;
	3a13  :   0e;
	3a14  :   08;
	3a15  :   fd;
	3a16  :   1a;
	3a17  :   fa;
	3a18  :   07;
	3a19  :   11;
	3a1a  :   0a;
	3a1b  :   22;
	3a1c  :   0b;
	3a1d  :   18;
	3a1e  :   0e;
	3a1f  :   fc;
	3a20  :   fe;
	3a21  :   19;
	3a22  :   21;
	3a23  :   1c;
	3a24  :   17;
	3a25  :   18;
	3a26  :   f9;
	3a27  :   f6;
	3a28  :   f7;
	3a29  :   09;
	3a2a  :   02;
	3a2b  :   02;
	3a2c  :   00;
	3a2d  :   f3;
	3a2e  :   0b;
	3a2f  :   09;
	3a30  :   0b;
	3a31  :   0b;
	3a32  :   09;
	3a33  :   0e;
	3a34  :   f7;
	3a35  :   fb;
	3a36  :   02;
	3a37  :   13;
	3a38  :   1c;
	3a39  :   03;
	3a3a  :   f4;
	3a3b  :   1e;
	3a3c  :   fc;
	3a3d  :   12;
	3a3e  :   f6;
	3a3f  :   1c;
	3a40  :   18;
	3a41  :   1e;
	3a42  :   f2;
	3a43  :   11;
	3a44  :   00;
	3a45  :   07;
	3a46  :   0c;
	3a47  :   05;
	3a48  :   17;
	3a49  :   1f;
	3a4a  :   0a;
	3a4b  :   f4;
	3a4c  :   fd;
	3a4d  :   f8;
	3a4e  :   16;
	3a4f  :   24;
	3a50  :   fd;
	3a51  :   0b;
	3a52  :   ff;
	3a53  :   f0;
	3a54  :   0e;
	3a55  :   f6;
	3a56  :   1d;
	3a57  :   1e;
	3a58  :   26;
	3a59  :   0a;
	3a5a  :   15;
	3a5b  :   14;
	3a5c  :   fc;
	3a5d  :   16;
	3a5e  :   0a;
	3a5f  :   09;
	3a60  :   f6;
	3a61  :   1e;
	3a62  :   f5;
	3a63  :   fd;
	3a64  :   fc;
	3a65  :   09;
	3a66  :   02;
	3a67  :   25;
	3a68  :   21;
	3a69  :   01;
	3a6a  :   08;
	3a6b  :   06;
	3a6c  :   f3;
	3a6d  :   f1;
	3a6e  :   fe;
	3a6f  :   f8;
	3a70  :   11;
	3a71  :   21;
	3a72  :   f8;
	3a73  :   ee;
	3a74  :   16;
	3a75  :   04;
	3a76  :   ec;
	3a77  :   00;
	3a78  :   fd;
	3a79  :   11;
	3a7a  :   eb;
	3a7b  :   24;
	3a7c  :   fb;
	3a7d  :   fe;
	3a7e  :   0b;
	3a7f  :   09;
	3a80  :   21;
	3a81  :   1b;
	3a82  :   01;
	3a83  :   09;
	3a84  :   fb;
	3a85  :   1c;
	3a86  :   fb;
	3a87  :   f8;
	3a88  :   15;
	3a89  :   24;
	3a8a  :   f1;
	3a8b  :   0d;
	3a8c  :   1b;
	3a8d  :   03;
	3a8e  :   ee;
	3a8f  :   09;
	3a90  :   f7;
	3a91  :   d6;
	3a92  :   e0;
	3a93  :   f9;
	3a94  :   d0;
	3a95  :   d5;
	3a96  :   20;
	3a97  :   12;
	3a98  :   fb;
	3a99  :   10;
	3a9a  :   15;
	3a9b  :   28;
	3a9c  :   27;
	3a9d  :   0e;
	3a9e  :   ef;
	3a9f  :   fe;
	3aa0  :   26;
	3aa1  :   f1;
	3aa2  :   26;
	3aa3  :   fd;
	3aa4  :   f8;
	3aa5  :   00;
	3aa6  :   e1;
	3aa7  :   f4;
	3aa8  :   ff;
	3aa9  :   e9;
	3aaa  :   03;
	3aab  :   05;
	3aac  :   18;
	3aad  :   fa;
	3aae  :   13;
	3aaf  :   00;
	3ab0  :   08;
	3ab1  :   30;
	3ab2  :   23;
	3ab3  :   20;
	3ab4  :   13;
	3ab5  :   12;
	3ab6  :   0f;
	3ab7  :   45;
	3ab8  :   49;
	3ab9  :   fd;
	3aba  :   2b;
	3abb  :   01;
	3abc  :   f4;
	3abd  :   0c;
	3abe  :   f1;
	3abf  :   25;
	3ac0  :   16;
	3ac1  :   d0;
	3ac2  :   fc;
	3ac3  :   0d;
	3ac4  :   e1;
	3ac5  :   07;
	3ac6  :   1d;
	3ac7  :   1a;
	3ac8  :   fd;
	3ac9  :   e2;
	3aca  :   17;
	3acb  :   10;
	3acc  :   3e;
	3acd  :   42;
	3ace  :   f7;
	3acf  :   3b;
	3ad0  :   34;
	3ad1  :   16;
	3ad2  :   0c;
	3ad3  :   3f;
	3ad4  :   28;
	3ad5  :   26;
	3ad6  :   1b;
	3ad7  :   06;
	3ad8  :   20;
	3ad9  :   0c;
	3ada  :   0a;
	3adb  :   f9;
	3adc  :   1e;
	3add  :   1d;
	3ade  :   f3;
	3adf  :   0c;
	3ae0  :   19;
	3ae1  :   35;
	3ae2  :   0d;
	3ae3  :   1a;
	3ae4  :   0e;
	3ae5  :   f0;
	3ae6  :   d7;
	3ae7  :   06;
	3ae8  :   e7;
	3ae9  :   1d;
	3aea  :   00;
	3aeb  :   ff;
	3aec  :   0a;
	3aed  :   34;
	3aee  :   26;
	3aef  :   3b;
	3af0  :   1d;
	3af1  :   2e;
	3af2  :   1e;
	3af3  :   f5;
	3af4  :   ff;
	3af5  :   ee;
	3af6  :   ea;
	3af7  :   ed;
	3af8  :   fc;
	3af9  :   22;
	3afa  :   20;
	3afb  :   1a;
	3afc  :   73;
	3afd  :   1d;
	3afe  :   23;
	3aff  :   e3;
	3b00  :   fc;
	3b01  :   e3;
	3b02  :   ec;
	3b03  :   e7;
	3b04  :   e0;
	3b05  :   f5;
	3b06  :   ce;
	3b07  :   f9;
	3b08  :   05;
	3b09  :   26;
	3b0a  :   36;
	3b0b  :   2f;
	3b0c  :   13;
	3b0d  :   3a;
	3b0e  :   32;
	3b0f  :   21;
	3b10  :   f0;
	3b11  :   21;
	3b12  :   13;
	3b13  :   09;
	3b14  :   24;
	3b15  :   1e;
	3b16  :   20;
	3b17  :   62;
	3b18  :   40;
	3b19  :   29;
	3b1a  :   e1;
	3b1b  :   e1;
	3b1c  :   f7;
	3b1d  :   cd;
	3b1e  :   a9;
	3b1f  :   d7;
	3b20  :   e9;
	3b21  :   0e;
	3b22  :   e2;
	3b23  :   ee;
	3b24  :   ff;
	3b25  :   03;
	3b26  :   11;
	3b27  :   16;
	3b28  :   1b;
	3b29  :   2a;
	3b2a  :   34;
	3b2b  :   13;
	3b2c  :   1b;
	3b2d  :   22;
	3b2e  :   1b;
	3b2f  :   f7;
	3b30  :   f1;
	3b31  :   0e;
	3b32  :   0f;
	3b33  :   3c;
	3b34  :   37;
	3b35  :   3b;
	3b36  :   e6;
	3b37  :   d5;
	3b38  :   c8;
	3b39  :   ab;
	3b3a  :   95;
	3b3b  :   e5;
	3b3c  :   2a;
	3b3d  :   fb;
	3b3e  :   ea;
	3b3f  :   15;
	3b40  :   21;
	3b41  :   26;
	3b42  :   00;
	3b43  :   2e;
	3b44  :   0f;
	3b45  :   1e;
	3b46  :   31;
	3b47  :   08;
	3b48  :   21;
	3b49  :   17;
	3b4a  :   18;
	3b4b  :   0f;
	3b4c  :   fa;
	3b4d  :   04;
	3b4e  :   08;
	3b4f  :   13;
	3b50  :   11;
	3b51  :   1f;
	3b52  :   e9;
	3b53  :   d3;
	3b54  :   ef;
	3b55  :   9e;
	3b56  :   9b;
	3b57  :   ca;
	3b58  :   e7;
	3b59  :   0c;
	3b5a  :   1a;
	3b5b  :   06;
	3b5c  :   19;
	3b5d  :   fa;
	3b5e  :   e4;
	3b5f  :   cd;
	3b60  :   10;
	3b61  :   fe;
	3b62  :   f8;
	3b63  :   20;
	3b64  :   28;
	3b65  :   fa;
	3b66  :   de;
	3b67  :   0f;
	3b68  :   ed;
	3b69  :   13;
	3b6a  :   02;
	3b6b  :   18;
	3b6c  :   1e;
	3b6d  :   09;
	3b6e  :   05;
	3b6f  :   fe;
	3b70  :   0b;
	3b71  :   ed;
	3b72  :   b6;
	3b73  :   99;
	3b74  :   c7;
	3b75  :   db;
	3b76  :   d5;
	3b77  :   1a;
	3b78  :   f3;
	3b79  :   d2;
	3b7a  :   b6;
	3b7b  :   a4;
	3b7c  :   d7;
	3b7d  :   e1;
	3b7e  :   fe;
	3b7f  :   06;
	3b80  :   0b;
	3b81  :   f4;
	3b82  :   07;
	3b83  :   fd;
	3b84  :   04;
	3b85  :   17;
	3b86  :   19;
	3b87  :   ec;
	3b88  :   01;
	3b89  :   f0;
	3b8a  :   41;
	3b8b  :   67;
	3b8c  :   36;
	3b8d  :   3d;
	3b8e  :   e1;
	3b8f  :   c2;
	3b90  :   a6;
	3b91  :   c9;
	3b92  :   f0;
	3b93  :   fc;
	3b94  :   dd;
	3b95  :   04;
	3b96  :   aa;
	3b97  :   b7;
	3b98  :   f8;
	3b99  :   e6;
	3b9a  :   f5;
	3b9b  :   1a;
	3b9c  :   f3;
	3b9d  :   f8;
	3b9e  :   ec;
	3b9f  :   eb;
	3ba0  :   d0;
	3ba1  :   02;
	3ba2  :   34;
	3ba3  :   0b;
	3ba4  :   28;
	3ba5  :   32;
	3ba6  :   24;
	3ba7  :   44;
	3ba8  :   52;
	3ba9  :   12;
	3baa  :   e8;
	3bab  :   c3;
	3bac  :   ce;
	3bad  :   f3;
	3bae  :   0b;
	3baf  :   f2;
	3bb0  :   bd;
	3bb1  :   e0;
	3bb2  :   b1;
	3bb3  :   cf;
	3bb4  :   d6;
	3bb5  :   dc;
	3bb6  :   e0;
	3bb7  :   0e;
	3bb8  :   00;
	3bb9  :   ee;
	3bba  :   f9;
	3bbb  :   fb;
	3bbc  :   05;
	3bbd  :   2d;
	3bbe  :   27;
	3bbf  :   12;
	3bc0  :   01;
	3bc1  :   0f;
	3bc2  :   fc;
	3bc3  :   26;
	3bc4  :   1f;
	3bc5  :   f8;
	3bc6  :   06;
	3bc7  :   e7;
	3bc8  :   f3;
	3bc9  :   f2;
	3bca  :   f6;
	3bcb  :   b3;
	3bcc  :   97;
	3bcd  :   b5;
	3bce  :   bd;
	3bcf  :   cf;
	3bd0  :   c4;
	3bd1  :   fa;
	3bd2  :   f1;
	3bd3  :   00;
	3bd4  :   13;
	3bd5  :   0e;
	3bd6  :   f2;
	3bd7  :   05;
	3bd8  :   0b;
	3bd9  :   00;
	3bda  :   18;
	3bdb  :   f4;
	3bdc  :   d9;
	3bdd  :   fe;
	3bde  :   0d;
	3bdf  :   10;
	3be0  :   37;
	3be1  :   44;
	3be2  :   55;
	3be3  :   45;
	3be4  :   0b;
	3be5  :   ee;
	3be6  :   e3;
	3be7  :   9a;
	3be8  :   be;
	3be9  :   d8;
	3bea  :   d9;
	3beb  :   cd;
	3bec  :   b7;
	3bed  :   cf;
	3bee  :   e8;
	3bef  :   fd;
	3bf0  :   09;
	3bf1  :   fc;
	3bf2  :   09;
	3bf3  :   09;
	3bf4  :   ba;
	3bf5  :   e5;
	3bf6  :   e8;
	3bf7  :   e1;
	3bf8  :   9f;
	3bf9  :   db;
	3bfa  :   df;
	3bfb  :   fa;
	3bfc  :   42;
	3bfd  :   6a;
	3bfe  :   30;
	3bff  :   1a;
	3c00  :   1f;
	3c01  :   e3;
	3c02  :   dc;
	3c03  :   e1;
	3c04  :   ba;
	3c05  :   f0;
	3c06  :   d7;
	3c07  :   db;
	3c08  :   e8;
	3c09  :   ea;
	3c0a  :   e0;
	3c0b  :   19;
	3c0c  :   fb;
	3c0d  :   04;
	3c0e  :   f9;
	3c0f  :   0b;
	3c10  :   d3;
	3c11  :   db;
	3c12  :   cf;
	3c13  :   f9;
	3c14  :   8a;
	3c15  :   aa;
	3c16  :   b3;
	3c17  :   ef;
	3c18  :   1c;
	3c19  :   65;
	3c1a  :   35;
	3c1b  :   0f;
	3c1c  :   23;
	3c1d  :   0a;
	3c1e  :   24;
	3c1f  :   f0;
	3c20  :   c7;
	3c21  :   21;
	3c22  :   00;
	3c23  :   f2;
	3c24  :   bc;
	3c25  :   ca;
	3c26  :   e2;
	3c27  :   00;
	3c28  :   02;
	3c29  :   f7;
	3c2a  :   00;
	3c2b  :   ea;
	3c2c  :   d6;
	3c2d  :   db;
	3c2e  :   d2;
	3c2f  :   a9;
	3c30  :   99;
	3c31  :   b4;
	3c32  :   c5;
	3c33  :   ea;
	3c34  :   fe;
	3c35  :   2c;
	3c36  :   07;
	3c37  :   cc;
	3c38  :   ee;
	3c39  :   11;
	3c3a  :   11;
	3c3b  :   17;
	3c3c  :   1e;
	3c3d  :   1e;
	3c3e  :   ee;
	3c3f  :   11;
	3c40  :   f7;
	3c41  :   e8;
	3c42  :   e9;
	3c43  :   28;
	3c44  :   17;
	3c45  :   23;
	3c46  :   ef;
	3c47  :   fa;
	3c48  :   fd;
	3c49  :   e1;
	3c4a  :   b9;
	3c4b  :   8d;
	3c4c  :   d2;
	3c4d  :   cc;
	3c4e  :   fa;
	3c4f  :   c7;
	3c50  :   c8;
	3c51  :   d7;
	3c52  :   d4;
	3c53  :   f8;
	3c54  :   15;
	3c55  :   27;
	3c56  :   23;
	3c57  :   08;
	3c58  :   24;
	3c59  :   4f;
	3c5a  :   48;
	3c5b  :   27;
	3c5c  :   f2;
	3c5d  :   0a;
	3c5e  :   03;
	3c5f  :   f5;
	3c60  :   08;
	3c61  :   05;
	3c62  :   0c;
	3c63  :   24;
	3c64  :   ec;
	3c65  :   dc;
	3c66  :   be;
	3c67  :   bb;
	3c68  :   e4;
	3c69  :   0a;
	3c6a  :   f2;
	3c6b  :   a9;
	3c6c  :   81;
	3c6d  :   bf;
	3c6e  :   a6;
	3c6f  :   e5;
	3c70  :   13;
	3c71  :   3b;
	3c72  :   3d;
	3c73  :   1c;
	3c74  :   1c;
	3c75  :   25;
	3c76  :   55;
	3c77  :   32;
	3c78  :   19;
	3c79  :   e9;
	3c7a  :   f7;
	3c7b  :   16;
	3c7c  :   1a;
	3c7d  :   f0;
	3c7e  :   1d;
	3c7f  :   f8;
	3c80  :   38;
	3c81  :   dc;
	3c82  :   da;
	3c83  :   ef;
	3c84  :   d9;
	3c85  :   e0;
	3c86  :   97;
	3c87  :   86;
	3c88  :   b3;
	3c89  :   ec;
	3c8a  :   df;
	3c8b  :   de;
	3c8c  :   0a;
	3c8d  :   3c;
	3c8e  :   2b;
	3c8f  :   ed;
	3c90  :   28;
	3c91  :   43;
	3c92  :   39;
	3c93  :   3c;
	3c94  :   f9;
	3c95  :   03;
	3c96  :   fd;
	3c97  :   00;
	3c98  :   09;
	3c99  :   06;
	3c9a  :   11;
	3c9b  :   27;
	3c9c  :   3a;
	3c9d  :   23;
	3c9e  :   03;
	3c9f  :   04;
	3ca0  :   fb;
	3ca1  :   f0;
	3ca2  :   be;
	3ca3  :   e8;
	3ca4  :   fb;
	3ca5  :   17;
	3ca6  :   0b;
	3ca7  :   ea;
	3ca8  :   01;
	3ca9  :   33;
	3caa  :   3a;
	3cab  :   47;
	3cac  :   2f;
	3cad  :   4d;
	3cae  :   20;
	3caf  :   0f;
	3cb0  :   21;
	3cb1  :   f2;
	3cb2  :   15;
	3cb3  :   03;
	3cb4  :   20;
	3cb5  :   05;
	3cb6  :   07;
	3cb7  :   07;
	3cb8  :   37;
	3cb9  :   20;
	3cba  :   19;
	3cbb  :   51;
	3cbc  :   32;
	3cbd  :   2d;
	3cbe  :   25;
	3cbf  :   2d;
	3cc0  :   28;
	3cc1  :   22;
	3cc2  :   24;
	3cc3  :   45;
	3cc4  :   31;
	3cc5  :   25;
	3cc6  :   52;
	3cc7  :   17;
	3cc8  :   10;
	3cc9  :   33;
	3cca  :   10;
	3ccb  :   2c;
	3ccc  :   f8;
	3ccd  :   30;
	3cce  :   1f;
	3ccf  :   00;
	3cd0  :   0a;
	3cd1  :   fe;
	3cd2  :   f6;
	3cd3  :   1e;
	3cd4  :   1a;
	3cd5  :   1e;
	3cd6  :   13;
	3cd7  :   26;
	3cd8  :   40;
	3cd9  :   30;
	3cda  :   53;
	3cdb  :   7f;
	3cdc  :   76;
	3cdd  :   40;
	3cde  :   6f;
	3cdf  :   2c;
	3ce0  :   4d;
	3ce1  :   3e;
	3ce2  :   1b;
	3ce3  :   13;
	3ce4  :   02;
	3ce5  :   33;
	3ce6  :   1a;
	3ce7  :   26;
	3ce8  :   0a;
	3ce9  :   1b;
	3cea  :   1b;
	3ceb  :   11;
	3cec  :   05;
	3ced  :   05;
	3cee  :   ef;
	3cef  :   0d;
	3cf0  :   18;
	3cf1  :   ed;
	3cf2  :   1d;
	3cf3  :   33;
	3cf4  :   16;
	3cf5  :   3f;
	3cf6  :   3c;
	3cf7  :   32;
	3cf8  :   34;
	3cf9  :   2f;
	3cfa  :   ee;
	3cfb  :   12;
	3cfc  :   25;
	3cfd  :   e9;
	3cfe  :   20;
	3cff  :   06;
	3d00  :   04;
	3d01  :   23;
	3d02  :   1e;
	3d03  :   2c;
	3d04  :   21;
	3d05  :   f7;
	3d06  :   23;
	3d07  :   05;
	3d08  :   1d;
	3d09  :   0f;
	3d0a  :   03;
	3d0b  :   f7;
	3d0c  :   ea;
	3d0d  :   ff;
	3d0e  :   1b;
	3d0f  :   16;
	3d10  :   f3;
	3d11  :   d7;
	3d12  :   ec;
	3d13  :   da;
	3d14  :   ef;
	3d15  :   af;
	3d16  :   a5;
	3d17  :   c1;
	3d18  :   e0;
	3d19  :   ed;
	3d1a  :   f4;
	3d1b  :   e5;
	3d1c  :   db;
	3d1d  :   00;
	3d1e  :   e9;
	3d1f  :   27;
	3d20  :   ff;
	3d21  :   23;
	3d22  :   01;
	3d23  :   26;
	3d24  :   14;
	3d25  :   fc;
	3d26  :   1a;
	3d27  :   f5;
	3d28  :   09;
	3d29  :   f0;
	3d2a  :   04;
	3d2b  :   eb;
	3d2c  :   0e;
	3d2d  :   05;
	3d2e  :   f9;
	3d2f  :   0c;
	3d30  :   fa;
	3d31  :   00;
	3d32  :   07;
	3d33  :   1a;
	3d34  :   0a;
	3d35  :   ef;
	3d36  :   13;
	3d37  :   00;
	3d38  :   0c;
	3d39  :   16;
	3d3a  :   f0;
	3d3b  :   0e;
	3d3c  :   f1;
	3d3d  :   f9;
	3d3e  :   03;
	3d3f  :   1c;
	3d40  :   e4;
	3d41  :   e4;
	3d42  :   e5;
	3d43  :   f6;
	3d44  :   e2;
	3d45  :   02;
	3d46  :   0e;
	3d47  :   fb;
	3d48  :   03;
	3d49  :   e2;
	3d4a  :   0e;
	3d4b  :   04;
	3d4c  :   0b;
	3d4d  :   00;
	3d4e  :   f8;
	3d4f  :   09;
	3d50  :   0f;
	3d51  :   07;
	3d52  :   f8;
	3d53  :   02;
	3d54  :   ea;
	3d55  :   02;
	3d56  :   01;
	3d57  :   f6;
	3d58  :   e2;
	3d59  :   0c;
	3d5a  :   08;
	3d5b  :   e3;
	3d5c  :   07;
	3d5d  :   00;
	3d5e  :   e2;
	3d5f  :   ed;
	3d60  :   f6;
	3d61  :   fb;
	3d62  :   ff;
	3d63  :   f9;
	3d64  :   ee;
	3d65  :   fc;
	3d66  :   ea;
	3d67  :   f8;
	3d68  :   07;
	3d69  :   f5;
	3d6a  :   f1;
	3d6b  :   06;
	3d6c  :   ee;
	3d6d  :   0c;
	3d6e  :   f3;
	3d6f  :   fa;
	3d70  :   02;
	3d71  :   f3;
	3d72  :   02;
	3d73  :   f3;
	3d74  :   e8;
	3d75  :   fe;
	3d76  :   e9;
	3d77  :   ee;
	3d78  :   e1;
	3d79  :   f6;
	3d7a  :   0e;
	3d7b  :   0b;
	3d7c  :   ee;
	3d7d  :   f5;
	3d7e  :   fa;
	3d7f  :   f8;
	3d80  :   09;
	3d81  :   e0;
	3d82  :   fa;
	3d83  :   e3;
	3d84  :   0b;
	3d85  :   05;
	3d86  :   de;
	3d87  :   da;
	3d88  :   e1;
	3d89  :   e3;
	3d8a  :   fd;
	3d8b  :   ea;
	3d8c  :   e2;
	3d8d  :   e5;
	3d8e  :   f2;
	3d8f  :   e4;
	3d90  :   02;
	3d91  :   0e;
	3d92  :   eb;
	3d93  :   e4;
	3d94  :   ec;
	3d95  :   e5;
	3d96  :   f2;
	3d97  :   0b;
	3d98  :   e6;
	3d99  :   00;
	3d9a  :   eb;
	3d9b  :   06;
	3d9c  :   03;
	3d9d  :   f4;
	3d9e  :   f8;
	3d9f  :   ec;
	3da0  :   d6;
	3da1  :   dc;
	3da2  :   dd;
	3da3  :   d1;
	3da4  :   d4;
	3da5  :   e7;
	3da6  :   fd;
	3da7  :   d6;
	3da8  :   d4;
	3da9  :   0e;
	3daa  :   e9;
	3dab  :   07;
	3dac  :   12;
	3dad  :   f5;
	3dae  :   0f;
	3daf  :   0b;
	3db0  :   f4;
	3db1  :   02;
	3db2  :   e3;
	3db3  :   e6;
	3db4  :   fd;
	3db5  :   f0;
	3db6  :   00;
	3db7  :   cc;
	3db8  :   db;
	3db9  :   c7;
	3dba  :   a8;
	3dbb  :   94;
	3dbc  :   80;
	3dbd  :   8f;
	3dbe  :   c1;
	3dbf  :   f8;
	3dc0  :   e7;
	3dc1  :   27;
	3dc2  :   06;
	3dc3  :   ee;
	3dc4  :   dc;
	3dc5  :   df;
	3dc6  :   12;
	3dc7  :   03;
	3dc8  :   ef;
	3dc9  :   02;
	3dca  :   04;
	3dcb  :   e6;
	3dcc  :   07;
	3dcd  :   e8;
	3dce  :   e4;
	3dcf  :   0c;
	3dd0  :   fd;
	3dd1  :   fb;
	3dd2  :   e2;
	3dd3  :   c4;
	3dd4  :   bc;
	3dd5  :   bf;
	3dd6  :   b2;
	3dd7  :   a9;
	3dd8  :   c5;
	3dd9  :   02;
	3dda  :   f5;
	3ddb  :   d6;
	3ddc  :   de;
	3ddd  :   19;
	3dde  :   f6;
	3ddf  :   fd;
	3de0  :   01;
	3de1  :   17;
	3de2  :   ef;
	3de3  :   d9;
	3de4  :   00;
	3de5  :   17;
	3de6  :   ee;
	3de7  :   fa;
	3de8  :   03;
	3de9  :   fa;
	3dea  :   e4;
	3deb  :   05;
	3dec  :   16;
	3ded  :   f7;
	3dee  :   d0;
	3def  :   e7;
	3df0  :   be;
	3df1  :   c1;
	3df2  :   c5;
	3df3  :   c2;
	3df4  :   ea;
	3df5  :   03;
	3df6  :   0d;
	3df7  :   f1;
	3df8  :   d1;
	3df9  :   e6;
	3dfa  :   0e;
	3dfb  :   1a;
	3dfc  :   01;
	3dfd  :   2b;
	3dfe  :   fa;
	3dff  :   e1;
	3e00  :   f8;
	3e01  :   0d;
	3e02  :   03;
	3e03  :   f3;
	3e04  :   f2;
	3e05  :   0e;
	3e06  :   09;
	3e07  :   fb;
	3e08  :   f5;
	3e09  :   da;
	3e0a  :   f2;
	3e0b  :   d2;
	3e0c  :   b6;
	3e0d  :   d5;
	3e0e  :   fa;
	3e0f  :   1e;
	3e10  :   0e;
	3e11  :   18;
	3e12  :   e6;
	3e13  :   fe;
	3e14  :   f4;
	3e15  :   05;
	3e16  :   1a;
	3e17  :   13;
	3e18  :   f5;
	3e19  :   2c;
	3e1a  :   10;
	3e1b  :   0a;
	3e1c  :   06;
	3e1d  :   29;
	3e1e  :   08;
	3e1f  :   09;
	3e20  :   f4;
	3e21  :   e6;
	3e22  :   fc;
	3e23  :   0e;
	3e24  :   f5;
	3e25  :   e8;
	3e26  :   de;
	3e27  :   04;
	3e28  :   cb;
	3e29  :   e7;
	3e2a  :   ee;
	3e2b  :   03;
	3e2c  :   35;
	3e2d  :   2e;
	3e2e  :   26;
	3e2f  :   28;
	3e30  :   2d;
	3e31  :   44;
	3e32  :   20;
	3e33  :   08;
	3e34  :   3a;
	3e35  :   2d;
	3e36  :   17;
	3e37  :   2e;
	3e38  :   33;
	3e39  :   1f;
	3e3a  :   fc;
	3e3b  :   04;
	3e3c  :   ef;
	3e3d  :   05;
	3e3e  :   f1;
	3e3f  :   07;
	3e40  :   1d;
	3e41  :   e8;
	3e42  :   dd;
	3e43  :   d8;
	3e44  :   ea;
	3e45  :   e9;
	3e46  :   da;
	3e47  :   0a;
	3e48  :   3d;
	3e49  :   5f;
	3e4a  :   57;
	3e4b  :   21;
	3e4c  :   23;
	3e4d  :   34;
	3e4e  :   09;
	3e4f  :   11;
	3e50  :   1b;
	3e51  :   3c;
	3e52  :   32;
	3e53  :   38;
	3e54  :   43;
	3e55  :   31;
	3e56  :   15;
	3e57  :   f5;
	3e58  :   f3;
	3e59  :   f6;
	3e5a  :   07;
	3e5b  :   0a;
	3e5c  :   0c;
	3e5d  :   e9;
	3e5e  :   ee;
	3e5f  :   12;
	3e60  :   de;
	3e61  :   e6;
	3e62  :   09;
	3e63  :   f7;
	3e64  :   25;
	3e65  :   47;
	3e66  :   4a;
	3e67  :   21;
	3e68  :   1d;
	3e69  :   19;
	3e6a  :   09;
	3e6b  :   e5;
	3e6c  :   04;
	3e6d  :   3b;
	3e6e  :   33;
	3e6f  :   6e;
	3e70  :   47;
	3e71  :   1e;
	3e72  :   02;
	3e73  :   ee;
	3e74  :   e3;
	3e75  :   f5;
	3e76  :   0d;
	3e77  :   08;
	3e78  :   ef;
	3e79  :   e8;
	3e7a  :   05;
	3e7b  :   17;
	3e7c  :   d9;
	3e7d  :   e1;
	3e7e  :   d3;
	3e7f  :   03;
	3e80  :   f7;
	3e81  :   10;
	3e82  :   25;
	3e83  :   eb;
	3e84  :   d0;
	3e85  :   eb;
	3e86  :   e2;
	3e87  :   f2;
	3e88  :   10;
	3e89  :   25;
	3e8a  :   2e;
	3e8b  :   67;
	3e8c  :   6f;
	3e8d  :   28;
	3e8e  :   08;
	3e8f  :   fc;
	3e90  :   07;
	3e91  :   ff;
	3e92  :   ef;
	3e93  :   00;
	3e94  :   04;
	3e95  :   d5;
	3e96  :   0f;
	3e97  :   f6;
	3e98  :   02;
	3e99  :   1a;
	3e9a  :   fa;
	3e9b  :   da;
	3e9c  :   f1;
	3e9d  :   f2;
	3e9e  :   01;
	3e9f  :   e8;
	3ea0  :   be;
	3ea1  :   cf;
	3ea2  :   ca;
	3ea3  :   f9;
	3ea4  :   f9;
	3ea5  :   0c;
	3ea6  :   58;
	3ea7  :   79;
	3ea8  :   7d;
	3ea9  :   2b;
	3eaa  :   ed;
	3eab  :   0c;
	3eac  :   fe;
	3ead  :   e3;
	3eae  :   fe;
	3eaf  :   f3;
	3eb0  :   f9;
	3eb1  :   e2;
	3eb2  :   0e;
	3eb3  :   bf;
	3eb4  :   e1;
	3eb5  :   03;
	3eb6  :   0c;
	3eb7  :   e8;
	3eb8  :   cf;
	3eb9  :   dd;
	3eba  :   cd;
	3ebb  :   d9;
	3ebc  :   cb;
	3ebd  :   c5;
	3ebe  :   bf;
	3ebf  :   c9;
	3ec0  :   d8;
	3ec1  :   06;
	3ec2  :   3e;
	3ec3  :   6d;
	3ec4  :   68;
	3ec5  :   19;
	3ec6  :   f5;
	3ec7  :   f0;
	3ec8  :   fa;
	3ec9  :   05;
	3eca  :   0b;
	3ecb  :   e1;
	3ecc  :   d9;
	3ecd  :   08;
	3ece  :   0d;
	3ecf  :   f9;
	3ed0  :   d8;
	3ed1  :   16;
	3ed2  :   06;
	3ed3  :   d9;
	3ed4  :   e2;
	3ed5  :   e3;
	3ed6  :   ed;
	3ed7  :   d5;
	3ed8  :   da;
	3ed9  :   d4;
	3eda  :   b4;
	3edb  :   a6;
	3edc  :   ab;
	3edd  :   f7;
	3ede  :   35;
	3edf  :   4f;
	3ee0  :   53;
	3ee1  :   f7;
	3ee2  :   ed;
	3ee3  :   f3;
	3ee4  :   f2;
	3ee5  :   fb;
	3ee6  :   e2;
	3ee7  :   e8;
	3ee8  :   ee;
	3ee9  :   26;
	3eea  :   0d;
	3eeb  :   0b;
	3eec  :   d2;
	3eed  :   01;
	3eee  :   07;
	3eef  :   1c;
	3ef0  :   ee;
	3ef1  :   bf;
	3ef2  :   dd;
	3ef3  :   e9;
	3ef4  :   d3;
	3ef5  :   d9;
	3ef6  :   dd;
	3ef7  :   b4;
	3ef8  :   d6;
	3ef9  :   e7;
	3efa  :   06;
	3efb  :   42;
	3efc  :   41;
	3efd  :   f8;
	3efe  :   de;
	3eff  :   e2;
	3f00  :   fc;
	3f01  :   00;
	3f02  :   f1;
	3f03  :   f7;
	3f04  :   f6;
	3f05  :   17;
	3f06  :   37;
	3f07  :   ff;
	3f08  :   de;
	3f09  :   0a;
	3f0a  :   2a;
	3f0b  :   26;
	3f0c  :   11;
	3f0d  :   af;
	3f0e  :   db;
	3f0f  :   fc;
	3f10  :   05;
	3f11  :   d3;
	3f12  :   c8;
	3f13  :   90;
	3f14  :   a1;
	3f15  :   cf;
	3f16  :   0c;
	3f17  :   0a;
	3f18  :   1d;
	3f19  :   e4;
	3f1a  :   fa;
	3f1b  :   f9;
	3f1c  :   ed;
	3f1d  :   e7;
	3f1e  :   03;
	3f1f  :   ec;
	3f20  :   fb;
	3f21  :   44;
	3f22  :   1c;
	3f23  :   0a;
	3f24  :   fa;
	3f25  :   26;
	3f26  :   25;
	3f27  :   f5;
	3f28  :   cb;
	3f29  :   cf;
	3f2a  :   f2;
	3f2b  :   02;
	3f2c  :   fb;
	3f2d  :   e8;
	3f2e  :   dc;
	3f2f  :   bc;
	3f30  :   ab;
	3f31  :   da;
	3f32  :   ec;
	3f33  :   04;
	3f34  :   0a;
	3f35  :   d8;
	3f36  :   07;
	3f37  :   e8;
	3f38  :   0a;
	3f39  :   e1;
	3f3a  :   f6;
	3f3b  :   cb;
	3f3c  :   f3;
	3f3d  :   3d;
	3f3e  :   42;
	3f3f  :   ff;
	3f40  :   01;
	3f41  :   22;
	3f42  :   0c;
	3f43  :   dc;
	3f44  :   cc;
	3f45  :   cd;
	3f46  :   f8;
	3f47  :   2d;
	3f48  :   0b;
	3f49  :   1d;
	3f4a  :   e9;
	3f4b  :   be;
	3f4c  :   bc;
	3f4d  :   bd;
	3f4e  :   de;
	3f4f  :   e2;
	3f50  :   ed;
	3f51  :   f6;
	3f52  :   e8;
	3f53  :   e7;
	3f54  :   ee;
	3f55  :   0b;
	3f56  :   ef;
	3f57  :   d7;
	3f58  :   f1;
	3f59  :   0f;
	3f5a  :   23;
	3f5b  :   22;
	3f5c  :   17;
	3f5d  :   33;
	3f5e  :   17;
	3f5f  :   da;
	3f60  :   c7;
	3f61  :   b8;
	3f62  :   de;
	3f63  :   fd;
	3f64  :   25;
	3f65  :   1d;
	3f66  :   00;
	3f67  :   d4;
	3f68  :   cf;
	3f69  :   d4;
	3f6a  :   dd;
	3f6b  :   bc;
	3f6c  :   e7;
	3f6d  :   e5;
	3f6e  :   f5;
	3f6f  :   0c;
	3f70  :   fc;
	3f71  :   09;
	3f72  :   e8;
	3f73  :   f8;
	3f74  :   d5;
	3f75  :   27;
	3f76  :   3f;
	3f77  :   34;
	3f78  :   4a;
	3f79  :   34;
	3f7a  :   41;
	3f7b  :   1f;
	3f7c  :   ff;
	3f7d  :   ce;
	3f7e  :   e1;
	3f7f  :   10;
	3f80  :   ed;
	3f81  :   e6;
	3f82  :   d2;
	3f83  :   b2;
	3f84  :   c1;
	3f85  :   df;
	3f86  :   f0;
	3f87  :   d1;
	3f88  :   c5;
	3f89  :   fd;
	3f8a  :   e7;
	3f8b  :   f1;
	3f8c  :   f2;
	3f8d  :   f6;
	3f8e  :   10;
	3f8f  :   00;
	3f90  :   d4;
	3f91  :   14;
	3f92  :   44;
	3f93  :   47;
	3f94  :   26;
	3f95  :   34;
	3f96  :   10;
	3f97  :   39;
	3f98  :   1c;
	3f99  :   df;
	3f9a  :   f2;
	3f9b  :   10;
	3f9c  :   fc;
	3f9d  :   06;
	3f9e  :   d9;
	3f9f  :   b8;
	3fa0  :   a7;
	3fa1  :   b5;
	3fa2  :   e2;
	3fa3  :   cf;
	3fa4  :   e9;
	3fa5  :   ea;
	3fa6  :   e5;
	3fa7  :   0e;
	3fa8  :   f8;
	3fa9  :   02;
	3faa  :   e5;
	3fab  :   f7;
	3fac  :   dd;
	3fad  :   f3;
	3fae  :   23;
	3faf  :   2f;
	3fb0  :   12;
	3fb1  :   24;
	3fb2  :   20;
	3fb3  :   3a;
	3fb4  :   39;
	3fb5  :   32;
	3fb6  :   1d;
	3fb7  :   04;
	3fb8  :   f3;
	3fb9  :   f8;
	3fba  :   ee;
	3fbb  :   ac;
	3fbc  :   a7;
	3fbd  :   cb;
	3fbe  :   dd;
	3fbf  :   e8;
	3fc0  :   e4;
	3fc1  :   0a;
	3fc2  :   ea;
	3fc3  :   e3;
	3fc4  :   ec;
	3fc5  :   eb;
	3fc6  :   01;
	3fc7  :   fa;
	3fc8  :   f9;
	3fc9  :   db;
	3fca  :   11;
	3fcb  :   08;
	3fcc  :   12;
	3fcd  :   35;
	3fce  :   2b;
	3fcf  :   42;
	3fd0  :   2e;
	3fd1  :   3d;
	3fd2  :   10;
	3fd3  :   07;
	3fd4  :   06;
	3fd5  :   ce;
	3fd6  :   c7;
	3fd7  :   a7;
	3fd8  :   b8;
	3fd9  :   d6;
	3fda  :   de;
	3fdb  :   d9;
	3fdc  :   e8;
	3fdd  :   eb;
	3fde  :   e5;
	3fdf  :   f2;
	3fe0  :   e8;
	3fe1  :   e8;
	3fe2  :   ee;
	3fe3  :   f0;
	3fe4  :   ee;
	3fe5  :   de;
	3fe6  :   ed;
	3fe7  :   d0;
	3fe8  :   f7;
	3fe9  :   f7;
	3fea  :   19;
	3feb  :   21;
	3fec  :   3d;
	3fed  :   49;
	3fee  :   17;
	3fef  :   1b;
	3ff0  :   00;
	3ff1  :   d4;
	3ff2  :   f3;
	3ff3  :   d2;
	3ff4  :   e8;
	3ff5  :   e4;
	3ff6  :   f1;
	3ff7  :   e9;
	3ff8  :   e8;
	3ff9  :   fb;
	3ffa  :   08;
	3ffb  :   0b;
	3ffc  :   ee;
	3ffd  :   f6;
	3ffe  :   e8;
	3fff  :   ea;
	4000  :   ec;
	4001  :   be;
	4002  :   b3;
	4003  :   de;
	4004  :   d5;
	4005  :   04;
	4006  :   06;
	4007  :   06;
	4008  :   27;
	4009  :   18;
	400a  :   13;
	400b  :   f5;
	400c  :   e5;
	400d  :   ea;
	400e  :   f4;
	400f  :   ee;
	4010  :   de;
	4011  :   e6;
	4012  :   03;
	4013  :   02;
	4014  :   0a;
	4015  :   e3;
	4016  :   0a;
	4017  :   ec;
	4018  :   08;
	4019  :   f5;
	401a  :   e3;
	401b  :   e6;
	401c  :   e4;
	401d  :   cb;
	401e  :   e5;
	401f  :   d0;
	4020  :   fc;
	4021  :   eb;
	4022  :   d4;
	4023  :   07;
	4024  :   25;
	4025  :   fd;
	4026  :   cc;
	4027  :   f5;
	4028  :   02;
	4029  :   01;
	402a  :   eb;
	402b  :   eb;
	402c  :   e1;
	402d  :   e4;
	402e  :   fa;
	402f  :   e3;
	4030  :   ea;
	4031  :   ef;
	4032  :   fa;
	4033  :   fa;
	4034  :   eb;
	4035  :   fa;
	4036  :   e2;
	4037  :   e2;
	4038  :   f7;
	4039  :   05;
	403a  :   ee;
	403b  :   e8;
	403c  :   0d;
	403d  :   eb;
	403e  :   13;
	403f  :   0a;
	4040  :   09;
	4041  :   eb;
	4042  :   f6;
	4043  :   e8;
	4044  :   e8;
	4045  :   fc;
	4046  :   e4;
	4047  :   f8;
	4048  :   02;
	4049  :   07;
	404a  :   06;
	404b  :   0d;
	404c  :   e2;
	404d  :   e3;
	404e  :   e2;
	404f  :   fe;
	4050  :   13;
	4051  :   0b;
	4052  :   0d;
	4053  :   f8;
	4054  :   0d;
	4055  :   ff;
	4056  :   0e;
	4057  :   12;
	4058  :   ed;
	4059  :   12;
	405a  :   02;
	405b  :   fa;
	405c  :   0d;
	405d  :   ee;
	405e  :   0b;
	405f  :   0c;
	4060  :   f2;
	4061  :   08;
	4062  :   f5;
	4063  :   f7;
	4064  :   10;
	4065  :   10;
	4066  :   fd;
	4067  :   01;
	4068  :   0b;
	4069  :   0d;
	406a  :   01;
	406b  :   13;
	406c  :   fa;
	406d  :   1a;
	406e  :   02;
	406f  :   13;
	4070  :   13;
	4071  :   ef;
	4072  :   ef;
	4073  :   13;
	4074  :   12;
	4075  :   fb;
	4076  :   fb;
	4077  :   ef;
	4078  :   f3;
	4079  :   0e;
	407a  :   0e;
	407b  :   e9;
	407c  :   1a;
	407d  :   fb;
	407e  :   f5;
	407f  :   12;
	4080  :   01;
	4081  :   f8;
	4082  :   ec;
	4083  :   09;
	4084  :   ee;
	4085  :   f0;
	4086  :   0e;
	4087  :   07;
	4088  :   ef;
	4089  :   05;
	408a  :   fd;
	408b  :   f4;
	408c  :   05;
	408d  :   10;
	408e  :   11;
	408f  :   02;
	4090  :   09;
	4091  :   f8;
	4092  :   fd;
	4093  :   1a;
	4094  :   28;
	4095  :   0a;
	4096  :   15;
	4097  :   e6;
	4098  :   e3;
	4099  :   eb;
	409a  :   01;
	409b  :   dc;
	409c  :   08;
	409d  :   f2;
	409e  :   f8;
	409f  :   16;
	40a0  :   13;
	40a1  :   0f;
	40a2  :   ed;
	40a3  :   0f;
	40a4  :   0a;
	40a5  :   17;
	40a6  :   f9;
	40a7  :   ec;
	40a8  :   f6;
	40a9  :   fa;
	40aa  :   15;
	40ab  :   08;
	40ac  :   06;
	40ad  :   09;
	40ae  :   19;
	40af  :   51;
	40b0  :   26;
	40b1  :   30;
	40b2  :   fe;
	40b3  :   db;
	40b4  :   de;
	40b5  :   ff;
	40b6  :   e3;
	40b7  :   d8;
	40b8  :   d4;
	40b9  :   f0;
	40ba  :   05;
	40bb  :   e6;
	40bc  :   15;
	40bd  :   f8;
	40be  :   0f;
	40bf  :   0a;
	40c0  :   fa;
	40c1  :   03;
	40c2  :   f7;
	40c3  :   ee;
	40c4  :   1a;
	40c5  :   f8;
	40c6  :   27;
	40c7  :   33;
	40c8  :   30;
	40c9  :   31;
	40ca  :   3a;
	40cb  :   35;
	40cc  :   5d;
	40cd  :   37;
	40ce  :   2e;
	40cf  :   36;
	40d0  :   0c;
	40d1  :   ea;
	40d2  :   df;
	40d3  :   b1;
	40d4  :   ba;
	40d5  :   bb;
	40d6  :   e9;
	40d7  :   f2;
	40d8  :   ec;
	40d9  :   fe;
	40da  :   ff;
	40db  :   18;
	40dc  :   12;
	40dd  :   14;
	40de  :   f1;
	40df  :   f3;
	40e0  :   0f;
	40e1  :   1e;
	40e2  :   22;
	40e3  :   33;
	40e4  :   39;
	40e5  :   28;
	40e6  :   44;
	40e7  :   37;
	40e8  :   3a;
	40e9  :   54;
	40ea  :   5f;
	40eb  :   22;
	40ec  :   4d;
	40ed  :   e1;
	40ee  :   eb;
	40ef  :   d4;
	40f0  :   b5;
	40f1  :   ce;
	40f2  :   db;
	40f3  :   ce;
	40f4  :   f4;
	40f5  :   0f;
	40f6  :   0d;
	40f7  :   fe;
	40f8  :   15;
	40f9  :   f5;
	40fa  :   0d;
	40fb  :   0b;
	40fc  :   15;
	40fd  :   38;
	40fe  :   37;
	40ff  :   24;
	4100  :   14;
	4101  :   41;
	4102  :   33;
	4103  :   37;
	4104  :   55;
	4105  :   5e;
	4106  :   72;
	4107  :   50;
	4108  :   3d;
	4109  :   4b;
	410a  :   25;
	410b  :   f0;
	410c  :   c6;
	410d  :   d0;
	410e  :   d3;
	410f  :   d6;
	4110  :   d5;
	4111  :   e7;
	4112  :   fc;
	4113  :   05;
	4114  :   ed;
	4115  :   17;
	4116  :   fd;
	4117  :   fe;
	4118  :   26;
	4119  :   01;
	411a  :   36;
	411b  :   14;
	411c  :   33;
	411d  :   48;
	411e  :   4e;
	411f  :   3e;
	4120  :   36;
	4121  :   3b;
	4122  :   2f;
	4123  :   55;
	4124  :   51;
	4125  :   49;
	4126  :   37;
	4127  :   20;
	4128  :   e8;
	4129  :   03;
	412a  :   cc;
	412b  :   a5;
	412c  :   b6;
	412d  :   f4;
	412e  :   12;
	412f  :   15;
	4130  :   0a;
	4131  :   05;
	4132  :   06;
	4133  :   00;
	4134  :   25;
	4135  :   ec;
	4136  :   0a;
	4137  :   01;
	4138  :   10;
	4139  :   12;
	413a  :   34;
	413b  :   08;
	413c  :   34;
	413d  :   31;
	413e  :   5a;
	413f  :   51;
	4140  :   31;
	4141  :   43;
	4142  :   3d;
	4143  :   0e;
	4144  :   16;
	4145  :   e4;
	4146  :   fe;
	4147  :   e8;
	4148  :   b9;
	4149  :   e4;
	414a  :   09;
	414b  :   04;
	414c  :   16;
	414d  :   13;
	414e  :   fd;
	414f  :   ff;
	4150  :   01;
	4151  :   06;
	4152  :   ea;
	4153  :   ec;
	4154  :   f7;
	4155  :   e5;
	4156  :   04;
	4157  :   da;
	4158  :   e6;
	4159  :   0b;
	415a  :   fd;
	415b  :   13;
	415c  :   2f;
	415d  :   39;
	415e  :   38;
	415f  :   38;
	4160  :   21;
	4161  :   e2;
	4162  :   e6;
	4163  :   d8;
	4164  :   c0;
	4165  :   fe;
	4166  :   1b;
	4167  :   ff;
	4168  :   1a;
	4169  :   04;
	416a  :   fd;
	416b  :   02;
	416c  :   0b;
	416d  :   f9;
	416e  :   ef;
	416f  :   f9;
	4170  :   fa;
	4171  :   e0;
	4172  :   bc;
	4173  :   be;
	4174  :   81;
	4175  :   a3;
	4176  :   af;
	4177  :   e3;
	4178  :   f9;
	4179  :   17;
	417a  :   26;
	417b  :   1a;
	417c  :   31;
	417d  :   08;
	417e  :   e2;
	417f  :   da;
	4180  :   d8;
	4181  :   0e;
	4182  :   10;
	4183  :   18;
	4184  :   08;
	4185  :   0b;
	4186  :   06;
	4187  :   0f;
	4188  :   de;
	4189  :   f1;
	418a  :   fd;
	418b  :   03;
	418c  :   da;
	418d  :   d7;
	418e  :   a8;
	418f  :   bd;
	4190  :   80;
	4191  :   9f;
	4192  :   b3;
	4193  :   e2;
	4194  :   f5;
	4195  :   20;
	4196  :   3d;
	4197  :   1b;
	4198  :   21;
	4199  :   f4;
	419a  :   c8;
	419b  :   d5;
	419c  :   f6;
	419d  :   00;
	419e  :   f5;
	419f  :   f7;
	41a0  :   f2;
	41a1  :   fa;
	41a2  :   04;
	41a3  :   e4;
	41a4  :   c8;
	41a5  :   cd;
	41a6  :   c6;
	41a7  :   e2;
	41a8  :   e8;
	41a9  :   c0;
	41aa  :   b8;
	41ab  :   8f;
	41ac  :   85;
	41ad  :   84;
	41ae  :   c6;
	41af  :   e8;
	41b0  :   f7;
	41b1  :   fc;
	41b2  :   30;
	41b3  :   2a;
	41b4  :   df;
	41b5  :   bc;
	41b6  :   c1;
	41b7  :   e1;
	41b8  :   0b;
	41b9  :   ef;
	41ba  :   f4;
	41bb  :   f4;
	41bc  :   f8;
	41bd  :   ed;
	41be  :   0f;
	41bf  :   f5;
	41c0  :   b2;
	41c1  :   b7;
	41c2  :   ce;
	41c3  :   d9;
	41c4  :   de;
	41c5  :   d4;
	41c6  :   cb;
	41c7  :   b0;
	41c8  :   b5;
	41c9  :   b8;
	41ca  :   c0;
	41cb  :   e3;
	41cc  :   0a;
	41cd  :   1c;
	41ce  :   32;
	41cf  :   e2;
	41d0  :   c4;
	41d1  :   bf;
	41d2  :   b8;
	41d3  :   ef;
	41d4  :   f1;
	41d5  :   10;
	41d6  :   ee;
	41d7  :   f2;
	41d8  :   f6;
	41d9  :   fd;
	41da  :   ff;
	41db  :   e9;
	41dc  :   e0;
	41dd  :   bd;
	41de  :   dc;
	41df  :   f2;
	41e0  :   c9;
	41e1  :   c3;
	41e2  :   f4;
	41e3  :   fc;
	41e4  :   e6;
	41e5  :   d4;
	41e6  :   db;
	41e7  :   ef;
	41e8  :   13;
	41e9  :   28;
	41ea  :   18;
	41eb  :   01;
	41ec  :   d5;
	41ed  :   e3;
	41ee  :   e5;
	41ef  :   cc;
	41f0  :   f4;
	41f1  :   16;
	41f2  :   fd;
	41f3  :   f1;
	41f4  :   f0;
	41f5  :   01;
	41f6  :   1a;
	41f7  :   ff;
	41f8  :   dc;
	41f9  :   c2;
	41fa  :   dd;
	41fb  :   e1;
	41fc  :   de;
	41fd  :   c8;
	41fe  :   fa;
	41ff  :   f8;
	4200  :   d4;
	4201  :   e7;
	4202  :   e4;
	4203  :   22;
	4204  :   fa;
	4205  :   08;
	4206  :   00;
	4207  :   bb;
	4208  :   b4;
	4209  :   fc;
	420a  :   d7;
	420b  :   df;
	420c  :   de;
	420d  :   ee;
	420e  :   fd;
	420f  :   09;
	4210  :   eb;
	4211  :   17;
	4212  :   f2;
	4213  :   e1;
	4214  :   d2;
	4215  :   e1;
	4216  :   ef;
	4217  :   ae;
	4218  :   cc;
	4219  :   cb;
	421a  :   ea;
	421b  :   da;
	421c  :   fe;
	421d  :   fe;
	421e  :   df;
	421f  :   ff;
	4220  :   1a;
	4221  :   00;
	4222  :   d4;
	4223  :   b3;
	4224  :   af;
	4225  :   cd;
	4226  :   e7;
	4227  :   d2;
	4228  :   f4;
	4229  :   1b;
	422a  :   1d;
	422b  :   f5;
	422c  :   ea;
	422d  :   f1;
	422e  :   20;
	422f  :   f0;
	4230  :   de;
	4231  :   eb;
	4232  :   c3;
	4233  :   b2;
	4234  :   d1;
	4235  :   eb;
	4236  :   e7;
	4237  :   17;
	4238  :   f1;
	4239  :   fb;
	423a  :   f9;
	423b  :   10;
	423c  :   13;
	423d  :   ff;
	423e  :   da;
	423f  :   b4;
	4240  :   af;
	4241  :   b1;
	4242  :   ba;
	4243  :   d2;
	4244  :   03;
	4245  :   30;
	4246  :   11;
	4247  :   ec;
	4248  :   18;
	4249  :   f5;
	424a  :   f2;
	424b  :   06;
	424c  :   06;
	424d  :   e5;
	424e  :   e4;
	424f  :   d4;
	4250  :   fa;
	4251  :   f4;
	4252  :   04;
	4253  :   f7;
	4254  :   06;
	4255  :   f3;
	4256  :   f7;
	4257  :   15;
	4258  :   0b;
	4259  :   28;
	425a  :   04;
	425b  :   f4;
	425c  :   b5;
	425d  :   aa;
	425e  :   f2;
	425f  :   18;
	4260  :   17;
	4261  :   26;
	4262  :   1e;
	4263  :   18;
	4264  :   f3;
	4265  :   04;
	4266  :   f4;
	4267  :   17;
	4268  :   2d;
	4269  :   e7;
	426a  :   ff;
	426b  :   fa;
	426c  :   1c;
	426d  :   35;
	426e  :   38;
	426f  :   0c;
	4270  :   0f;
	4271  :   0c;
	4272  :   0f;
	4273  :   25;
	4274  :   12;
	4275  :   09;
	4276  :   e6;
	4277  :   ee;
	4278  :   d7;
	4279  :   b7;
	427a  :   fa;
	427b  :   1c;
	427c  :   03;
	427d  :   26;
	427e  :   fa;
	427f  :   07;
	4280  :   0b;
	4281  :   0b;
	4282  :   14;
	4283  :   3b;
	4284  :   10;
	4285  :   e7;
	4286  :   ed;
	4287  :   16;
	4288  :   13;
	4289  :   25;
	428a  :   2e;
	428b  :   06;
	428c  :   0e;
	428d  :   09;
	428e  :   01;
	428f  :   02;
	4290  :   07;
	4291  :   d4;
	4292  :   d6;
	4293  :   ef;
	4294  :   e3;
	4295  :   f5;
	4296  :   f3;
	4297  :   22;
	4298  :   25;
	4299  :   0c;
	429a  :   19;
	429b  :   05;
	429c  :   0b;
	429d  :   05;
	429e  :   ff;
	429f  :   0b;
	42a0  :   1d;
	42a1  :   d3;
	42a2  :   f2;
	42a3  :   1d;
	42a4  :   08;
	42a5  :   f8;
	42a6  :   0a;
	42a7  :   24;
	42a8  :   1f;
	42a9  :   fa;
	42aa  :   ee;
	42ab  :   f0;
	42ac  :   fc;
	42ad  :   f9;
	42ae  :   02;
	42af  :   22;
	42b0  :   ec;
	42b1  :   12;
	42b2  :   0c;
	42b3  :   21;
	42b4  :   2d;
	42b5  :   10;
	42b6  :   f5;
	42b7  :   0d;
	42b8  :   02;
	42b9  :   f4;
	42ba  :   0e;
	42bb  :   fe;
	42bc  :   04;
	42bd  :   06;
	42be  :   0f;
	42bf  :   4a;
	42c0  :   1b;
	42c1  :   21;
	42c2  :   1d;
	42c3  :   29;
	42c4  :   2d;
	42c5  :   ef;
	42c6  :   f4;
	42c7  :   ec;
	42c8  :   f7;
	42c9  :   df;
	42ca  :   e9;
	42cb  :   13;
	42cc  :   1a;
	42cd  :   15;
	42ce  :   31;
	42cf  :   10;
	42d0  :   0f;
	42d1  :   0f;
	42d2  :   08;
	42d3  :   0b;
	42d4  :   06;
	42d5  :   09;
	42d6  :   f0;
	42d7  :   1b;
	42d8  :   02;
	42d9  :   20;
	42da  :   1e;
	42db  :   49;
	42dc  :   fd;
	42dd  :   1d;
	42de  :   0a;
	42df  :   0c;
	42e0  :   fe;
	42e1  :   08;
	42e2  :   f2;
	42e3  :   09;
	42e4  :   f4;
	42e5  :   e4;
	42e6  :   fc;
	42e7  :   18;
	42e8  :   43;
	42e9  :   2c;
	42ea  :   07;
	42eb  :   1e;
	42ec  :   1e;
	42ed  :   03;
	42ee  :   0c;
	42ef  :   fe;
	42f0  :   eb;
	42f1  :   16;
	42f2  :   17;
	42f3  :   f7;
	42f4  :   38;
	42f5  :   40;
	42f6  :   24;
	42f7  :   14;
	42f8  :   f6;
	42f9  :   f5;
	42fa  :   f9;
	42fb  :   1d;
	42fc  :   08;
	42fd  :   f8;
	42fe  :   18;
	42ff  :   0b;
	4300  :   1a;
	4301  :   fd;
	4302  :   fa;
	4303  :   ee;
	4304  :   ee;
	4305  :   15;
	4306  :   f3;
	4307  :   0e;
	4308  :   16;
	4309  :   13;
	430a  :   0c;
	430b  :   11;
	430c  :   f3;
	430d  :   ec;
	430e  :   14;
	430f  :   f7;
	4310  :   02;
	4311  :   09;
	4312  :   09;
	4313  :   09;
	4314  :   32;
	4315  :   3b;
	4316  :   3c;
	4317  :   4a;
	4318  :   3d;
	4319  :   12;
	431a  :   17;
	431b  :   1d;
	431c  :   2f;
	431d  :   08;
	431e  :   fa;
	431f  :   08;
	4320  :   ea;
	4321  :   e6;
	4322  :   f6;
	4323  :   f5;
	4324  :   f7;
	4325  :   07;
	4326  :   0f;
	4327  :   08;
	4328  :   07;
	4329  :   f5;
	432a  :   16;
	432b  :   fb;
	432c  :   f6;
	432d  :   f7;
	432e  :   f5;
	432f  :   f9;
	4330  :   0b;
	4331  :   33;
	4332  :   26;
	4333  :   10;
	4334  :   09;
	4335  :   15;
	4336  :   21;
	4337  :   1d;
	4338  :   18;
	4339  :   0c;
	433a  :   27;
	433b  :   17;
	433c  :   10;
	433d  :   02;
	433e  :   09;
	433f  :   0d;
	4340  :   ee;
	4341  :   05;
	4342  :   15;
	4343  :   11;
	4344  :   f3;
	4345  :   12;
	4346  :   ef;
	4347  :   eb;
	4348  :   18;
	4349  :   fe;
	434a  :   f3;
	434b  :   0f;
	434c  :   17;
	434d  :   1e;
	434e  :   f5;
	434f  :   f2;
	4350  :   fc;
	4351  :   08;
	4352  :   01;
	4353  :   1f;
	4354  :   0d;
	4355  :   10;
	4356  :   0c;
	4357  :   ea;
	4358  :   f0;
	4359  :   f3;
	435a  :   12;
	435b  :   f4;
	435c  :   05;
	435d  :   fb;
	435e  :   f1;
	435f  :   f3;
	4360  :   f1;
	4361  :   e9;
	4362  :   e3;
	4363  :   e3;
	4364  :   ea;
	4365  :   f2;
	4366  :   0e;
	4367  :   e3;
	4368  :   0b;
	4369  :   03;
	436a  :   0c;
	436b  :   fd;
	436c  :   16;
	436d  :   1b;
	436e  :   14;
	436f  :   17;
	4370  :   08;
	4371  :   0b;
	4372  :   02;
	4373  :   e9;
	4374  :   04;
	4375  :   1a;
	4376  :   f6;
	4377  :   e2;
	4378  :   01;
	4379  :   f0;
	437a  :   03;
	437b  :   07;
	437c  :   12;
	437d  :   e5;
	437e  :   ff;
	437f  :   ed;
	4380  :   0a;
	4381  :   ea;
	4382  :   f6;
	4383  :   0f;
	4384  :   0f;
	4385  :   11;
	4386  :   fe;
	4387  :   f4;
	4388  :   ef;
	4389  :   f0;
	438a  :   f2;
	438b  :   fd;
	438c  :   00;
	438d  :   f7;
	438e  :   f6;
	438f  :   21;
	4390  :   07;
	4391  :   e8;
	4392  :   07;
	4393  :   19;
	4394  :   18;
	4395  :   19;
	4396  :   0a;
	4397  :   ed;
	4398  :   0b;
	4399  :   11;
	439a  :   f9;
	439b  :   f5;
	439c  :   09;
	439d  :   e3;
	439e  :   0b;
	439f  :   ec;
	43a0  :   1c;
	43a1  :   f0;
	43a2  :   0d;
	43a3  :   09;
	43a4  :   16;
	43a5  :   f6;
	43a6  :   e9;
	43a7  :   0b;
	43a8  :   00;
	43a9  :   18;
	43aa  :   2d;
	43ab  :   32;
	43ac  :   18;
	43ad  :   22;
	43ae  :   30;
	43af  :   20;
	43b0  :   13;
	43b1  :   fa;
	43b2  :   10;
	43b3  :   17;
	43b4  :   15;
	43b5  :   f6;
	43b6  :   e0;
	43b7  :   18;
	43b8  :   03;
	43b9  :   1a;
	43ba  :   29;
	43bb  :   25;
	43bc  :   13;
	43bd  :   e1;
	43be  :   06;
	43bf  :   f1;
	43c0  :   e4;
	43c1  :   d4;
	43c2  :   00;
	43c3  :   0c;
	43c4  :   ef;
	43c5  :   fd;
	43c6  :   fd;
	43c7  :   3d;
	43c8  :   02;
	43c9  :   2f;
	43ca  :   1b;
	43cb  :   21;
	43cc  :   fe;
	43cd  :   0b;
	43ce  :   10;
	43cf  :   e0;
	43d0  :   e3;
	43d1  :   09;
	43d2  :   e8;
	43d3  :   11;
	43d4  :   02;
	43d5  :   16;
	43d6  :   03;
	43d7  :   1d;
	43d8  :   05;
	43d9  :   2c;
	43da  :   1f;
	43db  :   e9;
	43dc  :   f0;
	43dd  :   f0;
	43de  :   e6;
	43df  :   ed;
	43e0  :   2e;
	43e1  :   24;
	43e2  :   fc;
	43e3  :   0b;
	43e4  :   4b;
	43e5  :   3d;
	43e6  :   22;
	43e7  :   06;
	43e8  :   fa;
	43e9  :   eb;
	43ea  :   fa;
	43eb  :   1f;
	43ec  :   10;
	43ed  :   08;
	43ee  :   f9;
	43ef  :   fc;
	43f0  :   ff;
	43f1  :   e8;
	43f2  :   13;
	43f3  :   02;
	43f4  :   12;
	43f5  :   ef;
	43f6  :   ef;
	43f7  :   c2;
	43f8  :   b7;
	43f9  :   d1;
	43fa  :   dc;
	43fb  :   ea;
	43fc  :   0b;
	43fd  :   36;
	43fe  :   25;
	43ff  :   53;
	4400  :   4d;
	4401  :   36;
	4402  :   16;
	4403  :   1c;
	4404  :   26;
	4405  :   e8;
	4406  :   f7;
	4407  :   fc;
	4408  :   0e;
	4409  :   1a;
	440a  :   0b;
	440b  :   db;
	440c  :   20;
	440d  :   0d;
	440e  :   15;
	440f  :   fd;
	4410  :   e5;
	4411  :   ef;
	4412  :   c0;
	4413  :   9c;
	4414  :   b3;
	4415  :   a3;
	4416  :   ba;
	4417  :   cb;
	4418  :   ef;
	4419  :   d3;
	441a  :   ce;
	441b  :   10;
	441c  :   e9;
	441d  :   1d;
	441e  :   21;
	441f  :   30;
	4420  :   23;
	4421  :   0d;
	4422  :   06;
	4423  :   fa;
	4424  :   12;
	4425  :   f6;
	4426  :   0b;
	4427  :   fe;
	4428  :   13;
	4429  :   48;
	442a  :   fe;
	442b  :   f8;
	442c  :   e1;
	442d  :   ad;
	442e  :   a3;
	442f  :   c8;
	4430  :   cf;
	4431  :   bf;
	4432  :   ce;
	4433  :   e0;
	4434  :   de;
	4435  :   00;
	4436  :   fe;
	4437  :   10;
	4438  :   fb;
	4439  :   de;
	443a  :   17;
	443b  :   3d;
	443c  :   1a;
	443d  :   17;
	443e  :   0e;
	443f  :   01;
	4440  :   19;
	4441  :   01;
	4442  :   0f;
	4443  :   fc;
	4444  :   37;
	4445  :   15;
	4446  :   d3;
	4447  :   f3;
	4448  :   d0;
	4449  :   e9;
	444a  :   da;
	444b  :   d9;
	444c  :   e1;
	444d  :   f0;
	444e  :   d2;
	444f  :   08;
	4450  :   06;
	4451  :   34;
	4452  :   17;
	4453  :   09;
	4454  :   e8;
	4455  :   20;
	4456  :   03;
	4457  :   d0;
	4458  :   ea;
	4459  :   1f;
	445a  :   eb;
	445b  :   e1;
	445c  :   15;
	445d  :   17;
	445e  :   18;
	445f  :   fb;
	4460  :   13;
	4461  :   e2;
	4462  :   f3;
	4463  :   ea;
	4464  :   d6;
	4465  :   d8;
	4466  :   ba;
	4467  :   cf;
	4468  :   dd;
	4469  :   ef;
	446a  :   ef;
	446b  :   e7;
	446c  :   26;
	446d  :   26;
	446e  :   fe;
	446f  :   11;
	4470  :   04;
	4471  :   eb;
	4472  :   bd;
	4473  :   e4;
	4474  :   de;
	4475  :   06;
	4476  :   13;
	4477  :   eb;
	4478  :   14;
	4479  :   e7;
	447a  :   d0;
	447b  :   06;
	447c  :   f1;
	447d  :   ca;
	447e  :   df;
	447f  :   c1;
	4480  :   f1;
	4481  :   f2;
	4482  :   d7;
	4483  :   ea;
	4484  :   f9;
	4485  :   e7;
	4486  :   d8;
	4487  :   f2;
	4488  :   f5;
	4489  :   1f;
	448a  :   01;
	448b  :   06;
	448c  :   ca;
	448d  :   96;
	448e  :   c4;
	448f  :   e4;
	4490  :   ce;
	4491  :   c9;
	4492  :   00;
	4493  :   1a;
	4494  :   14;
	4495  :   ea;
	4496  :   d1;
	4497  :   cb;
	4498  :   db;
	4499  :   e6;
	449a  :   e8;
	449b  :   e3;
	449c  :   ef;
	449d  :   f9;
	449e  :   14;
	449f  :   0b;
	44a0  :   27;
	44a1  :   e9;
	44a2  :   ec;
	44a3  :   06;
	44a4  :   0c;
	44a5  :   f5;
	44a6  :   02;
	44a7  :   1f;
	44a8  :   d0;
	44a9  :   9c;
	44aa  :   b7;
	44ab  :   e8;
	44ac  :   e4;
	44ad  :   ce;
	44ae  :   1b;
	44af  :   ef;
	44b0  :   f0;
	44b1  :   11;
	44b2  :   ee;
	44b3  :   f6;
	44b4  :   ba;
	44b5  :   ee;
	44b6  :   25;
	44b7  :   23;
	44b8  :   d0;
	44b9  :   02;
	44ba  :   28;
	44bb  :   27;
	44bc  :   4a;
	44bd  :   3f;
	44be  :   ff;
	44bf  :   eb;
	44c0  :   fb;
	44c1  :   f9;
	44c2  :   f6;
	44c3  :   0a;
	44c4  :   c1;
	44c5  :   e5;
	44c6  :   c1;
	44c7  :   35;
	44c8  :   34;
	44c9  :   d3;
	44ca  :   d9;
	44cb  :   e6;
	44cc  :   e5;
	44cd  :   ed;
	44ce  :   eb;
	44cf  :   c6;
	44d0  :   da;
	44d1  :   09;
	44d2  :   40;
	44d3  :   31;
	44d4  :   46;
	44d5  :   16;
	44d6  :   1c;
	44d7  :   34;
	44d8  :   33;
	44d9  :   3c;
	44da  :   00;
	44db  :   12;
	44dc  :   06;
	44dd  :   2e;
	44de  :   15;
	44df  :   19;
	44e0  :   ca;
	44e1  :   cd;
	44e2  :   f8;
	44e3  :   32;
	44e4  :   c2;
	44e5  :   f0;
	44e6  :   00;
	44e7  :   0d;
	44e8  :   fe;
	44e9  :   08;
	44ea  :   f8;
	44eb  :   f0;
	44ec  :   fa;
	44ed  :   13;
	44ee  :   12;
	44ef  :   3d;
	44f0  :   4a;
	44f1  :   25;
	44f2  :   f1;
	44f3  :   1f;
	44f4  :   16;
	44f5  :   2d;
	44f6  :   02;
	44f7  :   1b;
	44f8  :   19;
	44f9  :   16;
	44fa  :   d7;
	44fb  :   cb;
	44fc  :   e7;
	44fd  :   f0;
	44fe  :   27;
	44ff  :   ee;
	4500  :   c3;
	4501  :   d8;
	4502  :   d0;
	4503  :   e0;
	4504  :   11;
	4505  :   e1;
	4506  :   03;
	4507  :   ff;
	4508  :   1e;
	4509  :   ea;
	450a  :   f3;
	450b  :   08;
	450c  :   11;
	450d  :   2f;
	450e  :   d2;
	450f  :   1c;
	4510  :   04;
	4511  :   12;
	4512  :   15;
	4513  :   f4;
	4514  :   fe;
	4515  :   d2;
	4516  :   e2;
	4517  :   f6;
	4518  :   07;
	4519  :   15;
	451a  :   fe;
	451b  :   f0;
	451c  :   c9;
	451d  :   08;
	451e  :   e0;
	451f  :   f8;
	4520  :   ea;
	4521  :   ec;
	4522  :   f9;
	4523  :   e6;
	4524  :   02;
	4525  :   12;
	4526  :   fe;
	4527  :   45;
	4528  :   1e;
	4529  :   1d;
	452a  :   1b;
	452b  :   0c;
	452c  :   f6;
	452d  :   1c;
	452e  :   03;
	452f  :   14;
	4530  :   cd;
	4531  :   bb;
	4532  :   ca;
	4533  :   10;
	4534  :   ee;
	4535  :   0a;
	4536  :   03;
	4537  :   18;
	4538  :   ea;
	4539  :   0b;
	453a  :   d1;
	453b  :   06;
	453c  :   0c;
	453d  :   f3;
	453e  :   f8;
	453f  :   0c;
	4540  :   f7;
	4541  :   0c;
	4542  :   ff;
	4543  :   28;
	4544  :   1b;
	4545  :   05;
	4546  :   11;
	4547  :   18;
	4548  :   f9;
	4549  :   00;
	454a  :   16;
	454b  :   fb;
	454c  :   07;
	454d  :   e0;
	454e  :   be;
	454f  :   e4;
	4550  :   f6;
	4551  :   25;
	4552  :   f3;
	4553  :   17;
	4554  :   ee;
	4555  :   bb;
	4556  :   d9;
	4557  :   f1;
	4558  :   05;
	4559  :   e3;
	455a  :   e6;
	455b  :   2d;
	455c  :   05;
	455d  :   1a;
	455e  :   f3;
	455f  :   e7;
	4560  :   f7;
	4561  :   19;
	4562  :   04;
	4563  :   f4;
	4564  :   00;
	4565  :   38;
	4566  :   2c;
	4567  :   03;
	4568  :   fc;
	4569  :   e5;
	456a  :   d5;
	456b  :   e0;
	456c  :   0b;
	456d  :   e0;
	456e  :   d1;
	456f  :   04;
	4570  :   b0;
	4571  :   d2;
	4572  :   e1;
	4573  :   ff;
	4574  :   ea;
	4575  :   01;
	4576  :   fb;
	4577  :   05;
	4578  :   01;
	4579  :   2f;
	457a  :   1b;
	457b  :   21;
	457c  :   13;
	457d  :   10;
	457e  :   0a;
	457f  :   1b;
	4580  :   d9;
	4581  :   11;
	4582  :   4c;
	4583  :   45;
	4584  :   28;
	4585  :   fa;
	4586  :   04;
	4587  :   0e;
	4588  :   19;
	4589  :   22;
	458a  :   ec;
	458b  :   e1;
	458c  :   b8;
	458d  :   fb;
	458e  :   f1;
	458f  :   f5;
	4590  :   14;
	4591  :   e7;
	4592  :   f1;
	4593  :   f8;
	4594  :   04;
	4595  :   dc;
	4596  :   23;
	4597  :   08;
	4598  :   f6;
	4599  :   24;
	459a  :   1c;
	459b  :   02;
	459c  :   1b;
	459d  :   0a;
	459e  :   2d;
	459f  :   32;
	45a0  :   1e;
	45a1  :   0d;
	45a2  :   4d;
	45a3  :   33;
	45a4  :   31;
	45a5  :   0f;
	45a6  :   f2;
	45a7  :   de;
	45a8  :   e3;
	45a9  :   d7;
	45aa  :   f2;
	45ab  :   e7;
	45ac  :   12;
	45ad  :   ef;
	45ae  :   0e;
	45af  :   1f;
	45b0  :   ff;
	45b1  :   f1;
	45b2  :   f0;
	45b3  :   f2;
	45b4  :   1a;
	45b5  :   11;
	45b6  :   32;
	45b7  :   19;
	45b8  :   2b;
	45b9  :   38;
	45ba  :   38;
	45bb  :   55;
	45bc  :   01;
	45bd  :   3e;
	45be  :   05;
	45bf  :   4e;
	45c0  :   45;
	45c1  :   f8;
	45c2  :   ed;
	45c3  :   e6;
	45c4  :   eb;
	45c5  :   04;
	45c6  :   ed;
	45c7  :   05;
	45c8  :   1a;
	45c9  :   18;
	45ca  :   f9;
	45cb  :   fc;
	45cc  :   18;
	45cd  :   02;
	45ce  :   ff;
	45cf  :   c8;
	45d0  :   d0;
	45d1  :   ca;
	45d2  :   0e;
	45d3  :   3c;
	45d4  :   24;
	45d5  :   2a;
	45d6  :   04;
	45d7  :   0f;
	45d8  :   10;
	45d9  :   21;
	45da  :   11;
	45db  :   4e;
	45dc  :   1a;
	45dd  :   17;
	45de  :   e9;
	45df  :   d8;
	45e0  :   04;
	45e1  :   da;
	45e2  :   ec;
	45e3  :   1d;
	45e4  :   0c;
	45e5  :   04;
	45e6  :   1f;
	45e7  :   06;
	45e8  :   f0;
	45e9  :   f4;
	45ea  :   d3;
	45eb  :   e0;
	45ec  :   f8;
	45ed  :   17;
	45ee  :   17;
	45ef  :   16;
	45f0  :   25;
	45f1  :   0d;
	45f2  :   e6;
	45f3  :   e5;
	45f4  :   1a;
	45f5  :   24;
	45f6  :   4b;
	45f7  :   3f;
	45f8  :   18;
	45f9  :   01;
	45fa  :   ce;
	45fb  :   fb;
	45fc  :   f9;
	45fd  :   02;
	45fe  :   fe;
	45ff  :   e2;
	4600  :   1d;
	4601  :   e3;
	4602  :   02;
	4603  :   25;
	4604  :   0a;
	4605  :   cc;
	4606  :   eb;
	4607  :   d2;
	4608  :   01;
	4609  :   16;
	460a  :   02;
	460b  :   e3;
	460c  :   c7;
	460d  :   cf;
	460e  :   e6;
	460f  :   dc;
	4610  :   08;
	4611  :   1a;
	4612  :   29;
	4613  :   f1;
	4614  :   f5;
	4615  :   dc;
	4616  :   08;
	4617  :   e7;
	4618  :   0c;
	4619  :   e8;
	461a  :   12;
	461b  :   e2;
	461c  :   e6;
	461d  :   ef;
	461e  :   eb;
	461f  :   f6;
	4620  :   d3;
	4621  :   e0;
	4622  :   d0;
	4623  :   ea;
	4624  :   0f;
	4625  :   0b;
	4626  :   cf;
	4627  :   9f;
	4628  :   b0;
	4629  :   b9;
	462a  :   a5;
	462b  :   b4;
	462c  :   b3;
	462d  :   de;
	462e  :   db;
	462f  :   d4;
	4630  :   d1;
	4631  :   e1;
	4632  :   f2;
	4633  :   fc;
	4634  :   f2;
	4635  :   ec;
	4636  :   05;
	4637  :   e8;
	4638  :   11;
	4639  :   e7;
	463a  :   fc;
	463b  :   f9;
	463c  :   fa;
	463d  :   ea;
	463e  :   db;
	463f  :   e1;
	4640  :   c9;
	4641  :   ba;
	4642  :   cb;
	4643  :   bb;
	4644  :   dd;
	4645  :   80;
	4646  :   8d;
	4647  :   b9;
	4648  :   e6;
	4649  :   ac;
	464a  :   d9;
	464b  :   a8;
	464c  :   e7;
	464d  :   e5;
	464e  :   0f;
	464f  :   12;
	4650  :   1c;
	4651  :   07;
	4652  :   ed;
	4653  :   16;
	4654  :   fe;
	4655  :   0d;
	4656  :   18;
	4657  :   0c;
	4658  :   1c;
	4659  :   e7;
	465a  :   1a;
	465b  :   fd;
	465c  :   05;
	465d  :   16;
	465e  :   05;
	465f  :   e5;
	4660  :   12;
	4661  :   e4;
	4662  :   0d;
	4663  :   e0;
	4664  :   16;
	4665  :   f5;
	4666  :   01;
	4667  :   e5;
	4668  :   e0;
	4669  :   d4;
	466a  :   09;
	466b  :   0d;
	466c  :   e8;
	466d  :   1a;
	466e  :   09;
	466f  :   0b;
	4670  :   fa;
	4671  :   fb;
	4672  :   f5;
	4673  :   0d;
	4674  :   05;
	4675  :   0e;
	4676  :   08;
	4677  :   02;
	4678  :   05;
	4679  :   ea;
	467a  :   f5;
	467b  :   f7;
	467c  :   ff;
	467d  :   0f;
	467e  :   0c;
	467f  :   ff;
	4680  :   0f;
	4681  :   fe;
	4682  :   0f;
	4683  :   e8;
	4684  :   fa;
	4685  :   0c;
	4686  :   f5;
	4687  :   fb;
	4688  :   f1;
	4689  :   f0;
	468a  :   10;
	468b  :   e9;
	468c  :   fb;
	468d  :   e8;
	468e  :   06;
	468f  :   fe;
	4690  :   f2;
	4691  :   11;
	4692  :   fc;
	4693  :   e9;
	4694  :   fa;
	4695  :   0a;
	4696  :   f1;
	4697  :   08;
	4698  :   fc;
	4699  :   f1;
	469a  :   ed;
	469b  :   f5;
	469c  :   f4;
	469d  :   e6;
	469e  :   e8;
	469f  :   f5;
	46a0  :   ee;
	46a1  :   f3;
	46a2  :   e4;
	46a3  :   02;
	46a4  :   fb;
	46a5  :   0c;
	46a6  :   ff;
	46a7  :   fa;
	46a8  :   0d;
	46a9  :   ec;
	46aa  :   f8;
	46ab  :   f7;
	46ac  :   fe;
	46ad  :   0c;
	46ae  :   f0;
	46af  :   ea;
	46b0  :   de;
	46b1  :   e2;
	46b2  :   ef;
	46b3  :   d2;
	46b4  :   b6;
	46b5  :   de;
	46b6  :   d1;
	46b7  :   ef;
	46b8  :   ea;
	46b9  :   de;
	46ba  :   d6;
	46bb  :   ec;
	46bc  :   df;
	46bd  :   f5;
	46be  :   da;
	46bf  :   e0;
	46c0  :   fb;
	46c1  :   05;
	46c2  :   0f;
	46c3  :   00;
	46c4  :   01;
	46c5  :   08;
	46c6  :   11;
	46c7  :   eb;
	46c8  :   fa;
	46c9  :   08;
	46ca  :   e4;
	46cb  :   d9;
	46cc  :   cf;
	46cd  :   b2;
	46ce  :   d3;
	46cf  :   cc;
	46d0  :   b4;
	46d1  :   aa;
	46d2  :   bb;
	46d3  :   da;
	46d4  :   e2;
	46d5  :   de;
	46d6  :   e4;
	46d7  :   f6;
	46d8  :   f6;
	46d9  :   ff;
	46da  :   0c;
	46db  :   ec;
	46dc  :   ec;
	46dd  :   09;
	46de  :   07;
	46df  :   f4;
	46e0  :   f1;
	46e1  :   fd;
	46e2  :   f8;
	46e3  :   00;
	46e4  :   ef;
	46e5  :   fd;
	46e6  :   db;
	46e7  :   df;
	46e8  :   bc;
	46e9  :   a8;
	46ea  :   ab;
	46eb  :   92;
	46ec  :   80;
	46ed  :   88;
	46ee  :   8a;
	46ef  :   bb;
	46f0  :   c0;
	46f1  :   c4;
	46f2  :   f5;
	46f3  :   fb;
	46f4  :   f0;
	46f5  :   fb;
	46f6  :   1a;
	46f7  :   11;
	46f8  :   ff;
	46f9  :   07;
	46fa  :   05;
	46fb  :   07;
	46fc  :   fc;
	46fd  :   ee;
	46fe  :   e9;
	46ff  :   fb;
	4700  :   da;
	4701  :   e7;
	4702  :   dc;
	4703  :   ed;
	4704  :   f1;
	4705  :   eb;
	4706  :   b7;
	4707  :   d9;
	4708  :   cf;
	4709  :   c5;
	470a  :   d9;
	470b  :   d0;
	470c  :   ce;
	470d  :   c2;
	470e  :   cc;
	470f  :   dd;
	4710  :   0a;
	4711  :   e6;
	4712  :   04;
	4713  :   e7;
	4714  :   0a;
	4715  :   ed;
	4716  :   01;
	4717  :   f1;
	4718  :   fe;
	4719  :   fa;
	471a  :   0c;
	471b  :   fc;
	471c  :   e9;
	471d  :   e6;
	471e  :   e4;
	471f  :   f6;
	4720  :   eb;
	4721  :   01;
	4722  :   fa;
	4723  :   00;
	4724  :   fb;
	4725  :   03;
	4726  :   06;
	4727  :   f6;
	4728  :   f5;
	4729  :   0e;
	472a  :   09;
	472b  :   f1;
	472c  :   0d;
	472d  :   16;
	472e  :   06;
	472f  :   0a;
	4730  :   0b;
	4731  :   eb;
	4732  :   02;
	4733  :   08;
	4734  :   06;
	4735  :   07;
	4736  :   06;
	4737  :   18;
	4738  :   e5;
	4739  :   e4;
	473a  :   0b;
	473b  :   00;
	473c  :   26;
	473d  :   23;
	473e  :   0e;
	473f  :   1d;
	4740  :   18;
	4741  :   2f;
	4742  :   20;
	4743  :   fd;
	4744  :   0f;
	4745  :   24;
	4746  :   0f;
	4747  :   fa;
	4748  :   20;
	4749  :   17;
	474a  :   0e;
	474b  :   fc;
	474c  :   ec;
	474d  :   06;
	474e  :   01;
	474f  :   fb;
	4750  :   03;
	4751  :   f7;
	4752  :   09;
	4753  :   16;
	4754  :   d3;
	4755  :   ef;
	4756  :   17;
	4757  :   18;
	4758  :   42;
	4759  :   20;
	475a  :   16;
	475b  :   1c;
	475c  :   30;
	475d  :   13;
	475e  :   28;
	475f  :   24;
	4760  :   24;
	4761  :   0d;
	4762  :   f7;
	4763  :   04;
	4764  :   0b;
	4765  :   1a;
	4766  :   04;
	4767  :   07;
	4768  :   11;
	4769  :   0b;
	476a  :   ef;
	476b  :   0c;
	476c  :   fe;
	476d  :   fb;
	476e  :   05;
	476f  :   0b;
	4770  :   02;
	4771  :   f8;
	4772  :   1c;
	4773  :   14;
	4774  :   3c;
	4775  :   25;
	4776  :   2c;
	4777  :   20;
	4778  :   16;
	4779  :   18;
	477a  :   0c;
	477b  :   03;
	477c  :   12;
	477d  :   f5;
	477e  :   10;
	477f  :   fb;
	4780  :   1e;
	4781  :   04;
	4782  :   fe;
	4783  :   f5;
	4784  :   ec;
	4785  :   f6;
	4786  :   ee;
	4787  :   11;
	4788  :   08;
	4789  :   fe;
	478a  :   08;
	478b  :   08;
	478c  :   0c;
	478d  :   06;
	478e  :   1d;
	478f  :   05;
	4790  :   1e;
	4791  :   0a;
	4792  :   09;
	4793  :   f6;
	4794  :   04;
	4795  :   09;
	4796  :   02;
	4797  :   17;
	4798  :   04;
	4799  :   e2;
	479a  :   07;
	479b  :   17;
	479c  :   2c;
	479d  :   15;
	479e  :   16;
	479f  :   e1;
	47a0  :   e4;
	47a1  :   17;
	47a2  :   f8;
	47a3  :   ef;
	47a4  :   08;
	47a5  :   11;
	47a6  :   0f;
	47a7  :   1d;
	47a8  :   24;
	47a9  :   11;
	47aa  :   14;
	47ab  :   0a;
	47ac  :   1a;
	47ad  :   0c;
	47ae  :   ec;
	47af  :   e4;
	47b0  :   e7;
	47b1  :   e1;
	47b2  :   0f;
	47b3  :   1a;
	47b4  :   ef;
	47b5  :   03;
	47b6  :   15;
	47b7  :   12;
	47b8  :   23;
	47b9  :   05;
	47ba  :   0b;
	47bb  :   d8;
	47bc  :   f9;
	47bd  :   f4;
	47be  :   f7;
	47bf  :   ec;
	47c0  :   0b;
	47c1  :   09;
	47c2  :   14;
	47c3  :   10;
	47c4  :   1c;
	47c5  :   08;
	47c6  :   37;
	47c7  :   12;
	47c8  :   3a;
	47c9  :   09;
	47ca  :   e8;
	47cb  :   e6;
	47cc  :   f3;
	47cd  :   02;
	47ce  :   0c;
	47cf  :   0b;
	47d0  :   00;
	47d1  :   09;
	47d2  :   14;
	47d3  :   f7;
	47d4  :   fe;
	47d5  :   0a;
	47d6  :   e5;
	47d7  :   f3;
	47d8  :   cf;
	47d9  :   ea;
	47da  :   0e;
	47db  :   09;
	47dc  :   fb;
	47dd  :   0c;
	47de  :   01;
	47df  :   f2;
	47e0  :   0c;
	47e1  :   2a;
	47e2  :   31;
	47e3  :   3e;
	47e4  :   26;
	47e5  :   0a;
	47e6  :   0d;
	47e7  :   e2;
	47e8  :   f2;
	47e9  :   07;
	47ea  :   02;
	47eb  :   07;
	47ec  :   f9;
	47ed  :   17;
	47ee  :   13;
	47ef  :   d5;
	47f0  :   f8;
	47f1  :   07;
	47f2  :   e6;
	47f3  :   b1;
	47f4  :   c4;
	47f5  :   f0;
	47f6  :   e8;
	47f7  :   f4;
	47f8  :   ed;
	47f9  :   08;
	47fa  :   fe;
	47fb  :   0f;
	47fc  :   0e;
	47fd  :   0d;
	47fe  :   34;
	47ff  :   24;
	4800  :   36;
	4801  :   29;
	4802  :   15;
	4803  :   fb;
	4804  :   ff;
	4805  :   08;
	4806  :   f5;
	4807  :   10;
	4808  :   f9;
	4809  :   19;
	480a  :   15;
	480b  :   08;
	480c  :   1c;
	480d  :   f1;
	480e  :   db;
	480f  :   cb;
	4810  :   f3;
	4811  :   dc;
	4812  :   f0;
	4813  :   0e;
	4814  :   f1;
	4815  :   ff;
	4816  :   ee;
	4817  :   02;
	4818  :   f6;
	4819  :   0b;
	481a  :   38;
	481b  :   3a;
	481c  :   52;
	481d  :   46;
	481e  :   3c;
	481f  :   22;
	4820  :   1e;
	4821  :   dc;
	4822  :   03;
	4823  :   19;
	4824  :   08;
	4825  :   2c;
	4826  :   11;
	4827  :   0b;
	4828  :   2a;
	4829  :   1f;
	482a  :   0b;
	482b  :   01;
	482c  :   cc;
	482d  :   c2;
	482e  :   fe;
	482f  :   f9;
	4830  :   eb;
	4831  :   10;
	4832  :   f0;
	4833  :   f9;
	4834  :   d6;
	4835  :   02;
	4836  :   04;
	4837  :   24;
	4838  :   50;
	4839  :   3e;
	483a  :   1b;
	483b  :   1c;
	483c  :   25;
	483d  :   1b;
	483e  :   f5;
	483f  :   e4;
	4840  :   dd;
	4841  :   12;
	4842  :   2c;
	4843  :   2d;
	4844  :   2d;
	4845  :   18;
	4846  :   f7;
	4847  :   e5;
	4848  :   bf;
	4849  :   c9;
	484a  :   f7;
	484b  :   e9;
	484c  :   11;
	484d  :   02;
	484e  :   ff;
	484f  :   fe;
	4850  :   dd;
	4851  :   ec;
	4852  :   02;
	4853  :   0f;
	4854  :   3b;
	4855  :   26;
	4856  :   22;
	4857  :   0e;
	4858  :   25;
	4859  :   2c;
	485a  :   0d;
	485b  :   fc;
	485c  :   0d;
	485d  :   19;
	485e  :   2f;
	485f  :   0b;
	4860  :   13;
	4861  :   1e;
	4862  :   12;
	4863  :   db;
	4864  :   ef;
	4865  :   d4;
	4866  :   f1;
	4867  :   eb;
	4868  :   04;
	4869  :   f2;
	486a  :   ea;
	486b  :   ed;
	486c  :   ca;
	486d  :   dd;
	486e  :   f4;
	486f  :   f6;
	4870  :   fc;
	4871  :   e2;
	4872  :   f8;
	4873  :   29;
	4874  :   0b;
	4875  :   12;
	4876  :   ed;
	4877  :   fe;
	4878  :   f8;
	4879  :   ee;
	487a  :   fc;
	487b  :   07;
	487c  :   08;
	487d  :   24;
	487e  :   f3;
	487f  :   c1;
	4880  :   b2;
	4881  :   dd;
	4882  :   0c;
	4883  :   f5;
	4884  :   f8;
	4885  :   eb;
	4886  :   fc;
	4887  :   d7;
	4888  :   d4;
	4889  :   c8;
	488a  :   bb;
	488b  :   bc;
	488c  :   d7;
	488d  :   bd;
	488e  :   c5;
	488f  :   db;
	4890  :   d0;
	4891  :   c5;
	4892  :   db;
	4893  :   d2;
	4894  :   e4;
	4895  :   eb;
	4896  :   ff;
	4897  :   11;
	4898  :   fa;
	4899  :   f6;
	489a  :   cc;
	489b  :   bd;
	489c  :   d8;
	489d  :   ed;
	489e  :   f3;
	489f  :   e8;
	48a0  :   ff;
	48a1  :   02;
	48a2  :   ee;
	48a3  :   f1;
	48a4  :   cf;
	48a5  :   a7;
	48a6  :   b0;
	48a7  :   9e;
	48a8  :   a3;
	48a9  :   a1;
	48aa  :   ab;
	48ab  :   93;
	48ac  :   a2;
	48ad  :   df;
	48ae  :   d7;
	48af  :   e9;
	48b0  :   e9;
	48b1  :   e3;
	48b2  :   ed;
	48b3  :   f8;
	48b4  :   fd;
	48b5  :   0b;
	48b6  :   c6;
	48b7  :   e2;
	48b8  :   f6;
	48b9  :   06;
	48ba  :   ec;
	48bb  :   f9;
	48bc  :   10;
	48bd  :   0b;
	48be  :   ee;
	48bf  :   dc;
	48c0  :   dd;
	48c1  :   ce;
	48c2  :   b7;
	48c3  :   ab;
	48c4  :   96;
	48c5  :   b3;
	48c6  :   ce;
	48c7  :   b5;
	48c8  :   c2;
	48c9  :   c9;
	48ca  :   dc;
	48cb  :   f1;
	48cc  :   ee;
	48cd  :   d7;
	48ce  :   ea;
	48cf  :   fa;
	48d0  :   eb;
	48d1  :   0e;
	48d2  :   f1;
	48d3  :   e9;
	48d4  :   1d;
	48d5  :   fd;
	48d6  :   0a;
	48d7  :   f4;
	48d8  :   07;
	48d9  :   f9;
	48da  :   fd;
	48db  :   e4;
	48dc  :   eb;
	48dd  :   d6;
	48de  :   dd;
	48df  :   d5;
	48e0  :   de;
	48e1  :   c7;
	48e2  :   df;
	48e3  :   f9;
	48e4  :   e5;
	48e5  :   b3;
	48e6  :   cd;
	48e7  :   eb;
	48e8  :   e1;
	48e9  :   d6;
	48ea  :   e0;
	48eb  :   d8;
	48ec  :   0d;
	48ed  :   e7;
	48ee  :   e6;
	48ef  :   04;
	48f0  :   0a;
	48f1  :   01;
	48f2  :   07;
	48f3  :   f1;
	48f4  :   e9;
	48f5  :   01;
	48f6  :   01;
	48f7  :   f5;
	48f8  :   16;
	48f9  :   13;
	48fa  :   15;
	48fb  :   23;
	48fc  :   f5;
	48fd  :   ee;
	48fe  :   17;
	48ff  :   f8;
	4900  :   e1;
	4901  :   c7;
	4902  :   f0;
	4903  :   d4;
	4904  :   e1;
	4905  :   df;
	4906  :   e0;
	4907  :   ef;
	4908  :   e9;
	4909  :   df;
	490a  :   e3;
	490b  :   ff;
	490c  :   21;
	490d  :   f4;
	490e  :   08;
	490f  :   fa;
	4910  :   0f;
	4911  :   e8;
	4912  :   03;
	4913  :   05;
	4914  :   1f;
	4915  :   54;
	4916  :   39;
	4917  :   53;
	4918  :   31;
	4919  :   14;
	491a  :   18;
	491b  :   1b;
	491c  :   d5;
	491d  :   07;
	491e  :   00;
	491f  :   ff;
	4920  :   e3;
	4921  :   e4;
	4922  :   b1;
	4923  :   fd;
	4924  :   20;
	4925  :   0e;
	4926  :   0b;
	4927  :   f9;
	4928  :   fe;
	4929  :   e7;
	492a  :   0d;
	492b  :   ef;
	492c  :   fd;
	492d  :   fc;
	492e  :   0b;
	492f  :   eb;
	4930  :   04;
	4931  :   3a;
	4932  :   14;
	4933  :   35;
	4934  :   33;
	4935  :   2a;
	4936  :   51;
	4937  :   2d;
	4938  :   16;
	4939  :   1f;
	493a  :   22;
	493b  :   fa;
	493c  :   16;
	493d  :   fa;
	493e  :   22;
	493f  :   24;
	4940  :   33;
	4941  :   2c;
	4942  :   09;
	4943  :   f4;
	4944  :   00;
	4945  :   f1;
	4946  :   ec;
	4947  :   04;
	4948  :   ef;
	4949  :   10;
	494a  :   f9;
	494b  :   f9;
	494c  :   0f;
	494d  :   ee;
	494e  :   02;
	494f  :   fe;
	4950  :   18;
	4951  :   25;
	4952  :   0f;
	4953  :   09;
	4954  :   17;
	4955  :   42;
	4956  :   2e;
	4957  :   15;
	4958  :   1f;
	4959  :   39;
	495a  :   32;
	495b  :   04;
	495c  :   27;
	495d  :   24;
	495e  :   f1;
	495f  :   f8;
	4960  :   0e;
	4961  :   07;
	4962  :   05;
	4963  :   0e;
	4964  :   f3;
	4965  :   f1;
	4966  :   06;
	4967  :   10;
	4968  :   01;
	4969  :   f3;
	496a  :   e9;
	496b  :   01;
	496c  :   fa;
	496d  :   fc;
	496e  :   f4;
	496f  :   08;
	4970  :   f2;
	4971  :   01;
	4972  :   10;
	4973  :   11;
	4974  :   fa;
	4975  :   f9;
	4976  :   0a;
	4977  :   ff;
	4978  :   0a;
	4979  :   ed;
	497a  :   fe;
	497b  :   01;
	497c  :   fd;
	497d  :   eb;
	497e  :   f5;
	497f  :   0c;
	4980  :   3f;
	4981  :   4d;
	4982  :   75;
	4983  :   06;
	4984  :   e9;
	4985  :   2d;
	4986  :   2e;
	4987  :   4a;
	4988  :   3e;
	4989  :   52;
	498a  :   0a;
	498b  :   09;
	498c  :   b5;
	498d  :   56;
	498e  :   c1;
	498f  :   3f;
	4990  :   16;
	4991  :   62;
	4992  :   3f;
	4993  :   6c;
	4994  :   51;
	4995  :   d3;
	4996  :   66;
	4997  :   ec;
	4998  :   3c;
	4999  :   b8;
	499a  :   f1;
	499b  :   11;
	499c  :   61;
	499d  :   6a;
	499e  :   ea;
	499f  :   d9;
	49a0  :   fb;
	49a1  :   48;
	49a2  :   b8;
	49a3  :   74;
	49a4  :   40;
	49a5  :   7d;
	49a6  :   1a;
	49a7  :   73;
	49a8  :   cf;
	49a9  :   cb;
	49aa  :   06;
	49ab  :   fa;
	49ac  :   be;
	49ad  :   50;
	49ae  :   c1;
	49af  :   2c;
	49b0  :   36;
	49b1  :   0a;
	49b2  :   58;
	49b3  :   71;
	49b4  :   1a;
	49b5  :   60;
	49b6  :   17;
	49b7  :   73;
	49b8  :   7b;
	49b9  :   0a;
	49ba  :   7b;
	49bb  :   3f;
	49bc  :   34;
	49bd  :   ac;
	49be  :   65;
	49bf  :   e0;
	49c0  :   65;
	49c1  :   0b;
	49c2  :   26;
	49c3  :   40;
	49c4  :   76;
	49c5  :   c6;
	49c6  :   c5;
	49c7  :   62;
	49c8  :   d0;
	49c9  :   55;
	49ca  :   ba;
	49cb  :   0c;
	49cc  :   e3;
	49cd  :   c3;
	49ce  :   d8;
	49cf  :   e1;
	49d0  :   47;
	49d1  :   1b;
	49d2  :   1c;
	49d3  :   77;
	49d4  :   7b;
	49d5  :   16;
	49d6  :   73;
	49d7  :   4d;
	49d8  :   23;
	49d9  :   53;
	49da  :   fd;
	49db  :   37;
	49dc  :   6d;
	49dd  :   e4;
	49de  :   70;
	49df  :   0f;
	49e0  :   79;
	49e1  :   09;
	49e2  :   1d;
	49e3  :   63;
	49e4  :   6c;
	49e5  :   71;
	49e6  :   5d;
	49e7  :   c2;
	49e8  :   c4;
	49e9  :   5a;
	49ea  :   d4;
	49eb  :   f6;
	49ec  :   56;
	49ed  :   20;
	49ee  :   14;
	49ef  :   3c;
	49f0  :   67;
	49f1  :   3f;
	49f2  :   e4;
	49f3  :   11;
	49f4  :   01;
	49f5  :   b7;
	49f6  :   e4;
	49f7  :   d4;
	49f8  :   66;
	49f9  :   33;
	49fa  :   c9;
	49fb  :   08;
	49fc  :   2e;
	49fd  :   d9;
	49fe  :   f6;
	49ff  :   3e;
	4a00  :   65;
	4a01  :   f5;
	4a02  :   17;
	4a03  :   d5;
	4a04  :   08;
	4a05  :   4a;
	4a06  :   31;
	4a07  :   56;
	4a08  :   f4;
	4a09  :   cf;
	4a0a  :   33;
	4a0b  :   12;
	4a0c  :   34;
	4a0d  :   d0;
	4a0e  :   60;
	4a0f  :   b4;
	4a10  :   b4;
	4a11  :   b1;
	4a12  :   da;
	4a13  :   5f;
	4a14  :   62;
	4a15  :   47;
	4a16  :   ff;
	4a17  :   5b;
	4a18  :   6f;
	4a19  :   47;
	4a1a  :   de;
	4a1b  :   53;
	4a1c  :   fe;
	4a1d  :   d2;
	4a1e  :   1a;
	4a1f  :   b6;
	4a20  :   70;
	4a21  :   bb;
	4a22  :   eb;
	4a23  :   be;
	4a24  :   b3;
	4a25  :   28;
	4a26  :   c9;
	4a27  :   45;
	4a28  :   6c;
	4a29  :   66;
	4a2a  :   b7;
	4a2b  :   3a;
	4a2c  :   58;
	4a2d  :   74;
	4a2e  :   fc;
	4a2f  :   de;
	4a30  :   e5;
	4a31  :   13;
	4a32  :   02;
	4a33  :   c8;
	4a34  :   9c;
	4a35  :   29;
	4a36  :   3d;
	4a37  :   ee;
	4a38  :   b0;
	4a39  :   4c;
	4a3a  :   48;
	4a3b  :   f5;
	4a3c  :   b1;
	4a3d  :   01;
	4a3e  :   d9;
	4a3f  :   d9;
	4a40  :   35;
	4a41  :   fd;
	4a42  :   66;
	4a43  :   7a;
	4a44  :   56;
	4a45  :   17;
	4a46  :   60;
	4a47  :   1b;
	4a48  :   d7;
	4a49  :   e9;
	4a4a  :   b9;
	4a4b  :   54;
	4a4c  :   54;
	4a4d  :   21;
	4a4e  :   16;
	4a4f  :   f8;
	4a50  :   bf;
	4a51  :   34;
	4a52  :   93;
	4a53  :   8e;
	4a54  :   ce;
	4a55  :   f7;
	4a56  :   9f;
	4a57  :   93;
	4a58  :   97;
	4a59  :   c9;
	4a5a  :   3a;
	4a5b  :   bb;
	4a5c  :   ff;
	4a5d  :   34;
	4a5e  :   4b;
	4a5f  :   67;
	4a60  :   51;
	4a61  :   50;
	4a62  :   d1;
	4a63  :   32;
	4a64  :   2b;
	4a65  :   ed;
	4a66  :   0d;
	4a67  :   d9;
	4a68  :   0a;
	4a69  :   34;
	4a6a  :   06;
	4a6b  :   39;
	4a6c  :   0d;
	4a6d  :   db;
	4a6e  :   df;
	4a6f  :   00;
	4a70  :   1b;
	4a71  :   d9;
	4a72  :   d7;
	4a73  :   e6;
	4a74  :   3b;
	4a75  :   47;
	4a76  :   0f;
	4a77  :   28;
	4a78  :   c2;
	4a79  :   2d;
	4a7a  :   eb;
	4a7b  :   be;
	4a7c  :   45;
	4a7d  :   21;
	4a7e  :   ed;
	4a7f  :   bd;
	4a80  :   2c;
	4a81  :   ff;
	4a82  :   3c;
	4a83  :   08;
	4a84  :   1e;
	4a85  :   4d;
	4a86  :   a7;
	4a87  :   87;
	4a88  :   f1;
	4a89  :   32;
	4a8a  :   12;
	4a8b  :   27;
	4a8c  :   55;
	4a8d  :   ac;
	4a8e  :   12;
	4a8f  :   a1;
	4a90  :   02;
	4a91  :   98;
	4a92  :   2a;
	4a93  :   53;
	4a94  :   b9;
	4a95  :   2f;
	4a96  :   5d;
	4a97  :   d5;
	4a98  :   09;
	4a99  :   40;
	4a9a  :   4c;
	4a9b  :   ba;
	4a9c  :   f4;
	4a9d  :   00;
	4a9e  :   1e;
	4a9f  :   b3;
	4aa0  :   bf;
	4aa1  :   3b;
	4aa2  :   01;
	4aa3  :   2b;
	4aa4  :   1e;
	4aa5  :   01;
	4aa6  :   22;
	4aa7  :   3f;
	4aa8  :   10;
	4aa9  :   c8;
	4aaa  :   fc;
	4aab  :   d1;
	4aac  :   49;
	4aad  :   4a;
	4aae  :   16;
	4aaf  :   e7;
	4ab0  :   e7;
	4ab1  :   07;
	4ab2  :   ec;
	4ab3  :   63;
	4ab4  :   fa;
	4ab5  :   fc;
	4ab6  :   5e;
	4ab7  :   b8;
	4ab8  :   58;
	4ab9  :   7b;
	4aba  :   26;
	4abb  :   d6;
	4abc  :   1e;
	4abd  :   c7;
	4abe  :   1d;
	4abf  :   c8;
	4ac0  :   16;
	4ac1  :   ac;
	4ac2  :   3d;
	4ac3  :   d9;
	4ac4  :   da;
	4ac5  :   f2;
	4ac6  :   06;
	4ac7  :   02;
	4ac8  :   17;
	4ac9  :   0f;
	4aca  :   1f;
	4acb  :   b1;
	4acc  :   dc;
	4acd  :   62;
	4ace  :   fb;
	4acf  :   0f;
	4ad0  :   64;
	4ad1  :   08;
	4ad2  :   55;
	4ad3  :   29;
	4ad4  :   52;
	4ad5  :   08;
	4ad6  :   f2;
	4ad7  :   fa;
	4ad8  :   01;
	4ad9  :   2e;
	4ada  :   51;
	4adb  :   37;
	4adc  :   33;
	4add  :   2d;
	4ade  :   06;
	4adf  :   f4;
	4ae0  :   93;
	4ae1  :   c7;
	4ae2  :   e8;
	4ae3  :   04;
	4ae4  :   b1;
	4ae5  :   f3;
	4ae6  :   dc;
	4ae7  :   6f;
	4ae8  :   79;
	4ae9  :   53;
	4aea  :   0a;
	4aeb  :   77;
	4aec  :   fc;
	4aed  :   42;
	4aee  :   f1;
	4aef  :   e9;
	4af0  :   4a;
	4af1  :   46;
	4af2  :   31;
	4af3  :   1c;
	4af4  :   1f;
	4af5  :   24;
	4af6  :   18;
	4af7  :   3c;
	4af8  :   25;
	4af9  :   d7;
	4afa  :   b9;
	4afb  :   23;
	4afc  :   9e;
	4afd  :   9d;
	4afe  :   1f;
	4aff  :   c3;
	4b00  :   4d;
	4b01  :   d7;
	4b02  :   ee;
	4b03  :   e0;
	4b04  :   1d;
	4b05  :   24;
	4b06  :   f8;
	4b07  :   e8;
	4b08  :   1a;
	4b09  :   2a;
	4b0a  :   f4;
	4b0b  :   2f;
	4b0c  :   c0;
	4b0d  :   a3;
	4b0e  :   4c;
	4b0f  :   d7;
	4b10  :   1a;
	4b11  :   f7;
	4b12  :   8c;
	4b13  :   18;
	4b14  :   84;
	4b15  :   de;
	4b16  :   9a;
	4b17  :   42;
	4b18  :   b9;
	4b19  :   a7;
	4b1a  :   be;
	4b1b  :   41;
	4b1c  :   b1;
	4b1d  :   f4;
	4b1e  :   39;
	4b1f  :   bf;
	4b20  :   ba;
	4b21  :   27;
	4b22  :   c3;
	4b23  :   d0;
	4b24  :   32;
	4b25  :   e3;
	4b26  :   57;
	4b27  :   6f;
	4b28  :   38;
	4b29  :   d0;
	4b2a  :   87;
	4b2b  :   e8;
	4b2c  :   1c;
	4b2d  :   91;
	4b2e  :   bd;
	4b2f  :   c4;
	4b30  :   49;
	4b31  :   dd;
	4b32  :   01;
	4b33  :   e5;
	4b34  :   1b;
	4b35  :   dd;
	4b36  :   2d;
	4b37  :   a4;
	4b38  :   f8;
	4b39  :   03;
	4b3a  :   20;
	4b3b  :   da;
	4b3c  :   14;
	4b3d  :   2c;
	4b3e  :   1d;
	4b3f  :   e6;
	4b40  :   45;
	4b41  :   00;
	4b42  :   5f;
	4b43  :   0a;
	4b44  :   ab;
	4b45  :   b4;
	4b46  :   1b;
	4b47  :   a8;
	4b48  :   e5;
	4b49  :   fb;
	4b4a  :   e5;
	4b4b  :   e9;
	4b4c  :   02;
	4b4d  :   e0;
	4b4e  :   2d;
	4b4f  :   af;
	4b50  :   f6;
	4b51  :   ae;
	4b52  :   98;
	4b53  :   4c;
	4b54  :   ef;
	4b55  :   50;
	4b56  :   ca;
	4b57  :   79;
	4b58  :   71;
	4b59  :   a9;
	4b5a  :   ef;
	4b5b  :   06;
	4b5c  :   48;
	4b5d  :   cc;
	4b5e  :   5f;
	4b5f  :   72;
	4b60  :   43;
	4b61  :   5b;
	4b62  :   a6;
	4b63  :   eb;
	4b64  :   21;
	4b65  :   4c;
	4b66  :   30;
	4b67  :   e9;
	4b68  :   a2;
	4b69  :   87;
	4b6a  :   23;
	4b6b  :   95;
	4b6c  :   db;
	4b6d  :   99;
	4b6e  :   89;
	4b6f  :   f0;
	4b70  :   4b;
	4b71  :   c4;
	4b72  :   bb;
	4b73  :   3c;
	4b74  :   b8;
	4b75  :   27;
	4b76  :   62;
	4b77  :   c0;
	4b78  :   11;
	4b79  :   15;
	4b7a  :   5c;
	4b7b  :   24;
	4b7c  :   3c;
	4b7d  :   1a;
	4b7e  :   80;
	4b7f  :   c0;
	4b80  :   dd;
	4b81  :   08;
	4b82  :   c4;
	4b83  :   de;
	4b84  :   90;
	4b85  :   13;
	4b86  :   48;
	4b87  :   d8;
	4b88  :   f5;
	4b89  :   15;
	4b8a  :   1c;
	4b8b  :   99;
	4b8c  :   c7;
	4b8d  :   0a;
	4b8e  :   4f;
	4b8f  :   e2;
	4b90  :   d7;
	4b91  :   34;
	4b92  :   b4;
	4b93  :   ed;
	4b94  :   5c;
	4b95  :   39;
	4b96  :   1a;
	4b97  :   c2;
	4b98  :   26;
	4b99  :   6c;
	4b9a  :   a5;
	4b9b  :   bc;
	4b9c  :   37;
	4b9d  :   04;
	4b9e  :   c5;
	4b9f  :   1d;
	4ba0  :   24;
	4ba1  :   36;
	4ba2  :   03;
	4ba3  :   ab;
	4ba4  :   04;
	4ba5  :   17;
	4ba6  :   aa;
	4ba7  :   33;
	4ba8  :   4a;
	4ba9  :   be;
	4baa  :   33;
	4bab  :   da;
	4bac  :   74;
	4bad  :   31;
	4bae  :   c6;
	4baf  :   44;
	4bb0  :   33;
	4bb1  :   19;
	4bb2  :   53;
	4bb3  :   59;
	4bb4  :   22;
	4bb5  :   30;
	4bb6  :   de;
	4bb7  :   e0;
	4bb8  :   e2;
	4bb9  :   d0;
	4bba  :   bc;
	4bbb  :   5f;
	4bbc  :   49;
	4bbd  :   33;
	4bbe  :   cc;
	4bbf  :   2c;
	4bc0  :   8b;
	4bc1  :   9c;
	4bc2  :   4c;
	4bc3  :   da;
	4bc4  :   f3;
	4bc5  :   d5;
	4bc6  :   b2;
	4bc7  :   c8;
	4bc8  :   de;
	4bc9  :   0d;
	4bca  :   70;
	4bcb  :   b8;
	4bcc  :   cb;
	4bcd  :   6e;
	4bce  :   0f;
	4bcf  :   55;
	4bd0  :   ba;
	4bd1  :   df;
	4bd2  :   54;
	4bd3  :   aa;
	4bd4  :   dd;
	4bd5  :   1d;
	4bd6  :   9c;
	4bd7  :   35;
	4bd8  :   19;
	4bd9  :   d8;
	4bda  :   a8;
	4bdb  :   9e;
	4bdc  :   01;
	4bdd  :   0f;
	4bde  :   95;
	4bdf  :   ac;
	4be0  :   a5;
	4be1  :   d0;
	4be2  :   03;
	4be3  :   7e;
	4be4  :   5c;
	4be5  :   64;
	4be6  :   df;
	4be7  :   f7;
	4be8  :   29;
	4be9  :   ed;
	4bea  :   58;
	4beb  :   da;
	4bec  :   6d;
	4bed  :   fa;
	4bee  :   cb;
	4bef  :   c7;
	4bf0  :   16;
	4bf1  :   b0;
	4bf2  :   b1;
	4bf3  :   9b;
	4bf4  :   15;
	4bf5  :   04;
	4bf6  :   09;
	4bf7  :   a6;
	4bf8  :   d8;
	4bf9  :   96;
	4bfa  :   51;
	4bfb  :   1b;
	4bfc  :   1b;
	4bfd  :   2d;
	4bfe  :   d7;
	4bff  :   71;
	4c00  :   59;
	4c01  :   0b;
	4c02  :   e6;
	4c03  :   78;
	4c04  :   42;
	4c05  :   eb;
	4c06  :   da;
	4c07  :   ea;
	4c08  :   7a;
	4c09  :   79;
	4c0a  :   22;
	4c0b  :   27;
	4c0c  :   e4;
	4c0d  :   19;
	4c0e  :   11;
	4c0f  :   44;
	4c10  :   06;
	4c11  :   8a;
	4c12  :   21;
	4c13  :   8e;
	4c14  :   00;
	4c15  :   d5;
	4c16  :   fd;
	4c17  :   18;
	4c18  :   b6;
	4c19  :   12;
	4c1a  :   1d;
	4c1b  :   61;
	4c1c  :   39;
	4c1d  :   2b;
	4c1e  :   0b;
	4c1f  :   43;
	4c20  :   de;
	4c21  :   da;
	4c22  :   db;
	4c23  :   eb;
	4c24  :   6f;
	4c25  :   2d;
	4c26  :   c2;
	4c27  :   06;
	4c28  :   e9;
	4c29  :   cb;
	4c2a  :   36;
	4c2b  :   24;
	4c2c  :   50;
	4c2d  :   c0;
	4c2e  :   8f;
	4c2f  :   1d;
	4c30  :   bb;
	4c31  :   03;
	4c32  :   45;
	4c33  :   4a;
	4c34  :   0e;
	4c35  :   d0;
	4c36  :   9f;
	4c37  :   de;
	4c38  :   39;
	4c39  :   52;
	4c3a  :   7b;
	4c3b  :   24;
	4c3c  :   36;
	4c3d  :   33;
	4c3e  :   c9;
	4c3f  :   bc;
	4c40  :   01;
	4c41  :   3b;
	4c42  :   ba;
	4c43  :   3c;
	4c44  :   b7;
	4c45  :   ae;
	4c46  :   63;
	4c47  :   29;
	4c48  :   06;
	4c49  :   6c;
	4c4a  :   d9;
	4c4b  :   db;
	4c4c  :   6b;
	4c4d  :   47;
	4c4e  :   22;
	4c4f  :   0d;
	4c50  :   59;
	4c51  :   7d;
	4c52  :   0b;
	4c53  :   79;
	4c54  :   77;
	4c55  :   1d;
	4c56  :   68;
	4c57  :   dc;
	4c58  :   65;
	4c59  :   14;
	4c5a  :   72;
	4c5b  :   0b;
	4c5c  :   46;
	4c5d  :   25;
	4c5e  :   c3;
	4c5f  :   e4;
	4c60  :   62;
	4c61  :   e1;
	4c62  :   51;
	4c63  :   6e;
	4c64  :   df;
	4c65  :   cb;
	4c66  :   52;
	4c67  :   d1;
	4c68  :   41;
	4c69  :   5c;
	4c6a  :   3c;
	4c6b  :   ad;
	4c6c  :   39;
	4c6d  :   72;
	4c6e  :   e4;
	4c6f  :   74;
	4c70  :   cd;
	4c71  :   c7;
	4c72  :   fb;
	4c73  :   b4;
	4c74  :   f6;
	4c75  :   d1;
	4c76  :   09;
	4c77  :   e2;
	4c78  :   54;
	4c79  :   46;
	4c7a  :   79;
	4c7b  :   da;
	4c7c  :   2a;
	4c7d  :   05;
	4c7e  :   79;
	4c7f  :   c1;
	4c80  :   b7;
	4c81  :   24;
	4c82  :   ea;
	4c83  :   01;
	4c84  :   1b;
	4c85  :   38;
	4c86  :   ba;
	4c87  :   e2;
	4c88  :   c0;
	4c89  :   0f;
	4c8a  :   fe;
	4c8b  :   41;
	4c8c  :   f1;
	4c8d  :   16;
	4c8e  :   de;
	4c8f  :   40;
	4c90  :   5a;
	4c91  :   6d;
	4c92  :   65;
	4c93  :   fe;
	4c94  :   f8;
	4c95  :   2a;
	4c96  :   00;
	4c97  :   74;
	4c98  :   2d;
	4c99  :   05;
	4c9a  :   09;
	4c9b  :   48;
	4c9c  :   ef;
	4c9d  :   ec;
	4c9e  :   10;
	4c9f  :   2f;
	4ca0  :   6d;
	4ca1  :   5f;
	4ca2  :   30;
	4ca3  :   f7;
	4ca4  :   64;
	4ca5  :   4f;
	4ca6  :   0e;
	4ca7  :   29;
	4ca8  :   43;
	4ca9  :   57;
	4caa  :   25;
	4cab  :   66;
	4cac  :   47;
	4cad  :   26;
	4cae  :   71;
	4caf  :   35;
	4cb0  :   6f;
	4cb1  :   f0;
	4cb2  :   25;
	4cb3  :   42;
	4cb4  :   6a;
	4cb5  :   2e;
	4cb6  :   1a;
	4cb7  :   41;
	4cb8  :   3e;
	4cb9  :   53;
	4cba  :   ee;
	4cbb  :   20;
	4cbc  :   3f;
	4cbd  :   2c;
	4cbe  :   2a;
	4cbf  :   fd;
	4cc0  :   04;
	4cc1  :   21;
	4cc2  :   33;
	4cc3  :   2d;
	4cc4  :   59;
	4cc5  :   ee;
	4cc6  :   39;
	4cc7  :   01;
	4cc8  :   37;
	4cc9  :   59;
	4cca  :   19;
	4ccb  :   42;
	4ccc  :   31;
	4ccd  :   f9;
	4cce  :   ff;
	4ccf  :   39;
	4cd0  :   44;
	4cd1  :   63;
	4cd2  :   59;
	4cd3  :   6f;
	4cd4  :   1e;
	4cd5  :   5e;
	4cd6  :   36;
	4cd7  :   0b;
	4cd8  :   58;
	4cd9  :   4c;
	4cda  :   20;
	4cdb  :   fa;
	4cdc  :   0c;
	4cdd  :   6c;
	4cde  :   07;
	4cdf  :   0d;
	4ce0  :   ef;
	4ce1  :   66;
	4ce2  :   0b;
	4ce3  :   33;
	4ce4  :   46;
	4ce5  :   3b;
	4ce6  :   ec;
	4ce7  :   f7;
	4ce8  :   06;
	4ce9  :   74;
	4cea  :   63;
	4ceb  :   70;
	4cec  :   27;
	4ced  :   72;
	4cee  :   34;
	4cef  :   76;
	4cf0  :   40;
	4cf1  :   5a;
	4cf2  :   29;
	4cf3  :   6c;
	4cf4  :   f4;
	4cf5  :   05;
	4cf6  :   fa;
	4cf7  :   06;
	4cf8  :   12;
	4cf9  :   6b;
	4cfa  :   f3;
	4cfb  :   04;
	4cfc  :   48;
	4cfd  :   13;
	4cfe  :   1f;
	4cff  :   f9;
	4d00  :   16;
	4d01  :   4c;
	4d02  :   47;
	4d03  :   26;
	4d04  :   1b;
	4d05  :   34;
	4d06  :   5f;
	4d07  :   29;
	4d08  :   fb;
	4d09  :   57;
	4d0a  :   30;
	4d0b  :   09;
	4d0c  :   2c;
	4d0d  :   e5;
	4d0e  :   f3;
	4d0f  :   fb;
	4d10  :   b5;
	4d11  :   0f;
	4d12  :   1b;
	4d13  :   23;
	4d14  :   1b;
	4d15  :   f5;
	4d16  :   27;
	4d17  :   40;
	4d18  :   72;
	4d19  :   38;
	4d1a  :   31;
	4d1b  :   6e;
	4d1c  :   01;
	4d1d  :   56;
	4d1e  :   1c;
	4d1f  :   4d;
	4d20  :   0a;
	4d21  :   2a;
	4d22  :   2f;
	4d23  :   02;
	4d24  :   0a;
	4d25  :   0c;
	4d26  :   f5;
	4d27  :   10;
	4d28  :   12;
	4d29  :   14;
	4d2a  :   44;
	4d2b  :   49;
	4d2c  :   db;
	4d2d  :   ff;
	4d2e  :   a5;
	4d2f  :   e6;
	4d30  :   9f;
	4d31  :   29;
	4d32  :   44;
	4d33  :   1a;
	4d34  :   12;
	4d35  :   f0;
	4d36  :   0b;
	4d37  :   53;
	4d38  :   2a;
	4d39  :   53;
	4d3a  :   03;
	4d3b  :   14;
	4d3c  :   06;
	4d3d  :   5d;
	4d3e  :   5d;
	4d3f  :   63;
	4d40  :   f7;
	4d41  :   10;
	4d42  :   13;
	4d43  :   e4;
	4d44  :   43;
	4d45  :   3d;
	4d46  :   d6;
	4d47  :   42;
	4d48  :   02;
	4d49  :   b0;
	4d4a  :   a0;
	4d4b  :   cc;
	4d4c  :   82;
	4d4d  :   00;
	4d4e  :   37;
	4d4f  :   ce;
	4d50  :   4b;
	4d51  :   4b;
	4d52  :   ec;
	4d53  :   6b;
	4d54  :   6a;
	4d55  :   27;
	4d56  :   40;
	4d57  :   10;
	4d58  :   26;
	4d59  :   02;
	4d5a  :   89;
	4d5b  :   af;
	4d5c  :   47;
	4d5d  :   19;
	4d5e  :   db;
	4d5f  :   d9;
	4d60  :   ed;
	4d61  :   13;
	4d62  :   f2;
	4d63  :   1e;
	4d64  :   fc;
	4d65  :   c9;
	4d66  :   ed;
	4d67  :   d8;
	4d68  :   fa;
	4d69  :   df;
	4d6a  :   01;
	4d6b  :   43;
	4d6c  :   3d;
	4d6d  :   0f;
	4d6e  :   1f;
	4d6f  :   fb;
	4d70  :   50;
	4d71  :   19;
	4d72  :   63;
	4d73  :   15;
	4d74  :   ff;
	4d75  :   a6;
	4d76  :   d0;
	4d77  :   8a;
	4d78  :   39;
	4d79  :   e9;
	4d7a  :   fc;
	4d7b  :   ea;
	4d7c  :   e7;
	4d7d  :   df;
	4d7e  :   bf;
	4d7f  :   06;
	4d80  :   00;
	4d81  :   07;
	4d82  :   0b;
	4d83  :   01;
	4d84  :   c7;
	4d85  :   e9;
	4d86  :   f8;
	4d87  :   30;
	4d88  :   1b;
	4d89  :   1f;
	4d8a  :   15;
	4d8b  :   62;
	4d8c  :   3c;
	4d8d  :   61;
	4d8e  :   15;
	4d8f  :   57;
	4d90  :   cb;
	4d91  :   c4;
	4d92  :   07;
	4d93  :   25;
	4d94  :   f0;
	4d95  :   e0;
	4d96  :   35;
	4d97  :   eb;
	4d98  :   16;
	4d99  :   b4;
	4d9a  :   c3;
	4d9b  :   fb;
	4d9c  :   9e;
	4d9d  :   9f;
	4d9e  :   a2;
	4d9f  :   28;
	4da0  :   c5;
	4da1  :   e0;
	4da2  :   03;
	4da3  :   35;
	4da4  :   0f;
	4da5  :   75;
	4da6  :   f9;
	4da7  :   34;
	4da8  :   5e;
	4da9  :   fa;
	4daa  :   64;
	4dab  :   60;
	4dac  :   08;
	4dad  :   df;
	4dae  :   c3;
	4daf  :   fd;
	4db0  :   ba;
	4db1  :   2d;
	4db2  :   0c;
	4db3  :   d4;
	4db4  :   c2;
	4db5  :   f9;
	4db6  :   3e;
	4db7  :   36;
	4db8  :   03;
	4db9  :   bb;
	4dba  :   15;
	4dbb  :   f4;
	4dbc  :   11;
	4dbd  :   3f;
	4dbe  :   21;
	4dbf  :   d7;
	4dc0  :   eb;
	4dc1  :   4e;
	4dc2  :   13;
	4dc3  :   2c;
	4dc4  :   0f;
	4dc5  :   42;
	4dc6  :   4f;
	4dc7  :   17;
	4dc8  :   e4;
	4dc9  :   03;
	4dca  :   be;
	4dcb  :   c2;
	4dcc  :   1f;
	4dcd  :   b2;
	4dce  :   37;
	4dcf  :   03;
	4dd0  :   3a;
	4dd1  :   3c;
	4dd2  :   28;
	4dd3  :   55;
	4dd4  :   fa;
	4dd5  :   92;
	4dd6  :   e8;
	4dd7  :   15;
	4dd8  :   f3;
	4dd9  :   16;
	4dda  :   f3;
	4ddb  :   02;
	4ddc  :   44;
	4ddd  :   5c;
	4dde  :   25;
	4ddf  :   21;
	4de0  :   40;
	4de1  :   43;
	4de2  :   3b;
	4de3  :   ee;
	4de4  :   ba;
	4de5  :   ad;
	4de6  :   98;
	4de7  :   d3;
	4de8  :   28;
	4de9  :   e7;
	4dea  :   e6;
	4deb  :   11;
	4dec  :   c7;
	4ded  :   2a;
	4dee  :   43;
	4def  :   1c;
	4df0  :   e1;
	4df1  :   fb;
	4df2  :   01;
	4df3  :   e2;
	4df4  :   e3;
	4df5  :   20;
	4df6  :   4e;
	4df7  :   52;
	4df8  :   09;
	4df9  :   3c;
	4dfa  :   fc;
	4dfb  :   76;
	4dfc  :   f1;
	4dfd  :   1f;
	4dfe  :   69;
	4dff  :   ed;
	4e00  :   d3;
	4e01  :   c1;
	4e02  :   dd;
	4e03  :   d8;
	4e04  :   00;
	4e05  :   e2;
	4e06  :   28;
	4e07  :   c5;
	4e08  :   eb;
	4e09  :   dd;
	4e0a  :   4b;
	4e0b  :   10;
	4e0c  :   25;
	4e0d  :   de;
	4e0e  :   fb;
	4e0f  :   ab;
	4e10  :   94;
	4e11  :   29;
	4e12  :   fb;
	4e13  :   fd;
	4e14  :   fc;
	4e15  :   6e;
	4e16  :   4b;
	4e17  :   19;
	4e18  :   75;
	4e19  :   5f;
	4e1a  :   f8;
	4e1b  :   67;
	4e1c  :   95;
	4e1d  :   ac;
	4e1e  :   22;
	4e1f  :   0e;
	4e20  :   0b;
	4e21  :   26;
	4e22  :   14;
	4e23  :   3e;
	4e24  :   f1;
	4e25  :   fa;
	4e26  :   42;
	4e27  :   22;
	4e28  :   34;
	4e29  :   b6;
	4e2a  :   10;
	4e2b  :   f8;
	4e2c  :   ef;
	4e2d  :   20;
	4e2e  :   1c;
	4e2f  :   2b;
	4e30  :   6b;
	4e31  :   3d;
	4e32  :   33;
	4e33  :   19;
	4e34  :   73;
	4e35  :   53;
	4e36  :   68;
	4e37  :   23;
	4e38  :   b7;
	4e39  :   ca;
	4e3a  :   21;
	4e3b  :   e0;
	4e3c  :   1e;
	4e3d  :   1b;
	4e3e  :   eb;
	4e3f  :   d0;
	4e40  :   23;
	4e41  :   e6;
	4e42  :   19;
	4e43  :   e4;
	4e44  :   0d;
	4e45  :   0e;
	4e46  :   1b;
	4e47  :   05;
	4e48  :   81;
	4e49  :   a3;
	4e4a  :   e2;
	4e4b  :   7c;
	4e4c  :   59;
	4e4d  :   13;
	4e4e  :   2a;
	4e4f  :   41;
	4e50  :   64;
	4e51  :   70;
	4e52  :   54;
	4e53  :   56;
	4e54  :   f4;
	4e55  :   c5;
	4e56  :   bb;
	4e57  :   ce;
	4e58  :   0d;
	4e59  :   13;
	4e5a  :   d2;
	4e5b  :   19;
	4e5c  :   f3;
	4e5d  :   1a;
	4e5e  :   ef;
	4e5f  :   fc;
	4e60  :   e1;
	4e61  :   25;
	4e62  :   fd;
	4e63  :   95;
	4e64  :   d9;
	4e65  :   e4;
	4e66  :   bb;
	4e67  :   4e;
	4e68  :   2a;
	4e69  :   30;
	4e6a  :   27;
	4e6b  :   0e;
	4e6c  :   22;
	4e6d  :   41;
	4e6e  :   44;
	4e6f  :   0d;
	4e70  :   04;
	4e71  :   c1;
	4e72  :   fd;
	4e73  :   cb;
	4e74  :   13;
	4e75  :   08;
	4e76  :   02;
	4e77  :   d5;
	4e78  :   51;
	4e79  :   4b;
	4e7a  :   d5;
	4e7b  :   11;
	4e7c  :   01;
	4e7d  :   ff;
	4e7e  :   ee;
	4e7f  :   c5;
	4e80  :   f4;
	4e81  :   18;
	4e82  :   67;
	4e83  :   72;
	4e84  :   1a;
	4e85  :   66;
	4e86  :   47;
	4e87  :   4f;
	4e88  :   21;
	4e89  :   72;
	4e8a  :   50;
	4e8b  :   13;
	4e8c  :   bf;
	4e8d  :   e2;
	4e8e  :   ea;
	4e8f  :   1f;
	4e90  :   dd;
	4e91  :   17;
	4e92  :   57;
	4e93  :   1d;
	4e94  :   e8;
	4e95  :   0d;
	4e96  :   d1;
	4e97  :   e0;
	4e98  :   ef;
	4e99  :   ee;
	4e9a  :   d3;
	4e9b  :   e2;
	4e9c  :   ec;
	4e9d  :   1d;
	4e9e  :   08;
	4e9f  :   17;
	4ea0  :   53;
	4ea1  :   f1;
	4ea2  :   3d;
	4ea3  :   57;
	4ea4  :   36;
	4ea5  :   1b;
	4ea6  :   2c;
	4ea7  :   0a;
	4ea8  :   03;
	4ea9  :   88;
	4eaa  :   93;
	4eab  :   11;
	4eac  :   20;
	4ead  :   fd;
	4eae  :   f3;
	4eaf  :   ff;
	4eb0  :   05;
	4eb1  :   0d;
	4eb2  :   ba;
	4eb3  :   e6;
	4eb4  :   cd;
	4eb5  :   1d;
	4eb6  :   9f;
	4eb7  :   0b;
	4eb8  :   f4;
	4eb9  :   af;
	4eba  :   c5;
	4ebb  :   ed;
	4ebc  :   48;
	4ebd  :   37;
	4ebe  :   76;
	4ebf  :   58;
	4ec0  :   6e;
	4ec1  :   1c;
	4ec2  :   1d;
	4ec3  :   72;
	4ec4  :   44;
	4ec5  :   e7;
	4ec6  :   df;
	4ec7  :   fe;
	4ec8  :   ba;
	4ec9  :   a3;
	4eca  :   1e;
	4ecb  :   dc;
	4ecc  :   12;
	4ecd  :   8b;
	4ece  :   c2;
	4ecf  :   da;
	4ed0  :   e3;
	4ed1  :   fd;
	4ed2  :   f8;
	4ed3  :   a5;
	4ed4  :   f1;
	4ed5  :   dc;
	4ed6  :   df;
	4ed7  :   1e;
	4ed8  :   69;
	4ed9  :   40;
	4eda  :   11;
	4edb  :   39;
	4edc  :   6a;
	4edd  :   67;
	4ede  :   3a;
	4edf  :   57;
	4ee0  :   13;
	4ee1  :   22;
	4ee2  :   f0;
	4ee3  :   08;
	4ee4  :   98;
	4ee5  :   10;
	4ee6  :   d8;
	4ee7  :   10;
	4ee8  :   2f;
	4ee9  :   c3;
	4eea  :   ce;
	4eeb  :   f7;
	4eec  :   16;
	4eed  :   d1;
	4eee  :   00;
	4eef  :   b4;
	4ef0  :   9c;
	4ef1  :   eb;
	4ef2  :   c1;
	4ef3  :   21;
	4ef4  :   44;
	4ef5  :   35;
	4ef6  :   44;
	4ef7  :   4f;
	4ef8  :   68;
	4ef9  :   0a;
	4efa  :   f5;
	4efb  :   49;
	4efc  :   f0;
	4efd  :   67;
	4efe  :   19;
	4eff  :   fd;
	4f00  :   37;
	4f01  :   df;
	4f02  :   d4;
	4f03  :   3a;
	4f04  :   d8;
	4f05  :   27;
	4f06  :   01;
	4f07  :   20;
	4f08  :   13;
	4f09  :   1a;
	4f0a  :   f2;
	4f0b  :   f4;
	4f0c  :   b7;
	4f0d  :   db;
	4f0e  :   19;
	4f0f  :   45;
	4f10  :   30;
	4f11  :   64;
	4f12  :   58;
	4f13  :   24;
	4f14  :   5c;
	4f15  :   0f;
	4f16  :   2f;
	4f17  :   06;
	4f18  :   1e;
	4f19  :   06;
	4f1a  :   57;
	4f1b  :   0f;
	4f1c  :   08;
	4f1d  :   e4;
	4f1e  :   1b;
	4f1f  :   ef;
	4f20  :   1e;
	4f21  :   35;
	4f22  :   08;
	4f23  :   d8;
	4f24  :   cb;
	4f25  :   26;
	4f26  :   0c;
	4f27  :   59;
	4f28  :   5f;
	4f29  :   f1;
	4f2a  :   04;
	4f2b  :   21;
	4f2c  :   49;
	4f2d  :   57;
	4f2e  :   6a;
	4f2f  :   17;
	4f30  :   fa;
	4f31  :   ef;
	4f32  :   0e;
	4f33  :   07;
	4f34  :   40;
	4f35  :   18;
	4f36  :   23;
	4f37  :   69;
	4f38  :   20;
	4f39  :   1c;
	4f3a  :   01;
	4f3b  :   57;
	4f3c  :   ff;
	4f3d  :   3b;
	4f3e  :   26;
	4f3f  :   3a;
	4f40  :   2d;
	4f41  :   67;
	4f42  :   f9;
	4f43  :   40;
	4f44  :   5c;
	4f45  :   09;
	4f46  :   1a;
	4f47  :   6b;
	4f48  :   3e;
	4f49  :   57;
	4f4a  :   5b;
	4f4b  :   3e;
	4f4c  :   3b;
	4f4d  :   ef;
	4f4e  :   6f;
	4f4f  :   19;
	4f50  :   54;
	4f51  :   1b;
	4f52  :   33;
	4f53  :   f0;
	4f54  :   23;
	4f55  :   71;
	4f56  :   f3;
	4f57  :   50;
	4f58  :   4c;
	4f59  :   cb;
	4f5a  :   0f;
	4f5b  :   c7;
	4f5c  :   05;
	4f5d  :   17;
	4f5e  :   12;
	4f5f  :   55;
	4f60  :   51;
	4f61  :   43;
	4f62  :   75;
	4f63  :   05;
	4f64  :   08;
	4f65  :   0e;
	4f66  :   43;
	4f67  :   ed;
	4f68  :   3b;
	4f69  :   ef;
	4f6a  :   f8;
	4f6b  :   60;
	4f6c  :   76;
	4f6d  :   15;
	4f6e  :   36;
	4f6f  :   47;
	4f70  :   53;
	4f71  :   48;
	4f72  :   47;
	4f73  :   f7;
	4f74  :   2d;
	4f75  :   55;
	4f76  :   31;
	4f77  :   40;
	4f78  :   6e;
	4f79  :   59;
	4f7a  :   7f;
	4f7b  :   46;
	4f7c  :   1f;
	4f7d  :   28;
	4f7e  :   f3;
	4f7f  :   33;
	4f80  :   2b;
	4f81  :   fa;
	4f82  :   59;
	4f83  :   f6;
	4f84  :   54;
	4f85  :   68;
	4f86  :   5d;
	4f87  :   2b;
	4f88  :   25;
	4f89  :   1e;
	4f8a  :   ff;
	4f8b  :   46;
	4f8c  :   ff;
	4f8d  :   30;
	4f8e  :   3c;
	4f8f  :   1c;
	4f90  :   17;
	4f91  :   61;
	4f92  :   62;
	4f93  :   41;
	4f94  :   26;
	4f95  :   33;
	4f96  :   24;
	4f97  :   26;
	4f98  :   20;
	4f99  :   15;
	4f9a  :   08;
	4f9b  :   2a;
	4f9c  :   62;
	4f9d  :   1b;
	4f9e  :   53;
	4f9f  :   70;
	4fa0  :   e7;
	4fa1  :   41;
	4fa2  :   ed;
	4fa3  :   be;
	4fa4  :   de;
	4fa5  :   75;
	4fa6  :   42;
	4fa7  :   d7;
	4fa8  :   ff;
	4fa9  :   5a;
	4faa  :   71;
	4fab  :   ad;
	4fac  :   61;
	4fad  :   e4;
	4fae  :   57;
	4faf  :   78;
	4fb0  :   67;
	4fb1  :   42;
	4fb2  :   1d;
	4fb3  :   f5;
	4fb4  :   e4;
	4fb5  :   d4;
	4fb6  :   21;
	4fb7  :   0f;
	4fb8  :   b4;
	4fb9  :   cf;
	4fba  :   e6;
	4fbb  :   74;
	4fbc  :   12;
	4fbd  :   13;
	4fbe  :   f7;
	4fbf  :   e1;
	4fc0  :   46;
	4fc1  :   2e;
	4fc2  :   ce;
	4fc3  :   1d;
	4fc4  :   5b;
	4fc5  :   e8;
	4fc6  :   5f;
	4fc7  :   d4;
	4fc8  :   7f;
	4fc9  :   ee;
	4fca  :   20;
	4fcb  :   4b;
	4fcc  :   d6;
	4fcd  :   7c;
	4fce  :   64;
	4fcf  :   49;
	4fd0  :   0a;
	4fd1  :   79;
	4fd2  :   c3;
	4fd3  :   f2;
	4fd4  :   35;
	4fd5  :   08;
	4fd6  :   ce;
	4fd7  :   0f;
	4fd8  :   7e;
	4fd9  :   63;
	4fda  :   53;
	4fdb  :   76;
	4fdc  :   60;
	4fdd  :   16;
	4fde  :   6a;
	4fdf  :   46;
	4fe0  :   e0;
	4fe1  :   14;
	4fe2  :   07;
	4fe3  :   37;
	4fe4  :   4e;
	4fe5  :   11;
	4fe6  :   bc;
	4fe7  :   ee;
	4fe8  :   76;
	4fe9  :   05;
	4fea  :   c5;
	4feb  :   25;
	4fec  :   54;
	4fed  :   cb;
	4fee  :   4c;
	4fef  :   7e;
	4ff0  :   04;
	4ff1  :   15;
	4ff2  :   c0;
	4ff3  :   31;
	4ff4  :   fc;
	4ff5  :   77;
	4ff6  :   00;
	4ff7  :   51;
	4ff8  :   cc;
	4ff9  :   c9;
	4ffa  :   24;
	4ffb  :   01;
	4ffc  :   2c;
	4ffd  :   cd;
	4ffe  :   ef;
	4fff  :   66;
	5000  :   12;
	5001  :   37;
	5002  :   21;
	5003  :   15;
	5004  :   3b;
	5005  :   65;
	5006  :   a7;
	5007  :   ca;
	5008  :   29;
	5009  :   31;
	500a  :   05;
	500b  :   bb;
	500c  :   41;
	500d  :   10;
	500e  :   f8;
	500f  :   44;
	5010  :   df;
	5011  :   48;
	5012  :   34;
	5013  :   f7;
	5014  :   79;
	5015  :   45;
	5016  :   69;
	5017  :   f3;
	5018  :   dc;
	5019  :   d1;
	501a  :   18;
	501b  :   aa;
	501c  :   5a;
	501d  :   d1;
	501e  :   15;
	501f  :   21;
	5020  :   f9;
	5021  :   cf;
	5022  :   ad;
	5023  :   27;
	5024  :   44;
	5025  :   36;
	5026  :   62;
	5027  :   f9;
	5028  :   3b;
	5029  :   05;
	502a  :   78;
	502b  :   b8;
	502c  :   41;
	502d  :   d7;
	502e  :   2b;
	502f  :   33;
	5030  :   46;
	5031  :   eb;
	5032  :   f4;
	5033  :   ce;
	5034  :   33;
	5035  :   b0;
	5036  :   5f;
	5037  :   e7;
	5038  :   28;
	5039  :   1e;
	503a  :   a4;
	503b  :   c9;
	503c  :   13;
	503d  :   fb;
	503e  :   f8;
	503f  :   e5;
	5040  :   b5;
	5041  :   c7;
	5042  :   1c;
	5043  :   3e;
	5044  :   1b;
	5045  :   49;
	5046  :   03;
	5047  :   46;
	5048  :   78;
	5049  :   46;
	504a  :   1b;
	504b  :   ed;
	504c  :   c1;
	504d  :   f6;
	504e  :   53;
	504f  :   25;
	5050  :   18;
	5051  :   10;
	5052  :   9a;
	5053  :   c2;
	5054  :   ea;
	5055  :   32;
	5056  :   9b;
	5057  :   b0;
	5058  :   39;
	5059  :   a6;
	505a  :   f8;
	505b  :   d0;
	505c  :   d7;
	505d  :   31;
	505e  :   65;
	505f  :   ce;
	5060  :   34;
	5061  :   c2;
	5062  :   ca;
	5063  :   c9;
	5064  :   4d;
	5065  :   16;
	5066  :   fc;
	5067  :   7b;
	5068  :   3f;
	5069  :   ac;
	506a  :   d9;
	506b  :   47;
	506c  :   b4;
	506d  :   1f;
	506e  :   40;
	506f  :   dd;
	5070  :   04;
	5071  :   cf;
	5072  :   ba;
	5073  :   c7;
	5074  :   cf;
	5075  :   f4;
	5076  :   14;
	5077  :   94;
	5078  :   8d;
	5079  :   b0;
	507a  :   f1;
	507b  :   3b;
	507c  :   f4;
	507d  :   34;
	507e  :   74;
	507f  :   6d;
	5080  :   31;
	5081  :   dc;
	5082  :   39;
	5083  :   46;
	5084  :   cf;
	5085  :   eb;
	5086  :   df;
	5087  :   cc;
	5088  :   a9;
	5089  :   7d;
	508a  :   c4;
	508b  :   9c;
	508c  :   1f;
	508d  :   23;
	508e  :   e0;
	508f  :   2a;
	5090  :   ca;
	5091  :   02;
	5092  :   90;
	5093  :   f7;
	5094  :   87;
	5095  :   10;
	5096  :   66;
	5097  :   77;
	5098  :   b8;
	5099  :   69;
	509a  :   30;
	509b  :   56;
	509c  :   da;
	509d  :   fe;
	509e  :   65;
	509f  :   76;
	50a0  :   e2;
	50a1  :   c9;
	50a2  :   de;
	50a3  :   1a;
	50a4  :   af;
	50a5  :   70;
	50a6  :   4e;
	50a7  :   37;
	50a8  :   16;
	50a9  :   02;
	50aa  :   da;
	50ab  :   1a;
	50ac  :   60;
	50ad  :   06;
	50ae  :   b6;
	50af  :   03;
	50b0  :   53;
	50b1  :   0a;
	50b2  :   da;
	50b3  :   52;
	50b4  :   13;
	50b5  :   0e;
	50b6  :   3b;
	50b7  :   7c;
	50b8  :   6d;
	50b9  :   db;
	50ba  :   da;
	50bb  :   1b;
	50bc  :   ab;
	50bd  :   6b;
	50be  :   4e;
	50bf  :   aa;
	50c0  :   68;
	50c1  :   26;
	50c2  :   df;
	50c3  :   0d;
	50c4  :   b1;
	50c5  :   49;
	50c6  :   0a;
	50c7  :   27;
	50c8  :   b8;
	50c9  :   d1;
	50ca  :   2e;
	50cb  :   d8;
	50cc  :   e6;
	50cd  :   b5;
	50ce  :   e6;
	50cf  :   23;
	50d0  :   7d;
	50d1  :   50;
	50d2  :   c3;
	50d3  :   e5;
	50d4  :   75;
	50d5  :   53;
	50d6  :   e5;
	50d7  :   c3;
	50d8  :   db;
	50d9  :   14;
	50da  :   04;
	50db  :   5d;
	50dc  :   e2;
	50dd  :   ca;
	50de  :   d3;
	50df  :   c1;
	50e0  :   11;
	50e1  :   cd;
	50e2  :   df;
	50e3  :   9d;
	50e4  :   d1;
	50e5  :   cb;
	50e6  :   b4;
	50e7  :   ff;
	50e8  :   24;
	50e9  :   b0;
	50ea  :   ac;
	50eb  :   cf;
	50ec  :   0f;
	50ed  :   34;
	50ee  :   b9;
	50ef  :   46;
	50f0  :   75;
	50f1  :   68;
	50f2  :   f0;
	50f3  :   ef;
	50f4  :   28;
	50f5  :   33;
	50f6  :   bd;
	50f7  :   af;
	50f8  :   b5;
	50f9  :   e6;
	50fa  :   7f;
	50fb  :   22;
	50fc  :   a4;
	50fd  :   33;
	50fe  :   e3;
	50ff  :   de;
	5100  :   35;
	5101  :   12;
	5102  :   2f;
	5103  :   ff;
	5104  :   d6;
	5105  :   68;
	5106  :   30;
	5107  :   7c;
	5108  :   75;
	5109  :   23;
	510a  :   35;
	510b  :   74;
	510c  :   cb;
	510d  :   ed;
	510e  :   22;
	510f  :   7f;
	5110  :   af;
	5111  :   69;
	5112  :   6f;
	5113  :   66;
	5114  :   7d;
	5115  :   bf;
	5116  :   ad;
	5117  :   e8;
	5118  :   9f;
	5119  :   ab;
	511a  :   23;
	511b  :   2f;
	511c  :   1c;
	511d  :   e8;
	511e  :   ef;
	511f  :   e2;
	5120  :   ea;
	5121  :   23;
	5122  :   c2;
	5123  :   ce;
	5124  :   30;
	5125  :   2e;
	5126  :   7b;
	5127  :   68;
	5128  :   e9;
	5129  :   7d;
	512a  :   09;
	512b  :   7d;
	512c  :   3e;
	512d  :   d6;
	512e  :   05;
	512f  :   34;
	5130  :   da;
	5131  :   44;
	5132  :   f9;
	5133  :   dc;
	5134  :   d5;
	5135  :   b0;
	5136  :   39;
	5137  :   9c;
	5138  :   29;
	5139  :   34;
	513a  :   fb;
	513b  :   fd;
	513c  :   b0;
	513d  :   25;
	513e  :   bb;
	513f  :   3e;
	5140  :   05;
	5141  :   58;
	5142  :   08;
	5143  :   79;
	5144  :   b1;
	5145  :   1f;
	5146  :   36;
	5147  :   40;
	5148  :   d4;
	5149  :   dd;
	514a  :   1f;
	514b  :   ee;
	514c  :   a8;
	514d  :   2d;
	514e  :   99;
	514f  :   9d;
	5150  :   df;
	5151  :   f6;
	5152  :   f2;
	5153  :   15;
	5154  :   31;
	5155  :   13;
	5156  :   cd;
	5157  :   38;
	5158  :   c0;
	5159  :   38;
	515a  :   3f;
	515b  :   55;
	515c  :   de;
	515d  :   ec;
	515e  :   56;
	515f  :   35;
	5160  :   36;
	5161  :   4e;
	5162  :   cd;
	5163  :   ad;
	5164  :   06;
	5165  :   cd;
	5166  :   14;
	5167  :   e0;
	5168  :   18;
	5169  :   59;
	516a  :   41;
	516b  :   a9;
	516c  :   8b;
	516d  :   fa;
	516e  :   b4;
	516f  :   f6;
	5170  :   fa;
	5171  :   0c;
	5172  :   bd;
	5173  :   43;
	5174  :   72;
	5175  :   53;
	5176  :   d7;
	5177  :   16;
	5178  :   40;
	5179  :   0e;
	517a  :   64;
	517b  :   48;
	517c  :   4d;
	517d  :   5f;
	517e  :   b7;
	517f  :   b6;
	5180  :   1f;
	5181  :   d8;
	5182  :   e5;
	5183  :   12;
	5184  :   a2;
	5185  :   fc;
	5186  :   50;
	5187  :   c4;
	5188  :   b0;
	5189  :   a9;
	518a  :   bf;
	518b  :   ad;
	518c  :   58;
	518d  :   c5;
	518e  :   41;
	518f  :   bb;
	5190  :   fa;
	5191  :   b4;
	5192  :   11;
	5193  :   af;
	5194  :   2e;
	5195  :   bd;
	5196  :   3e;
	5197  :   11;
	5198  :   1f;
	5199  :   ac;
	519a  :   ca;
	519b  :   57;
	519c  :   af;
	519d  :   e1;
	519e  :   67;
	519f  :   ac;
	51a0  :   08;
	51a1  :   47;
	51a2  :   ce;
	51a3  :   d5;
	51a4  :   f4;
	51a5  :   d8;
	51a6  :   32;
	51a7  :   f3;
	51a8  :   cb;
	51a9  :   aa;
	51aa  :   e7;
	51ab  :   67;
	51ac  :   c9;
	51ad  :   35;
	51ae  :   4e;
	51af  :   49;
	51b0  :   cc;
	51b1  :   b1;
	51b2  :   41;
	51b3  :   75;
	51b4  :   c5;
	51b5  :   db;
	51b6  :   0e;
	51b7  :   09;
	51b8  :   c4;
	51b9  :   03;
	51ba  :   2d;
	51bb  :   cf;
	51bc  :   06;
	51bd  :   45;
	51be  :   d3;
	51bf  :   55;
	51c0  :   f8;
	51c1  :   39;
	51c2  :   ff;
	51c3  :   85;
	51c4  :   55;
	51c5  :   21;
	51c6  :   f0;
	51c7  :   32;
	51c8  :   46;
	51c9  :   dc;
	51ca  :   e0;
	51cb  :   a9;
	51cc  :   a0;
	51cd  :   ae;
	51ce  :   54;
	51cf  :   eb;
	51d0  :   3e;
	51d1  :   1e;
	51d2  :   0c;
	51d3  :   18;
	51d4  :   53;
	51d5  :   2a;
	51d6  :   d2;
	51d7  :   eb;
	51d8  :   23;
	51d9  :   08;
	51da  :   47;
	51db  :   09;
	51dc  :   c5;
	51dd  :   a4;
	51de  :   42;
	51df  :   a2;
	51e0  :   c1;
	51e1  :   ef;
	51e2  :   98;
	51e3  :   e0;
	51e4  :   28;
	51e5  :   46;
	51e6  :   53;
	51e7  :   27;
	51e8  :   fa;
	51e9  :   63;
	51ea  :   7f;
	51eb  :   32;
	51ec  :   bf;
	51ed  :   c6;
	51ee  :   22;
	51ef  :   3d;
	51f0  :   ad;
	51f1  :   b0;
	51f2  :   a7;
	51f3  :   4f;
	51f4  :   40;
	51f5  :   39;
	51f6  :   ed;
	51f7  :   58;
	51f8  :   b2;
	51f9  :   5b;
	51fa  :   3f;
	51fb  :   a8;
	51fc  :   ae;
	51fd  :   eb;
	51fe  :   d9;
	51ff  :   ee;
	5200  :   db;
	5201  :   0c;
	5202  :   55;
	5203  :   31;
	5204  :   57;
	5205  :   4d;
	5206  :   61;
	5207  :   77;
	5208  :   2f;
	5209  :   2b;
	520a  :   d9;
	520b  :   f0;
	520c  :   2e;
	520d  :   5c;
	520e  :   c8;
	520f  :   99;
	5210  :   00;
	5211  :   49;
	5212  :   e6;
	5213  :   8a;
	5214  :   2c;
	5215  :   12;
	5216  :   1f;
	5217  :   fa;
	5218  :   51;
	5219  :   22;
	521a  :   22;
	521b  :   1b;
	521c  :   2d;
	521d  :   75;
	521e  :   ec;
	521f  :   2e;
	5220  :   0c;
	5221  :   08;
	5222  :   7e;
	5223  :   2d;
	5224  :   ef;
	5225  :   c9;
	5226  :   cb;
	5227  :   bc;
	5228  :   47;
	5229  :   4f;
	522a  :   d6;
	522b  :   0d;
	522c  :   0e;
	522d  :   eb;
	522e  :   0b;
	522f  :   a4;
	5230  :   58;
	5231  :   9f;
	5232  :   43;
	5233  :   ff;
	5234  :   94;
	5235  :   cc;
	5236  :   76;
	5237  :   cc;
	5238  :   4a;
	5239  :   f5;
	523a  :   e5;
	523b  :   bc;
	523c  :   c0;
	523d  :   7e;
	523e  :   0f;
	523f  :   e3;
	5240  :   e5;
	5241  :   09;
	5242  :   60;
	5243  :   56;
	5244  :   dd;
	5245  :   b0;
	5246  :   57;
	5247  :   ce;
	5248  :   32;
	5249  :   4c;
	524a  :   4c;
	524b  :   b0;
	524c  :   8d;
	524d  :   f7;
	524e  :   a0;
	524f  :   39;
	5250  :   49;
	5251  :   28;
	5252  :   15;
	5253  :   3a;
	5254  :   e3;
	5255  :   25;
	5256  :   f5;
	5257  :   5f;
	5258  :   62;
	5259  :   32;
	525a  :   71;
	525b  :   6f;
	525c  :   b2;
	525d  :   6b;
	525e  :   3e;
	525f  :   af;
	5260  :   16;
	5261  :   7d;
	5262  :   e2;
	5263  :   27;
	5264  :   3e;
	5265  :   b8;
	5266  :   12;
	5267  :   5d;
	5268  :   68;
	5269  :   c6;
	526a  :   6d;
	526b  :   d1;
	526c  :   6c;
	526d  :   cf;
	526e  :   43;
	526f  :   71;
	5270  :   1b;
	5271  :   5c;
	5272  :   de;
	5273  :   52;
	5274  :   68;
	5275  :   e2;
	5276  :   3d;
	5277  :   7a;
	5278  :   03;
	5279  :   16;
	527a  :   17;
	527b  :   44;
	527c  :   54;
	527d  :   c6;
	527e  :   3b;
	527f  :   46;
	5280  :   f8;
	5281  :   0f;
	5282  :   51;
	5283  :   d1;
	5284  :   76;
	5285  :   b2;
	5286  :   07;
	5287  :   25;
	5288  :   7e;
	5289  :   d7;
	528a  :   ec;
	528b  :   f8;
	528c  :   cc;
	528d  :   f8;
	528e  :   da;
	528f  :   74;
	5290  :   03;
	5291  :   f5;
	5292  :   ad;
	5293  :   30;
	5294  :   c9;
	5295  :   44;
	5296  :   f8;
	5297  :   55;
	5298  :   b1;
	5299  :   5b;
	529a  :   eb;
	529b  :   56;
	529c  :   19;
	529d  :   1d;
	529e  :   40;
	529f  :   0e;
	52a0  :   bf;
	52a1  :   b5;
	52a2  :   ad;
	52a3  :   25;
	52a4  :   62;
	52a5  :   24;
	52a6  :   ba;
	52a7  :   c5;
	52a8  :   b2;
	52a9  :   dd;
	52aa  :   f9;
	52ab  :   b0;
	52ac  :   54;
	52ad  :   3f;
	52ae  :   f8;
	52af  :   3a;
	52b0  :   fe;
	52b1  :   15;
	52b2  :   11;
	52b3  :   ff;
	52b4  :   10;
	52b5  :   05;
	52b6  :   13;
	52b7  :   00;
	52b8  :   fd;
	52b9  :   14;
	52ba  :   15;
	52bb  :   12;
	52bc  :   fa;
	52bd  :   fd;
	52be  :   f9;
	52bf  :   fe;
	52c0  :   03;
	52c1  :   fc;
	52c2  :   fb;
	52c3  :   0d;
	52c4  :   0d;
	52c5  :   10;
	52c6  :   ff;
	52c7  :   fe;
	52c8  :   fa;
	52c9  :   0b;
	52ca  :   0f;
	52cb  :   03;
	52cc  :   13;
	52cd  :   03;
	52ce  :   0a;
	52cf  :   08;
	52d0  :   09;
	52d1  :   10;
	52d2  :   0b;
	52d3  :   0b;
	52d4  :   14;
	52d5  :   12;
	52d6  :   0c;
	52d7  :   ff;
	52d8  :   fc;
	52d9  :   ff;
	52da  :   16;
	52db  :   0d;
	52dc  :   f4;
	52dd  :   00;
	52de  :   00;
	52df  :   00;
	52e0  :   08;
	52e1  :   04;
	52e2  :   02;
	52e3  :   0c;
	52e4  :   04;
	52e5  :   0f;
	52e6  :   fe;
	52e7  :   02;
	52e8  :   0c;
	52e9  :   03;
	52ea  :   03;
	52eb  :   13;
	52ec  :   01;
	52ed  :   05;
	52ee  :   ff;
	52ef  :   04;
	52f0  :   01;
	52f1  :   0f;
	52f2  :   14;
	52f3  :   fd;
	52f4  :   14;
	52f5  :   1e;
	52f6  :   08;
	52f7  :   1a;
	52f8  :   04;
	52f9  :   f5;
	52fa  :   f3;
	52fb  :   02;
	52fc  :   08;
	52fd  :   06;
	52fe  :   0e;
	52ff  :   f9;
	5300  :   fb;
	5301  :   02;
	5302  :   fa;
	5303  :   11;
	5304  :   ff;
	5305  :   fe;
	5306  :   07;
	5307  :   15;
	5308  :   fe;
	5309  :   12;
	530a  :   01;
	530b  :   14;
	530c  :   17;
	530d  :   06;
	530e  :   19;
	530f  :   09;
	5310  :   15;
	5311  :   13;
	5312  :   01;
	5313  :   02;
	5314  :   f9;
	5315  :   e0;
	5316  :   d9;
	5317  :   d4;
	5318  :   e7;
	5319  :   eb;
	531a  :   0a;
	531b  :   0a;
	531c  :   0d;
	531d  :   02;
	531e  :   fa;
	531f  :   04;
	5320  :   10;
	5321  :   0c;
	5322  :   fa;
	5323  :   fa;
	5324  :   07;
	5325  :   1f;
	5326  :   30;
	5327  :   2f;
	5328  :   3f;
	5329  :   17;
	532a  :   27;
	532b  :   1a;
	532c  :   16;
	532d  :   1b;
	532e  :   09;
	532f  :   12;
	5330  :   f9;
	5331  :   e9;
	5332  :   df;
	5333  :   cd;
	5334  :   c0;
	5335  :   da;
	5336  :   d7;
	5337  :   00;
	5338  :   0b;
	5339  :   10;
	533a  :   0a;
	533b  :   05;
	533c  :   05;
	533d  :   02;
	533e  :   0b;
	533f  :   12;
	5340  :   26;
	5341  :   41;
	5342  :   38;
	5343  :   2e;
	5344  :   02;
	5345  :   10;
	5346  :   12;
	5347  :   08;
	5348  :   16;
	5349  :   25;
	534a  :   15;
	534b  :   12;
	534c  :   0b;
	534d  :   db;
	534e  :   db;
	534f  :   ba;
	5350  :   a4;
	5351  :   b6;
	5352  :   cd;
	5353  :   db;
	5354  :   f4;
	5355  :   f9;
	5356  :   0d;
	5357  :   0f;
	5358  :   00;
	5359  :   00;
	535a  :   0b;
	535b  :   09;
	535c  :   2d;
	535d  :   11;
	535e  :   18;
	535f  :   03;
	5360  :   f9;
	5361  :   09;
	5362  :   09;
	5363  :   0f;
	5364  :   0f;
	5365  :   0c;
	5366  :   0c;
	5367  :   02;
	5368  :   01;
	5369  :   02;
	536a  :   db;
	536b  :   b3;
	536c  :   9e;
	536d  :   a7;
	536e  :   c6;
	536f  :   e0;
	5370  :   f8;
	5371  :   ff;
	5372  :   fe;
	5373  :   0e;
	5374  :   fc;
	5375  :   0f;
	5376  :   ff;
	5377  :   21;
	5378  :   32;
	5379  :   09;
	537a  :   0c;
	537b  :   04;
	537c  :   f3;
	537d  :   fc;
	537e  :   f7;
	537f  :   f6;
	5380  :   ef;
	5381  :   f0;
	5382  :   04;
	5383  :   19;
	5384  :   17;
	5385  :   f2;
	5386  :   e2;
	5387  :   b2;
	5388  :   9b;
	5389  :   97;
	538a  :   ab;
	538b  :   cf;
	538c  :   eb;
	538d  :   f3;
	538e  :   ff;
	538f  :   ff;
	5390  :   11;
	5391  :   14;
	5392  :   0a;
	5393  :   17;
	5394  :   22;
	5395  :   0b;
	5396  :   f1;
	5397  :   e6;
	5398  :   e1;
	5399  :   ee;
	539a  :   e1;
	539b  :   ca;
	539c  :   d2;
	539d  :   fa;
	539e  :   28;
	539f  :   4b;
	53a0  :   31;
	53a1  :   10;
	53a2  :   dc;
	53a3  :   a6;
	53a4  :   8a;
	53a5  :   8f;
	53a6  :   c1;
	53a7  :   d1;
	53a8  :   d8;
	53a9  :   f1;
	53aa  :   08;
	53ab  :   0e;
	53ac  :   0d;
	53ad  :   fa;
	53ae  :   00;
	53af  :   04;
	53b0  :   0f;
	53b1  :   0c;
	53b2  :   ee;
	53b3  :   e4;
	53b4  :   d2;
	53b5  :   c9;
	53b6  :   d8;
	53b7  :   d2;
	53b8  :   f8;
	53b9  :   33;
	53ba  :   64;
	53bb  :   7c;
	53bc  :   60;
	53bd  :   0f;
	53be  :   ba;
	53bf  :   9c;
	53c0  :   88;
	53c1  :   a4;
	53c2  :   ac;
	53c3  :   be;
	53c4  :   dd;
	53c5  :   f7;
	53c6  :   07;
	53c7  :   10;
	53c8  :   0a;
	53c9  :   0f;
	53ca  :   03;
	53cb  :   16;
	53cc  :   0b;
	53cd  :   f4;
	53ce  :   e3;
	53cf  :   d8;
	53d0  :   b9;
	53d1  :   da;
	53d2  :   ed;
	53d3  :   07;
	53d4  :   20;
	53d5  :   4d;
	53d6  :   7f;
	53d7  :   65;
	53d8  :   2c;
	53d9  :   ef;
	53da  :   96;
	53db  :   90;
	53dc  :   9a;
	53dd  :   c4;
	53de  :   c5;
	53df  :   d5;
	53e0  :   e2;
	53e1  :   fe;
	53e2  :   ff;
	53e3  :   03;
	53e4  :   07;
	53e5  :   fd;
	53e6  :   04;
	53e7  :   14;
	53e8  :   02;
	53e9  :   e2;
	53ea  :   ce;
	53eb  :   e6;
	53ec  :   da;
	53ed  :   03;
	53ee  :   1a;
	53ef  :   25;
	53f0  :   2f;
	53f1  :   45;
	53f2  :   5e;
	53f3  :   30;
	53f4  :   e1;
	53f5  :   b1;
	53f6  :   9f;
	53f7  :   a3;
	53f8  :   bc;
	53f9  :   d4;
	53fa  :   e1;
	53fb  :   fb;
	53fc  :   ed;
	53fd  :   fe;
	53fe  :   02;
	53ff  :   0d;
	5400  :   10;
	5401  :   04;
	5402  :   f5;
	5403  :   fa;
	5404  :   f1;
	5405  :   f3;
	5406  :   e7;
	5407  :   f8;
	5408  :   0d;
	5409  :   30;
	540a  :   1f;
	540b  :   2a;
	540c  :   1a;
	540d  :   2f;
	540e  :   3f;
	540f  :   1b;
	5410  :   d9;
	5411  :   b3;
	5412  :   c1;
	5413  :   cf;
	5414  :   da;
	5415  :   f1;
	5416  :   f7;
	5417  :   03;
	5418  :   06;
	5419  :   fe;
	541a  :   fe;
	541b  :   08;
	541c  :   fa;
	541d  :   00;
	541e  :   fc;
	541f  :   03;
	5420  :   ec;
	5421  :   da;
	5422  :   03;
	5423  :   02;
	5424  :   10;
	5425  :   2b;
	5426  :   0f;
	5427  :   ff;
	5428  :   11;
	5429  :   24;
	542a  :   2d;
	542b  :   04;
	542c  :   f3;
	542d  :   ef;
	542e  :   d3;
	542f  :   d2;
	5430  :   fa;
	5431  :   06;
	5432  :   f6;
	5433  :   0c;
	5434  :   09;
	5435  :   11;
	5436  :   fa;
	5437  :   0b;
	5438  :   05;
	5439  :   fe;
	543a  :   f9;
	543b  :   fe;
	543c  :   ee;
	543d  :   e7;
	543e  :   d8;
	543f  :   f3;
	5440  :   f5;
	5441  :   04;
	5442  :   eb;
	5443  :   e2;
	5444  :   05;
	5445  :   1f;
	5446  :   1c;
	5447  :   11;
	5448  :   f1;
	5449  :   e5;
	544a  :   d8;
	544b  :   e7;
	544c  :   ec;
	544d  :   15;
	544e  :   f8;
	544f  :   09;
	5450  :   0b;
	5451  :   0d;
	5452  :   00;
	5453  :   12;
	5454  :   0c;
	5455  :   fa;
	5456  :   12;
	5457  :   09;
	5458  :   03;
	5459  :   da;
	545a  :   e9;
	545b  :   03;
	545c  :   e5;
	545d  :   e1;
	545e  :   ea;
	545f  :   d1;
	5460  :   f7;
	5461  :   14;
	5462  :   34;
	5463  :   09;
	5464  :   fb;
	5465  :   e1;
	5466  :   e2;
	5467  :   f1;
	5468  :   11;
	5469  :   0b;
	546a  :   09;
	546b  :   1c;
	546c  :   15;
	546d  :   09;
	546e  :   06;
	546f  :   15;
	5470  :   0d;
	5471  :   05;
	5472  :   06;
	5473  :   10;
	5474  :   f6;
	5475  :   e5;
	5476  :   e7;
	5477  :   f2;
	5478  :   f2;
	5479  :   fe;
	547a  :   e8;
	547b  :   e4;
	547c  :   e1;
	547d  :   f5;
	547e  :   03;
	547f  :   ff;
	5480  :   06;
	5481  :   e3;
	5482  :   04;
	5483  :   02;
	5484  :   00;
	5485  :   15;
	5486  :   14;
	5487  :   16;
	5488  :   1b;
	5489  :   f6;
	548a  :   08;
	548b  :   13;
	548c  :   fe;
	548d  :   fa;
	548e  :   0c;
	548f  :   02;
	5490  :   f1;
	5491  :   d7;
	5492  :   ce;
	5493  :   e6;
	5494  :   f9;
	5495  :   eb;
	5496  :   d7;
	5497  :   d0;
	5498  :   e9;
	5499  :   04;
	549a  :   0c;
	549b  :   e1;
	549c  :   f3;
	549d  :   fe;
	549e  :   ee;
	549f  :   05;
	54a0  :   06;
	54a1  :   10;
	54a2  :   2a;
	54a3  :   14;
	54a4  :   f2;
	54a5  :   f8;
	54a6  :   fd;
	54a7  :   09;
	54a8  :   ff;
	54a9  :   08;
	54aa  :   04;
	54ab  :   03;
	54ac  :   f7;
	54ad  :   fc;
	54ae  :   f1;
	54af  :   ee;
	54b0  :   00;
	54b1  :   ff;
	54b2  :   e3;
	54b3  :   ef;
	54b4  :   f4;
	54b5  :   f4;
	54b6  :   e1;
	54b7  :   e7;
	54b8  :   fb;
	54b9  :   05;
	54ba  :   11;
	54bb  :   21;
	54bc  :   12;
	54bd  :   1a;
	54be  :   1b;
	54bf  :   11;
	54c0  :   fb;
	54c1  :   0b;
	54c2  :   0e;
	54c3  :   15;
	54c4  :   fc;
	54c5  :   0e;
	54c6  :   f5;
	54c7  :   fa;
	54c8  :   e8;
	54c9  :   ed;
	54ca  :   f3;
	54cb  :   e9;
	54cc  :   00;
	54cd  :   fd;
	54ce  :   f4;
	54cf  :   e6;
	54d0  :   ff;
	54d1  :   05;
	54d2  :   fd;
	54d3  :   e9;
	54d4  :   00;
	54d5  :   0e;
	54d6  :   1a;
	54d7  :   23;
	54d8  :   17;
	54d9  :   0f;
	54da  :   17;
	54db  :   f5;
	54dc  :   ff;
	54dd  :   1b;
	54de  :   07;
	54df  :   01;
	54e0  :   08;
	54e1  :   09;
	54e2  :   f1;
	54e3  :   00;
	54e4  :   ed;
	54e5  :   d5;
	54e6  :   f3;
	54e7  :   0a;
	54e8  :   f9;
	54e9  :   18;
	54ea  :   05;
	54eb  :   f7;
	54ec  :   f6;
	54ed  :   ef;
	54ee  :   f7;
	54ef  :   ef;
	54f0  :   0d;
	54f1  :   00;
	54f2  :   06;
	54f3  :   11;
	54f4  :   0b;
	54f5  :   fa;
	54f6  :   07;
	54f7  :   08;
	54f8  :   fd;
	54f9  :   fd;
	54fa  :   05;
	54fb  :   09;
	54fc  :   fa;
	54fd  :   03;
	54fe  :   14;
	54ff  :   0c;
	5500  :   e2;
	5501  :   df;
	5502  :   dc;
	5503  :   e5;
	5504  :   ee;
	5505  :   f0;
	5506  :   05;
	5507  :   e5;
	5508  :   ef;
	5509  :   ef;
	550a  :   f8;
	550b  :   f4;
	550c  :   f3;
	550d  :   e1;
	550e  :   f8;
	550f  :   0e;
	5510  :   09;
	5511  :   ea;
	5512  :   f1;
	5513  :   f1;
	5514  :   f6;
	5515  :   10;
	5516  :   12;
	5517  :   0f;
	5518  :   08;
	5519  :   02;
	551a  :   fb;
	551b  :   12;
	551c  :   10;
	551d  :   f8;
	551e  :   f4;
	551f  :   f5;
	5520  :   f5;
	5521  :   f0;
	5522  :   f9;
	5523  :   f0;
	5524  :   dd;
	5525  :   ee;
	5526  :   eb;
	5527  :   ef;
	5528  :   ee;
	5529  :   f7;
	552a  :   08;
	552b  :   0b;
	552c  :   0a;
	552d  :   f5;
	552e  :   04;
	552f  :   ff;
	5530  :   03;
	5531  :   14;
	5532  :   fa;
	5533  :   14;
	5534  :   12;
	5535  :   01;
	5536  :   0e;
	5537  :   09;
	5538  :   03;
	5539  :   f5;
	553a  :   f8;
	553b  :   eb;
	553c  :   fc;
	553d  :   0b;
	553e  :   03;
	553f  :   06;
	5540  :   f7;
	5541  :   f1;
	5542  :   f2;
	5543  :   ea;
	5544  :   eb;
	5545  :   05;
	5546  :   0b;
	5547  :   0c;
	5548  :   19;
	5549  :   03;
	554a  :   fe;
	554b  :   fa;
	554c  :   10;
	554d  :   13;
	554e  :   09;
	554f  :   11;
	5550  :   01;
	5551  :   fd;
	5552  :   ff;
	5553  :   02;
	5554  :   07;
	5555  :   09;
	5556  :   fb;
	5557  :   0b;
	5558  :   f1;
	5559  :   f3;
	555a  :   fa;
	555b  :   01;
	555c  :   e5;
	555d  :   f9;
	555e  :   fd;
	555f  :   fa;
	5560  :   fb;
	5561  :   05;
	5562  :   f4;
	5563  :   fb;
	5564  :   fc;
	5565  :   fc;
	5566  :   fa;
	5567  :   04;
	5568  :   fc;
	5569  :   08;
	556a  :   0d;
	556b  :   10;
	556c  :   09;
	556d  :   00;
	556e  :   fa;
	556f  :   01;
	5570  :   06;
	5571  :   01;
	5572  :   18;
	5573  :   22;
	5574  :   13;
	5575  :   10;
	5576  :   fe;
	5577  :   f5;
	5578  :   f4;
	5579  :   12;
	557a  :   fe;
	557b  :   ff;
	557c  :   e7;
	557d  :   ef;
	557e  :   f9;
	557f  :   07;
	5580  :   0c;
	5581  :   0b;
	5582  :   04;
	5583  :   09;
	5584  :   0d;
	5585  :   12;
	5586  :   fc;
	5587  :   13;
	5588  :   01;
	5589  :   0a;
	558a  :   02;
	558b  :   01;
	558c  :   15;
	558d  :   fa;
	558e  :   11;
	558f  :   0c;
	5590  :   11;
	5591  :   11;
	5592  :   0a;
	5593  :   01;
	5594  :   0a;
	5595  :   0c;
	5596  :   09;
	5597  :   f3;
	5598  :   06;
	5599  :   18;
	559a  :   05;
	559b  :   0a;
	559c  :   06;
	559d  :   fb;
	559e  :   0b;
	559f  :   fd;
	55a0  :   12;
	55a1  :   ff;
	55a2  :   11;
	55a3  :   11;
	55a4  :   04;
	55a5  :   08;
	55a6  :   09;
	55a7  :   10;
	55a8  :   fc;
	55a9  :   06;
	55aa  :   08;
	55ab  :   09;
	55ac  :   09;
	55ad  :   ff;
	55ae  :   04;
	55af  :   09;
	55b0  :   fa;
	55b1  :   fb;
	55b2  :   fe;
	55b3  :   fc;
	55b4  :   f9;
	55b5  :   13;
	55b6  :   04;
	55b7  :   fd;
	55b8  :   0b;
	55b9  :   0b;
	55ba  :   08;
	55bb  :   14;
	55bc  :   12;
	55bd  :   05;
	55be  :   0a;
	55bf  :   00;
	55c0  :   0c;
	55c1  :   fe;
	55c2  :   03;
	55c3  :   f5;
	55c4  :   fb;
	55c5  :   fa;
	55c6  :   fc;
	55c7  :   06;
	55c8  :   0d;
	55c9  :   f9;
	55ca  :   12;
	55cb  :   fc;
	55cc  :   05;
	55cd  :   ff;
	55ce  :   01;
	55cf  :   07;
	55d0  :   fc;
	55d1  :   f6;
	55d2  :   fe;
	55d3  :   02;
	55d4  :   13;
	55d5  :   f3;
	55d6  :   f4;
	55d7  :   0b;
	55d8  :   0c;
	55d9  :   fc;
	55da  :   04;
	55db  :   03;
	55dc  :   fc;
	55dd  :   f1;
	55de  :   08;
	55df  :   05;
	55e0  :   05;
	55e1  :   fe;
	55e2  :   11;
	55e3  :   fb;
	55e4  :   0b;
	55e5  :   08;
	55e6  :   0e;
	55e7  :   f8;
	55e8  :   0a;
	55e9  :   17;
	55ea  :   12;
	55eb  :   1a;
	55ec  :   0e;
	55ed  :   05;
	55ee  :   f9;
	55ef  :   0b;
	55f0  :   00;
	55f1  :   0f;
	55f2  :   0f;
	55f3  :   fb;
	55f4  :   f8;
	55f5  :   0c;
	55f6  :   fd;
	55f7  :   0c;
	55f8  :   10;
	55f9  :   09;
	55fa  :   13;
	55fb  :   f7;
	55fc  :   ff;
	55fd  :   15;
	55fe  :   ff;
	55ff  :   1f;
	5600  :   21;
	5601  :   17;
	5602  :   1e;
	5603  :   1d;
	5604  :   2e;
	5605  :   ff;
	5606  :   20;
	5607  :   07;
	5608  :   0e;
	5609  :   06;
	560a  :   18;
	560b  :   1e;
	560c  :   f8;
	560d  :   0f;
	560e  :   0e;
	560f  :   0a;
	5610  :   08;
	5611  :   09;
	5612  :   04;
	5613  :   13;
	5614  :   0f;
	5615  :   04;
	5616  :   13;
	5617  :   10;
	5618  :   fb;
	5619  :   10;
	561a  :   0f;
	561b  :   22;
	561c  :   25;
	561d  :   1b;
	561e  :   33;
	561f  :   3e;
	5620  :   11;
	5621  :   2c;
	5622  :   04;
	5623  :   08;
	5624  :   0e;
	5625  :   30;
	5626  :   10;
	5627  :   0f;
	5628  :   06;
	5629  :   16;
	562a  :   00;
	562b  :   f7;
	562c  :   0f;
	562d  :   01;
	562e  :   04;
	562f  :   14;
	5630  :   fc;
	5631  :   12;
	5632  :   fd;
	5633  :   fe;
	5634  :   fe;
	5635  :   17;
	5636  :   2b;
	5637  :   12;
	5638  :   2e;
	5639  :   3e;
	563a  :   20;
	563b  :   14;
	563c  :   19;
	563d  :   fe;
	563e  :   02;
	563f  :   dc;
	5640  :   e9;
	5641  :   e6;
	5642  :   e4;
	5643  :   07;
	5644  :   f5;
	5645  :   f0;
	5646  :   f1;
	5647  :   e6;
	5648  :   e5;
	5649  :   f8;
	564a  :   01;
	564b  :   f3;
	564c  :   fe;
	564d  :   fc;
	564e  :   0b;
	564f  :   01;
	5650  :   15;
	5651  :   f9;
	5652  :   fd;
	5653  :   1c;
	5654  :   11;
	5655  :   1e;
	5656  :   1b;
	5657  :   02;
	5658  :   eb;
	5659  :   04;
	565a  :   fe;
	565b  :   d7;
	565c  :   c4;
	565d  :   d2;
	565e  :   c4;
	565f  :   d1;
	5660  :   dc;
	5661  :   db;
	5662  :   e2;
	5663  :   db;
	5664  :   f0;
	5665  :   06;
	5666  :   f5;
	5667  :   f7;
	5668  :   f7;
	5669  :   f1;
	566a  :   f6;
	566b  :   ff;
	566c  :   22;
	566d  :   d3;
	566e  :   f0;
	566f  :   1c;
	5670  :   1e;
	5671  :   f3;
	5672  :   ec;
	5673  :   01;
	5674  :   16;
	5675  :   20;
	5676  :   0b;
	5677  :   f9;
	5678  :   ef;
	5679  :   c8;
	567a  :   ab;
	567b  :   ae;
	567c  :   92;
	567d  :   94;
	567e  :   c3;
	567f  :   d1;
	5680  :   fd;
	5681  :   02;
	5682  :   0b;
	5683  :   11;
	5684  :   fa;
	5685  :   14;
	5686  :   f6;
	5687  :   ed;
	5688  :   04;
	5689  :   ef;
	568a  :   d9;
	568b  :   f3;
	568c  :   fe;
	568d  :   f9;
	568e  :   ed;
	568f  :   1a;
	5690  :   10;
	5691  :   3e;
	5692  :   3c;
	5693  :   31;
	5694  :   ea;
	5695  :   b2;
	5696  :   aa;
	5697  :   97;
	5698  :   9e;
	5699  :   97;
	569a  :   9e;
	569b  :   b5;
	569c  :   f6;
	569d  :   fc;
	569e  :   ef;
	569f  :   f4;
	56a0  :   01;
	56a1  :   f9;
	56a2  :   11;
	56a3  :   f1;
	56a4  :   13;
	56a5  :   d6;
	56a6  :   e5;
	56a7  :   ee;
	56a8  :   f8;
	56a9  :   f9;
	56aa  :   07;
	56ab  :   0f;
	56ac  :   29;
	56ad  :   37;
	56ae  :   0c;
	56af  :   f1;
	56b0  :   f2;
	56b1  :   da;
	56b2  :   e1;
	56b3  :   ed;
	56b4  :   a4;
	56b5  :   bc;
	56b6  :   bf;
	56b7  :   da;
	56b8  :   e2;
	56b9  :   04;
	56ba  :   13;
	56bb  :   f4;
	56bc  :   08;
	56bd  :   fb;
	56be  :   12;
	56bf  :   18;
	56c0  :   0a;
	56c1  :   13;
	56c2  :   eb;
	56c3  :   19;
	56c4  :   0d;
	56c5  :   2b;
	56c6  :   32;
	56c7  :   0f;
	56c8  :   2b;
	56c9  :   19;
	56ca  :   04;
	56cb  :   d6;
	56cc  :   ff;
	56cd  :   fe;
	56ce  :   01;
	56cf  :   03;
	56d0  :   e0;
	56d1  :   ca;
	56d2  :   b0;
	56d3  :   cb;
	56d4  :   e6;
	56d5  :   03;
	56d6  :   ed;
	56d7  :   fa;
	56d8  :   f5;
	56d9  :   11;
	56da  :   09;
	56db  :   0a;
	56dc  :   05;
	56dd  :   10;
	56de  :   1c;
	56df  :   30;
	56e0  :   10;
	56e1  :   1c;
	56e2  :   1b;
	56e3  :   25;
	56e4  :   01;
	56e5  :   ea;
	56e6  :   d8;
	56e7  :   c1;
	56e8  :   fe;
	56e9  :   1e;
	56ea  :   1e;
	56eb  :   0e;
	56ec  :   f2;
	56ed  :   d7;
	56ee  :   cb;
	56ef  :   ce;
	56f0  :   d9;
	56f1  :   f9;
	56f2  :   f3;
	56f3  :   ef;
	56f4  :   f5;
	56f5  :   07;
	56f6  :   ee;
	56f7  :   12;
	56f8  :   23;
	56f9  :   35;
	56fa  :   30;
	56fb  :   2e;
	56fc  :   f6;
	56fd  :   18;
	56fe  :   ef;
	56ff  :   03;
	5700  :   ef;
	5701  :   f4;
	5702  :   f4;
	5703  :   c0;
	5704  :   ff;
	5705  :   2c;
	5706  :   4d;
	5707  :   30;
	5708  :   23;
	5709  :   f2;
	570a  :   d8;
	570b  :   e0;
	570c  :   e9;
	570d  :   e5;
	570e  :   00;
	570f  :   f5;
	5710  :   13;
	5711  :   f2;
	5712  :   06;
	5713  :   14;
	5714  :   1f;
	5715  :   29;
	5716  :   31;
	5717  :   f7;
	5718  :   ec;
	5719  :   10;
	571a  :   e0;
	571b  :   ef;
	571c  :   e8;
	571d  :   d2;
	571e  :   eb;
	571f  :   f3;
	5720  :   0c;
	5721  :   48;
	5722  :   46;
	5723  :   2d;
	5724  :   24;
	5725  :   ff;
	5726  :   f0;
	5727  :   0e;
	5728  :   16;
	5729  :   0a;
	572a  :   ec;
	572b  :   01;
	572c  :   fa;
	572d  :   04;
	572e  :   fc;
	572f  :   1b;
	5730  :   12;
	5731  :   f1;
	5732  :   0d;
	5733  :   e9;
	5734  :   e2;
	5735  :   e5;
	5736  :   fe;
	5737  :   f4;
	5738  :   c4;
	5739  :   ec;
	573a  :   e9;
	573b  :   0b;
	573c  :   11;
	573d  :   24;
	573e  :   3a;
	573f  :   1b;
	5740  :   00;
	5741  :   02;
	5742  :   0e;
	5743  :   25;
	5744  :   03;
	5745  :   fb;
	5746  :   05;
	5747  :   0d;
	5748  :   14;
	5749  :   0d;
	574a  :   f7;
	574b  :   fd;
	574c  :   fd;
	574d  :   c9;
	574e  :   dd;
	574f  :   fb;
	5750  :   e4;
	5751  :   ee;
	5752  :   ed;
	5753  :   08;
	5754  :   ec;
	5755  :   06;
	5756  :   ed;
	5757  :   f3;
	5758  :   14;
	5759  :   e5;
	575a  :   f9;
	575b  :   fa;
	575c  :   f7;
	575d  :   06;
	575e  :   1b;
	575f  :   20;
	5760  :   2e;
	5761  :   21;
	5762  :   04;
	5763  :   f5;
	5764  :   04;
	5765  :   f6;
	5766  :   f9;
	5767  :   fb;
	5768  :   ef;
	5769  :   c5;
	576a  :   ee;
	576b  :   f0;
	576c  :   f9;
	576d  :   e9;
	576e  :   0a;
	576f  :   f4;
	5770  :   09;
	5771  :   00;
	5772  :   f8;
	5773  :   fe;
	5774  :   fe;
	5775  :   ea;
	5776  :   e9;
	5777  :   ef;
	5778  :   0a;
	5779  :   16;
	577a  :   0b;
	577b  :   24;
	577c  :   37;
	577d  :   1e;
	577e  :   0a;
	577f  :   f8;
	5780  :   01;
	5781  :   06;
	5782  :   02;
	5783  :   13;
	5784  :   0c;
	5785  :   f0;
	5786  :   df;
	5787  :   fc;
	5788  :   db;
	5789  :   ed;
	578a  :   19;
	578b  :   54;
	578c  :   15;
	578d  :   08;
	578e  :   00;
	578f  :   eb;
	5790  :   d9;
	5791  :   dd;
	5792  :   fd;
	5793  :   f6;
	5794  :   06;
	5795  :   fe;
	5796  :   08;
	5797  :   2e;
	5798  :   1c;
	5799  :   26;
	579a  :   06;
	579b  :   0b;
	579c  :   05;
	579d  :   15;
	579e  :   09;
	579f  :   1d;
	57a0  :   11;
	57a1  :   e1;
	57a2  :   f4;
	57a3  :   c5;
	57a4  :   c8;
	57a5  :   ec;
	57a6  :   37;
	57a7  :   66;
	57a8  :   50;
	57a9  :   29;
	57aa  :   fa;
	57ab  :   ef;
	57ac  :   e3;
	57ad  :   f2;
	57ae  :   dd;
	57af  :   ec;
	57b0  :   f0;
	57b1  :   0c;
	57b2  :   0b;
	57b3  :   e9;
	57b4  :   07;
	57b5  :   23;
	57b6  :   f7;
	57b7  :   0a;
	57b8  :   f7;
	57b9  :   ff;
	57ba  :   0b;
	57bb  :   15;
	57bc  :   f3;
	57bd  :   eb;
	57be  :   e1;
	57bf  :   d9;
	57c0  :   be;
	57c1  :   d4;
	57c2  :   4c;
	57c3  :   7f;
	57c4  :   7a;
	57c5  :   14;
	57c6  :   da;
	57c7  :   ee;
	57c8  :   e0;
	57c9  :   fa;
	57ca  :   e3;
	57cb  :   07;
	57cc  :   fa;
	57cd  :   0c;
	57ce  :   eb;
	57cf  :   f1;
	57d0  :   dc;
	57d1  :   0a;
	57d2  :   03;
	57d3  :   f3;
	57d4  :   00;
	57d5  :   f7;
	57d6  :   09;
	57d7  :   fc;
	57d8  :   fa;
	57d9  :   e6;
	57da  :   d3;
	57db  :   bb;
	57dc  :   ad;
	57dd  :   d7;
	57de  :   44;
	57df  :   67;
	57e0  :   66;
	57e1  :   0c;
	57e2  :   e9;
	57e3  :   e2;
	57e4  :   04;
	57e5  :   10;
	57e6  :   26;
	57e7  :   30;
	57e8  :   06;
	57e9  :   19;
	57ea  :   1d;
	57eb  :   01;
	57ec  :   dd;
	57ed  :   08;
	57ee  :   15;
	57ef  :   14;
	57f0  :   0a;
	57f1  :   11;
	57f2  :   11;
	57f3  :   06;
	57f4  :   e8;
	57f5  :   ed;
	57f6  :   df;
	57f7  :   aa;
	57f8  :   a5;
	57f9  :   b3;
	57fa  :   30;
	57fb  :   46;
	57fc  :   2b;
	57fd  :   04;
	57fe  :   0e;
	57ff  :   07;
	5800  :   1c;
	5801  :   0a;
	5802  :   2c;
	5803  :   26;
	5804  :   2e;
	5805  :   1d;
	5806  :   fa;
	5807  :   e6;
	5808  :   03;
	5809  :   03;
	580a  :   13;
	580b  :   09;
	580c  :   05;
	580d  :   fb;
	580e  :   0e;
	580f  :   0a;
	5810  :   0c;
	5811  :   03;
	5812  :   e5;
	5813  :   cb;
	5814  :   8a;
	5815  :   a6;
	5816  :   fa;
	5817  :   01;
	5818  :   f2;
	5819  :   28;
	581a  :   24;
	581b  :   2e;
	581c  :   1e;
	581d  :   09;
	581e  :   1d;
	581f  :   1b;
	5820  :   1a;
	5821  :   d1;
	5822  :   f4;
	5823  :   f4;
	5824  :   ef;
	5825  :   f9;
	5826  :   14;
	5827  :   01;
	5828  :   04;
	5829  :   13;
	582a  :   fd;
	582b  :   f4;
	582c  :   02;
	582d  :   04;
	582e  :   00;
	582f  :   cc;
	5830  :   b5;
	5831  :   8e;
	5832  :   c4;
	5833  :   c9;
	5834  :   03;
	5835  :   05;
	5836  :   27;
	5837  :   30;
	5838  :   16;
	5839  :   0b;
	583a  :   0c;
	583b  :   ed;
	583c  :   f8;
	583d  :   e0;
	583e  :   e4;
	583f  :   02;
	5840  :   e3;
	5841  :   e5;
	5842  :   f2;
	5843  :   f1;
	5844  :   0e;
	5845  :   0b;
	5846  :   f2;
	5847  :   05;
	5848  :   0d;
	5849  :   f9;
	584a  :   eb;
	584b  :   e1;
	584c  :   c3;
	584d  :   86;
	584e  :   aa;
	584f  :   b8;
	5850  :   da;
	5851  :   f7;
	5852  :   1e;
	5853  :   21;
	5854  :   14;
	5855  :   f5;
	5856  :   1e;
	5857  :   00;
	5858  :   0a;
	5859  :   04;
	585a  :   0e;
	585b  :   10;
	585c  :   fe;
	585d  :   e5;
	585e  :   03;
	585f  :   13;
	5860  :   10;
	5861  :   f9;
	5862  :   05;
	5863  :   11;
	5864  :   10;
	5865  :   f6;
	5866  :   0a;
	5867  :   e4;
	5868  :   d1;
	5869  :   ab;
	586a  :   ba;
	586b  :   cd;
	586c  :   ea;
	586d  :   0c;
	586e  :   12;
	586f  :   3a;
	5870  :   38;
	5871  :   fa;
	5872  :   f7;
	5873  :   e9;
	5874  :   f5;
	5875  :   03;
	5876  :   17;
	5877  :   f8;
	5878  :   0c;
	5879  :   fd;
	587a  :   f7;
	587b  :   0f;
	587c  :   00;
	587d  :   01;
	587e  :   0e;
	587f  :   f4;
	5880  :   07;
	5881  :   06;
	5882  :   13;
	5883  :   e9;
	5884  :   e5;
	5885  :   e1;
	5886  :   f3;
	5887  :   ec;
	5888  :   01;
	5889  :   21;
	588a  :   38;
	588b  :   19;
	588c  :   24;
	588d  :   33;
	588e  :   2d;
	588f  :   2c;
	5890  :   18;
	5891  :   fd;
	5892  :   eb;
	5893  :   fa;
	5894  :   fe;
	5895  :   06;
	5896  :   ff;
	5897  :   f7;
	5898  :   07;
	5899  :   f3;
	589a  :   02;
	589b  :   09;
	589c  :   f2;
	589d  :   11;
	589e  :   fd;
	589f  :   05;
	58a0  :   0b;
	58a1  :   0a;
	58a2  :   1d;
	58a3  :   1a;
	58a4  :   1d;
	58a5  :   37;
	58a6  :   39;
	58a7  :   2e;
	58a8  :   32;
	58a9  :   3e;
	58aa  :   4a;
	58ab  :   23;
	58ac  :   18;
	58ad  :   22;
	58ae  :   07;
	58af  :   fc;
	58b0  :   15;
	58b1  :   f2;
	58b2  :   04;
	58b3  :   f1;
	58b4  :   f4;
	58b5  :   09;
	58b6  :   fe;
	58b7  :   0e;
	58b8  :   f4;
	58b9  :   0b;
	58ba  :   00;
	58bb  :   f9;
	58bc  :   01;
	58bd  :   09;
	58be  :   0b;
	58bf  :   0a;
	58c0  :   fa;
	58c1  :   03;
	58c2  :   13;
	58c3  :   fa;
	58c4  :   11;
	58c5  :   fc;
	58c6  :   15;
	58c7  :   0c;
	58c8  :   0c;
	58c9  :   15;
	58ca  :   fd;
	58cb  :   f2;
	58cc  :   04;
	58cd  :   04;
	58ce  :   0f;
	58cf  :   03;
	58d0  :   ee;
	58d1  :   f0;
	58d2  :   13;
	58d3  :   17;
	58d4  :   fb;
	58d5  :   18;
	58d6  :   09;
	58d7  :   fe;
	58d8  :   02;
	58d9  :   0f;
	58da  :   fb;
	58db  :   0c;
	58dc  :   15;
	58dd  :   00;
	58de  :   0d;
	58df  :   0a;
	58e0  :   18;
	58e1  :   f8;
	58e2  :   fb;
	58e3  :   ff;
	58e4  :   03;
	58e5  :   f2;
	58e6  :   f5;
	58e7  :   f9;
	58e8  :   01;
	58e9  :   07;
	58ea  :   fd;
	58eb  :   01;
	58ec  :   fe;
	58ed  :   14;
	58ee  :   f6;
	58ef  :   f3;
	58f0  :   1b;
	58f1  :   02;
	58f2  :   02;
	58f3  :   0a;
	58f4  :   17;
	58f5  :   03;
	58f6  :   f0;
	58f7  :   1a;
	58f8  :   f7;
	58f9  :   f8;
	58fa  :   f9;
	58fb  :   11;
	58fc  :   f4;
	58fd  :   fe;
	58fe  :   01;
	58ff  :   15;
	5900  :   0d;
	5901  :   ee;
	5902  :   ed;
	5903  :   0b;
	5904  :   f8;
	5905  :   15;
	5906  :   01;
	5907  :   f0;
	5908  :   f1;
	5909  :   fb;
	590a  :   f8;
	590b  :   14;
	590c  :   0d;
	590d  :   f5;
	590e  :   18;
	590f  :   17;
	5910  :   03;
	5911  :   08;
	5912  :   1a;
	5913  :   0e;
	5914  :   05;
	5915  :   0d;
	5916  :   08;
	5917  :   f0;
	5918  :   e0;
	5919  :   f1;
	591a  :   f8;
	591b  :   f7;
	591c  :   f4;
	591d  :   13;
	591e  :   06;
	591f  :   00;
	5920  :   f8;
	5921  :   09;
	5922  :   0b;
	5923  :   f6;
	5924  :   17;
	5925  :   1b;
	5926  :   06;
	5927  :   03;
	5928  :   05;
	5929  :   05;
	592a  :   f0;
	592b  :   fd;
	592c  :   ec;
	592d  :   13;
	592e  :   0e;
	592f  :   13;
	5930  :   0b;
	5931  :   0b;
	5932  :   12;
	5933  :   08;
	5934  :   f3;
	5935  :   f3;
	5936  :   f1;
	5937  :   01;
	5938  :   ed;
	5939  :   f9;
	593a  :   18;
	593b  :   0c;
	593c  :   16;
	593d  :   e9;
	593e  :   fa;
	593f  :   06;
	5940  :   f1;
	5941  :   14;
	5942  :   fa;
	5943  :   13;
	5944  :   ed;
	5945  :   f7;
	5946  :   0a;
	5947  :   0d;
	5948  :   f8;
	5949  :   f9;
	594a  :   ec;
	594b  :   e9;
	594c  :   df;
	594d  :   fb;
	594e  :   08;
	594f  :   e9;
	5950  :   09;
	5951  :   1d;
	5952  :   18;
	5953  :   ff;
	5954  :   ee;
	5955  :   df;
	5956  :   e1;
	5957  :   e5;
	5958  :   f0;
	5959  :   ee;
	595a  :   04;
	595b  :   15;
	595c  :   16;
	595d  :   01;
	595e  :   f5;
	595f  :   0a;
	5960  :   f8;
	5961  :   e5;
	5962  :   dd;
	5963  :   f2;
	5964  :   02;
	5965  :   e5;
	5966  :   0c;
	5967  :   f3;
	5968  :   ec;
	5969  :   06;
	596a  :   0b;
	596b  :   10;
	596c  :   05;
	596d  :   06;
	596e  :   1e;
	596f  :   38;
	5970  :   f8;
	5971  :   ee;
	5972  :   dc;
	5973  :   c5;
	5974  :   cc;
	5975  :   f4;
	5976  :   fe;
	5977  :   02;
	5978  :   fe;
	5979  :   ff;
	597a  :   f2;
	597b  :   f1;
	597c  :   ff;
	597d  :   fb;
	597e  :   e9;
	597f  :   ea;
	5980  :   fc;
	5981  :   d7;
	5982  :   f8;
	5983  :   06;
	5984  :   fa;
	5985  :   f9;
	5986  :   03;
	5987  :   0b;
	5988  :   14;
	5989  :   f7;
	598a  :   0c;
	598b  :   0d;
	598c  :   e8;
	598d  :   f4;
	598e  :   fd;
	598f  :   d6;
	5990  :   d0;
	5991  :   e7;
	5992  :   01;
	5993  :   11;
	5994  :   fa;
	5995  :   06;
	5996  :   14;
	5997  :   f3;
	5998  :   10;
	5999  :   03;
	599a  :   fc;
	599b  :   fd;
	599c  :   f9;
	599d  :   fe;
	599e  :   1c;
	599f  :   17;
	59a0  :   0a;
	59a1  :   fb;
	59a2  :   f1;
	59a3  :   09;
	59a4  :   00;
	59a5  :   f4;
	59a6  :   01;
	59a7  :   0a;
	59a8  :   27;
	59a9  :   23;
	59aa  :   09;
	59ab  :   ef;
	59ac  :   e0;
	59ad  :   f2;
	59ae  :   0a;
	59af  :   00;
	59b0  :   f3;
	59b1  :   f6;
	59b2  :   11;
	59b3  :   06;
	59b4  :   1c;
	59b5  :   f2;
	59b6  :   ec;
	59b7  :   e1;
	59b8  :   10;
	59b9  :   29;
	59ba  :   27;
	59bb  :   16;
	59bc  :   f7;
	59bd  :   f6;
	59be  :   f6;
	59bf  :   2c;
	59c0  :   2f;
	59c1  :   18;
	59c2  :   f5;
	59c3  :   1d;
	59c4  :   18;
	59c5  :   1d;
	59c6  :   06;
	59c7  :   06;
	59c8  :   d6;
	59c9  :   dd;
	59ca  :   f9;
	59cb  :   00;
	59cc  :   10;
	59cd  :   08;
	59ce  :   18;
	59cf  :   f8;
	59d0  :   f9;
	59d1  :   e6;
	59d2  :   0d;
	59d3  :   ec;
	59d4  :   00;
	59d5  :   06;
	59d6  :   11;
	59d7  :   e4;
	59d8  :   01;
	59d9  :   fd;
	59da  :   07;
	59db  :   f1;
	59dc  :   03;
	59dd  :   ed;
	59de  :   e5;
	59df  :   2d;
	59e0  :   2e;
	59e1  :   1c;
	59e2  :   12;
	59e3  :   11;
	59e4  :   f0;
	59e5  :   e6;
	59e6  :   e5;
	59e7  :   11;
	59e8  :   04;
	59e9  :   09;
	59ea  :   11;
	59eb  :   1b;
	59ec  :   10;
	59ed  :   2b;
	59ee  :   28;
	59ef  :   1a;
	59f0  :   e9;
	59f1  :   f3;
	59f2  :   cb;
	59f3  :   ef;
	59f4  :   10;
	59f5  :   f4;
	59f6  :   ef;
	59f7  :   ce;
	59f8  :   e6;
	59f9  :   04;
	59fa  :   e4;
	59fb  :   01;
	59fc  :   32;
	59fd  :   2e;
	59fe  :   38;
	59ff  :   5d;
	5a00  :   00;
	5a01  :   cf;
	5a02  :   e6;
	5a03  :   10;
	5a04  :   f4;
	5a05  :   ef;
	5a06  :   0c;
	5a07  :   21;
	5a08  :   f3;
	5a09  :   12;
	5a0a  :   10;
	5a0b  :   1c;
	5a0c  :   e2;
	5a0d  :   d8;
	5a0e  :   d7;
	5a0f  :   f2;
	5a10  :   f5;
	5a11  :   f7;
	5a12  :   df;
	5a13  :   ba;
	5a14  :   aa;
	5a15  :   a6;
	5a16  :   c8;
	5a17  :   13;
	5a18  :   2a;
	5a19  :   4c;
	5a1a  :   46;
	5a1b  :   43;
	5a1c  :   34;
	5a1d  :   f2;
	5a1e  :   ec;
	5a1f  :   0c;
	5a20  :   fe;
	5a21  :   03;
	5a22  :   15;
	5a23  :   1f;
	5a24  :   2c;
	5a25  :   fa;
	5a26  :   25;
	5a27  :   11;
	5a28  :   07;
	5a29  :   f9;
	5a2a  :   e4;
	5a2b  :   ef;
	5a2c  :   e8;
	5a2d  :   e1;
	5a2e  :   e2;
	5a2f  :   b5;
	5a30  :   80;
	5a31  :   a3;
	5a32  :   c7;
	5a33  :   e4;
	5a34  :   23;
	5a35  :   4a;
	5a36  :   58;
	5a37  :   54;
	5a38  :   6a;
	5a39  :   fd;
	5a3a  :   ef;
	5a3b  :   08;
	5a3c  :   19;
	5a3d  :   f1;
	5a3e  :   ff;
	5a3f  :   20;
	5a40  :   14;
	5a41  :   12;
	5a42  :   3a;
	5a43  :   1d;
	5a44  :   0e;
	5a45  :   fc;
	5a46  :   0c;
	5a47  :   0a;
	5a48  :   ee;
	5a49  :   db;
	5a4a  :   d8;
	5a4b  :   ce;
	5a4c  :   a7;
	5a4d  :   b3;
	5a4e  :   d7;
	5a4f  :   fe;
	5a50  :   0e;
	5a51  :   41;
	5a52  :   56;
	5a53  :   56;
	5a54  :   4b;
	5a55  :   35;
	5a56  :   1e;
	5a57  :   06;
	5a58  :   05;
	5a59  :   ff;
	5a5a  :   08;
	5a5b  :   02;
	5a5c  :   26;
	5a5d  :   34;
	5a5e  :   2a;
	5a5f  :   3c;
	5a60  :   18;
	5a61  :   00;
	5a62  :   20;
	5a63  :   30;
	5a64  :   ec;
	5a65  :   e4;
	5a66  :   e2;
	5a67  :   ba;
	5a68  :   a9;
	5a69  :   d7;
	5a6a  :   16;
	5a6b  :   1e;
	5a6c  :   22;
	5a6d  :   2d;
	5a6e  :   29;
	5a6f  :   2a;
	5a70  :   4a;
	5a71  :   47;
	5a72  :   09;
	5a73  :   14;
	5a74  :   f6;
	5a75  :   04;
	5a76  :   14;
	5a77  :   fc;
	5a78  :   f5;
	5a79  :   2a;
	5a7a  :   1a;
	5a7b  :   1d;
	5a7c  :   fa;
	5a7d  :   27;
	5a7e  :   2b;
	5a7f  :   12;
	5a80  :   06;
	5a81  :   e6;
	5a82  :   cf;
	5a83  :   d9;
	5a84  :   db;
	5a85  :   f8;
	5a86  :   0d;
	5a87  :   12;
	5a88  :   34;
	5a89  :   1e;
	5a8a  :   1c;
	5a8b  :   24;
	5a8c  :   13;
	5a8d  :   2c;
	5a8e  :   21;
	5a8f  :   08;
	5a90  :   f4;
	5a91  :   02;
	5a92  :   03;
	5a93  :   07;
	5a94  :   04;
	5a95  :   17;
	5a96  :   2e;
	5a97  :   07;
	5a98  :   27;
	5a99  :   2d;
	5a9a  :   55;
	5a9b  :   35;
	5a9c  :   eb;
	5a9d  :   c7;
	5a9e  :   de;
	5a9f  :   e3;
	5aa0  :   fc;
	5aa1  :   0d;
	5aa2  :   00;
	5aa3  :   1b;
	5aa4  :   34;
	5aa5  :   40;
	5aa6  :   1f;
	5aa7  :   f9;
	5aa8  :   f8;
	5aa9  :   30;
	5aaa  :   27;
	5aab  :   f5;
	5aac  :   fc;
	5aad  :   f7;
	5aae  :   f6;
	5aaf  :   f3;
	5ab0  :   28;
	5ab1  :   1e;
	5ab2  :   11;
	5ab3  :   f3;
	5ab4  :   0f;
	5ab5  :   49;
	5ab6  :   2c;
	5ab7  :   0b;
	5ab8  :   f8;
	5ab9  :   f1;
	5aba  :   12;
	5abb  :   0f;
	5abc  :   14;
	5abd  :   ee;
	5abe  :   05;
	5abf  :   1b;
	5ac0  :   23;
	5ac1  :   21;
	5ac2  :   18;
	5ac3  :   0a;
	5ac4  :   f2;
	5ac5  :   32;
	5ac6  :   05;
	5ac7  :   12;
	5ac8  :   ee;
	5ac9  :   fc;
	5aca  :   10;
	5acb  :   ea;
	5acc  :   f3;
	5acd  :   06;
	5ace  :   fc;
	5acf  :   13;
	5ad0  :   24;
	5ad1  :   63;
	5ad2  :   1a;
	5ad3  :   ee;
	5ad4  :   d0;
	5ad5  :   e6;
	5ad6  :   fa;
	5ad7  :   e0;
	5ad8  :   05;
	5ad9  :   0d;
	5ada  :   1a;
	5adb  :   22;
	5adc  :   1f;
	5add  :   ff;
	5ade  :   1d;
	5adf  :   fe;
	5ae0  :   24;
	5ae1  :   18;
	5ae2  :   1e;
	5ae3  :   04;
	5ae4  :   03;
	5ae5  :   12;
	5ae6  :   f9;
	5ae7  :   07;
	5ae8  :   0e;
	5ae9  :   fe;
	5aea  :   f0;
	5aeb  :   23;
	5aec  :   3a;
	5aed  :   30;
	5aee  :   35;
	5aef  :   e3;
	5af0  :   e2;
	5af1  :   e8;
	5af2  :   00;
	5af3  :   01;
	5af4  :   f3;
	5af5  :   03;
	5af6  :   15;
	5af7  :   fe;
	5af8  :   0e;
	5af9  :   2b;
	5afa  :   34;
	5afb  :   10;
	5afc  :   db;
	5afd  :   19;
	5afe  :   08;
	5aff  :   ef;
	5b00  :   0a;
	5b01  :   f6;
	5b02  :   0d;
	5b03  :   18;
	5b04  :   23;
	5b05  :   26;
	5b06  :   fb;
	5b07  :   23;
	5b08  :   36;
	5b09  :   2f;
	5b0a  :   2b;
	5b0b  :   1c;
	5b0c  :   f5;
	5b0d  :   e7;
	5b0e  :   ed;
	5b0f  :   f9;
	5b10  :   ee;
	5b11  :   e2;
	5b12  :   07;
	5b13  :   0d;
	5b14  :   0c;
	5b15  :   30;
	5b16  :   16;
	5b17  :   0f;
	5b18  :   de;
	5b19  :   e8;
	5b1a  :   03;
	5b1b  :   05;
	5b1c  :   00;
	5b1d  :   f9;
	5b1e  :   10;
	5b1f  :   2b;
	5b20  :   2b;
	5b21  :   2a;
	5b22  :   02;
	5b23  :   1a;
	5b24  :   1e;
	5b25  :   17;
	5b26  :   16;
	5b27  :   0a;
	5b28  :   fb;
	5b29  :   00;
	5b2a  :   f4;
	5b2b  :   01;
	5b2c  :   e4;
	5b2d  :   d4;
	5b2e  :   0b;
	5b2f  :   f5;
	5b30  :   ee;
	5b31  :   19;
	5b32  :   31;
	5b33  :   22;
	5b34  :   ff;
	5b35  :   df;
	5b36  :   f6;
	5b37  :   f5;
	5b38  :   12;
	5b39  :   f9;
	5b3a  :   10;
	5b3b  :   2b;
	5b3c  :   f1;
	5b3d  :   20;
	5b3e  :   40;
	5b3f  :   47;
	5b40  :   45;
	5b41  :   1b;
	5b42  :   35;
	5b43  :   12;
	5b44  :   30;
	5b45  :   09;
	5b46  :   ea;
	5b47  :   d7;
	5b48  :   d5;
	5b49  :   dd;
	5b4a  :   f4;
	5b4b  :   ed;
	5b4c  :   d4;
	5b4d  :   ff;
	5b4e  :   22;
	5b4f  :   e8;
	5b50  :   db;
	5b51  :   01;
	5b52  :   f3;
	5b53  :   10;
	5b54  :   19;
	5b55  :   09;
	5b56  :   05;
	5b57  :   0e;
	5b58  :   eb;
	5b59  :   ff;
	5b5a  :   16;
	5b5b  :   34;
	5b5c  :   39;
	5b5d  :   3a;
	5b5e  :   3b;
	5b5f  :   29;
	5b60  :   fd;
	5b61  :   02;
	5b62  :   f8;
	5b63  :   d9;
	5b64  :   b9;
	5b65  :   de;
	5b66  :   c1;
	5b67  :   e7;
	5b68  :   e1;
	5b69  :   f9;
	5b6a  :   02;
	5b6b  :   f2;
	5b6c  :   f9;
	5b6d  :   de;
	5b6e  :   03;
	5b6f  :   fc;
	5b70  :   0b;
	5b71  :   09;
	5b72  :   08;
	5b73  :   df;
	5b74  :   ef;
	5b75  :   fa;
	5b76  :   f4;
	5b77  :   29;
	5b78  :   25;
	5b79  :   1f;
	5b7a  :   f1;
	5b7b  :   03;
	5b7c  :   fd;
	5b7d  :   ef;
	5b7e  :   e4;
	5b7f  :   e5;
	5b80  :   ca;
	5b81  :   a7;
	5b82  :   c3;
	5b83  :   bd;
	5b84  :   cd;
	5b85  :   fc;
	5b86  :   dc;
	5b87  :   f9;
	5b88  :   08;
	5b89  :   1e;
	5b8a  :   15;
	5b8b  :   fe;
	5b8c  :   19;
	5b8d  :   04;
	5b8e  :   07;
	5b8f  :   f6;
	5b90  :   0d;
	5b91  :   f9;
	5b92  :   0b;
	5b93  :   f6;
	5b94  :   ee;
	5b95  :   f5;
	5b96  :   c7;
	5b97  :   ca;
	5b98  :   b0;
	5b99  :   da;
	5b9a  :   cf;
	5b9b  :   db;
	5b9c  :   d5;
	5b9d  :   a3;
	5b9e  :   c7;
	5b9f  :   e3;
	5ba0  :   ee;
	5ba1  :   00;
	5ba2  :   de;
	5ba3  :   0a;
	5ba4  :   f6;
	5ba5  :   00;
	5ba6  :   00;
	5ba7  :   ef;
	5ba8  :   19;
	5ba9  :   f9;
	5baa  :   f1;
	5bab  :   fa;
	5bac  :   15;
	5bad  :   09;
	5bae  :   fe;
	5baf  :   18;
	5bb0  :   02;
	5bb1  :   ff;
	5bb2  :   e5;
	5bb3  :   fd;
	5bb4  :   ee;
	5bb5  :   fa;
	5bb6  :   e8;
	5bb7  :   e1;
	5bb8  :   e3;
	5bb9  :   eb;
	5bba  :   e8;
	5bbb  :   f8;
	5bbc  :   0b;
	5bbd  :   05;
	5bbe  :   0a;
	5bbf  :   ee;
	5bc0  :   f8;
	5bc1  :   f5;
	5bc2  :   f8;
	5bc3  :   14;
	5bc4  :   06;
	5bc5  :   04;
	5bc6  :   f3;
	5bc7  :   f1;
	5bc8  :   10;
	5bc9  :   ff;
	5bca  :   fc;
	5bcb  :   fc;
	5bcc  :   02;
	5bcd  :   12;
	5bce  :   f8;
	5bcf  :   19;
	5bd0  :   fd;
	5bd1  :   11;
	5bd2  :   17;
	5bd3  :   01;
	5bd4  :   06;
	5bd5  :   13;
	5bd6  :   03;
	5bd7  :   11;
	5bd8  :   fd;
	5bd9  :   f3;
	5bda  :   ef;
	5bdb  :   ed;
	5bdc  :   fd;
	5bdd  :   f1;
	5bde  :   f9;
	5bdf  :   04;
	5be0  :   0f;
	5be1  :   08;
	5be2  :   f5;
	5be3  :   05;
	5be4  :   0e;
	5be5  :   e9;
	5be6  :   f7;
	5be7  :   f0;
	5be8  :   0f;
	5be9  :   f7;
	5bea  :   06;
	5beb  :   f0;
	5bec  :   f0;
	5bed  :   ef;
	5bee  :   06;
	5bef  :   fa;
	5bf0  :   03;
	5bf1  :   07;
	5bf2  :   ef;
	5bf3  :   fd;
	5bf4  :   f5;
	5bf5  :   05;
	5bf6  :   0b;
	5bf7  :   eb;
	5bf8  :   ff;
	5bf9  :   e9;
	5bfa  :   ff;
	5bfb  :   0c;
	5bfc  :   0a;
	5bfd  :   04;
	5bfe  :   fa;
	5bff  :   09;
	5c00  :   f5;
	5c01  :   ec;
	5c02  :   fb;
	5c03  :   f8;
	5c04  :   04;
	5c05  :   ec;
	5c06  :   05;
	5c07  :   06;
	5c08  :   00;
	5c09  :   f5;
	5c0a  :   0f;
	5c0b  :   0b;
	5c0c  :   00;
	5c0d  :   0b;
	5c0e  :   fe;
	5c0f  :   03;
	5c10  :   0e;
	5c11  :   fe;
	5c12  :   f1;
	5c13  :   08;
	5c14  :   f8;
	5c15  :   ee;
	5c16  :   08;
	5c17  :   fc;
	5c18  :   f7;
	5c19  :   f0;
	5c1a  :   01;
	5c1b  :   03;
	5c1c  :   00;
	5c1d  :   0c;
	5c1e  :   01;
	5c1f  :   13;
	5c20  :   0a;
	5c21  :   0e;
	5c22  :   03;
	5c23  :   ee;
	5c24  :   15;
	5c25  :   f9;
	5c26  :   f1;
	5c27  :   f8;
	5c28  :   f1;
	5c29  :   fa;
	5c2a  :   09;
	5c2b  :   f6;
	5c2c  :   0d;
	5c2d  :   f8;
	5c2e  :   01;
	5c2f  :   fe;
	5c30  :   ec;
	5c31  :   10;
	5c32  :   08;
	5c33  :   fb;
	5c34  :   ed;
	5c35  :   ee;
	5c36  :   0c;
	5c37  :   ed;
	5c38  :   0b;
	5c39  :   f1;
	5c3a  :   fb;
	5c3b  :   fc;
	5c3c  :   e1;
	5c3d  :   e7;
	5c3e  :   fb;
	5c3f  :   04;
	5c40  :   17;
	5c41  :   f8;
	5c42  :   08;
	5c43  :   f7;
	5c44  :   0a;
	5c45  :   fa;
	5c46  :   0f;
	5c47  :   17;
	5c48  :   16;
	5c49  :   0c;
	5c4a  :   ed;
	5c4b  :   e8;
	5c4c  :   01;
	5c4d  :   0f;
	5c4e  :   f8;
	5c4f  :   ed;
	5c50  :   f7;
	5c51  :   04;
	5c52  :   06;
	5c53  :   0a;
	5c54  :   f4;
	5c55  :   ea;
	5c56  :   08;
	5c57  :   e9;
	5c58  :   e3;
	5c59  :   e7;
	5c5a  :   f6;
	5c5b  :   1f;
	5c5c  :   08;
	5c5d  :   df;
	5c5e  :   e1;
	5c5f  :   0f;
	5c60  :   07;
	5c61  :   04;
	5c62  :   12;
	5c63  :   f1;
	5c64  :   f3;
	5c65  :   0a;
	5c66  :   1b;
	5c67  :   e8;
	5c68  :   dc;
	5c69  :   e5;
	5c6a  :   f8;
	5c6b  :   ea;
	5c6c  :   08;
	5c6d  :   ee;
	5c6e  :   06;
	5c6f  :   03;
	5c70  :   f7;
	5c71  :   fc;
	5c72  :   f8;
	5c73  :   00;
	5c74  :   03;
	5c75  :   11;
	5c76  :   25;
	5c77  :   07;
	5c78  :   0e;
	5c79  :   20;
	5c7a  :   18;
	5c7b  :   ff;
	5c7c  :   20;
	5c7d  :   16;
	5c7e  :   1d;
	5c7f  :   1b;
	5c80  :   ee;
	5c81  :   db;
	5c82  :   02;
	5c83  :   12;
	5c84  :   e1;
	5c85  :   ef;
	5c86  :   02;
	5c87  :   06;
	5c88  :   e8;
	5c89  :   0f;
	5c8a  :   ed;
	5c8b  :   f3;
	5c8c  :   07;
	5c8d  :   1c;
	5c8e  :   05;
	5c8f  :   17;
	5c90  :   11;
	5c91  :   f7;
	5c92  :   11;
	5c93  :   f5;
	5c94  :   f7;
	5c95  :   1c;
	5c96  :   1e;
	5c97  :   0b;
	5c98  :   15;
	5c99  :   fc;
	5c9a  :   15;
	5c9b  :   0a;
	5c9c  :   02;
	5c9d  :   f9;
	5c9e  :   08;
	5c9f  :   0b;
	5ca0  :   04;
	5ca1  :   01;
	5ca2  :   f6;
	5ca3  :   fd;
	5ca4  :   fb;
	5ca5  :   fa;
	5ca6  :   f7;
	5ca7  :   ef;
	5ca8  :   0a;
	5ca9  :   21;
	5caa  :   1a;
	5cab  :   07;
	5cac  :   0a;
	5cad  :   09;
	5cae  :   f1;
	5caf  :   16;
	5cb0  :   20;
	5cb1  :   0e;
	5cb2  :   23;
	5cb3  :   08;
	5cb4  :   10;
	5cb5  :   f6;
	5cb6  :   03;
	5cb7  :   28;
	5cb8  :   30;
	5cb9  :   1e;
	5cba  :   15;
	5cbb  :   fc;
	5cbc  :   09;
	5cbd  :   0b;
	5cbe  :   05;
	5cbf  :   fd;
	5cc0  :   04;
	5cc1  :   e8;
	5cc2  :   f2;
	5cc3  :   09;
	5cc4  :   f9;
	5cc5  :   fc;
	5cc6  :   06;
	5cc7  :   ff;
	5cc8  :   08;
	5cc9  :   f2;
	5cca  :   fc;
	5ccb  :   11;
	5ccc  :   04;
	5ccd  :   1b;
	5cce  :   20;
	5ccf  :   0f;
	5cd0  :   05;
	5cd1  :   fa;
	5cd2  :   e3;
	5cd3  :   e7;
	5cd4  :   03;
	5cd5  :   10;
	5cd6  :   16;
	5cd7  :   02;
	5cd8  :   ee;
	5cd9  :   f6;
	5cda  :   0d;
	5cdb  :   fe;
	5cdc  :   f9;
	5cdd  :   f7;
	5cde  :   0e;
	5cdf  :   09;
	5ce0  :   fd;
	5ce1  :   e7;
	5ce2  :   fd;
	5ce3  :   f6;
	5ce4  :   d8;
	5ce5  :   fd;
	5ce6  :   00;
	5ce7  :   23;
	5ce8  :   1d;
	5ce9  :   f1;
	5cea  :   d1;
	5ceb  :   ac;
	5cec  :   d1;
	5ced  :   d7;
	5cee  :   db;
	5cef  :   c8;
	5cf0  :   f3;
	5cf1  :   fc;
	5cf2  :   eb;
	5cf3  :   f7;
	5cf4  :   f2;
	5cf5  :   03;
	5cf6  :   12;
	5cf7  :   f8;
	5cf8  :   f1;
	5cf9  :   fd;
	5cfa  :   fd;
	5cfb  :   09;
	5cfc  :   e9;
	5cfd  :   e1;
	5cfe  :   ed;
	5cff  :   f8;
	5d00  :   e4;
	5d01  :   fa;
	5d02  :   05;
	5d03  :   18;
	5d04  :   10;
	5d05  :   e1;
	5d06  :   ba;
	5d07  :   c1;
	5d08  :   cd;
	5d09  :   d0;
	5d0a  :   bd;
	5d0b  :   b6;
	5d0c  :   e8;
	5d0d  :   d3;
	5d0e  :   e9;
	5d0f  :   c4;
	5d10  :   e1;
	5d11  :   f5;
	5d12  :   0b;
	5d13  :   0e;
	5d14  :   f1;
	5d15  :   ec;
	5d16  :   f1;
	5d17  :   df;
	5d18  :   cf;
	5d19  :   da;
	5d1a  :   f7;
	5d1b  :   04;
	5d1c  :   fc;
	5d1d  :   fb;
	5d1e  :   1a;
	5d1f  :   1b;
	5d20  :   fe;
	5d21  :   d9;
	5d22  :   b0;
	5d23  :   ad;
	5d24  :   d1;
	5d25  :   e3;
	5d26  :   f0;
	5d27  :   dc;
	5d28  :   e5;
	5d29  :   ed;
	5d2a  :   ff;
	5d2b  :   11;
	5d2c  :   e3;
	5d2d  :   f4;
	5d2e  :   f2;
	5d2f  :   04;
	5d30  :   f7;
	5d31  :   ed;
	5d32  :   f3;
	5d33  :   e6;
	5d34  :   e5;
	5d35  :   e7;
	5d36  :   14;
	5d37  :   e9;
	5d38  :   08;
	5d39  :   21;
	5d3a  :   32;
	5d3b  :   22;
	5d3c  :   09;
	5d3d  :   e1;
	5d3e  :   d4;
	5d3f  :   b7;
	5d40  :   d1;
	5d41  :   e3;
	5d42  :   e1;
	5d43  :   ec;
	5d44  :   e8;
	5d45  :   dd;
	5d46  :   1a;
	5d47  :   11;
	5d48  :   de;
	5d49  :   fe;
	5d4a  :   f9;
	5d4b  :   f2;
	5d4c  :   03;
	5d4d  :   0d;
	5d4e  :   fd;
	5d4f  :   fc;
	5d50  :   0f;
	5d51  :   e5;
	5d52  :   0b;
	5d53  :   09;
	5d54  :   f6;
	5d55  :   13;
	5d56  :   22;
	5d57  :   23;
	5d58  :   f7;
	5d59  :   cc;
	5d5a  :   e0;
	5d5b  :   c2;
	5d5c  :   b4;
	5d5d  :   d2;
	5d5e  :   e8;
	5d5f  :   fb;
	5d60  :   ff;
	5d61  :   fe;
	5d62  :   07;
	5d63  :   32;
	5d64  :   16;
	5d65  :   ea;
	5d66  :   e7;
	5d67  :   ff;
	5d68  :   ee;
	5d69  :   fe;
	5d6a  :   03;
	5d6b  :   02;
	5d6c  :   21;
	5d6d  :   02;
	5d6e  :   fd;
	5d6f  :   26;
	5d70  :   ee;
	5d71  :   1b;
	5d72  :   27;
	5d73  :   f9;
	5d74  :   f7;
	5d75  :   d8;
	5d76  :   e3;
	5d77  :   cb;
	5d78  :   b8;
	5d79  :   c5;
	5d7a  :   f7;
	5d7b  :   05;
	5d7c  :   2b;
	5d7d  :   26;
	5d7e  :   25;
	5d7f  :   2e;
	5d80  :   21;
	5d81  :   ff;
	5d82  :   05;
	5d83  :   f2;
	5d84  :   09;
	5d85  :   f3;
	5d86  :   f6;
	5d87  :   04;
	5d88  :   05;
	5d89  :   1a;
	5d8a  :   e6;
	5d8b  :   11;
	5d8c  :   f8;
	5d8d  :   f8;
	5d8e  :   28;
	5d8f  :   02;
	5d90  :   0c;
	5d91  :   d4;
	5d92  :   dc;
	5d93  :   c0;
	5d94  :   c7;
	5d95  :   f4;
	5d96  :   12;
	5d97  :   13;
	5d98  :   2b;
	5d99  :   40;
	5d9a  :   1d;
	5d9b  :   00;
	5d9c  :   10;
	5d9d  :   ed;
	5d9e  :   f9;
	5d9f  :   02;
	5da0  :   ec;
	5da1  :   f7;
	5da2  :   fa;
	5da3  :   0f;
	5da4  :   f7;
	5da5  :   fb;
	5da6  :   dc;
	5da7  :   00;
	5da8  :   0c;
	5da9  :   0a;
	5daa  :   0d;
	5dab  :   10;
	5dac  :   1e;
	5dad  :   e5;
	5dae  :   e7;
	5daf  :   b6;
	5db0  :   d2;
	5db1  :   05;
	5db2  :   43;
	5db3  :   13;
	5db4  :   3a;
	5db5  :   2e;
	5db6  :   3b;
	5db7  :   0b;
	5db8  :   2e;
	5db9  :   16;
	5dba  :   ff;
	5dbb  :   fd;
	5dbc  :   01;
	5dbd  :   f5;
	5dbe  :   05;
	5dbf  :   02;
	5dc0  :   06;
	5dc1  :   ed;
	5dc2  :   f2;
	5dc3  :   ed;
	5dc4  :   02;
	5dc5  :   fe;
	5dc6  :   1a;
	5dc7  :   fe;
	5dc8  :   fd;
	5dc9  :   dc;
	5dca  :   a2;
	5dcb  :   9e;
	5dcc  :   c8;
	5dcd  :   47;
	5dce  :   58;
	5dcf  :   22;
	5dd0  :   16;
	5dd1  :   13;
	5dd2  :   32;
	5dd3  :   17;
	5dd4  :   10;
	5dd5  :   01;
	5dd6  :   fe;
	5dd7  :   fd;
	5dd8  :   fa;
	5dd9  :   0e;
	5dda  :   05;
	5ddb  :   f9;
	5ddc  :   ed;
	5ddd  :   d0;
	5dde  :   f1;
	5ddf  :   e9;
	5de0  :   ee;
	5de1  :   f3;
	5de2  :   d9;
	5de3  :   d8;
	5de4  :   d3;
	5de5  :   a9;
	5de6  :   80;
	5de7  :   bc;
	5de8  :   11;
	5de9  :   4c;
	5dea  :   56;
	5deb  :   12;
	5dec  :   24;
	5ded  :   f8;
	5dee  :   08;
	5def  :   12;
	5df0  :   06;
	5df1  :   f3;
	5df2  :   07;
	5df3  :   f0;
	5df4  :   fe;
	5df5  :   f7;
	5df6  :   fc;
	5df7  :   14;
	5df8  :   1a;
	5df9  :   e3;
	5dfa  :   c7;
	5dfb  :   e1;
	5dfc  :   de;
	5dfd  :   bf;
	5dfe  :   cd;
	5dff  :   df;
	5e00  :   c7;
	5e01  :   8a;
	5e02  :   a8;
	5e03  :   ea;
	5e04  :   2a;
	5e05  :   29;
	5e06  :   24;
	5e07  :   26;
	5e08  :   17;
	5e09  :   04;
	5e0a  :   0e;
	5e0b  :   e9;
	5e0c  :   ed;
	5e0d  :   f6;
	5e0e  :   f7;
	5e0f  :   0a;
	5e10  :   06;
	5e11  :   ef;
	5e12  :   fe;
	5e13  :   13;
	5e14  :   1b;
	5e15  :   e9;
	5e16  :   c8;
	5e17  :   b0;
	5e18  :   e3;
	5e19  :   d6;
	5e1a  :   d6;
	5e1b  :   e5;
	5e1c  :   db;
	5e1d  :   cf;
	5e1e  :   ff;
	5e1f  :   04;
	5e20  :   3c;
	5e21  :   2a;
	5e22  :   17;
	5e23  :   10;
	5e24  :   f2;
	5e25  :   03;
	5e26  :   f4;
	5e27  :   e7;
	5e28  :   06;
	5e29  :   09;
	5e2a  :   0b;
	5e2b  :   f2;
	5e2c  :   fc;
	5e2d  :   fd;
	5e2e  :   f0;
	5e2f  :   ff;
	5e30  :   fc;
	5e31  :   f7;
	5e32  :   c2;
	5e33  :   c8;
	5e34  :   e7;
	5e35  :   d3;
	5e36  :   dd;
	5e37  :   ef;
	5e38  :   15;
	5e39  :   2e;
	5e3a  :   4a;
	5e3b  :   4c;
	5e3c  :   2c;
	5e3d  :   fd;
	5e3e  :   03;
	5e3f  :   03;
	5e40  :   f6;
	5e41  :   f2;
	5e42  :   ef;
	5e43  :   fd;
	5e44  :   12;
	5e45  :   16;
	5e46  :   01;
	5e47  :   ef;
	5e48  :   ea;
	5e49  :   f8;
	5e4a  :   f3;
	5e4b  :   07;
	5e4c  :   fb;
	5e4d  :   e2;
	5e4e  :   e2;
	5e4f  :   cb;
	5e50  :   d6;
	5e51  :   d4;
	5e52  :   f0;
	5e53  :   0f;
	5e54  :   3a;
	5e55  :   4b;
	5e56  :   4b;
	5e57  :   34;
	5e58  :   23;
	5e59  :   1d;
	5e5a  :   fc;
	5e5b  :   0a;
	5e5c  :   e7;
	5e5d  :   d8;
	5e5e  :   ed;
	5e5f  :   02;
	5e60  :   f7;
	5e61  :   01;
	5e62  :   f6;
	5e63  :   0b;
	5e64  :   ef;
	5e65  :   f8;
	5e66  :   f4;
	5e67  :   f9;
	5e68  :   f7;
	5e69  :   03;
	5e6a  :   0c;
	5e6b  :   fb;
	5e6c  :   00;
	5e6d  :   02;
	5e6e  :   0a;
	5e6f  :   37;
	5e70  :   35;
	5e71  :   4a;
	5e72  :   4e;
	5e73  :   39;
	5e74  :   1a;
	5e75  :   1b;
	5e76  :   f0;
	5e77  :   02;
	5e78  :   f3;
	5e79  :   0b;
	5e7a  :   fe;
	5e7b  :   fd;
	5e7c  :   03;
	5e7d  :   f8;
	5e7e  :   0c;
	5e7f  :   fb;
	5e80  :   ed;
	5e81  :   fc;
	5e82  :   ff;
	5e83  :   f8;
	5e84  :   f0;
	5e85  :   03;
	5e86  :   2b;
	5e87  :   2d;
	5e88  :   2e;
	5e89  :   20;
	5e8a  :   2d;
	5e8b  :   15;
	5e8c  :   3c;
	5e8d  :   41;
	5e8e  :   33;
	5e8f  :   32;
	5e90  :   1f;
	5e91  :   11;
	5e92  :   14;
	5e93  :   ef;
	5e94  :   0e;
	5e95  :   11;
	5e96  :   ea;
	5e97  :   f3;
	5e98  :   fc;
	5e99  :   e8;
	5e9a  :   f2;
	5e9b  :   0f;
	5e9c  :   02;
	5e9d  :   08;
	5e9e  :   f4;
	5e9f  :   f7;
	5ea0  :   ed;
	5ea1  :   f8;
	5ea2  :   fc;
	5ea3  :   fb;
	5ea4  :   16;
	5ea5  :   0a;
	5ea6  :   0c;
	5ea7  :   28;
	5ea8  :   2e;
	5ea9  :   28;
	5eaa  :   1a;
	5eab  :   e3;
	5eac  :   df;
	5ead  :   ea;
	5eae  :   05;
	5eaf  :   14;
	5eb0  :   1a;
	5eb1  :   ff;
	5eb2  :   0e;
	5eb3  :   07;
	5eb4  :   0d;
	5eb5  :   01;
	5eb6  :   f7;
	5eb7  :   01;
	5eb8  :   0e;
	5eb9  :   f8;
	5eba  :   ee;
	5ebb  :   0d;
	5ebc  :   0e;
	5ebd  :   fc;
	5ebe  :   0a;
	5ebf  :   fb;
	5ec0  :   0c;
	5ec1  :   f4;
	5ec2  :   ee;
	5ec3  :   10;
	5ec4  :   02;
	5ec5  :   07;
	5ec6  :   f8;
	5ec7  :   10;
	5ec8  :   07;
	5ec9  :   02;
	5eca  :   f2;
	5ecb  :   04;
	5ecc  :   fc;
	5ecd  :   f3;
	5ece  :   f7;
	5ecf  :   00;
	5ed0  :   0c;
	5ed1  :   03;
	5ed2  :   08;
	5ed3  :   10;
	5ed4  :   fd;
	5ed5  :   eb;
	5ed6  :   ff;
	5ed7  :   0f;
	5ed8  :   0c;
	5ed9  :   f5;
	5eda  :   08;
	5edb  :   0e;
	5edc  :   fc;
	5edd  :   e9;
	5ede  :   f1;
	5edf  :   ee;
	5ee0  :   fa;
	5ee1  :   f1;
	5ee2  :   fc;
	5ee3  :   0b;
	5ee4  :   ed;
	5ee5  :   f4;
	5ee6  :   f8;
	5ee7  :   0e;
	5ee8  :   04;
	5ee9  :   f8;
	5eea  :   01;
	5eeb  :   ef;
	5eec  :   f3;
	5eed  :   ef;
	5eee  :   0a;
	5eef  :   03;
	5ef0  :   07;
	5ef1  :   f5;
	5ef2  :   e3;
	5ef3  :   e3;
	5ef4  :   eb;
	5ef5  :   e7;
	5ef6  :   06;
	5ef7  :   e6;
	5ef8  :   e3;
	5ef9  :   f6;
	5efa  :   ea;
	5efb  :   ed;
	5efc  :   f0;
	5efd  :   e3;
	5efe  :   f1;
	5eff  :   f9;
	5f00  :   f0;
	5f01  :   ed;
	5f02  :   f0;
	5f03  :   ef;
	5f04  :   01;
	5f05  :   f1;
	5f06  :   f7;
	5f07  :   fd;
	5f08  :   e6;
	5f09  :   ff;
	5f0a  :   e6;
	5f0b  :   ed;
	5f0c  :   e9;
	5f0d  :   ef;
	5f0e  :   01;
	5f0f  :   f8;
	5f10  :   ea;
	5f11  :   fd;
	5f12  :   01;
	5f13  :   f8;
	5f14  :   e9;
	5f15  :   f3;
	5f16  :   f7;
	5f17  :   f7;
	5f18  :   fe;
	5f19  :   05;
	5f1a  :   fe;
	5f1b  :   e9;
	5f1c  :   01;
	5f1d  :   04;
	5f1e  :   f2;
	5f1f  :   e7;
	5f20  :   ef;
	5f21  :   ef;
	5f22  :   e4;
	5f23  :   f0;
	5f24  :   fd;
	5f25  :   02;
	5f26  :   02;
	5f27  :   05;
	5f28  :   e5;
	5f29  :   f3;
	5f2a  :   e3;
	5f2b  :   ec;
	5f2c  :   f0;
	5f2d  :   00;
	5f2e  :   f8;
	5f2f  :   ea;
	5f30  :   f3;
	5f31  :   09;
	5f32  :   ef;
	5f33  :   f5;
	5f34  :   ec;
	5f35  :   ee;
	5f36  :   f8;
	5f37  :   ef;
	5f38  :   06;
	5f39  :   f7;
	5f3a  :   02;
	5f3b  :   f6;
	5f3c  :   f8;
	5f3d  :   f8;
	5f3e  :   e4;
	5f3f  :   f9;
	5f40  :   e7;
	5f41  :   05;
	5f42  :   f3;
	5f43  :   e6;
	5f44  :   e3;
	5f45  :   00;
	5f46  :   f7;
	5f47  :   00;
	5f48  :   eb;
	5f49  :   f7;
	5f4a  :   e8;
	5f4b  :   00;
	5f4c  :   ef;
	5f4d  :   00;
	5f4e  :   0b;
	5f4f  :   03;
	5f50  :   15;
	5f51  :   1f;
	5f52  :   1f;
	5f53  :   16;
	5f54  :   0c;
	5f55  :   08;
	5f56  :   12;
	5f57  :   12;
	5f58  :   fa;
	5f59  :   f3;
	5f5a  :   e9;
	5f5b  :   ed;
	5f5c  :   db;
	5f5d  :   e9;
	5f5e  :   f8;
	5f5f  :   ea;
	5f60  :   e7;
	5f61  :   f2;
	5f62  :   e9;
	5f63  :   f9;
	5f64  :   00;
	5f65  :   f1;
	5f66  :   12;
	5f67  :   06;
	5f68  :   01;
	5f69  :   37;
	5f6a  :   13;
	5f6b  :   2f;
	5f6c  :   33;
	5f6d  :   17;
	5f6e  :   02;
	5f6f  :   14;
	5f70  :   0b;
	5f71  :   fd;
	5f72  :   fc;
	5f73  :   ee;
	5f74  :   f4;
	5f75  :   f6;
	5f76  :   f6;
	5f77  :   08;
	5f78  :   0a;
	5f79  :   f0;
	5f7a  :   f5;
	5f7b  :   06;
	5f7c  :   e6;
	5f7d  :   f2;
	5f7e  :   e6;
	5f7f  :   04;
	5f80  :   ff;
	5f81  :   fb;
	5f82  :   0d;
	5f83  :   fe;
	5f84  :   19;
	5f85  :   38;
	5f86  :   1f;
	5f87  :   1c;
	5f88  :   02;
	5f89  :   0d;
	5f8a  :   f8;
	5f8b  :   fa;
	5f8c  :   fb;
	5f8d  :   f4;
	5f8e  :   ed;
	5f8f  :   ec;
	5f90  :   f8;
	5f91  :   00;
	5f92  :   13;
	5f93  :   2d;
	5f94  :   0c;
	5f95  :   0d;
	5f96  :   ea;
	5f97  :   00;
	5f98  :   e7;
	5f99  :   fa;
	5f9a  :   f7;
	5f9b  :   0b;
	5f9c  :   03;
	5f9d  :   20;
	5f9e  :   11;
	5f9f  :   03;
	5fa0  :   17;
	5fa1  :   17;
	5fa2  :   2f;
	5fa3  :   11;
	5fa4  :   05;
	5fa5  :   0a;
	5fa6  :   eb;
	5fa7  :   e8;
	5fa8  :   fc;
	5fa9  :   f4;
	5faa  :   f3;
	5fab  :   0d;
	5fac  :   ff;
	5fad  :   f3;
	5fae  :   16;
	5faf  :   fa;
	5fb0  :   04;
	5fb1  :   03;
	5fb2  :   ef;
	5fb3  :   e8;
	5fb4  :   05;
	5fb5  :   f9;
	5fb6  :   fc;
	5fb7  :   fa;
	5fb8  :   fa;
	5fb9  :   0f;
	5fba  :   12;
	5fbb  :   0f;
	5fbc  :   04;
	5fbd  :   22;
	5fbe  :   0e;
	5fbf  :   0e;
	5fc0  :   14;
	5fc1  :   0f;
	5fc2  :   0d;
	5fc3  :   ff;
	5fc4  :   0c;
	5fc5  :   37;
	5fc6  :   2f;
	5fc7  :   28;
	5fc8  :   27;
	5fc9  :   19;
	5fca  :   00;
	5fcb  :   01;
	5fcc  :   00;
	5fcd  :   fe;
	5fce  :   e9;
	5fcf  :   ea;
	5fd0  :   f9;
	5fd1  :   01;
	5fd2  :   ef;
	5fd3  :   09;
	5fd4  :   05;
	5fd5  :   e7;
	5fd6  :   ea;
	5fd7  :   06;
	5fd8  :   0e;
	5fd9  :   06;
	5fda  :   02;
	5fdb  :   0a;
	5fdc  :   15;
	5fdd  :   44;
	5fde  :   56;
	5fdf  :   38;
	5fe0  :   1b;
	5fe1  :   32;
	5fe2  :   25;
	5fe3  :   1d;
	5fe4  :   0f;
	5fe5  :   0b;
	5fe6  :   1c;
	5fe7  :   11;
	5fe8  :   14;
	5fe9  :   14;
	5fea  :   f8;
	5feb  :   e8;
	5fec  :   f8;
	5fed  :   eb;
	5fee  :   ef;
	5fef  :   00;
	5ff0  :   1c;
	5ff1  :   04;
	5ff2  :   04;
	5ff3  :   06;
	5ff4  :   f7;
	5ff5  :   0b;
	5ff6  :   03;
	5ff7  :   09;
	5ff8  :   09;
	5ff9  :   29;
	5ffa  :   37;
	5ffb  :   3a;
	5ffc  :   0c;
	5ffd  :   12;
	5ffe  :   2b;
	5fff  :   18;
	6000  :   00;
	6001  :   05;
	6002  :   2c;
	6003  :   10;
	6004  :   10;
	6005  :   04;
	6006  :   01;
	6007  :   05;
	6008  :   ff;
	6009  :   e9;
	600a  :   04;
	600b  :   02;
	600c  :   ff;
	600d  :   00;
	600e  :   12;
	600f  :   13;
	6010  :   03;
	6011  :   fc;
	6012  :   04;
	6013  :   f6;
	6014  :   03;
	6015  :   05;
	6016  :   e4;
	6017  :   cb;
	6018  :   dc;
	6019  :   ed;
	601a  :   fd;
	601b  :   07;
	601c  :   f7;
	601d  :   fd;
	601e  :   fa;
	601f  :   fb;
	6020  :   0e;
	6021  :   10;
	6022  :   ef;
	6023  :   e5;
	6024  :   ea;
	6025  :   ed;
	6026  :   ed;
	6027  :   fa;
	6028  :   fd;
	6029  :   fc;
	602a  :   f8;
	602b  :   ed;
	602c  :   f2;
	602d  :   fd;
	602e  :   f7;
	602f  :   fc;
	6030  :   d9;
	6031  :   a7;
	6032  :   86;
	6033  :   80;
	6034  :   b5;
	6035  :   f2;
	6036  :   0a;
	6037  :   ff;
	6038  :   e9;
	6039  :   e4;
	603a  :   f8;
	603b  :   ee;
	603c  :   e5;
	603d  :   01;
	603e  :   0f;
	603f  :   fb;
	6040  :   f2;
	6041  :   fb;
	6042  :   f4;
	6043  :   00;
	6044  :   ed;
	6045  :   e4;
	6046  :   0f;
	6047  :   16;
	6048  :   05;
	6049  :   e8;
	604a  :   e6;
	604b  :   ca;
	604c  :   c2;
	604d  :   a1;
	604e  :   9f;
	604f  :   9b;
	6050  :   ba;
	6051  :   d5;
	6052  :   f0;
	6053  :   d9;
	6054  :   df;
	6055  :   ba;
	6056  :   af;
	6057  :   d5;
	6058  :   e4;
	6059  :   07;
	605a  :   f5;
	605b  :   00;
	605c  :   e9;
	605d  :   f2;
	605e  :   f9;
	605f  :   e9;
	6060  :   e5;
	6061  :   d4;
	6062  :   f8;
	6063  :   0b;
	6064  :   e1;
	6065  :   e3;
	6066  :   f5;
	6067  :   c7;
	6068  :   c0;
	6069  :   bb;
	606a  :   ba;
	606b  :   bc;
	606c  :   c5;
	606d  :   dd;
	606e  :   dd;
	606f  :   ca;
	6070  :   de;
	6071  :   c4;
	6072  :   be;
	6073  :   da;
	6074  :   e1;
	6075  :   f4;
	6076  :   01;
	6077  :   e9;
	6078  :   e6;
	6079  :   e8;
	607a  :   f4;
	607b  :   f3;
	607c  :   dc;
	607d  :   e1;
	607e  :   d8;
	607f  :   e2;
	6080  :   cc;
	6081  :   e6;
	6082  :   ec;
	6083  :   bc;
	6084  :   ab;
	6085  :   a9;
	6086  :   c1;
	6087  :   d8;
	6088  :   d3;
	6089  :   cc;
	608a  :   e4;
	608b  :   ba;
	608c  :   e6;
	608d  :   df;
	608e  :   cd;
	608f  :   d5;
	6090  :   ff;
	6091  :   f9;
	6092  :   e8;
	6093  :   fb;
	6094  :   ec;
	6095  :   e9;
	6096  :   e5;
	6097  :   00;
	6098  :   ee;
	6099  :   df;
	609a  :   d3;
	609b  :   c0;
	609c  :   cc;
	609d  :   c0;
	609e  :   c5;
	609f  :   be;
	60a0  :   b4;
	60a1  :   c8;
	60a2  :   c8;
	60a3  :   d3;
	60a4  :   e6;
	60a5  :   d5;
	60a6  :   e1;
	60a7  :   cf;
	60a8  :   e3;
	60a9  :   f2;
	60aa  :   ce;
	60ab  :   ee;
	60ac  :   fa;
	60ad  :   f7;
	60ae  :   eb;
	60af  :   e4;
	60b0  :   03;
	60b1  :   f7;
	60b2  :   00;
	60b3  :   e8;
	60b4  :   ed;
	60b5  :   e7;
	60b6  :   c4;
	60b7  :   a8;
	60b8  :   cf;
	60b9  :   da;
	60ba  :   e6;
	60bb  :   e1;
	60bc  :   d5;
	60bd  :   de;
	60be  :   e5;
	60bf  :   dc;
	60c0  :   de;
	60c1  :   e0;
	60c2  :   e0;
	60c3  :   f0;
	60c4  :   ec;
	60c5  :   15;
	60c6  :   fd;
	60c7  :   ef;
	60c8  :   ed;
	60c9  :   ee;
	60ca  :   05;
	60cb  :   eb;
	60cc  :   ec;
	60cd  :   f8;
	60ce  :   f9;
	60cf  :   fd;
	60d0  :   f6;
	60d1  :   c2;
	60d2  :   ae;
	60d3  :   c6;
	60d4  :   ca;
	60d5  :   c2;
	60d6  :   d9;
	60d7  :   ee;
	60d8  :   c2;
	60d9  :   cb;
	60da  :   b6;
	60db  :   b5;
	60dc  :   cd;
	60dd  :   d0;
	60de  :   e4;
	60df  :   e8;
	60e0  :   e6;
	60e1  :   ed;
	60e2  :   eb;
	60e3  :   f4;
	60e4  :   ff;
	60e5  :   10;
	60e6  :   06;
	60e7  :   ea;
	60e8  :   ee;
	60e9  :   f9;
	60ea  :   07;
	60eb  :   f1;
	60ec  :   eb;
	60ed  :   e8;
	60ee  :   bd;
	60ef  :   da;
	60f0  :   ed;
	60f1  :   c2;
	60f2  :   e8;
	60f3  :   d3;
	60f4  :   b8;
	60f5  :   bf;
	60f6  :   c4;
	60f7  :   db;
	60f8  :   cf;
	60f9  :   ea;
	60fa  :   fe;
	60fb  :   ea;
	60fc  :   ec;
	60fd  :   13;
	60fe  :   10;
	60ff  :   11;
	6100  :   10;
	6101  :   0e;
	6102  :   fa;
	6103  :   f7;
	6104  :   02;
	6105  :   fa;
	6106  :   fc;
	6107  :   06;
	6108  :   19;
	6109  :   f6;
	610a  :   f9;
	610b  :   ef;
	610c  :   f2;
	610d  :   e7;
	610e  :   cb;
	610f  :   f8;
	6110  :   e2;
	6111  :   fd;
	6112  :   f3;
	6113  :   fc;
	6114  :   08;
	6115  :   09;
	6116  :   f1;
	6117  :   fe;
	6118  :   1a;
	6119  :   28;
	611a  :   08;
	611b  :   18;
	611c  :   0f;
	611d  :   ff;
	611e  :   e5;
	611f  :   f9;
	6120  :   fe;
	6121  :   e7;
	6122  :   02;
	6123  :   1f;
	6124  :   0b;
	6125  :   24;
	6126  :   15;
	6127  :   02;
	6128  :   06;
	6129  :   f6;
	612a  :   11;
	612b  :   36;
	612c  :   36;
	612d  :   33;
	612e  :   3e;
	612f  :   29;
	6130  :   18;
	6131  :   17;
	6132  :   13;
	6133  :   11;
	6134  :   18;
	6135  :   14;
	6136  :   28;
	6137  :   14;
	6138  :   f9;
	6139  :   f4;
	613a  :   05;
	613b  :   f1;
	613c  :   06;
	613d  :   ef;
	613e  :   f2;
	613f  :   0d;
	6140  :   24;
	6141  :   03;
	6142  :   01;
	6143  :   04;
	6144  :   1d;
	6145  :   2c;
	6146  :   1f;
	6147  :   2e;
	6148  :   43;
	6149  :   29;
	614a  :   51;
	614b  :   51;
	614c  :   2b;
	614d  :   1c;
	614e  :   1f;
	614f  :   0d;
	6150  :   15;
	6151  :   21;
	6152  :   23;
	6153  :   12;
	6154  :   03;
	6155  :   fc;
	6156  :   e7;
	6157  :   f5;
	6158  :   e7;
	6159  :   06;
	615a  :   f7;
	615b  :   07;
	615c  :   13;
	615d  :   16;
	615e  :   17;
	615f  :   11;
	6160  :   09;
	6161  :   1f;
	6162  :   1a;
	6163  :   1c;
	6164  :   31;
	6165  :   2a;
	6166  :   0c;
	6167  :   29;
	6168  :   10;
	6169  :   32;
	616a  :   2a;
	616b  :   2c;
	616c  :   0e;
	616d  :   00;
	616e  :   27;
	616f  :   10;
	6170  :   03;
	6171  :   e5;
	6172  :   00;
	6173  :   ea;
	6174  :   06;
	6175  :   f9;
	6176  :   04;
	6177  :   fc;
	6178  :   17;
	6179  :   16;
	617a  :   36;
	617b  :   2b;
	617c  :   15;
	617d  :   29;
	617e  :   15;
	617f  :   21;
	6180  :   12;
	6181  :   ef;
	6182  :   08;
	6183  :   0a;
	6184  :   f3;
	6185  :   0d;
	6186  :   05;
	6187  :   11;
	6188  :   06;
	6189  :   f2;
	618a  :   04;
	618b  :   f6;
	618c  :   fa;
	618d  :   01;
	618e  :   f5;
	618f  :   01;
	6190  :   fe;
	6191  :   fe;
	6192  :   05;
	6193  :   05;
	6194  :   fa;
	6195  :   07;
	6196  :   28;
	6197  :   25;
	6198  :   2e;
	6199  :   37;
	619a  :   fd;
	619b  :   f7;
	619c  :   0a;
	619d  :   f4;
	619e  :   04;
	619f  :   12;
	61a0  :   ea;
	61a1  :   0c;
	61a2  :   0f;
	61a3  :   00;
	61a4  :   ee;
	61a5  :   f9;
	61a6  :   ec;
	61a7  :   ea;
	61a8  :   02;
	61a9  :   ec;
	61aa  :   03;
	61ab  :   e3;
	61ac  :   ec;
	61ad  :   03;
	61ae  :   ee;
	61af  :   fe;
	61b0  :   08;
	61b1  :   03;
	61b2  :   10;
	61b3  :   24;
	61b4  :   2f;
	61b5  :   2b;
	61b6  :   09;
	61b7  :   f4;
	61b8  :   2e;
	61b9  :   29;
	61ba  :   12;
	61bb  :   f3;
	61bc  :   09;
	61bd  :   fe;
	61be  :   0e;
	61bf  :   1c;
	61c0  :   e8;
	61c1  :   e7;
	61c2  :   ed;
	61c3  :   e8;
	61c4  :   00;
	61c5  :   fd;
	61c6  :   f5;
	61c7  :   f2;
	61c8  :   ff;
	61c9  :   fe;
	61ca  :   fb;
	61cb  :   fb;
	61cc  :   f7;
	61cd  :   ea;
	61ce  :   e8;
	61cf  :   e1;
	61d0  :   ed;
	61d1  :   fb;
	61d2  :   e4;
	61d3  :   e8;
	61d4  :   04;
	61d5  :   ff;
	61d6  :   09;
	61d7  :   32;
	61d8  :   00;
	61d9  :   00;
	61da  :   f4;
	61db  :   0f;
	61dc  :   e8;
	61dd  :   ff;
	61de  :   00;
	61df  :   f9;
	61e0  :   fa;
	61e1  :   e8;
	61e2  :   ee;
	61e3  :   00;
	61e4  :   e6;
	61e5  :   ff;
	61e6  :   e4;
	61e7  :   f0;
	61e8  :   f9;
	61e9  :   07;
	61ea  :   e8;
	61eb  :   e8;
	61ec  :   04;
	61ed  :   f2;
	61ee  :   e5;
	61ef  :   ee;
	61f0  :   07;
	61f1  :   fc;
	61f2  :   f4;
	61f3  :   ec;
	61f4  :   09;
	61f5  :   f9;
	61f6  :   e3;
	61f7  :   04;
	61f8  :   f6;
	61f9  :   e1;
	61fa  :   f2;
	61fb  :   ee;
	61fc  :   04;
	61fd  :   e3;
	61fe  :   fb;
	61ff  :   03;
	6200  :   fc;
	6201  :   c4;
	6202  :   f5;
	6203  :   99;
	6204  :   14;
	6205  :   00;
	6206  :   cf;
	6207  :   fa;
	6208  :   33;
	6209  :   e9;
	620a  :   da;
	620b  :   dc;
	620c  :   29;
	620d  :   22;
	620e  :   18;
	620f  :   06;
	6210  :   04;
	6211  :   ee;
	6212  :   20;
	6213  :   1a;
	6214  :   0b;
	6215  :   17;
	6216  :   1a;
	6217  :   01;
	6218  :   fa;
	6219  :   f7;
	621a  :   f1;
	621b  :   e4;
	621c  :   b3;
	621d  :   ac;
	621e  :   1b;
	621f  :   09;
	6220  :   b4;
	6221  :   27;
	6222  :   fb;
	6223  :   f2;
	6224  :   1b;
	6225  :   12;
	6226  :   25;
	6227  :   4a;
	6228  :   c2;
	6229  :   cf;
	622a  :   0f;
	622b  :   31;
	622c  :   ec;
	622d  :   d4;
	622e  :   ad;
	622f  :   d3;
	6230  :   8b;
	6231  :   e0;
	6232  :   e1;
	6233  :   26;
	6234  :   68;
	6235  :   fa;
	6236  :   fd;
	6237  :   49;
	6238  :   31;
	6239  :   25;
	623a  :   6d;
	623b  :   1a;
	623c  :   1c;
	623d  :   c0;
	623e  :   03;
	623f  :   81;
	6240  :   c9;
	6241  :   f0;
	6242  :   f4;
	6243  :   c3;
	6244  :   de;
	6245  :   f2;
	6246  :   24;
	6247  :   ee;
	6248  :   92;
	6249  :   1b;
	624a  :   17;
	624b  :   b4;
	624c  :   2c;
	624d  :   29;
	624e  :   c3;
	624f  :   2f;
	6250  :   ea;
	6251  :   2c;
	6252  :   22;
	6253  :   cc;
	6254  :   f1;
	6255  :   9e;
	6256  :   29;
	6257  :   16;
	6258  :   e5;
	6259  :   00;
	625a  :   0f;
	625b  :   0f;
	625c  :   d4;
	625d  :   19;
	625e  :   4f;
	625f  :   1b;
	6260  :   ba;
	6261  :   33;
	6262  :   0d;
	6263  :   17;
	6264  :   ce;
	6265  :   0b;
	6266  :   fc;
	6267  :   f6;
	6268  :   28;
	6269  :   bd;
	626a  :   0e;
	626b  :   0c;
	626c  :   ed;
	626d  :   37;
	626e  :   ba;
	626f  :   4e;
	6270  :   0e;
	6271  :   c4;
	6272  :   2a;
	6273  :   39;
	6274  :   3d;
	6275  :   0b;
	6276  :   37;
	6277  :   c8;
	6278  :   a3;
	6279  :   4c;
	627a  :   20;
	627b  :   0f;
	627c  :   43;
	627d  :   9e;
	627e  :   e0;
	627f  :   27;
	6280  :   11;
	6281  :   db;
	6282  :   2a;
	6283  :   55;
	6284  :   e3;
	6285  :   0f;
	6286  :   9e;
	6287  :   d9;
	6288  :   18;
	6289  :   23;
	628a  :   e8;
	628b  :   12;
	628c  :   fc;
	628d  :   e7;
	628e  :   ce;
	628f  :   df;
	6290  :   ad;
	6291  :   12;
	6292  :   d7;
	6293  :   16;
	6294  :   eb;
	6295  :   39;
	6296  :   c4;
	6297  :   e3;
	6298  :   6e;
	6299  :   ff;
	629a  :   e4;
	629b  :   46;
	629c  :   f4;
	629d  :   0e;
	629e  :   39;
	629f  :   ed;
	62a0  :   3f;
	62a1  :   13;
	62a2  :   d5;
	62a3  :   ad;
	62a4  :   1c;
	62a5  :   fd;
	62a6  :   f2;
	62a7  :   e0;
	62a8  :   24;
	62a9  :   32;
	62aa  :   f7;
	62ab  :   e2;
	62ac  :   2a;
	62ad  :   e3;
	62ae  :   0d;
	62af  :   ae;
	62b0  :   33;
	62b1  :   07;
	62b2  :   fb;
	62b3  :   25;
	62b4  :   c6;
	62b5  :   a3;
	62b6  :   31;
	62b7  :   49;
	62b8  :   27;
	62b9  :   25;
	62ba  :   c4;
	62bb  :   12;
	62bc  :   17;
	62bd  :   0f;
	62be  :   fc;
	62bf  :   e2;
	62c0  :   d9;
	62c1  :   bc;
	62c2  :   1c;
	62c3  :   e8;
	62c4  :   f2;
	62c5  :   4b;
	62c6  :   3e;
	62c7  :   fe;
	62c8  :   01;
	62c9  :   80;
	62ca  :   a5;
	62cb  :   22;
	62cc  :   f6;
	62cd  :   1b;
	62ce  :   01;
	62cf  :   b7;
	62d0  :   20;
	62d1  :   1a;
	62d2  :   d5;
	62d3  :   e3;
	62d4  :   d6;
	62d5  :   1f;
	62d6  :   0f;
	62d7  :   41;
	62d8  :   08;
	62d9  :   cd;
	62da  :   1c;
	62db  :   ce;
	62dc  :   d2;
	62dd  :   7f;
	62de  :   e5;
	62df  :   21;
	62e0  :   05;
	62e1  :   20;
	62e2  :   bf;
	62e3  :   0a;
	62e4  :   b8;
	62e5  :   e8;
	62e6  :   cf;
	62e7  :   db;
	62e8  :   5e;
	62e9  :   fc;
	62ea  :   ec;
	62eb  :   06;
	62ec  :   17;
	62ed  :   f3;
	62ee  :   c2;
	62ef  :   05;
	62f0  :   e6;
	62f1  :   f3;
	62f2  :   0f;
	62f3  :   d7;
	62f4  :   63;
	62f5  :   30;
	62f6  :   f0;
	62f7  :   e4;
	62f8  :   06;
	62f9  :   e1;
	62fa  :   29;
	62fb  :   28;
	62fc  :   f5;
	62fd  :   fc;
	62fe  :   08;
	62ff  :   25;
	6300  :   00;
	6301  :   00;
	6302  :   00;
	6303  :   00;
	6304  :   00;
	6305  :   00;
	6306  :   00;
	6307  :   00;
	6308  :   00;
	6309  :   00;
	630a  :   00;
	630b  :   00;
	630c  :   00;
	630d  :   00;
	630e  :   00;
	630f  :   00;
	6310  :   00;
	6311  :   00;
	6312  :   00;
	6313  :   00;
	6314  :   00;
	6315  :   00;
	6316  :   00;
	6317  :   00;
	6318  :   00;
	6319  :   00;
	631a  :   00;
	631b  :   00;
	631c  :   00;
	631d  :   00;
	631e  :   00;
	631f  :   00;
	6320  :   00;
	6321  :   00;
	6322  :   00;
	6323  :   00;
	6324  :   00;
	6325  :   00;
	6326  :   00;
	6327  :   00;
	6328  :   00;
	6329  :   00;
	632a  :   00;
	632b  :   00;
	632c  :   00;
	632d  :   00;
	632e  :   00;
	632f  :   00;
	6330  :   00;
	6331  :   00;
	6332  :   00;
	6333  :   00;
	6334  :   00;
	6335  :   00;
	6336  :   00;
	6337  :   00;
	6338  :   00;
	6339  :   00;
	633a  :   00;
	633b  :   00;
	633c  :   00;
	633d  :   00;
	633e  :   00;
	633f  :   00;
	6340  :   00;
	6341  :   00;
	6342  :   00;
	6343  :   00;
	6344  :   00;
	6345  :   00;
	6346  :   00;
	6347  :   00;
	6348  :   00;
	6349  :   00;
	634a  :   00;
	634b  :   00;
	634c  :   00;
	634d  :   00;
	634e  :   00;
	634f  :   00;
	6350  :   00;
	6351  :   00;
	6352  :   00;
	6353  :   00;
	6354  :   00;
	6355  :   00;
	6356  :   00;
	6357  :   00;
	6358  :   00;
	6359  :   00;
	635a  :   00;
	635b  :   00;
	635c  :   00;
	635d  :   00;
	635e  :   00;
	635f  :   00;
	6360  :   00;
	6361  :   00;
	6362  :   00;
	6363  :   00;
	6364  :   00;
	6365  :   00;
	6366  :   00;
	6367  :   00;
	6368  :   00;
	6369  :   00;
	636a  :   00;
	636b  :   00;
	636c  :   00;
	636d  :   00;
	636e  :   00;
	636f  :   00;
	6370  :   00;
	6371  :   00;
	6372  :   00;
	6373  :   00;
	6374  :   00;
	6375  :   00;
	6376  :   00;
	6377  :   00;
	6378  :   00;
	6379  :   00;
	637a  :   00;
	637b  :   00;
	637c  :   00;
	637d  :   00;
	637e  :   00;
	637f  :   00;
END;
